building_id,fingerprint,canonical_name,aliases,area,micro_market,latitude,longitude,pincode,developer,confidence_score,health_score,source_urls,first_seen,last_seen,status
1,87faeb2460b0d923,Sigma IT Park,,Airoli,,19.1585147,72.9994019,400708,,100,60,https://www.propi.in/search/properties,2026-06-26,2026-06-26,Active
2,39c0a40372137ff6,Whispering Palm,,Airoli,,19.1585147,72.9994019,400708,,100,60,https://www.propi.in/search/properties,2026-06-26,2026-06-26,Active
3,cd78918cc9a5863a,Alt View,,Altamount Road,South Mumbai Prime,18.9662492,72.8089909,400036,,100,75,https://www.propi.in/search/properties,2026-06-26,2026-06-26,Active
4,8ed51f0616f8d84b,Jupiter,Jupiter Apartment,Altamount Road,South Mumbai Prime,18.9662492,72.8089909,400036,,100,85,https://www.propi.in/search/properties,2026-06-26,2026-06-26,Active
5,b0c694d045c6b043,Kalpataru Prive,,Altamount Road,South Mumbai Prime,18.9662492,72.8089909,400036,Kalpataru Group,100,90,https://www.propi.in/search/properties,2026-06-26,2026-06-26,Active
6,6f0d627c605633e7,Khushnuma Apartment,,Altamount Road,South Mumbai Prime,18.9662492,72.8089909,400036,,100,75,https://www.propi.in/search/properties,2026-06-26,2026-06-26,Active
7,8abc38b0fa65d030,Lodha Altamount,,Altamount Road,South Mumbai Prime,18.9662492,72.8089909,400036,Lodha Group,100,90,https://www.propi.in/search/properties,2026-06-26,2026-06-26,Active
8,68a144e78e700901,Olympus,,Altamount Road,South Mumbai Prime,18.9662492,72.8089909,400036,,100,75,https://www.propi.in/search/properties,2026-06-26,2026-06-26,Active
9,f085720835b8ada8,Prabhu Kutir Apartment,,Altamount Road,South Mumbai Prime,18.9662492,72.8089909,400036,,100,75,https://www.propi.in/search/properties,2026-06-26,2026-06-26,Active
10,a37c6f1df6d79053,Pushpak,,Altamount Road,South Mumbai Prime,18.9662492,72.8089909,400036,,100,75,https://www.propi.in/search/properties,2026-06-26,2026-06-26,Active
11,111499f11978abd6,Rizvi Park,,Altamount Road,South Mumbai Prime,18.9662492,72.8089909,400036,,100,75,https://www.propi.in/search/properties,2026-06-26,2026-06-26,Active
12,108e1d2a1ccbe9d3,Venus Apartment,,Altamount Road,South Mumbai Prime,18.9662492,72.8089909,400036,,100,75,https://www.propi.in/search/properties,2026-06-26,2026-06-26,Active
13,52384dfc775a890b,Link Garden,Link Garden Tower,Andheri West,Western Suburbs Mid,19.1196976,72.8464205,400069,,100,85,https://www.propi.in/search/properties,2026-06-26,2026-06-26,Active
14,f26b6533bd5670c0,Moongipa Arcade,Moongipa Arcade,Andheri West,Western Suburbs Mid,19.1196976,72.8464205,400069,,100,85,https://www.propi.in/search/properties,2026-06-26,2026-06-26,Active
15,7e5e9fc71cf8745d,Platinum Tower 4,,Andheri West,Western Suburbs Mid,19.1196976,72.8464205,400069,,100,75,https://www.propi.in/search/properties,2026-06-26,2026-06-26,Active
16,238f47f689609390,Remi Commercio,Remi Commercio,Andheri West,Western Suburbs Mid,19.1196976,72.8464205,400069,Remi Group,100,100,https://www.propi.in/search/properties,2026-06-26,2026-06-26,Active
17,eec270e565a53fcb,Lumiere,The Lumiere | Lumiere | Lumiere Tower,Andheri West,Western Suburbs Mid,19.1196976,72.8464205,400069,,100,85,https://www.propi.in/search/properties,2026-06-26,2026-06-26,Active
18,3694ccc4fb7f888e,215 Atrium,,Andheri East,Western Suburbs Mid,19.1158835,72.854202,400069,,100,75,https://www.propi.in/search/properties,2026-06-26,2026-06-26,Active
19,203a994cb0c43f1e,72 Corp,,Andheri East,Western Suburbs Mid,19.1158835,72.854202,400069,,100,75,https://www.propi.in/search/properties,2026-06-26,2026-06-26,Active
20,f3d56e5dcf359808,93 East,,Andheri East,Western Suburbs Mid,19.1158835,72.854202,400069,,100,75,https://www.propi.in/search/properties,2026-06-26,2026-06-26,Active
21,fc9e125d137dc4c0,93 Palladian,,Andheri East,Western Suburbs Mid,19.1158835,72.854202,400069,,100,75,https://www.propi.in/search/properties,2026-06-26,2026-06-26,Active
22,580f67b763fb3ffb,Ackruti Centre Point,,Andheri East,Western Suburbs Mid,19.1158835,72.854202,400069,,100,75,https://www.propi.in/search/properties,2026-06-26,2026-06-26,Active
23,efc2001a044a2fd2,Ackruti Trade Centre,,Andheri East,Western Suburbs Mid,19.1158835,72.854202,400069,,100,75,https://www.propi.in/search/properties,2026-06-26,2026-06-26,Active
24,dcefd32426201e53,Acme Plaza,,Andheri East,Western Suburbs Mid,19.1158835,72.854202,400069,,100,75,https://www.propi.in/search/properties,2026-06-26,2026-06-26,Active
25,ab56c4ec27f51533,Acropolis Apartment,,Andheri East,Western Suburbs Mid,19.1158835,72.854202,400069,,100,75,https://www.propi.in/search/properties,2026-06-26,2026-06-26,Active
26,677f499134bf312a,Aerocity,,Andheri East,Western Suburbs Mid,19.1158835,72.854202,400069,,100,75,https://www.propi.in/search/properties,2026-06-26,2026-06-26,Active
27,ab5bd5d59bcb3d74,Aerovista,,Andheri East,Western Suburbs Mid,19.1158835,72.854202,400069,,100,75,https://www.propi.in/search/properties,2026-06-26,2026-06-26,Active
28,8e2c71476644a402,Akruti Trade Centre,,Andheri East,Western Suburbs Mid,19.1158835,72.854202,400069,,100,75,https://www.propi.in/search/properties,2026-06-26,2026-06-26,Active
29,d0cfdf1571d98592,Alpine Industrial Estate,,Andheri East,Western Suburbs Mid,19.1158835,72.854202,400069,,100,75,https://www.propi.in/search/properties,2026-06-26,2026-06-26,Active
30,5ab4611685c50240,Amartaru,,Andheri East,Western Suburbs Mid,19.1158835,72.854202,400069,,100,75,https://www.propi.in/search/properties,2026-06-26,2026-06-26,Active
31,189940c5415b38a8,Arihant Enclave,,Andheri East,Western Suburbs Mid,19.1158835,72.854202,400069,Arihant Group,100,90,https://www.propi.in/search/properties,2026-06-26,2026-06-26,Active
32,f409f741d2879a6c,Arkade Prime,,Andheri East,Western Suburbs Mid,19.1158835,72.854202,400069,,100,75,https://www.propi.in/search/properties,2026-06-26,2026-06-26,Active
33,9afc1a1ff2305f7a,Ascot Centre,,Andheri East,Western Suburbs Mid,19.1158835,72.854202,400069,,100,75,https://www.propi.in/search/properties,2026-06-26,2026-06-26,Active
34,cf8fc744f0bdcfda,Ashok Nagar,,Andheri East,Western Suburbs Mid,19.1158835,72.854202,400069,,100,75,https://www.propi.in/search/properties,2026-06-26,2026-06-26,Active
35,6630d6c0c35004ce,Atharv Aaradhyam,,Andheri East,Western Suburbs Mid,19.1158835,72.854202,400069,,100,75,https://www.propi.in/search/properties,2026-06-26,2026-06-26,Active
36,f8be6f8bed4a7921,Aventa Palazzio,,Andheri East,Western Suburbs Mid,19.1158835,72.854202,400069,,100,75,https://www.propi.in/search/properties,2026-06-26,2026-06-26,Active
37,e4407e9862e0e3ae,Bajaj Emerald,,Andheri East,Western Suburbs Mid,19.1158835,72.854202,400069,,100,75,https://www.propi.in/search/properties,2026-06-26,2026-06-26,Active
38,afcdbc6837e83c16,Bajsons Industrial Estate,,Andheri East,Western Suburbs Mid,19.1158835,72.854202,400069,,100,75,https://www.propi.in/search/properties,2026-06-26,2026-06-26,Active
39,fd01dcab8679f3d9,Bianca,,Andheri East,Western Suburbs Mid,19.1158835,72.854202,400069,,100,75,https://www.propi.in/search/properties,2026-06-26,2026-06-26,Active
40,0732aa1ac5adc5a9,Bindra Complex,,Andheri East,Western Suburbs Mid,19.1158835,72.854202,400069,,100,75,https://www.propi.in/search/properties,2026-06-26,2026-06-26,Active
41,373a508a4259dc92,Bindra Orchid,,Andheri East,Western Suburbs Mid,19.1158835,72.854202,400069,,100,75,https://www.propi.in/search/properties,2026-06-26,2026-06-26,Active
42,bce7ce4ebdb7d7c4,Blue Fortuna,,Andheri East,Western Suburbs Mid,19.1158835,72.854202,400069,,100,75,https://www.propi.in/search/properties,2026-06-26,2026-06-26,Active
43,67ceadaf6b38d3fa,Blue Meadows,,Andheri East,Western Suburbs Mid,19.1158835,72.854202,400069,,100,75,https://www.propi.in/search/properties,2026-06-26,2026-06-26,Active
44,d7ecf07d559161d0,Blue Monarch,,Andheri East,Western Suburbs Mid,19.1158835,72.854202,400069,,100,75,https://www.propi.in/search/properties,2026-06-26,2026-06-26,Active
45,fad7909860b588b4,Brindavan,,Andheri East,Western Suburbs Mid,19.1158835,72.854202,400069,,100,75,https://www.propi.in/search/properties,2026-06-26,2026-06-26,Active
46,b7cc3fb12f9cf484,CNB Square,,Andheri East,Western Suburbs Mid,19.1158835,72.854202,400069,,100,75,https://www.propi.in/search/properties,2026-06-26,2026-06-26,Active
47,12735bf81bf2bc86,Callista,,Andheri East,Western Suburbs Mid,19.1158835,72.854202,400069,,100,75,https://www.propi.in/search/properties,2026-06-26,2026-06-26,Active
48,d6fdaedc2977cd7a,Chandak Sarvam,,Andheri East,Western Suburbs Mid,19.1158835,72.854202,400069,,100,75,https://www.propi.in/search/properties,2026-06-26,2026-06-26,Active
49,044442175dd1699a,Citi Point,,Andheri East,Western Suburbs Mid,19.1158835,72.854202,400069,,100,75,https://www.propi.in/search/properties,2026-06-26,2026-06-26,Active
50,6f90f49d4e6d3b49,Crescent Business Park,,Andheri East,Western Suburbs Mid,19.1158835,72.854202,400069,,100,75,https://www.propi.in/search/properties,2026-06-26,2026-06-26,Active
51,62332f59548b73aa,Crescent Landmark,,Andheri East,Western Suburbs Mid,19.1158835,72.854202,400069,,100,75,https://www.propi.in/search/properties,2026-06-26,2026-06-26,Active
52,7ae2561db30120ad,Crescent Solitaire,,Andheri East,Western Suburbs Mid,19.1158835,72.854202,400069,,100,75,https://www.propi.in/search/properties,2026-06-26,2026-06-26,Active
53,5cdc96d4929ab2d8,Crest Oaks,,Andheri East,Western Suburbs Mid,19.1158835,72.854202,400069,,100,75,https://www.propi.in/search/properties,2026-06-26,2026-06-26,Active
54,caa7a00a653e9f71,Crystal,,Andheri East,Western Suburbs Mid,19.1158835,72.854202,400069,,100,75,https://www.propi.in/search/properties,2026-06-26,2026-06-26,Active
55,b5adcc31d24692fe,Crystal Plaza,,Andheri East,Western Suburbs Mid,19.1158835,72.854202,400069,,100,75,https://www.propi.in/search/properties,2026-06-26,2026-06-26,Active
56,9de95f4dfe4b108d,DSK Madhuban,,Andheri East,Western Suburbs Mid,19.1158835,72.854202,400069,,100,75,https://www.propi.in/search/properties,2026-06-26,2026-06-26,Active
57,c1fa068d006b174f,DSK Madhukosh,,Andheri East,Western Suburbs Mid,19.1158835,72.854202,400069,,100,75,https://www.propi.in/search/properties,2026-06-26,2026-06-26,Active
58,dc1325eeb3266bab,Divya Darpan,,Andheri East,Western Suburbs Mid,19.1158835,72.854202,400069,,100,75,https://www.propi.in/search/properties,2026-06-26,2026-06-26,Active
59,5bfc6f977e38ae7d,Dreamax Height,,Andheri East,Western Suburbs Mid,19.1158835,72.854202,400069,,100,75,https://www.propi.in/search/properties,2026-06-26,2026-06-26,Active
60,446244907b6eb404,Dynamix Luma,,Andheri East,Western Suburbs Mid,19.1158835,72.854202,400069,,100,75,https://www.propi.in/search/properties,2026-06-26,2026-06-26,Active
61,52ba96d9f89bcd96,Dynasty Business Park,,Andheri East,Western Suburbs Mid,19.1158835,72.854202,400069,,100,75,https://www.propi.in/search/properties,2026-06-26,2026-06-26,Active
62,cd64b406a41f7393,Eco Elegance,,Andheri East,Western Suburbs Mid,19.1158835,72.854202,400069,,100,75,https://www.propi.in/search/properties,2026-06-26,2026-06-26,Active
63,4749629a114ab89d,Eco Park,,Andheri East,Western Suburbs Mid,19.1158835,72.854202,400069,,100,75,https://www.propi.in/search/properties,2026-06-26,2026-06-26,Active
64,441192f6fbc87c87,Eco Residency,,Andheri East,Western Suburbs Mid,19.1158835,72.854202,400069,,100,75,https://www.propi.in/search/properties,2026-06-26,2026-06-26,Active
65,977a9009cdadd34c,Eco Space,,Andheri East,Western Suburbs Mid,19.1158835,72.854202,400069,,100,75,https://www.propi.in/search/properties,2026-06-26,2026-06-26,Active
66,22c153e57d51c240,Everest Chambers,,Andheri East,Western Suburbs Mid,19.1158835,72.854202,400069,,100,75,https://www.propi.in/search/properties,2026-06-26,2026-06-26,Active
67,b4a84005eb77a700,Floral Deck Plaza,,Andheri East,Western Suburbs Mid,19.1158835,72.854202,400069,,100,75,https://www.propi.in/search/properties,2026-06-26,2026-06-26,Active
68,3a400c332c1d0197,Gayatri Heights,,Andheri East,Western Suburbs Mid,19.1158835,72.854202,400069,,100,75,https://www.propi.in/search/properties,2026-06-26,2026-06-26,Active
69,7c861d57f8c01900,Green Woods,Greenwoods CHS,Andheri East,Western Suburbs Mid,19.1158835,72.854202,400069,,100,85,https://www.propi.in/search/properties,2026-06-26,2026-06-26,Active
70,9c064368981d2c7c,Gundecha Asta,,Andheri East,Western Suburbs Mid,19.1158835,72.854202,400069,Gundecha Group,100,90,https://www.propi.in/search/properties,2026-06-26,2026-06-26,Active
71,de0d682b64edf166,Hill Crest,,Andheri East,Western Suburbs Mid,19.1158835,72.854202,400069,,100,75,https://www.propi.in/search/properties,2026-06-26,2026-06-26,Active
72,20b8958482a117e4,Horizon Heights,,Andheri East,Western Suburbs Mid,19.1158835,72.854202,400069,,100,75,https://www.propi.in/search/properties,2026-06-26,2026-06-26,Active
73,60df071846239ee1,Hub Town Solaris,Hubtown Solaris,Andheri East,Western Suburbs Mid,19.1158835,72.854202,400069,,100,85,https://www.propi.in/search/properties,2026-06-26,2026-06-26,Active
74,4e5dfa82851a108f,Hubtown Hillcrest,,Andheri East,Western Suburbs Mid,19.1158835,72.854202,400069,Hubtown,100,90,https://www.propi.in/search/properties,2026-06-26,2026-06-26,Active
75,547b1cc4f5ec5d75,Hubtown Sunmist,,Andheri East,Western Suburbs Mid,19.1158835,72.854202,400069,Hubtown,100,90,https://www.propi.in/search/properties,2026-06-26,2026-06-26,Active
76,60922a7a2f84c355,Hyde Park,,Andheri East,Western Suburbs Mid,19.1158835,72.854202,400069,,100,75,https://www.propi.in/search/properties,2026-06-26,2026-06-26,Active
77,8d91c69d4f7da51e,Joy Valencia,,Andheri East,Western Suburbs Mid,19.1158835,72.854202,400069,,100,75,https://www.propi.in/search/properties,2026-06-26,2026-06-26,Active
78,dcfd7a6c5a70b6cd,Jyoti Skyline,,Andheri East,Western Suburbs Mid,19.1158835,72.854202,400069,,100,75,https://www.propi.in/search/properties,2026-06-26,2026-06-26,Active
79,1615b4f370f95e25,Kaatyayni Heights,,Andheri East,Western Suburbs Mid,19.1158835,72.854202,400069,,100,75,https://www.propi.in/search/properties,2026-06-26,2026-06-26,Active
80,4fac2359d8159be0,Kaatyayni Residency,,Andheri East,Western Suburbs Mid,19.1158835,72.854202,400069,,100,75,https://www.propi.in/search/properties,2026-06-26,2026-06-26,Active
81,5f357a66c72d7c2f,Kalpataru Estate,,Andheri East,Western Suburbs Mid,19.1158835,72.854202,400069,Kalpataru Group,100,90,https://www.propi.in/search/properties,2026-06-26,2026-06-26,Active
82,d29bae91d5b1ba11,Kalpita Enclave,,Andheri East,Western Suburbs Mid,19.1158835,72.854202,400069,,100,75,https://www.propi.in/search/properties,2026-06-26,2026-06-26,Active
83,4beb6f783e52b169,Kanakia Atrium,Kanakia Atrium 215,Andheri East,Western Suburbs Mid,19.1158835,72.854202,400069,Kanakia Group,100,100,https://www.propi.in/search/properties,2026-06-26,2026-06-26,Active
84,f6cdfb01581cc6be,Kanakia Rain Forest,Kanakia Rainforest,Andheri East,Western Suburbs Mid,19.1158835,72.854202,400069,Kanakia Group,100,100,https://www.propi.in/search/properties,2026-06-26,2026-06-26,Active
85,58de0480da2672e6,Kanakia Sevens,,Andheri East,Western Suburbs Mid,19.1158835,72.854202,400069,Kanakia Group,100,90,https://www.propi.in/search/properties,2026-06-26,2026-06-26,Active
86,69787dec669e2a24,Kanakia Wall Street,,Andheri East,Western Suburbs Mid,19.1158835,72.854202,400069,Kanakia Group,100,90,https://www.propi.in/search/properties,2026-06-26,2026-06-26,Active
87,f060f1807099c5fb,Katyani Residency,,Andheri East,Western Suburbs Mid,19.1158835,72.854202,400069,,100,75,https://www.propi.in/search/properties,2026-06-26,2026-06-26,Active
88,9fbf4f1a1785fc70,Krishna Residency,,Andheri East,Western Suburbs Mid,19.1158835,72.854202,400069,,100,75,https://www.propi.in/search/properties,2026-06-26,2026-06-26,Active
89,3f32c8519810f374,Kushwah Chambers,,Andheri East,Western Suburbs Mid,19.1158835,72.854202,400069,,100,75,https://www.propi.in/search/properties,2026-06-26,2026-06-26,Active
90,381bbbbbd40c09eb,Lily White,,Andheri East,Western Suburbs Mid,19.1158835,72.854202,400069,,100,75,https://www.propi.in/search/properties,2026-06-26,2026-06-26,Active
91,fc640855df312442,Lodha Acenza,,Andheri East,Western Suburbs Mid,19.1158835,72.854202,400069,Lodha Group,100,90,https://www.propi.in/search/properties,2026-06-26,2026-06-26,Active
92,612278d18acaa8c8,Lodha Eternis,,Andheri East,Western Suburbs Mid,19.1158835,72.854202,400069,Lodha Group,100,90,https://www.propi.in/search/properties,2026-06-26,2026-06-26,Active
93,7397892ef8950797,Lodha Supremus,,Andheri East,Western Suburbs Mid,19.1158835,72.854202,400069,Lodha Group,100,90,https://www.propi.in/search/properties,2026-06-26,2026-06-26,Active
94,5ebe6b8c191f0d04,Lok Saritha,,Andheri East,Western Suburbs Mid,19.1158835,72.854202,400069,,100,75,https://www.propi.in/search/properties,2026-06-26,2026-06-26,Active
95,93efe4383303b3e4,Lok Yamuna,,Andheri East,Western Suburbs Mid,19.1158835,72.854202,400069,,100,75,https://www.propi.in/search/properties,2026-06-26,2026-06-26,Active
96,ea7c825a20af04a8,Mahindra Vicino,,Andheri East,Western Suburbs Mid,19.1158835,72.854202,400069,Mahindra Lifespaces,100,90,https://www.propi.in/search/properties,2026-06-26,2026-06-26,Active
97,8c2fa11bf47de5c6,Mahindra Vivante,,Andheri East,Western Suburbs Mid,19.1158835,72.854202,400069,Mahindra Lifespaces,100,90,https://www.propi.in/search/properties,2026-06-26,2026-06-26,Active
98,0a7267ab2f4a2429,Meadows,,Andheri East,Western Suburbs Mid,19.1158835,72.854202,400069,,100,75,https://www.propi.in/search/properties,2026-06-26,2026-06-26,Active
99,d406f4a425f2d5db,Merushikhar,,Andheri East,Western Suburbs Mid,19.1158835,72.854202,400069,,100,75,https://www.propi.in/search/properties,2026-06-26,2026-06-26,Active
100,678d941d90d51f11,Mickey Square,,Andheri East,Western Suburbs Mid,19.1158835,72.854202,400069,,100,75,https://www.propi.in/search/properties,2026-06-26,2026-06-26,Active
101,3d74a4496379de06,Mistry Industrial Complex,,Andheri East,Western Suburbs Mid,19.1158835,72.854202,400069,,100,75,https://www.propi.in/search/properties,2026-06-26,2026-06-26,Active
102,91b1520d27b57e06,Mittal Commercia,,Andheri East,Western Suburbs Mid,19.1158835,72.854202,400069,,100,75,https://www.propi.in/search/properties,2026-06-26,2026-06-26,Active
103,303f41859feba9b9,Mittal Industrial Estate,,Andheri East,Western Suburbs Mid,19.1158835,72.854202,400069,,100,75,https://www.propi.in/search/properties,2026-06-26,2026-06-26,Active
104,3c420f60848fbaec,Naman Premier,,Andheri East,Western Suburbs Mid,19.1158835,72.854202,400069,Naman Group,100,90,https://www.propi.in/search/properties,2026-06-26,2026-06-26,Active
105,fedb14e929876b62,Nicco Residency,,Andheri East,Western Suburbs Mid,19.1158835,72.854202,400069,,100,75,https://www.propi.in/search/properties,2026-06-26,2026-06-26,Active
106,6bf1ba0c870dfbca,Oberoi Garden,Oberoi Garden Estate,Andheri East,Western Suburbs Mid,19.1158835,72.854202,400069,Oberoi Realty,100,100,https://www.propi.in/search/properties,2026-06-26,2026-06-26,Active
107,0239200a7a83f950,Oberoi Maxima,,Andheri East,Western Suburbs Mid,19.1158835,72.854202,400069,Oberoi Realty,100,90,https://www.propi.in/search/properties,2026-06-26,2026-06-26,Active
108,91d4f6aedc74728d,Oberoi Prisma,,Andheri East,Western Suburbs Mid,19.1158835,72.854202,400069,Oberoi Realty,100,90,https://www.propi.in/search/properties,2026-06-26,2026-06-26,Active
109,1e3034c6985c6328,Oberoi Splendor,Oberoi Splendor Grande,Andheri East,Western Suburbs Mid,19.1158835,72.854202,400069,Oberoi Realty,100,100,https://www.propi.in/search/properties,2026-06-26,2026-06-26,Active
110,ca4dff13674eae9e,Omkar Summit Business Park,,Andheri East,Western Suburbs Mid,19.1158835,72.854202,400069,Omkar Realtors,100,90,https://www.propi.in/search/properties,2026-06-26,2026-06-26,Active
111,e4b3e4929e8ba764,Optima,,Andheri East,Western Suburbs Mid,19.1158835,72.854202,400069,,100,75,https://www.propi.in/search/properties,2026-06-26,2026-06-26,Active
112,99998e2093d4e11f,Pallazio,,Andheri East,Western Suburbs Mid,19.1158835,72.854202,400069,,100,75,https://www.propi.in/search/properties,2026-06-26,2026-06-26,Active
113,dde50fa876525a0d,Pearl Heaven,,Andheri East,Western Suburbs Mid,19.1158835,72.854202,400069,,100,75,https://www.propi.in/search/properties,2026-06-26,2026-06-26,Active
114,a11c9ec69869ea38,Pinnacle Business Park,,Andheri East,Western Suburbs Mid,19.1158835,72.854202,400069,,100,75,https://www.propi.in/search/properties,2026-06-26,2026-06-26,Active
115,3dbc8aa6cf916911,Powerweave,,Andheri East,Western Suburbs Mid,19.1158835,72.854202,400069,,100,75,https://www.propi.in/search/properties,2026-06-26,2026-06-26,Active
116,ded5661bf411be7e,Pramukh Plaza,,Andheri East,Western Suburbs Mid,19.1158835,72.854202,400069,,100,75,https://www.propi.in/search/properties,2026-06-26,2026-06-26,Active
117,e1cb5cb9130b03a6,Premier Emperor,,Andheri East,Western Suburbs Mid,19.1158835,72.854202,400069,,100,75,https://www.propi.in/search/properties,2026-06-26,2026-06-26,Active
118,b6c5d050b4e6f77a,Proxima,,Andheri East,Western Suburbs Mid,19.1158835,72.854202,400069,,100,75,https://www.propi.in/search/properties,2026-06-26,2026-06-26,Active
119,74ce05daab92b41f,RNA Heights,,Andheri East,Western Suburbs Mid,19.1158835,72.854202,400069,,100,75,https://www.propi.in/search/properties,2026-06-26,2026-06-26,Active
120,92b1ddc1e9302d5d,Raj Paradise,,Andheri East,Western Suburbs Mid,19.1158835,72.854202,400069,,100,75,https://www.propi.in/search/properties,2026-06-26,2026-06-26,Active
121,5a647465ce292c59,Rassaz Castle,,Andheri East,Western Suburbs Mid,19.1158835,72.854202,400069,,100,75,https://www.propi.in/search/properties,2026-06-26,2026-06-26,Active
122,85016f7150cc2d2c,Raylon Arcade,,Andheri East,Western Suburbs Mid,19.1158835,72.854202,400069,,100,75,https://www.propi.in/search/properties,2026-06-26,2026-06-26,Active
123,3d71af92dcc2ef6a,Riverdale Tower,Riverdale Towers,Andheri East,Western Suburbs Mid,19.1158835,72.854202,400069,,100,85,https://www.propi.in/search/properties,2026-06-26,2026-06-26,Active
124,063f8654f0a91035,Romell Orbis,,Andheri East,Western Suburbs Mid,19.1158835,72.854202,400069,,100,75,https://www.propi.in/search/properties,2026-06-26,2026-06-26,Active
125,06db83919b578f12,Rooftop,,Andheri East,Western Suburbs Mid,19.1158835,72.854202,400069,,100,75,https://www.propi.in/search/properties,2026-06-26,2026-06-26,Active
126,347856d825a682e3,Rustomjee Central Park,,Andheri East,Western Suburbs Mid,19.1158835,72.854202,400069,Rustomjee Group,100,90,https://www.propi.in/search/properties,2026-06-26,2026-06-26,Active
127,c4f6baa16c1286d1,Sakar Swapna,,Andheri East,Western Suburbs Mid,19.1158835,72.854202,400069,,100,75,https://www.propi.in/search/properties,2026-06-26,2026-06-26,Active
128,8a10e611dd4b0360,Saki Vihar,,Andheri East,Western Suburbs Mid,19.1158835,72.854202,400069,,100,75,https://www.propi.in/search/properties,2026-06-26,2026-06-26,Active
129,a668968bc3008d45,Sangam Veda,,Andheri East,Western Suburbs Mid,19.1158835,72.854202,400069,,100,75,https://www.propi.in/search/properties,2026-06-26,2026-06-26,Active
130,94af6b57f26106a2,Savannah Avalon,,Andheri East,Western Suburbs Mid,19.1158835,72.854202,400069,,100,75,https://www.propi.in/search/properties,2026-06-26,2026-06-26,Active
131,076211c8200376c2,Seagull House,,Andheri East,Western Suburbs Mid,19.1158835,72.854202,400069,,100,75,https://www.propi.in/search/properties,2026-06-26,2026-06-26,Active
132,250c3cdc4ca641f8,Second Avenue,,Andheri East,Western Suburbs Mid,19.1158835,72.854202,400069,,100,75,https://www.propi.in/search/properties,2026-06-26,2026-06-26,Active
133,fd4744e7f7b7e2e2,Serenity Heights,,Andheri East,Western Suburbs Mid,19.1158835,72.854202,400069,,100,75,https://www.propi.in/search/properties,2026-06-26,2026-06-26,Active
134,8aeffc5b7b69fe70,Sheth Vasant Oasis Jolan,Sheth Vasant Oasis Jolan Tower 14,Andheri East,Western Suburbs Mid,19.1158835,72.854202,400069,Sheth Developers,100,100,https://www.propi.in/search/properties,2026-06-26,2026-06-26,Active
135,b75a88018528864a,Shilpoo Co-Operative Housing Society,,Andheri East,Western Suburbs Mid,19.1158835,72.854202,400069,,100,75,https://www.propi.in/search/properties,2026-06-26,2026-06-26,Active
136,06edd096b847d9fb,Shubham Centre,,Andheri East,Western Suburbs Mid,19.1158835,72.854202,400069,,100,75,https://www.propi.in/search/properties,2026-06-26,2026-06-26,Active
137,c589b8f4457cb029,Silver Arch,,Andheri East,Western Suburbs Mid,19.1158835,72.854202,400069,,100,75,https://www.propi.in/search/properties,2026-06-26,2026-06-26,Active
138,68b164a2f2cd4c16,Silver Astra,,Andheri East,Western Suburbs Mid,19.1158835,72.854202,400069,,100,75,https://www.propi.in/search/properties,2026-06-26,2026-06-26,Active
139,2235e09984f3a276,Sneh Sarovar,,Andheri East,Western Suburbs Mid,19.1158835,72.854202,400069,,100,75,https://www.propi.in/search/properties,2026-06-26,2026-06-26,Active
140,84cea42780a4e9ce,Solitaire Corporate Park,,Andheri East,Western Suburbs Mid,19.1158835,72.854202,400069,,100,75,https://www.propi.in/search/properties,2026-06-26,2026-06-26,Active
141,ef0931660190a970,Sparsh,,Andheri East,Western Suburbs Mid,19.1158835,72.854202,400069,,100,75,https://www.propi.in/search/properties,2026-06-26,2026-06-26,Active
142,f75e8a7d724f3e05,Srishti Harmony,,Andheri East,Western Suburbs Mid,19.1158835,72.854202,400069,,100,75,https://www.propi.in/search/properties,2026-06-26,2026-06-26,Active
143,27c6251b6b3d99f0,Star Hub,,Andheri East,Western Suburbs Mid,19.1158835,72.854202,400069,,100,75,https://www.propi.in/search/properties,2026-06-26,2026-06-26,Active
144,81432e831475dbe7,Steel House,,Andheri East,Western Suburbs Mid,19.1158835,72.854202,400069,,100,75,https://www.propi.in/search/properties,2026-06-26,2026-06-26,Active
145,5d99f41cdc6ca487,Sudharshan Heights,,Andheri East,Western Suburbs Mid,19.1158835,72.854202,400069,,100,75,https://www.propi.in/search/properties,2026-06-26,2026-06-26,Active
146,b9cc5aba69b4fa56,Sumer Plaza,,Andheri East,Western Suburbs Mid,19.1158835,72.854202,400069,,100,75,https://www.propi.in/search/properties,2026-06-26,2026-06-26,Active
147,d1666e10c1ae92f5,Sunrise Tower,,Andheri East,Western Suburbs Mid,19.1158835,72.854202,400069,,100,75,https://www.propi.in/search/properties,2026-06-26,2026-06-26,Active
148,b7d8bd549ffe02fe,Sunteck Crest,,Andheri East,Western Suburbs Mid,19.1158835,72.854202,400069,Sunteck Realty,100,90,https://www.propi.in/search/properties,2026-06-26,2026-06-26,Active
149,a56934752241f5d1,Swaroop Aditya Avenue,,Andheri East,Western Suburbs Mid,19.1158835,72.854202,400069,,100,75,https://www.propi.in/search/properties,2026-06-26,2026-06-26,Active
150,3444f54ba563b980,Symphony IT Park,,Andheri East,Western Suburbs Mid,19.1158835,72.854202,400069,,100,75,https://www.propi.in/search/properties,2026-06-26,2026-06-26,Active
151,f5a8efd50f39fc3b,Tex Centre,,Andheri East,Western Suburbs Mid,19.1158835,72.854202,400069,,100,75,https://www.propi.in/search/properties,2026-06-26,2026-06-26,Active
152,d3e5299929788c4e,Kollage,The Kollage,Andheri East,Western Suburbs Mid,19.1158835,72.854202,400069,,100,85,https://www.propi.in/search/properties,2026-06-26,2026-06-26,Active
153,a7957d0c73a48652,Time Square,Times Square,Andheri East,Western Suburbs Mid,19.1158835,72.854202,400069,,100,85,https://www.propi.in/search/properties,2026-06-26,2026-06-26,Active
154,2781102e98a71c72,Timmy Arcade,,Andheri East,Western Suburbs Mid,19.1158835,72.854202,400069,,100,75,https://www.propi.in/search/properties,2026-06-26,2026-06-26,Active
155,74c6c8c878dcbdfc,Trans Residency,,Andheri East,Western Suburbs Mid,19.1158835,72.854202,400069,,100,75,https://www.propi.in/search/properties,2026-06-26,2026-06-26,Active
156,c2efbd025cd858cd,VKG Krishna Residences,,Andheri East,Western Suburbs Mid,19.1158835,72.854202,400069,,100,75,https://www.propi.in/search/properties,2026-06-26,2026-06-26,Active
157,c19589ed2a34b9a1,VKG Park Estate,,Andheri East,Western Suburbs Mid,19.1158835,72.854202,400069,,100,75,https://www.propi.in/search/properties,2026-06-26,2026-06-26,Active
158,6e98553a31b5685a,Vaidya West World Harmony,,Andheri East,Western Suburbs Mid,19.1158835,72.854202,400069,,100,75,https://www.propi.in/search/properties,2026-06-26,2026-06-26,Active
159,185bca9039b50d2b,Vasant Blossom,,Andheri East,Western Suburbs Mid,19.1158835,72.854202,400069,,100,75,https://www.propi.in/search/properties,2026-06-26,2026-06-26,Active
160,3c0daab5a04e1d63,Vasant Oasis,,Andheri East,Western Suburbs Mid,19.1158835,72.854202,400069,,100,75,https://www.propi.in/search/properties,2026-06-26,2026-06-26,Active
161,8d79762a293fb187,Vasant Oasis I,,Andheri East,Western Suburbs Mid,19.1158835,72.854202,400069,,100,75,https://www.propi.in/search/properties,2026-06-26,2026-06-26,Active
162,49b15d4b5b664c00,Vasudev Chamber,,Andheri East,Western Suburbs Mid,19.1158835,72.854202,400069,,100,75,https://www.propi.in/search/properties,2026-06-26,2026-06-26,Active
163,d1ae4291571d9cef,Veda Sangam Lifespaces,,Andheri East,Western Suburbs Mid,19.1158835,72.854202,400069,,100,75,https://www.propi.in/search/properties,2026-06-26,2026-06-26,Active
164,7a28e90c2ebe2c18,Vedanta,,Andheri East,Western Suburbs Mid,19.1158835,72.854202,400069,,100,75,https://www.propi.in/search/properties,2026-06-26,2026-06-26,Active
165,bf0bdcd17a0bb328,Vijay Nagar,,Andheri East,Western Suburbs Mid,19.1158835,72.854202,400069,,100,75,https://www.propi.in/search/properties,2026-06-26,2026-06-26,Active
166,df2cd1d163a13bb8,Wadhwa 723 Avenue,,Andheri East,Western Suburbs Mid,19.1158835,72.854202,400069,Wadhwa Group,100,90,https://www.propi.in/search/properties,2026-06-26,2026-06-26,Active
167,f2c7512226d7179f,Wellington Business Park 1,Wellington Business Park 2,Andheri East,Western Suburbs Mid,19.1158835,72.854202,400069,,100,85,https://www.propi.in/search/properties,2026-06-26,2026-06-26,Active
168,56584b5494494e33,Xtrium,,Andheri East,Western Suburbs Mid,19.1158835,72.854202,400069,,100,75,https://www.propi.in/search/properties,2026-06-26,2026-06-26,Active
169,abd6a51e026296ce,5th Element,,Andheri West,Western Suburbs Mid,19.1172495,72.833968,400058,,100,75,https://www.propi.in/search/properties,2026-06-26,2026-06-26,Active
170,1fae3152d35d3459,72 West,,Andheri West,Western Suburbs Mid,19.1172495,72.833968,400058,,100,75,https://www.propi.in/search/properties,2026-06-26,2026-06-26,Active
171,57e2162edb2d3810,AR Avenue,,Andheri West,Western Suburbs Mid,19.1172495,72.833968,400058,,100,75,https://www.propi.in/search/properties,2026-06-26,2026-06-26,Active
172,97948e606325ecc0,ARC Aura,,Andheri West,Western Suburbs Mid,19.1172495,72.833968,400058,,100,75,https://www.propi.in/search/properties,2026-06-26,2026-06-26,Active
173,46f98cd412c55eb9,Aakanksha Tower,,Andheri West,Western Suburbs Mid,19.1172495,72.833968,400058,,100,75,https://www.propi.in/search/properties,2026-06-26,2026-06-26,Active
174,9b89399db1e0e29e,Aakansha Tower,,Andheri West,Western Suburbs Mid,19.1172495,72.833968,400058,,100,75,https://www.propi.in/search/properties,2026-06-26,2026-06-26,Active
175,98d3089cf44fe7e8,Aarc Residency,,Andheri West,Western Suburbs Mid,19.1172495,72.833968,400058,,100,75,https://www.propi.in/search/properties,2026-06-26,2026-06-26,Active
176,e727939218d9b774,Aashirwad,Aashirwad | Aashirwad CHS,Andheri West,Western Suburbs Mid,19.1172495,72.833968,400058,,100,85,https://www.propi.in/search/properties,2026-06-26,2026-06-26,Active
177,5c0a56fe535da73e,Aashiyana,Aashiyana Apartment,Andheri West,Western Suburbs Mid,19.1172495,72.833968,400058,,100,85,https://www.propi.in/search/properties,2026-06-26,2026-06-26,Active
178,85b58756ec40d389,Abhar CHS,,Andheri West,Western Suburbs Mid,19.1172495,72.833968,400058,,100,75,https://www.propi.in/search/properties,2026-06-26,2026-06-26,Active
179,75476d42e38ab764,Abhishek,,Andheri West,Western Suburbs Mid,19.1172495,72.833968,400058,,100,75,https://www.propi.in/search/properties,2026-06-26,2026-06-26,Active
180,f218981e23f8e808,Abhishek Bldg,,Andheri West,Western Suburbs Mid,19.1172495,72.833968,400058,,100,75,https://www.propi.in/search/properties,2026-06-26,2026-06-26,Active
181,a56228c34df7dc51,Accord,,Andheri West,Western Suburbs Mid,19.1172495,72.833968,400058,,100,75,https://www.propi.in/search/properties,2026-06-26,2026-06-26,Active
182,5a7135acc6828262,Acme Stadium View,,Andheri West,Western Suburbs Mid,19.1172495,72.833968,400058,,100,75,https://www.propi.in/search/properties,2026-06-26,2026-06-26,Active
183,b0bcd8d371ad77e7,Acme Sweet 16,,Andheri West,Western Suburbs Mid,19.1172495,72.833968,400058,,100,75,https://www.propi.in/search/properties,2026-06-26,2026-06-26,Active
184,6f0c2ba8fed33645,Adani Inspire,Adani Inspire Hub,Andheri West,Western Suburbs Mid,19.1172495,72.833968,400058,Adani Realty,100,100,https://www.propi.in/search/properties,2026-06-26,2026-06-26,Active
185,c10c87d4431cde97,Adani Western Heights,,Andheri West,Western Suburbs Mid,19.1172495,72.833968,400058,Adani Realty,100,90,https://www.propi.in/search/properties,2026-06-26,2026-06-26,Active
186,17f80983f5ec6e16,Aditi,,Andheri West,Western Suburbs Mid,19.1172495,72.833968,400058,,100,75,https://www.propi.in/search/properties,2026-06-26,2026-06-26,Active
187,cc01df4219342a16,Aditya,Aditya Apartment,Andheri West,Western Suburbs Mid,19.1172495,72.833968,400058,,100,85,https://www.propi.in/search/properties,2026-06-26,2026-06-26,Active
188,4c7337fc67eee0d7,Agarwal Golden Chambers,,Andheri West,Western Suburbs Mid,19.1172495,72.833968,400058,,100,75,https://www.propi.in/search/properties,2026-06-26,2026-06-26,Active
189,0af3977c29149a60,Aishwarya,,Andheri West,Western Suburbs Mid,19.1172495,72.833968,400058,,100,75,https://www.propi.in/search/properties,2026-06-26,2026-06-26,Active
190,a1f4f332d1f5f55e,Ajod One,,Andheri West,Western Suburbs Mid,19.1172495,72.833968,400058,,100,75,https://www.propi.in/search/properties,2026-06-26,2026-06-26,Active
191,d149d60b4a34dbae,Akash Deep,,Andheri West,Western Suburbs Mid,19.1172495,72.833968,400058,,100,75,https://www.propi.in/search/properties,2026-06-26,2026-06-26,Active
192,0baf2faa3fb94fd1,Alfa,,Andheri West,Western Suburbs Mid,19.1172495,72.833968,400058,,100,75,https://www.propi.in/search/properties,2026-06-26,2026-06-26,Active
193,f7596097d28ef5cd,Alpine Primo - Commercial,,Andheri West,Western Suburbs Mid,19.1172495,72.833968,400058,,100,75,https://www.propi.in/search/properties,2026-06-26,2026-06-26,Active
194,c4153bb4e8973bee,Amarnath Tower,,Andheri West,Western Suburbs Mid,19.1172495,72.833968,400058,,100,75,https://www.propi.in/search/properties,2026-06-26,2026-06-26,Active
195,9b8d3fb46d412405,Ambika Acropolis,,Andheri West,Western Suburbs Mid,19.1172495,72.833968,400058,,100,75,https://www.propi.in/search/properties,2026-06-26,2026-06-26,Active
196,7b840885f5317ed0,Amit Estate,,Andheri West,Western Suburbs Mid,19.1172495,72.833968,400058,,100,75,https://www.propi.in/search/properties,2026-06-26,2026-06-26,Active
197,d79e8a8a111d78d7,Amit Kamble,,Andheri West,Western Suburbs Mid,19.1172495,72.833968,400058,,100,75,https://www.propi.in/search/properties,2026-06-26,2026-06-26,Active
198,4c8966f1fd0c48ba,Amrut Smruti,,Andheri West,Western Suburbs Mid,19.1172495,72.833968,400058,,100,75,https://www.propi.in/search/properties,2026-06-26,2026-06-26,Active
199,b41be08d2d7b45f5,Amrut Tara,,Andheri West,Western Suburbs Mid,19.1172495,72.833968,400058,,100,75,https://www.propi.in/search/properties,2026-06-26,2026-06-26,Active
200,3bf3a7c5a7f4359c,Andheri Ekta,,Andheri West,Western Suburbs Mid,19.1172495,72.833968,400058,Ekta World,100,90,https://www.propi.in/search/properties,2026-06-26,2026-06-26,Active
201,4f858f89a89799e9,Andheri Gulmohur CHS,,Andheri West,Western Suburbs Mid,19.1172495,72.833968,400058,,100,75,https://www.propi.in/search/properties,2026-06-26,2026-06-26,Active
202,89130cce6bb8f045,Andheri Industrial Estate,,Andheri West,Western Suburbs Mid,19.1172495,72.833968,400058,,100,75,https://www.propi.in/search/properties,2026-06-26,2026-06-26,Active
203,27ca9cc199252bd1,Andheri Sahkar Co Op HSG SOC LTD,,Andheri West,Western Suburbs Mid,19.1172495,72.833968,400058,,100,75,https://www.propi.in/search/properties,2026-06-26,2026-06-26,Active
204,c15ded6bdfb8ebf0,Anisha Apartments,,Andheri West,Western Suburbs Mid,19.1172495,72.833968,400058,,100,75,https://www.propi.in/search/properties,2026-06-26,2026-06-26,Active
205,34f7e7457b545349,Ankita,Ankita Building,Andheri West,Western Suburbs Mid,19.1172495,72.833968,400058,,100,85,https://www.propi.in/search/properties,2026-06-26,2026-06-26,Active
206,9e587d0b5777b081,Antalya,,Andheri West,Western Suburbs Mid,19.1172495,72.833968,400058,,100,75,https://www.propi.in/search/properties,2026-06-26,2026-06-26,Active
207,620f504c9f1a067a,Anuprita Housing Society,,Andheri West,Western Suburbs Mid,19.1172495,72.833968,400058,,100,75,https://www.propi.in/search/properties,2026-06-26,2026-06-26,Active
208,f48f9bac7ce84674,Anushka,,Andheri West,Western Suburbs Mid,19.1172495,72.833968,400058,,100,75,https://www.propi.in/search/properties,2026-06-26,2026-06-26,Active
209,8853bce51edb957f,Apeksha,,Andheri West,Western Suburbs Mid,19.1172495,72.833968,400058,,100,75,https://www.propi.in/search/properties,2026-06-26,2026-06-26,Active
210,59d450f43d06864b,Apna Ghar,,Andheri West,Western Suburbs Mid,19.1172495,72.833968,400058,,100,75,https://www.propi.in/search/properties,2026-06-26,2026-06-26,Active
211,b4b0d3ffeee2bacb,Aradhana,,Andheri West,Western Suburbs Mid,19.1172495,72.833968,400058,,100,75,https://www.propi.in/search/properties,2026-06-26,2026-06-26,Active
212,a3389cf90c21dfa0,Arena Apartment,,Andheri West,Western Suburbs Mid,19.1172495,72.833968,400058,,100,75,https://www.propi.in/search/properties,2026-06-26,2026-06-26,Active
213,99f4d7ecf61f3c05,Aroma,,Andheri West,Western Suburbs Mid,19.1172495,72.833968,400058,,100,75,https://www.propi.in/search/properties,2026-06-26,2026-06-26,Active
214,74f110961ae8eb9d,Arshi Complex,Arshie Complex,Andheri West,Western Suburbs Mid,19.1172495,72.833968,400058,,100,85,https://www.propi.in/search/properties,2026-06-26,2026-06-26,Active
215,fb8b95fd9db403b6,Arunodaya,,Andheri West,Western Suburbs Mid,19.1172495,72.833968,400058,,100,75,https://www.propi.in/search/properties,2026-06-26,2026-06-26,Active
216,2eb9d48d5b5a509f,Ashirwad,Ashirwad Apartment | Ashirwad Tower,Andheri West,Western Suburbs Mid,19.1172495,72.833968,400058,,100,85,https://www.propi.in/search/properties,2026-06-26,2026-06-26,Active
217,5155b5d70ec49ff2,Ashish Apartment,,Andheri West,Western Suburbs Mid,19.1172495,72.833968,400058,,100,75,https://www.propi.in/search/properties,2026-06-26,2026-06-26,Active
218,7466611bdf2f8acc,Ashiyana,Ashiyana CHS,Andheri West,Western Suburbs Mid,19.1172495,72.833968,400058,,100,85,https://www.propi.in/search/properties,2026-06-26,2026-06-26,Active
219,7b5d1230863dc324,Ashtavinayak CHS,Astavinayak,Andheri West,Western Suburbs Mid,19.1172495,72.833968,400058,,100,85,https://www.propi.in/search/properties,2026-06-26,2026-06-26,Active
220,d9529b0541918087,Aston,Aston,Andheri West,Western Suburbs Mid,19.1172495,72.833968,400058,,100,85,https://www.propi.in/search/properties,2026-06-26,2026-06-26,Active
221,8d1f61aaaaa75f32,Atlantis,Atlantis Apartment,Andheri West,Western Suburbs Mid,19.1172495,72.833968,400058,,100,85,https://www.propi.in/search/properties,2026-06-26,2026-06-26,Active
222,d498c361d1bf67c1,Atlantis Apartments,,Andheri West,Western Suburbs Mid,19.1172495,72.833968,400058,,100,75,https://www.propi.in/search/properties,2026-06-26,2026-06-26,Active
223,848cb619f919871d,Atlas Skywalker,,Andheri West,Western Suburbs Mid,19.1172495,72.833968,400058,,100,75,https://www.propi.in/search/properties,2026-06-26,2026-06-26,Active
224,9b75a3e546ca4ac9,Autograph Residency,,Andheri West,Western Suburbs Mid,19.1172495,72.833968,400058,,100,75,https://www.propi.in/search/properties,2026-06-26,2026-06-26,Active
225,da5a8034f6b834e9,Awadhoot CHS,,Andheri West,Western Suburbs Mid,19.1172495,72.833968,400058,,100,75,https://www.propi.in/search/properties,2026-06-26,2026-06-26,Active
226,b7dbe7ddff357e31,Azad Nagar Kedar Darshan CHLS,,Andheri West,Western Suburbs Mid,19.1172495,72.833968,400058,,100,75,https://www.propi.in/search/properties,2026-06-26,2026-06-26,Active
227,13e2ec30d5aa8168,Basera,,Andheri West,Western Suburbs Mid,19.1172495,72.833968,400058,,100,75,https://www.propi.in/search/properties,2026-06-26,2026-06-26,Active
228,9bb6fecbe4684a8b,Bay View,,Andheri West,Western Suburbs Mid,19.1172495,72.833968,400058,,100,75,https://www.propi.in/search/properties,2026-06-26,2026-06-26,Active
229,054068ca107b3b5d,Bayview,,Andheri West,Western Suburbs Mid,19.1172495,72.833968,400058,,100,75,https://www.propi.in/search/properties,2026-06-26,2026-06-26,Active
230,cf12ed1a9ef8b6e9,Belscot Tower,,Andheri West,Western Suburbs Mid,19.1172495,72.833968,400058,,100,75,https://www.propi.in/search/properties,2026-06-26,2026-06-26,Active
231,c0e94e98ff0a6810,Benhur,,Andheri West,Western Suburbs Mid,19.1172495,72.833968,400058,,100,75,https://www.propi.in/search/properties,2026-06-26,2026-06-26,Active
232,a719d22e17f45507,Benzer Apartment,,Andheri West,Western Suburbs Mid,19.1172495,72.833968,400058,,100,75,https://www.propi.in/search/properties,2026-06-26,2026-06-26,Active
233,63c696461a8ed944,Beverley Hills,Beverly Hills,Andheri West,Western Suburbs Mid,19.1172495,72.833968,400058,,100,85,https://www.propi.in/search/properties,2026-06-26,2026-06-26,Active
234,8fdee2df5cf394bd,Bhagtani Elegance,,Andheri West,Western Suburbs Mid,19.1172495,72.833968,400058,,100,75,https://www.propi.in/search/properties,2026-06-26,2026-06-26,Active
235,cc767ff3baab3c4f,Bharat Ark,,Andheri West,Western Suburbs Mid,19.1172495,72.833968,400058,,100,75,https://www.propi.in/search/properties,2026-06-26,2026-06-26,Active
236,c83f2a3b603a8fee,Bharat Belmonte,,Andheri West,Western Suburbs Mid,19.1172495,72.833968,400058,,100,75,https://www.propi.in/search/properties,2026-06-26,2026-06-26,Active
237,d7df53d2368cf27a,Bharat Sky Vistas,,Andheri West,Western Suburbs Mid,19.1172495,72.833968,400058,,100,75,https://www.propi.in/search/properties,2026-06-26,2026-06-26,Active
238,63d44afcc6c22087,Bhartiya Rakshak,,Andheri West,Western Suburbs Mid,19.1172495,72.833968,400058,,100,75,https://www.propi.in/search/properties,2026-06-26,2026-06-26,Active
239,5d2a31462df3b7cb,Bhoomi Amogh,,Andheri West,Western Suburbs Mid,19.1172495,72.833968,400058,,100,75,https://www.propi.in/search/properties,2026-06-26,2026-06-26,Active
240,9fec71ddafadd75b,Blue Arch Society,,Andheri West,Western Suburbs Mid,19.1172495,72.833968,400058,,100,75,https://www.propi.in/search/properties,2026-06-26,2026-06-26,Active
241,40aef5e5f0c83e8c,Boston Harbor,,Andheri West,Western Suburbs Mid,19.1172495,72.833968,400058,,100,75,https://www.propi.in/search/properties,2026-06-26,2026-06-26,Active
242,500a62b8ac05bf83,Breeze,,Andheri West,Western Suburbs Mid,19.1172495,72.833968,400058,,100,75,https://www.propi.in/search/properties,2026-06-26,2026-06-26,Active
243,6b48ce123432d3e9,Brighton Tower,Brighton Towers,Andheri West,Western Suburbs Mid,19.1172495,72.833968,400058,,100,85,https://www.propi.in/search/properties,2026-06-26,2026-06-26,Active
244,d8045490170c6e14,Brook Hill Tower,,Andheri West,Western Suburbs Mid,19.1172495,72.833968,400058,,100,75,https://www.propi.in/search/properties,2026-06-26,2026-06-26,Active
245,fa899d35f30b0545,Brookfield,,Andheri West,Western Suburbs Mid,19.1172495,72.833968,400058,,100,75,https://www.propi.in/search/properties,2026-06-26,2026-06-26,Active
246,8b1672763591d229,Bunch Berry,,Andheri West,Western Suburbs Mid,19.1172495,72.833968,400058,,100,75,https://www.propi.in/search/properties,2026-06-26,2026-06-26,Active
247,cbe096b3a5b54b89,Business Point,,Andheri West,Western Suburbs Mid,19.1172495,72.833968,400058,,100,75,https://www.propi.in/search/properties,2026-06-26,2026-06-26,Active
248,78b13a5d56995b97,Business Square,,Andheri West,Western Suburbs Mid,19.1172495,72.833968,400058,,100,75,https://www.propi.in/search/properties,2026-06-26,2026-06-26,Active
249,9890ca12e6f94c32,Camron Heights,,Andheri West,Western Suburbs Mid,19.1172495,72.833968,400058,,100,75,https://www.propi.in/search/properties,2026-06-26,2026-06-26,Active
250,eee99d082e23e0c5,Capri Heights,,Andheri West,Western Suburbs Mid,19.1172495,72.833968,400058,,100,75,https://www.propi.in/search/properties,2026-06-26,2026-06-26,Active
251,3a43c19ce219f918,Casa Divine,,Andheri West,Western Suburbs Mid,19.1172495,72.833968,400058,,100,75,https://www.propi.in/search/properties,2026-06-26,2026-06-26,Active
252,ad879d94a0a0f66b,Casa Millennia,,Andheri West,Western Suburbs Mid,19.1172495,72.833968,400058,,100,75,https://www.propi.in/search/properties,2026-06-26,2026-06-26,Active
253,6f5ee1ca6f2e06d2,Castle Yashodeep Tower,,Andheri West,Western Suburbs Mid,19.1172495,72.833968,400058,,100,75,https://www.propi.in/search/properties,2026-06-26,2026-06-26,Active
254,279072c896f71d95,Center Square,,Andheri West,Western Suburbs Mid,19.1172495,72.833968,400058,,100,75,https://www.propi.in/search/properties,2026-06-26,2026-06-26,Active
255,00b75bd5ba32b277,Centre Square,,Andheri West,Western Suburbs Mid,19.1172495,72.833968,400058,,100,75,https://www.propi.in/search/properties,2026-06-26,2026-06-26,Active
256,ba79d10ea0f9e699,Chaitanya Anand,,Andheri West,Western Suburbs Mid,19.1172495,72.833968,400058,,100,75,https://www.propi.in/search/properties,2026-06-26,2026-06-26,Active
257,3a7b08bdd4a5ec5d,Chandak Unicorn,,Andheri West,Western Suburbs Mid,19.1172495,72.833968,400058,,100,75,https://www.propi.in/search/properties,2026-06-26,2026-06-26,Active
258,05f78a429d954f27,Chitralekha Haritage,Chitralekha Heritage,Andheri West,Western Suburbs Mid,19.1172495,72.833968,400058,,100,85,https://www.propi.in/search/properties,2026-06-26,2026-06-26,Active
259,abc643f97d0b012f,Citi Mall,,Andheri West,Western Suburbs Mid,19.1172495,72.833968,400058,,100,75,https://www.propi.in/search/properties,2026-06-26,2026-06-26,Active
260,1c966715b896c7eb,Citizen Apartment,,Andheri West,Western Suburbs Mid,19.1172495,72.833968,400058,,100,75,https://www.propi.in/search/properties,2026-06-26,2026-06-26,Active
261,cd09a72396ac329a,Claridge Apartment,,Andheri West,Western Suburbs Mid,19.1172495,72.833968,400058,,100,75,https://www.propi.in/search/properties,2026-06-26,2026-06-26,Active
262,9b1d90a0a9d125ec,Cliff Tower,,Andheri West,Western Suburbs Mid,19.1172495,72.833968,400058,,100,75,https://www.propi.in/search/properties,2026-06-26,2026-06-26,Active
263,ee73524888637540,Clifton,Clifton Apartment,Andheri West,Western Suburbs Mid,19.1172495,72.833968,400058,,100,85,https://www.propi.in/search/properties,2026-06-26,2026-06-26,Active
264,0514746970d85968,Commerce Centre,,Andheri West,Western Suburbs Mid,19.1172495,72.833968,400058,,100,75,https://www.propi.in/search/properties,2026-06-26,2026-06-26,Active
265,13bff203aef38dd8,Commercial At Bramhand Near Hiranandani Estate,,Andheri West,Western Suburbs Mid,19.1172495,72.833968,400058,Hiranandani Group,100,90,https://www.propi.in/search/properties,2026-06-26,2026-06-26,Active
266,0a923a5cc6f58b1e,Cosmic Tower,,Andheri West,Western Suburbs Mid,19.1172495,72.833968,400058,,100,75,https://www.propi.in/search/properties,2026-06-26,2026-06-26,Active
267,78243fec40b707d1,Cosmopolis,Cosmopolis Tower,Andheri West,Western Suburbs Mid,19.1172495,72.833968,400058,,100,85,https://www.propi.in/search/properties,2026-06-26,2026-06-26,Active
268,6f41779cc057321b,Cosmos,,Andheri West,Western Suburbs Mid,19.1172495,72.833968,400058,,100,75,https://www.propi.in/search/properties,2026-06-26,2026-06-26,Active
269,af1045851dcb6819,Cosmos Plaza,Cosmos Plazza,Andheri West,Western Suburbs Mid,19.1172495,72.833968,400058,,100,85,https://www.propi.in/search/properties,2026-06-26,2026-06-26,Active
270,6a35c14e7e79f91f,Cozy Apartment,,Andheri West,Western Suburbs Mid,19.1172495,72.833968,400058,,100,75,https://www.propi.in/search/properties,2026-06-26,2026-06-26,Active
271,dd3c747bc0f24507,Creek Crest,,Andheri West,Western Suburbs Mid,19.1172495,72.833968,400058,,100,75,https://www.propi.in/search/properties,2026-06-26,2026-06-26,Active
272,60fdcb94f224e4ee,Crescent Royal,Crescent Royale,Andheri West,Western Suburbs Mid,19.1172495,72.833968,400058,,100,85,https://www.propi.in/search/properties,2026-06-26,2026-06-26,Active
273,69f483208e15d259,Crest Apartment,,Andheri West,Western Suburbs Mid,19.1172495,72.833968,400058,,100,75,https://www.propi.in/search/properties,2026-06-26,2026-06-26,Active
274,f77e242c8fc92977,Crest Audeus,,Andheri West,Western Suburbs Mid,19.1172495,72.833968,400058,,100,75,https://www.propi.in/search/properties,2026-06-26,2026-06-26,Active
275,0371010fcba35297,Crest Mukta,,Andheri West,Western Suburbs Mid,19.1172495,72.833968,400058,,100,75,https://www.propi.in/search/properties,2026-06-26,2026-06-26,Active
276,69043f6ce6947904,Cross Gate,,Andheri West,Western Suburbs Mid,19.1172495,72.833968,400058,,100,75,https://www.propi.in/search/properties,2026-06-26,2026-06-26,Active
277,f9c4bfc6053f0aad,Crystal Paradise,,Andheri West,Western Suburbs Mid,19.1172495,72.833968,400058,,100,75,https://www.propi.in/search/properties,2026-06-26,2026-06-26,Active
278,1774f7d8c162db3c,Crystal Plaza,,Andheri West,Western Suburbs Mid,19.1172495,72.833968,400058,,100,75,https://www.propi.in/search/properties,2026-06-26,2026-06-26,Active
279,916aaf56be907692,Crystal Point,,Andheri West,Western Suburbs Mid,19.1172495,72.833968,400058,,100,75,https://www.propi.in/search/properties,2026-06-26,2026-06-26,Active
280,690fab747797ef27,DLF WestPark,,Andheri West,Western Suburbs Mid,19.1172495,72.833968,400058,,100,75,https://www.propi.in/search/properties,2026-06-26,2026-06-26,Active
281,3e4668e0cda2e5da,DLH Darpan,,Andheri West,Western Suburbs Mid,19.1172495,72.833968,400058,DLH Group,100,90,https://www.propi.in/search/properties,2026-06-26,2026-06-26,Active
282,04d09a1c14614928,DLH Dream,DLH Dream Tower,Andheri West,Western Suburbs Mid,19.1172495,72.833968,400058,DLH Group,100,100,https://www.propi.in/search/properties,2026-06-26,2026-06-26,Active
283,1a54dadf11905ea0,DLH Enclave,,Andheri West,Western Suburbs Mid,19.1172495,72.833968,400058,DLH Group,100,90,https://www.propi.in/search/properties,2026-06-26,2026-06-26,Active
284,4e0335e8fab3c991,DLH Imur,,Andheri West,Western Suburbs Mid,19.1172495,72.833968,400058,DLH Group,100,90,https://www.propi.in/search/properties,2026-06-26,2026-06-26,Active
285,2b27c8ad63dd251e,DLH Junction,,Andheri West,Western Suburbs Mid,19.1172495,72.833968,400058,DLH Group,100,90,https://www.propi.in/search/properties,2026-06-26,2026-06-26,Active
286,478334e0738f868d,DLH Leo,DLH Leo,Andheri West,Western Suburbs Mid,19.1172495,72.833968,400058,DLH Group,100,100,https://www.propi.in/search/properties,2026-06-26,2026-06-26,Active
287,557325ec17d08d17,DLH Mamta,,Andheri West,Western Suburbs Mid,19.1172495,72.833968,400058,DLH Group,100,90,https://www.propi.in/search/properties,2026-06-26,2026-06-26,Active
288,e7957f054cf38e6d,DLH Metro View,DLH Metroview,Andheri West,Western Suburbs Mid,19.1172495,72.833968,400058,DLH Group,100,100,https://www.propi.in/search/properties,2026-06-26,2026-06-26,Active
289,44bc72185b6a1be1,DLH Orchid,,Andheri West,Western Suburbs Mid,19.1172495,72.833968,400058,DLH Group,100,90,https://www.propi.in/search/properties,2026-06-26,2026-06-26,Active
290,5c9fb4b37c50cd96,DLH Plaza,,Andheri West,Western Suburbs Mid,19.1172495,72.833968,400058,DLH Group,100,90,https://www.propi.in/search/properties,2026-06-26,2026-06-26,Active
291,6c0dcc33f9443450,DLH Prabhuvandan,,Andheri West,Western Suburbs Mid,19.1172495,72.833968,400058,DLH Group,100,90,https://www.propi.in/search/properties,2026-06-26,2026-06-26,Active
292,af1e2dd7037fb374,DLH Sorrento,,Andheri West,Western Suburbs Mid,19.1172495,72.833968,400058,DLH Group,100,90,https://www.propi.in/search/properties,2026-06-26,2026-06-26,Active
293,a9bc6641d1164f8a,DLH Swakrut,,Andheri West,Western Suburbs Mid,19.1172495,72.833968,400058,DLH Group,100,90,https://www.propi.in/search/properties,2026-06-26,2026-06-26,Active
294,16c7c0ceb3c41ddd,DLH Swanlake,,Andheri West,Western Suburbs Mid,19.1172495,72.833968,400058,DLH Group,100,90,https://www.propi.in/search/properties,2026-06-26,2026-06-26,Active
295,6d76ac525f0cd21f,DLH Swapnadeep,,Andheri West,Western Suburbs Mid,19.1172495,72.833968,400058,DLH Group,100,90,https://www.propi.in/search/properties,2026-06-26,2026-06-26,Active
296,2357cc4dd9d76774,DLH Vishwa Prakash,,Andheri West,Western Suburbs Mid,19.1172495,72.833968,400058,DLH Group,100,90,https://www.propi.in/search/properties,2026-06-26,2026-06-26,Active
297,4a8a7f725c52304c,Deep Apartment,Deep Chs | Deep Tower,Andheri West,Western Suburbs Mid,19.1172495,72.833968,400058,,100,85,https://www.propi.in/search/properties,2026-06-26,2026-06-26,Active
298,a0d022840f77cd2b,Deepalika Apartment,,Andheri West,Western Suburbs Mid,19.1172495,72.833968,400058,,100,75,https://www.propi.in/search/properties,2026-06-26,2026-06-26,Active
299,7a6512de8e4f920d,Deluxe House,,Andheri West,Western Suburbs Mid,19.1172495,72.833968,400058,,100,75,https://www.propi.in/search/properties,2026-06-26,2026-06-26,Active
300,74267df5f0311759,Denzil,Denzil CHS,Andheri West,Western Suburbs Mid,19.1172495,72.833968,400058,,100,85,https://www.propi.in/search/properties,2026-06-26,2026-06-26,Active
301,8ab2b26e42fa5b0b,Dev Leo Tower,,Andheri West,Western Suburbs Mid,19.1172495,72.833968,400058,,100,75,https://www.propi.in/search/properties,2026-06-26,2026-06-26,Active
302,b1f18d86630ad21e,Dev Prestige,,Andheri West,Western Suburbs Mid,19.1172495,72.833968,400058,Prestige Group,100,90,https://www.propi.in/search/properties,2026-06-26,2026-06-26,Active
303,4f379edfb56ab153,Dhanashree Heights,,Andheri West,Western Suburbs Mid,19.1172495,72.833968,400058,,100,75,https://www.propi.in/search/properties,2026-06-26,2026-06-26,Active
304,0da0aa0119ceab19,Dheeraj Gaurav Heights,,Andheri West,Western Suburbs Mid,19.1172495,72.833968,400058,Dheeraj Group,100,90,https://www.propi.in/search/properties,2026-06-26,2026-06-26,Active
305,94163191a77de6a1,Dhoop Chaon,,Andheri West,Western Suburbs Mid,19.1172495,72.833968,400058,,100,75,https://www.propi.in/search/properties,2026-06-26,2026-06-26,Active
306,647bcf91a0fb631f,Dhoop Chaon Society,,Andheri West,Western Suburbs Mid,19.1172495,72.833968,400058,,100,75,https://www.propi.in/search/properties,2026-06-26,2026-06-26,Active
307,10fbbe9aab33c1ed,Dilkap Chambers,,Andheri West,Western Suburbs Mid,19.1172495,72.833968,400058,,100,75,https://www.propi.in/search/properties,2026-06-26,2026-06-26,Active
308,33d7d6de0e8335ea,Divyam Heights,,Andheri West,Western Suburbs Mid,19.1172495,72.833968,400058,,100,75,https://www.propi.in/search/properties,2026-06-26,2026-06-26,Active
309,cd47d0f39060ed94,Dream Aspire,,Andheri West,Western Suburbs Mid,19.1172495,72.833968,400058,,100,75,https://www.propi.in/search/properties,2026-06-26,2026-06-26,Active
310,9f1d70ff574da580,Duplex Heights,,Andheri West,Western Suburbs Mid,19.1172495,72.833968,400058,,100,75,https://www.propi.in/search/properties,2026-06-26,2026-06-26,Active
311,3081bbf43421000e,Durga Chambers,,Andheri West,Western Suburbs Mid,19.1172495,72.833968,400058,,100,75,https://www.propi.in/search/properties,2026-06-26,2026-06-26,Active
312,9035df685e4bbc39,Durolite House,,Andheri West,Western Suburbs Mid,19.1172495,72.833968,400058,,100,75,https://www.propi.in/search/properties,2026-06-26,2026-06-26,Active
313,21997340af4690ad,Durva,,Andheri West,Western Suburbs Mid,19.1172495,72.833968,400058,,100,75,https://www.propi.in/search/properties,2026-06-26,2026-06-26,Active
314,f78c76bc5d599bf7,Eden Woods,,Andheri West,Western Suburbs Mid,19.1172495,72.833968,400058,,100,75,https://www.propi.in/search/properties,2026-06-26,2026-06-26,Active
315,34da492a5dafcfe0,Ekta CHS Ltd,,Andheri West,Western Suburbs Mid,19.1172495,72.833968,400058,Ekta World,100,90,https://www.propi.in/search/properties,2026-06-26,2026-06-26,Active
316,8f974033cf9f6e0b,Ekta Model Town,,Andheri West,Western Suburbs Mid,19.1172495,72.833968,400058,Ekta World,100,90,https://www.propi.in/search/properties,2026-06-26,2026-06-26,Active
317,8aa793c0af43a3b4,El Signora,,Andheri West,Western Suburbs Mid,19.1172495,72.833968,400058,,100,75,https://www.propi.in/search/properties,2026-06-26,2026-06-26,Active
318,24f9427e97f272c0,Elegance,,Andheri West,Western Suburbs Mid,19.1172495,72.833968,400058,,100,75,https://www.propi.in/search/properties,2026-06-26,2026-06-26,Active
319,7045be7bc01b8516,Eleganzia Royale,,Andheri West,Western Suburbs Mid,19.1172495,72.833968,400058,,100,75,https://www.propi.in/search/properties,2026-06-26,2026-06-26,Active
320,555ef561a48b9dd2,Embassy,,Andheri West,Western Suburbs Mid,19.1172495,72.833968,400058,,100,75,https://www.propi.in/search/properties,2026-06-26,2026-06-26,Active
321,8222148860bc6bf1,Enchante,,Andheri West,Western Suburbs Mid,19.1172495,72.833968,400058,,100,75,https://www.propi.in/search/properties,2026-06-26,2026-06-26,Active
322,202838c858c1dd61,Eternia,,Andheri West,Western Suburbs Mid,19.1172495,72.833968,400058,,100,75,https://www.propi.in/search/properties,2026-06-26,2026-06-26,Active
323,77c888eb28f38380,Everest,,Andheri West,Western Suburbs Mid,19.1172495,72.833968,400058,,100,75,https://www.propi.in/search/properties,2026-06-26,2026-06-26,Active
324,8b9a84e84a053838,Evershine Cosmic,,Andheri West,Western Suburbs Mid,19.1172495,72.833968,400058,,100,75,https://www.propi.in/search/properties,2026-06-26,2026-06-26,Active
325,bc6dfb6f4aa20172,Evershine Embassy,,Andheri West,Western Suburbs Mid,19.1172495,72.833968,400058,,100,75,https://www.propi.in/search/properties,2026-06-26,2026-06-26,Active
326,46bdec5e0e6009fa,Evershine Green Tower,Evershine Greens,Andheri West,Western Suburbs Mid,19.1172495,72.833968,400058,,100,85,https://www.propi.in/search/properties,2026-06-26,2026-06-26,Active
327,2768e41203ba3f97,Evershine Park,,Andheri West,Western Suburbs Mid,19.1172495,72.833968,400058,,100,75,https://www.propi.in/search/properties,2026-06-26,2026-06-26,Active
328,6e13eaaf6ae4f2c4,Eversun CHS,,Andheri West,Western Suburbs Mid,19.1172495,72.833968,400058,,100,75,https://www.propi.in/search/properties,2026-06-26,2026-06-26,Active
329,631df9f022d17f6f,Excellency,Excellency Apartment,Andheri West,Western Suburbs Mid,19.1172495,72.833968,400058,,100,85,https://www.propi.in/search/properties,2026-06-26,2026-06-26,Active
330,378035457773862f,Excellency Society,,Andheri West,Western Suburbs Mid,19.1172495,72.833968,400058,,100,75,https://www.propi.in/search/properties,2026-06-26,2026-06-26,Active
331,dd74d885c544a8cb,Fair Link Centre,Fairlink Centre,Andheri West,Western Suburbs Mid,19.1172495,72.833968,400058,,100,85,https://www.propi.in/search/properties,2026-06-26,2026-06-26,Active
332,16e1ccea12586410,Fiona,,Andheri West,Western Suburbs Mid,19.1172495,72.833968,400058,,100,75,https://www.propi.in/search/properties,2026-06-26,2026-06-26,Active
333,ca4dc7fbf89bcf51,Flora Heights,,Andheri West,Western Suburbs Mid,19.1172495,72.833968,400058,,100,75,https://www.propi.in/search/properties,2026-06-26,2026-06-26,Active
334,1bf47930bb419980,Fortune 59,,Andheri West,Western Suburbs Mid,19.1172495,72.833968,400058,,100,75,https://www.propi.in/search/properties,2026-06-26,2026-06-26,Active
335,73e139ceca3330b6,Fortune Terraces,,Andheri West,Western Suburbs Mid,19.1172495,72.833968,400058,,100,75,https://www.propi.in/search/properties,2026-06-26,2026-06-26,Active
336,1bb78255d546a3ed,Ganga Bhavan,,Andheri West,Western Suburbs Mid,19.1172495,72.833968,400058,,100,75,https://www.propi.in/search/properties,2026-06-26,2026-06-26,Active
337,7159499fad4a9b36,Ganga Darshan,,Andheri West,Western Suburbs Mid,19.1172495,72.833968,400058,,100,75,https://www.propi.in/search/properties,2026-06-26,2026-06-26,Active
338,26d35c6d2e6ee4da,Garden Rose,,Andheri West,Western Suburbs Mid,19.1172495,72.833968,400058,,100,75,https://www.propi.in/search/properties,2026-06-26,2026-06-26,Active
339,882665dd1b745d04,Garden View,Garden View CHS,Andheri West,Western Suburbs Mid,19.1172495,72.833968,400058,,100,85,https://www.propi.in/search/properties,2026-06-26,2026-06-26,Active
340,2427d5831807947a,Gautam Darshan,,Andheri West,Western Suburbs Mid,19.1172495,72.833968,400058,,100,75,https://www.propi.in/search/properties,2026-06-26,2026-06-26,Active
341,7f9a6b057f306d3d,Gayatri Apartments,,Andheri West,Western Suburbs Mid,19.1172495,72.833968,400058,,100,75,https://www.propi.in/search/properties,2026-06-26,2026-06-26,Active
342,ddf1b8feb403059f,Gayatri Enclave,,Andheri West,Western Suburbs Mid,19.1172495,72.833968,400058,,100,75,https://www.propi.in/search/properties,2026-06-26,2026-06-26,Active
343,9f1d3ab031266d4f,Gazhdar Enclave,,Andheri West,Western Suburbs Mid,19.1172495,72.833968,400058,,100,75,https://www.propi.in/search/properties,2026-06-26,2026-06-26,Active
344,ce644b9898123d52,Ghanshyam Chambers,,Andheri West,Western Suburbs Mid,19.1172495,72.833968,400058,,100,75,https://www.propi.in/search/properties,2026-06-26,2026-06-26,Active
345,3e5a189257540dc1,Ghanshyam Industrial Estate,,Andheri West,Western Suburbs Mid,19.1172495,72.833968,400058,,100,75,https://www.propi.in/search/properties,2026-06-26,2026-06-26,Active
346,0c72d409ba90cd61,Godrej SkyShore,,Andheri West,Western Suburbs Mid,19.1172495,72.833968,400058,Godrej Properties,100,90,https://www.propi.in/search/properties,2026-06-26,2026-06-26,Active
347,d3d4676a0ee1b826,Gokul Panchavati,,Andheri West,Western Suburbs Mid,19.1172495,72.833968,400058,,100,75,https://www.propi.in/search/properties,2026-06-26,2026-06-26,Active
348,6f4346ed5f316308,Gold Crown,,Andheri West,Western Suburbs Mid,19.1172495,72.833968,400058,,100,75,https://www.propi.in/search/properties,2026-06-26,2026-06-26,Active
349,0a1b5fed28020c18,Golden Chamber,Golden Chambers,Andheri West,Western Suburbs Mid,19.1172495,72.833968,400058,,100,85,https://www.propi.in/search/properties,2026-06-26,2026-06-26,Active
350,cbee10eddfade7ba,Golden Chariot,,Andheri West,Western Suburbs Mid,19.1172495,72.833968,400058,,100,75,https://www.propi.in/search/properties,2026-06-26,2026-06-26,Active
351,753c7040e681d499,Golden Chariot | Lokhandwala,,Andheri West,Western Suburbs Mid,19.1172495,72.833968,400058,,100,75,https://www.propi.in/search/properties,2026-06-26,2026-06-26,Active
352,c271db2878c1bffb,Golden Heights,,Andheri West,Western Suburbs Mid,19.1172495,72.833968,400058,,100,75,https://www.propi.in/search/properties,2026-06-26,2026-06-26,Active
353,3a46cdffc53e9447,Golden Rays,,Andheri West,Western Suburbs Mid,19.1172495,72.833968,400058,,100,75,https://www.propi.in/search/properties,2026-06-26,2026-06-26,Active
354,159073d9bcdadbfc,Golds Green,,Andheri West,Western Suburbs Mid,19.1172495,72.833968,400058,,100,75,https://www.propi.in/search/properties,2026-06-26,2026-06-26,Active
355,7144c90a61be5aa1,Gopi Chamber,,Andheri West,Western Suburbs Mid,19.1172495,72.833968,400058,,100,75,https://www.propi.in/search/properties,2026-06-26,2026-06-26,Active
356,9d02aa8358bb1b91,Grace Pinnacle,,Andheri West,Western Suburbs Mid,19.1172495,72.833968,400058,,100,75,https://www.propi.in/search/properties,2026-06-26,2026-06-26,Active
357,9695b321802285cd,Green Acres,,Andheri West,Western Suburbs Mid,19.1172495,72.833968,400058,,100,75,https://www.propi.in/search/properties,2026-06-26,2026-06-26,Active
358,55dcd77e665d0169,Green Blaze,,Andheri West,Western Suburbs Mid,19.1172495,72.833968,400058,,100,75,https://www.propi.in/search/properties,2026-06-26,2026-06-26,Active
359,89911da6e97f8688,Green Court,,Andheri West,Western Suburbs Mid,19.1172495,72.833968,400058,,100,75,https://www.propi.in/search/properties,2026-06-26,2026-06-26,Active
360,43eb6e4682cae343,Green Crest,,Andheri West,Western Suburbs Mid,19.1172495,72.833968,400058,,100,75,https://www.propi.in/search/properties,2026-06-26,2026-06-26,Active
361,de1e6c40777f6210,Green Diamond,,Andheri West,Western Suburbs Mid,19.1172495,72.833968,400058,,100,75,https://www.propi.in/search/properties,2026-06-26,2026-06-26,Active
362,634155ee636c0f3f,Green Heights,,Andheri West,Western Suburbs Mid,19.1172495,72.833968,400058,,100,75,https://www.propi.in/search/properties,2026-06-26,2026-06-26,Active
363,2e48110f4c9f9549,Green Tower,Green Tower,Andheri West,Western Suburbs Mid,19.1172495,72.833968,400058,,100,85,https://www.propi.in/search/properties,2026-06-26,2026-06-26,Active
364,432e786e2b71b981,Green Ville,,Andheri West,Western Suburbs Mid,19.1172495,72.833968,400058,,100,75,https://www.propi.in/search/properties,2026-06-26,2026-06-26,Active
365,c4f27030bb7ad2b1,Grenville,,Andheri West,Western Suburbs Mid,19.1172495,72.833968,400058,,100,75,https://www.propi.in/search/properties,2026-06-26,2026-06-26,Active
366,860a0ef126811e8a,Guinea Paradise,,Andheri West,Western Suburbs Mid,19.1172495,72.833968,400058,,100,75,https://www.propi.in/search/properties,2026-06-26,2026-06-26,Active
367,f36fa8227c314111,Gulmohar Garden,,Andheri West,Western Suburbs Mid,19.1172495,72.833968,400058,,100,75,https://www.propi.in/search/properties,2026-06-26,2026-06-26,Active
368,4a486993d3808d24,Gulshan,,Andheri West,Western Suburbs Mid,19.1172495,72.833968,400058,,100,75,https://www.propi.in/search/properties,2026-06-26,2026-06-26,Active
369,44d90382c07b1f49,Gundecha Symphony,,Andheri West,Western Suburbs Mid,19.1172495,72.833968,400058,Gundecha Group,100,90,https://www.propi.in/search/properties,2026-06-26,2026-06-26,Active
370,d841bedd15274b57,Gurnani Palms,,Andheri West,Western Suburbs Mid,19.1172495,72.833968,400058,,100,75,https://www.propi.in/search/properties,2026-06-26,2026-06-26,Active
371,ea5844485a286d26,Gurukripa Dhyanam,,Andheri West,Western Suburbs Mid,19.1172495,72.833968,400058,,100,75,https://www.propi.in/search/properties,2026-06-26,2026-06-26,Active
372,290d8c928c6df579,Gurukrupa Dhayanam,Gurukrupa Dhyanam,Andheri West,Western Suburbs Mid,19.1172495,72.833968,400058,,100,85,https://www.propi.in/search/properties,2026-06-26,2026-06-26,Active
373,2516de2b485d0998,Gurukrupa Ekam,,Andheri West,Western Suburbs Mid,19.1172495,72.833968,400058,,100,75,https://www.propi.in/search/properties,2026-06-26,2026-06-26,Active
374,a1be5a1270126899,HDIL Metropolis,,Andheri West,Western Suburbs Mid,19.1172495,72.833968,400058,HDIL,100,90,https://www.propi.in/search/properties,2026-06-26,2026-06-26,Active
375,39c55e885851972a,Harsha Apartments,,Andheri West,Western Suburbs Mid,19.1172495,72.833968,400058,,100,75,https://www.propi.in/search/properties,2026-06-26,2026-06-26,Active
376,d505e0777ba1c840,Harshvardhan,,Andheri West,Western Suburbs Mid,19.1172495,72.833968,400058,,100,75,https://www.propi.in/search/properties,2026-06-26,2026-06-26,Active
377,0e1cb51d6e197d8c,Heritage CHS,,Andheri West,Western Suburbs Mid,19.1172495,72.833968,400058,,100,75,https://www.propi.in/search/properties,2026-06-26,2026-06-26,Active
378,bc7c426bdca33805,Hibiscus Apartment,Hibiscus Apt,Andheri West,Western Suburbs Mid,19.1172495,72.833968,400058,,100,85,https://www.propi.in/search/properties,2026-06-26,2026-06-26,Active
379,399ee95ec716db36,Highland Park,,Andheri West,Western Suburbs Mid,19.1172495,72.833968,400058,,100,75,https://www.propi.in/search/properties,2026-06-26,2026-06-26,Active
380,2dc167dac12f6811,Holar Samaj Chs,,Andheri West,Western Suburbs Mid,19.1172495,72.833968,400058,,100,75,https://www.propi.in/search/properties,2026-06-26,2026-06-26,Active
381,23ac015bf0a065a9,Home Court,,Andheri West,Western Suburbs Mid,19.1172495,72.833968,400058,,100,75,https://www.propi.in/search/properties,2026-06-26,2026-06-26,Active
382,1308fdf568d1750b,Horizon Heights,,Andheri West,Western Suburbs Mid,19.1172495,72.833968,400058,,100,75,https://www.propi.in/search/properties,2026-06-26,2026-06-26,Active
383,5168fe6c929e7ef1,Horizon View,,Andheri West,Western Suburbs Mid,19.1172495,72.833968,400058,,100,75,https://www.propi.in/search/properties,2026-06-26,2026-06-26,Active
384,b71cf3d0a3f58298,Hubtown Premier,Hubtown Premiere | Hubtown Premiere Residences | Hubtown Premiere Residence,Andheri West,Western Suburbs Mid,19.1172495,72.833968,400058,Hubtown,100,100,https://www.propi.in/search/properties,2026-06-26,2026-06-26,Active
385,27f9ba4e20a0252b,Ideal Apartments,,Andheri West,Western Suburbs Mid,19.1172495,72.833968,400058,,100,75,https://www.propi.in/search/properties,2026-06-26,2026-06-26,Active
386,7eae9fd0ee034d76,Indra Darshan,Indradarshan,Andheri West,Western Suburbs Mid,19.1172495,72.833968,400058,,100,85,https://www.propi.in/search/properties,2026-06-26,2026-06-26,Active
387,67c0766cb67bb087,Indralok,,Andheri West,Western Suburbs Mid,19.1172495,72.833968,400058,,100,75,https://www.propi.in/search/properties,2026-06-26,2026-06-26,Active
388,c8d4aa9f4a65e2ef,Indus Society,,Andheri West,Western Suburbs Mid,19.1172495,72.833968,400058,,100,75,https://www.propi.in/search/properties,2026-06-26,2026-06-26,Active
389,744b15b7c718dc74,Infinia Grand,Infinia Grande,Andheri West,Western Suburbs Mid,19.1172495,72.833968,400058,,100,85,https://www.propi.in/search/properties,2026-06-26,2026-06-26,Active
390,a6b85568550ca04e,Integrated Kavya,,Andheri West,Western Suburbs Mid,19.1172495,72.833968,400058,,100,75,https://www.propi.in/search/properties,2026-06-26,2026-06-26,Active
391,33a69a6f90e1b559,J View,,Andheri West,Western Suburbs Mid,19.1172495,72.833968,400058,,100,75,https://www.propi.in/search/properties,2026-06-26,2026-06-26,Active
392,3924b971629fa842,JP Eminence,,Andheri West,Western Suburbs Mid,19.1172495,72.833968,400058,,100,75,https://www.propi.in/search/properties,2026-06-26,2026-06-26,Active
393,4037bd4eabd3140d,Jai Krishna Complex,,Andheri West,Western Suburbs Mid,19.1172495,72.833968,400058,,100,75,https://www.propi.in/search/properties,2026-06-26,2026-06-26,Active
394,522478bb2f257156,Jainam Elysium,,Andheri West,Western Suburbs Mid,19.1172495,72.833968,400058,,100,75,https://www.propi.in/search/properties,2026-06-26,2026-06-26,Active
395,045d704b0971114b,Janakdeep Apartment,,Andheri West,Western Suburbs Mid,19.1172495,72.833968,400058,,100,75,https://www.propi.in/search/properties,2026-06-26,2026-06-26,Active
396,793d711cf7abe2e4,Janaki Centre,Janki Centre,Andheri West,Western Suburbs Mid,19.1172495,72.833968,400058,,100,85,https://www.propi.in/search/properties,2026-06-26,2026-06-26,Active
397,57fd4c15bb10dc4d,Jawaharban CHS,,Andheri West,Western Suburbs Mid,19.1172495,72.833968,400058,,100,75,https://www.propi.in/search/properties,2026-06-26,2026-06-26,Active
398,7cbc32eb6f607079,Jeevan Kanchan,,Andheri West,Western Suburbs Mid,19.1172495,72.833968,400058,,100,75,https://www.propi.in/search/properties,2026-06-26,2026-06-26,Active
399,4280bfc21d7c6b20,Jeevan Saathi Apartment,,Andheri West,Western Suburbs Mid,19.1172495,72.833968,400058,,100,75,https://www.propi.in/search/properties,2026-06-26,2026-06-26,Active
400,dc29cbdfdc1274e4,Jiten Chs,,Andheri West,Western Suburbs Mid,19.1172495,72.833968,400058,,100,75,https://www.propi.in/search/properties,2026-06-26,2026-06-26,Active
401,5acac68c3c4d2f9f,Juhu Abhishek,,Andheri West,Western Suburbs Mid,19.1172495,72.833968,400058,,100,75,https://www.propi.in/search/properties,2026-06-26,2026-06-26,Active
402,26765634bfd9d50b,Juhu Darshan,,Andheri West,Western Suburbs Mid,19.1172495,72.833968,400058,,100,75,https://www.propi.in/search/properties,2026-06-26,2026-06-26,Active
403,f111f58a990b473c,Juhu Gulmohar,,Andheri West,Western Suburbs Mid,19.1172495,72.833968,400058,,100,75,https://www.propi.in/search/properties,2026-06-26,2026-06-26,Active
404,645a1b51cde55234,Juhu Omkar,,Andheri West,Western Suburbs Mid,19.1172495,72.833968,400058,Omkar Realtors,100,90,https://www.propi.in/search/properties,2026-06-26,2026-06-26,Active
405,198c931b6dd1433a,Jyoti tower,,Andheri West,Western Suburbs Mid,19.1172495,72.833968,400058,,100,75,https://www.propi.in/search/properties,2026-06-26,2026-06-26,Active
406,6d9efd3f0cc8ac0b,Kabra Metro One,,Andheri West,Western Suburbs Mid,19.1172495,72.833968,400058,,100,75,https://www.propi.in/search/properties,2026-06-26,2026-06-26,Active
407,ea4f370c5d3ccb3e,Kabra Paradise,,Andheri West,Western Suburbs Mid,19.1172495,72.833968,400058,,100,75,https://www.propi.in/search/properties,2026-06-26,2026-06-26,Active
408,922c35fcc028ccee,Kadambari,,Andheri West,Western Suburbs Mid,19.1172495,72.833968,400058,,100,75,https://www.propi.in/search/properties,2026-06-26,2026-06-26,Active
409,0ef4898c2fe9b8a3,Kailash Plaza,,Andheri West,Western Suburbs Mid,19.1172495,72.833968,400058,,100,75,https://www.propi.in/search/properties,2026-06-26,2026-06-26,Active
410,b4e47f868b6bd28e,Kalyan Complex,,Andheri West,Western Suburbs Mid,19.1172495,72.833968,400058,,100,75,https://www.propi.in/search/properties,2026-06-26,2026-06-26,Active
411,75877952540361fc,Kamal Apartment,,Andheri West,Western Suburbs Mid,19.1172495,72.833968,400058,,100,75,https://www.propi.in/search/properties,2026-06-26,2026-06-26,Active
412,9d0dd985511a1fb6,Kamaldutt,,Andheri West,Western Suburbs Mid,19.1172495,72.833968,400058,,100,75,https://www.propi.in/search/properties,2026-06-26,2026-06-26,Active
413,a99f855b848676f1,Kamdhenu,,Andheri West,Western Suburbs Mid,19.1172495,72.833968,400058,,100,75,https://www.propi.in/search/properties,2026-06-26,2026-06-26,Active
414,733ce0e9d80b87df,Kamla Hub,,Andheri West,Western Suburbs Mid,19.1172495,72.833968,400058,,100,75,https://www.propi.in/search/properties,2026-06-26,2026-06-26,Active
415,46e3974305644994,Kanakia Hollywood,,Andheri West,Western Suburbs Mid,19.1172495,72.833968,400058,Kanakia Group,100,90,https://www.propi.in/search/properties,2026-06-26,2026-06-26,Active
416,9980187a28363113,Kanchanganga,Kanchanganga Building,Andheri West,Western Suburbs Mid,19.1172495,72.833968,400058,,100,85,https://www.propi.in/search/properties,2026-06-26,2026-06-26,Active
417,5537a047694f0352,Kanwal Apartment,,Andheri West,Western Suburbs Mid,19.1172495,72.833968,400058,,100,75,https://www.propi.in/search/properties,2026-06-26,2026-06-26,Active
418,9ac66a7cd08f5421,Karachi Citizens CHS,,Andheri West,Western Suburbs Mid,19.1172495,72.833968,400058,,100,75,https://www.propi.in/search/properties,2026-06-26,2026-06-26,Active
419,7949d562a6672269,Karan Apartment,,Andheri West,Western Suburbs Mid,19.1172495,72.833968,400058,,100,75,https://www.propi.in/search/properties,2026-06-26,2026-06-26,Active
420,747a08362ccd94d7,Kartik Complex,,Andheri West,Western Suburbs Mid,19.1172495,72.833968,400058,,100,75,https://www.propi.in/search/properties,2026-06-26,2026-06-26,Active
421,bd9b62450c12d738,Kaveri CHS,,Andheri West,Western Suburbs Mid,19.1172495,72.833968,400058,,100,75,https://www.propi.in/search/properties,2026-06-26,2026-06-26,Active
422,f282d8da2778d4bf,Kedar Darshan,,Andheri West,Western Suburbs Mid,19.1172495,72.833968,400058,,100,75,https://www.propi.in/search/properties,2026-06-26,2026-06-26,Active
423,9ec2916fb9d4ef63,Kedarnath,,Andheri West,Western Suburbs Mid,19.1172495,72.833968,400058,,100,75,https://www.propi.in/search/properties,2026-06-26,2026-06-26,Active
424,5a5afe5490e0f755,Kia Park,,Andheri West,Western Suburbs Mid,19.1172495,72.833968,400058,,100,75,https://www.propi.in/search/properties,2026-06-26,2026-06-26,Active
425,f31e78f0f752fd10,Kingston Apartment,Kingston,Andheri West,Western Suburbs Mid,19.1172495,72.833968,400058,,100,85,https://www.propi.in/search/properties,2026-06-26,2026-06-26,Active
426,42d78a121fe91a38,Kohinoor,Kohinoor 2,Andheri West,Western Suburbs Mid,19.1172495,72.833968,400058,Kohinoor Group,100,100,https://www.propi.in/search/properties,2026-06-26,2026-06-26,Active
427,453ab381a029881c,Kotia Nirman,,Andheri West,Western Suburbs Mid,19.1172495,72.833968,400058,,100,75,https://www.propi.in/search/properties,2026-06-26,2026-06-26,Active
428,677dff3125fc53b9,Krishna Kaveri,,Andheri West,Western Suburbs Mid,19.1172495,72.833968,400058,,100,75,https://www.propi.in/search/properties,2026-06-26,2026-06-26,Active
429,e5261b899657df4e,Kshitij,,Andheri West,Western Suburbs Mid,19.1172495,72.833968,400058,,100,75,https://www.propi.in/search/properties,2026-06-26,2026-06-26,Active
430,2e8d0fd1f2a84a19,Kuber,,Andheri West,Western Suburbs Mid,19.1172495,72.833968,400058,,100,75,https://www.propi.in/search/properties,2026-06-26,2026-06-26,Active
431,f8c113bb33bb1fee,La Serena,,Andheri West,Western Suburbs Mid,19.1172495,72.833968,400058,,100,75,https://www.propi.in/search/properties,2026-06-26,2026-06-26,Active
432,ed7ae24b7a98525f,Landmark,Landmark,Andheri West,Western Suburbs Mid,19.1172495,72.833968,400058,,100,85,https://www.propi.in/search/properties,2026-06-26,2026-06-26,Active
433,65f67204917f73e7,Lands End,,Andheri West,Western Suburbs Mid,19.1172495,72.833968,400058,,100,75,https://www.propi.in/search/properties,2026-06-26,2026-06-26,Active
434,99c0747072c8b00c,Laram Shopping Centre,,Andheri West,Western Suburbs Mid,19.1172495,72.833968,400058,,100,75,https://www.propi.in/search/properties,2026-06-26,2026-06-26,Active
435,68702ee9902f9c3c,Lashkaria Anurag,,Andheri West,Western Suburbs Mid,19.1172495,72.833968,400058,,100,75,https://www.propi.in/search/properties,2026-06-26,2026-06-26,Active
436,b61d70f88c8f2413,Lashkaria Empress,,Andheri West,Western Suburbs Mid,19.1172495,72.833968,400058,,100,75,https://www.propi.in/search/properties,2026-06-26,2026-06-26,Active
437,4da74897ba656bac,Lashkaria Green Heights,Lashkarya Green Heights,Andheri West,Western Suburbs Mid,19.1172495,72.833968,400058,,100,85,https://www.propi.in/search/properties,2026-06-26,2026-06-26,Active
438,ec47f29a56bf8292,Lashkaria Indrasukh,,Andheri West,Western Suburbs Mid,19.1172495,72.833968,400058,,100,75,https://www.propi.in/search/properties,2026-06-26,2026-06-26,Active
439,eb83642bed87bd9c,Lashkaria Pearl,,Andheri West,Western Suburbs Mid,19.1172495,72.833968,400058,,100,75,https://www.propi.in/search/properties,2026-06-26,2026-06-26,Active
440,65c1769c07bfce8f,Laxmi Business Park,,Andheri West,Western Suburbs Mid,19.1172495,72.833968,400058,,100,75,https://www.propi.in/search/properties,2026-06-26,2026-06-26,Active
441,6416d85c861cb84c,Laxmi Industrial Estate,,Andheri West,Western Suburbs Mid,19.1172495,72.833968,400058,,100,75,https://www.propi.in/search/properties,2026-06-26,2026-06-26,Active
442,1ada97b74fec2eaa,Laxmi Mall,,Andheri West,Western Suburbs Mid,19.1172495,72.833968,400058,,100,75,https://www.propi.in/search/properties,2026-06-26,2026-06-26,Active
443,88eb94af6f549d82,Laxmi Plaza,,Andheri West,Western Suburbs Mid,19.1172495,72.833968,400058,,100,75,https://www.propi.in/search/properties,2026-06-26,2026-06-26,Active
444,0981baca7d32625c,Leela Apartment,,Andheri West,Western Suburbs Mid,19.1172495,72.833968,400058,,100,75,https://www.propi.in/search/properties,2026-06-26,2026-06-26,Active
445,f3f646d3463ad422,Leela Sagar,Leela Sagar CHS,Andheri West,Western Suburbs Mid,19.1172495,72.833968,400058,,100,85,https://www.propi.in/search/properties,2026-06-26,2026-06-26,Active
446,86de2efaae09b3c5,Legend,,Andheri West,Western Suburbs Mid,19.1172495,72.833968,400058,,100,75,https://www.propi.in/search/properties,2026-06-26,2026-06-26,Active
447,67df122c9e8f2371,Lennie Apartment,,Andheri West,Western Suburbs Mid,19.1172495,72.833968,400058,,100,75,https://www.propi.in/search/properties,2026-06-26,2026-06-26,Active
448,282ae72280a38ddd,Level The Residences,,Andheri West,Western Suburbs Mid,19.1172495,72.833968,400058,,100,75,https://www.propi.in/search/properties,2026-06-26,2026-06-26,Active
449,ca0beef715e12589,Lila Apartment,,Andheri West,Western Suburbs Mid,19.1172495,72.833968,400058,,100,75,https://www.propi.in/search/properties,2026-06-26,2026-06-26,Active
450,297e058f795c63c3,Link Plaza,,Andheri West,Western Suburbs Mid,19.1172495,72.833968,400058,,100,75,https://www.propi.in/search/properties,2026-06-26,2026-06-26,Active
451,731cf748a5244b5d,Linkbay Residences,,Andheri West,Western Suburbs Mid,19.1172495,72.833968,400058,,100,75,https://www.propi.in/search/properties,2026-06-26,2026-06-26,Active
452,9cb3bc3f3b6775b8,Lisbon Apartment,,Andheri West,Western Suburbs Mid,19.1172495,72.833968,400058,,100,75,https://www.propi.in/search/properties,2026-06-26,2026-06-26,Active
453,f96536a700e5b8dd,Little Master,,Andheri West,Western Suburbs Mid,19.1172495,72.833968,400058,,100,75,https://www.propi.in/search/properties,2026-06-26,2026-06-26,Active
454,42abdf9bf3669127,Located In Industrial Estate,,Andheri West,Western Suburbs Mid,19.1172495,72.833968,400058,,100,75,https://www.propi.in/search/properties,2026-06-26,2026-06-26,Active
455,8620dc6921c192f2,Lodha Cullinan,,Andheri West,Western Suburbs Mid,19.1172495,72.833968,400058,Lodha Group,100,90,https://www.propi.in/search/properties,2026-06-26,2026-06-26,Active
456,963277e45aff9c01,Lotus Arc One,,Andheri West,Western Suburbs Mid,19.1172495,72.833968,400058,,100,75,https://www.propi.in/search/properties,2026-06-26,2026-06-26,Active
457,fe65e95292d2d62e,Lotus Aurus,,Andheri West,Western Suburbs Mid,19.1172495,72.833968,400058,,100,75,https://www.propi.in/search/properties,2026-06-26,2026-06-26,Active
458,22e01ed6827cd20d,Lotus Business Park,,Andheri West,Western Suburbs Mid,19.1172495,72.833968,400058,,100,75,https://www.propi.in/search/properties,2026-06-26,2026-06-26,Active
459,86a33eedf2dd2203,Lotus Grandeur,,Andheri West,Western Suburbs Mid,19.1172495,72.833968,400058,,100,75,https://www.propi.in/search/properties,2026-06-26,2026-06-26,Active
460,27853da78c703ad1,Lotus Link Square,,Andheri West,Western Suburbs Mid,19.1172495,72.833968,400058,,100,75,https://www.propi.in/search/properties,2026-06-26,2026-06-26,Active
461,d39d2f55267e4df2,Lotus Signature,,Andheri West,Western Suburbs Mid,19.1172495,72.833968,400058,,100,75,https://www.propi.in/search/properties,2026-06-26,2026-06-26,Active
462,07c30209c26e37be,Lotus Trade Centre,,Andheri West,Western Suburbs Mid,19.1172495,72.833968,400058,,100,75,https://www.propi.in/search/properties,2026-06-26,2026-06-26,Active
463,ae0d1d00c9e887f5,Lotus Unity,,Andheri West,Western Suburbs Mid,19.1172495,72.833968,400058,,100,75,https://www.propi.in/search/properties,2026-06-26,2026-06-26,Active
464,3f67e18b29b4ce93,Luxmi Business Park,,Andheri West,Western Suburbs Mid,19.1172495,72.833968,400058,,100,75,https://www.propi.in/search/properties,2026-06-26,2026-06-26,Active
465,d6ebd0b6e0066f44,MDM Maestro,,Andheri West,Western Suburbs Mid,19.1172495,72.833968,400058,,100,75,https://www.propi.in/search/properties,2026-06-26,2026-06-26,Active
466,05ee6b0f7a3fa2c1,MK Gracia,,Andheri West,Western Suburbs Mid,19.1172495,72.833968,400058,,100,75,https://www.propi.in/search/properties,2026-06-26,2026-06-26,Active
467,a8e137799f2892e5,Madhuban Tower,Madhuban Tower,Andheri West,Western Suburbs Mid,19.1172495,72.833968,400058,,100,85,https://www.propi.in/search/properties,2026-06-26,2026-06-26,Active
468,a30d4dff813f3716,Madhuvan,Madhuvan Tower,Andheri West,Western Suburbs Mid,19.1172495,72.833968,400058,,100,85,https://www.propi.in/search/properties,2026-06-26,2026-06-26,Active
469,f130ad6b8d70ce69,Magnum Opus,,Andheri West,Western Suburbs Mid,19.1172495,72.833968,400058,,100,75,https://www.propi.in/search/properties,2026-06-26,2026-06-26,Active
470,c1328573c274abea,Magnum Tower,,Andheri West,Western Suburbs Mid,19.1172495,72.833968,400058,,100,75,https://www.propi.in/search/properties,2026-06-26,2026-06-26,Active
471,7165468ab75e839a,Mahalaxmi Tower,Mahalaxmi Tower,Andheri West,Western Suburbs Mid,19.1172495,72.833968,400058,,100,85,https://www.propi.in/search/properties,2026-06-26,2026-06-26,Active
472,5053513f4e9c05d5,Maharaja Surajmal,,Andheri West,Western Suburbs Mid,19.1172495,72.833968,400058,,100,75,https://www.propi.in/search/properties,2026-06-26,2026-06-26,Active
473,4cab26d71f74077b,Makskap Centre,,Andheri West,Western Suburbs Mid,19.1172495,72.833968,400058,,100,75,https://www.propi.in/search/properties,2026-06-26,2026-06-26,Active
474,71fc708c9572399a,Mangal Geeta,,Andheri West,Western Suburbs Mid,19.1172495,72.833968,400058,,100,75,https://www.propi.in/search/properties,2026-06-26,2026-06-26,Active
475,c050eaf60a5d5e56,Manik Moti,,Andheri West,Western Suburbs Mid,19.1172495,72.833968,400058,,100,75,https://www.propi.in/search/properties,2026-06-26,2026-06-26,Active
476,fdd279d99009e768,Manish Sunflower,,Andheri West,Western Suburbs Mid,19.1172495,72.833968,400058,,100,75,https://www.propi.in/search/properties,2026-06-26,2026-06-26,Active
477,a5b3a33f0f7e9919,Manish Tower,,Andheri West,Western Suburbs Mid,19.1172495,72.833968,400058,,100,75,https://www.propi.in/search/properties,2026-06-26,2026-06-26,Active
478,7a2cd1a025fc9568,Manju Tower,Manju Tower,Andheri West,Western Suburbs Mid,19.1172495,72.833968,400058,,100,85,https://www.propi.in/search/properties,2026-06-26,2026-06-26,Active
479,33eb8095744479b6,Mantri Our Home,,Andheri West,Western Suburbs Mid,19.1172495,72.833968,400058,Mantri Developers,100,90,https://www.propi.in/search/properties,2026-06-26,2026-06-26,Active
480,5ee7b31ef6f7eb6c,Marble Arch,,Andheri West,Western Suburbs Mid,19.1172495,72.833968,400058,,100,75,https://www.propi.in/search/properties,2026-06-26,2026-06-26,Active
481,eef0492110ca2cdc,Maruti Business Park,,Andheri West,Western Suburbs Mid,19.1172495,72.833968,400058,,100,75,https://www.propi.in/search/properties,2026-06-26,2026-06-26,Active
482,a05a866f4582725c,Mary Ellen,,Andheri West,Western Suburbs Mid,19.1172495,72.833968,400058,,100,75,https://www.propi.in/search/properties,2026-06-26,2026-06-26,Active
483,d20a0e5786b19440,Mayfair Akshay,,Andheri West,Western Suburbs Mid,19.1172495,72.833968,400058,,100,75,https://www.propi.in/search/properties,2026-06-26,2026-06-26,Active
484,119d93eb949c1a9b,Mayfair Apartments,,Andheri West,Western Suburbs Mid,19.1172495,72.833968,400058,,100,75,https://www.propi.in/search/properties,2026-06-26,2026-06-26,Active
485,94f2e70635381edb,Mayfair Breeze,,Andheri West,Western Suburbs Mid,19.1172495,72.833968,400058,,100,75,https://www.propi.in/search/properties,2026-06-26,2026-06-26,Active
486,cf4c98e54234b163,Mayfair Gardens,,Andheri West,Western Suburbs Mid,19.1172495,72.833968,400058,,100,75,https://www.propi.in/search/properties,2026-06-26,2026-06-26,Active
487,c88d93152be74e17,Mayfair Meridian,,Andheri West,Western Suburbs Mid,19.1172495,72.833968,400058,,100,75,https://www.propi.in/search/properties,2026-06-26,2026-06-26,Active
488,9fec4c9fc994770a,Mazdock Apartment,,Andheri West,Western Suburbs Mid,19.1172495,72.833968,400058,,100,75,https://www.propi.in/search/properties,2026-06-26,2026-06-26,Active
489,1308dbafeed1204e,Meera,Meera Tower,Andheri West,Western Suburbs Mid,19.1172495,72.833968,400058,,100,85,https://www.propi.in/search/properties,2026-06-26,2026-06-26,Active
490,a216add9bcc29847,Meghdoot,Meghdoot Tower,Andheri West,Western Suburbs Mid,19.1172495,72.833968,400058,,100,85,https://www.propi.in/search/properties,2026-06-26,2026-06-26,Active
491,538ad4415deb3247,Mesacon Nest,,Andheri West,Western Suburbs Mid,19.1172495,72.833968,400058,,100,75,https://www.propi.in/search/properties,2026-06-26,2026-06-26,Active
492,2b71c61b81740c4f,Milap CHS,,Andheri West,Western Suburbs Mid,19.1172495,72.833968,400058,,100,75,https://www.propi.in/search/properties,2026-06-26,2026-06-26,Active
493,5f8e29ffe39d2402,Millenium Court,Millennium Court,Andheri West,Western Suburbs Mid,19.1172495,72.833968,400058,,100,85,https://www.propi.in/search/properties,2026-06-26,2026-06-26,Active
494,27aa2c0e595aa65b,Millionaire Heritage,,Andheri West,Western Suburbs Mid,19.1172495,72.833968,400058,,100,75,https://www.propi.in/search/properties,2026-06-26,2026-06-26,Active
495,aad35cb5a4f23e70,Minoo Minar,,Andheri West,Western Suburbs Mid,19.1172495,72.833968,400058,,100,75,https://www.propi.in/search/properties,2026-06-26,2026-06-26,Active
496,3c25f6c4a3599e79,Mittal Commercial Premises,,Andheri West,Western Suburbs Mid,19.1172495,72.833968,400058,,100,75,https://www.propi.in/search/properties,2026-06-26,2026-06-26,Active
497,17386e11f84f5dd7,Mittal Cove,,Andheri West,Western Suburbs Mid,19.1172495,72.833968,400058,,100,75,https://www.propi.in/search/properties,2026-06-26,2026-06-26,Active
498,d382e407d083a773,Modi House,,Andheri West,Western Suburbs Mid,19.1172495,72.833968,400058,,100,75,https://www.propi.in/search/properties,2026-06-26,2026-06-26,Active
499,8cf0538c6f3be0e7,Mohid Heights,,Andheri West,Western Suburbs Mid,19.1172495,72.833968,400058,,100,75,https://www.propi.in/search/properties,2026-06-26,2026-06-26,Active
500,517e007a2e80fa5d,Mona Apartment,,Andheri West,Western Suburbs Mid,19.1172495,72.833968,400058,,100,75,https://www.propi.in/search/properties,2026-06-26,2026-06-26,Active
501,49f590bcee75c2f7,Monika Apartment,,Andheri West,Western Suburbs Mid,19.1172495,72.833968,400058,,100,75,https://www.propi.in/search/properties,2026-06-26,2026-06-26,Active
502,2df40e19f1269f0a,Monisha,Monisha Tower,Andheri West,Western Suburbs Mid,19.1172495,72.833968,400058,,100,85,https://www.propi.in/search/properties,2026-06-26,2026-06-26,Active
503,0f6ad2ee76bb4423,Montreal Tower,,Andheri West,Western Suburbs Mid,19.1172495,72.833968,400058,,100,75,https://www.propi.in/search/properties,2026-06-26,2026-06-26,Active
504,e126d7b273c5938e,Morya Blue Moon,,Andheri West,Western Suburbs Mid,19.1172495,72.833968,400058,,100,75,https://www.propi.in/search/properties,2026-06-26,2026-06-26,Active
505,2dd56b0286cc88b7,Morya Classic,,Andheri West,Western Suburbs Mid,19.1172495,72.833968,400058,,100,75,https://www.propi.in/search/properties,2026-06-26,2026-06-26,Active
506,82a3063423307b7d,Morya Estate,,Andheri West,Western Suburbs Mid,19.1172495,72.833968,400058,,100,75,https://www.propi.in/search/properties,2026-06-26,2026-06-26,Active
507,6d74181aaa0819aa,Morya Grand,,Andheri West,Western Suburbs Mid,19.1172495,72.833968,400058,,100,75,https://www.propi.in/search/properties,2026-06-26,2026-06-26,Active
508,e3487e9e9e9fe10d,Morya House,,Andheri West,Western Suburbs Mid,19.1172495,72.833968,400058,,100,75,https://www.propi.in/search/properties,2026-06-26,2026-06-26,Active
509,11a06a889702a558,Morya Landmark,,Andheri West,Western Suburbs Mid,19.1172495,72.833968,400058,,100,75,https://www.propi.in/search/properties,2026-06-26,2026-06-26,Active
510,13daa6a7ab562387,Morya Landmark I,Morya Landmark II,Andheri West,Western Suburbs Mid,19.1172495,72.833968,400058,,100,85,https://www.propi.in/search/properties,2026-06-26,2026-06-26,Active
511,6abf3fa743eea0a6,Mota Mansion,,Andheri West,Western Suburbs Mid,19.1172495,72.833968,400058,,100,75,https://www.propi.in/search/properties,2026-06-26,2026-06-26,Active
512,a144dae97cd3235b,Movie Tower,,Andheri West,Western Suburbs Mid,19.1172495,72.833968,400058,,100,75,https://www.propi.in/search/properties,2026-06-26,2026-06-26,Active
513,46dac6a74aec77c0,NG Eclat,,Andheri West,Western Suburbs Mid,19.1172495,72.833968,400058,,100,75,https://www.propi.in/search/properties,2026-06-26,2026-06-26,Active
514,e7941462305ec30b,Nalanda,,Andheri West,Western Suburbs Mid,19.1172495,72.833968,400058,,100,75,https://www.propi.in/search/properties,2026-06-26,2026-06-26,Active
515,0235cb5e69fae1ad,Naman Habitat,,Andheri West,Western Suburbs Mid,19.1172495,72.833968,400058,Naman Group,100,90,https://www.propi.in/search/properties,2026-06-26,2026-06-26,Active
516,3df03935bd03df6a,Nanak Chambers,,Andheri West,Western Suburbs Mid,19.1172495,72.833968,400058,,100,75,https://www.propi.in/search/properties,2026-06-26,2026-06-26,Active
517,ffa9f4c7e13d71dc,Natasha Tower,,Andheri West,Western Suburbs Mid,19.1172495,72.833968,400058,,100,75,https://www.propi.in/search/properties,2026-06-26,2026-06-26,Active
518,396f79ea2b3002b7,Neelam Chs,,Andheri West,Western Suburbs Mid,19.1172495,72.833968,400058,,100,75,https://www.propi.in/search/properties,2026-06-26,2026-06-26,Active
519,99745d77406f9557,Neelgagan Society,,Andheri West,Western Suburbs Mid,19.1172495,72.833968,400058,,100,75,https://www.propi.in/search/properties,2026-06-26,2026-06-26,Active
520,dd5b22f1318c279a,Neelganga Apartment,,Andheri West,Western Suburbs Mid,19.1172495,72.833968,400058,,100,75,https://www.propi.in/search/properties,2026-06-26,2026-06-26,Active
521,43b5450a233d462d,Neminath Avenue,,Andheri West,Western Suburbs Mid,19.1172495,72.833968,400058,,100,75,https://www.propi.in/search/properties,2026-06-26,2026-06-26,Active
522,dda289d1278db807,Neminath Imperia,,Andheri West,Western Suburbs Mid,19.1172495,72.833968,400058,,100,75,https://www.propi.in/search/properties,2026-06-26,2026-06-26,Active
523,4010e983171e368c,Neminath Luxeria,,Andheri West,Western Suburbs Mid,19.1172495,72.833968,400058,,100,75,https://www.propi.in/search/properties,2026-06-26,2026-06-26,Active
524,560213a764b1e302,Neminath Ocean View,,Andheri West,Western Suburbs Mid,19.1172495,72.833968,400058,,100,75,https://www.propi.in/search/properties,2026-06-26,2026-06-26,Active
525,7a287e68f40b07ed,Neptune Apartment,Neptune Chs | Neptune Apartments,Andheri West,Western Suburbs Mid,19.1172495,72.833968,400058,Neptune Group,100,100,https://www.propi.in/search/properties,2026-06-26,2026-06-26,Active
526,2327fea9ad1ca6a8,New Ambivali CHS,,Andheri West,Western Suburbs Mid,19.1172495,72.833968,400058,,100,75,https://www.propi.in/search/properties,2026-06-26,2026-06-26,Active
527,0ac8015c45f5c447,New Chandra,New Chandra CHS,Andheri West,Western Suburbs Mid,19.1172495,72.833968,400058,,100,85,https://www.propi.in/search/properties,2026-06-26,2026-06-26,Active
528,eb0b6ab686dbe12c,New Heritage,,Andheri West,Western Suburbs Mid,19.1172495,72.833968,400058,,100,75,https://www.propi.in/search/properties,2026-06-26,2026-06-26,Active
529,4101de25a4481467,New Link Palace,,Andheri West,Western Suburbs Mid,19.1172495,72.833968,400058,,100,75,https://www.propi.in/search/properties,2026-06-26,2026-06-26,Active
530,4862368fb248f967,New Mahada,,Andheri West,Western Suburbs Mid,19.1172495,72.833968,400058,,100,75,https://www.propi.in/search/properties,2026-06-26,2026-06-26,Active
531,1d203f718b545a61,New Mhada,,Andheri West,Western Suburbs Mid,19.1172495,72.833968,400058,,100,75,https://www.propi.in/search/properties,2026-06-26,2026-06-26,Active
532,4826b5e9be918d3d,New Neelam Apartments,,Andheri West,Western Suburbs Mid,19.1172495,72.833968,400058,,100,75,https://www.propi.in/search/properties,2026-06-26,2026-06-26,Active
533,636ea9afc1079f90,New Parijat,,Andheri West,Western Suburbs Mid,19.1172495,72.833968,400058,,100,75,https://www.propi.in/search/properties,2026-06-26,2026-06-26,Active
534,d4f61451e2caa560,Nutan Abhishek,,Andheri West,Western Suburbs Mid,19.1172495,72.833968,400058,,100,75,https://www.propi.in/search/properties,2026-06-26,2026-06-26,Active
535,4a290207b3bd57ce,Oakland Park,,Andheri West,Western Suburbs Mid,19.1172495,72.833968,400058,,100,75,https://www.propi.in/search/properties,2026-06-26,2026-06-26,Active
536,120236988d3d6816,Oberoi Chambers,,Andheri West,Western Suburbs Mid,19.1172495,72.833968,400058,Oberoi Realty,100,90,https://www.propi.in/search/properties,2026-06-26,2026-06-26,Active
537,0f2ec3492e532969,Oberoi Sky Garden,,Andheri West,Western Suburbs Mid,19.1172495,72.833968,400058,Oberoi Realty,100,90,https://www.propi.in/search/properties,2026-06-26,2026-06-26,Active
538,cb56a19e3fdbe51b,Oberoi Sky Heights,Oberoi Skyheights,Andheri West,Western Suburbs Mid,19.1172495,72.833968,400058,Oberoi Realty,100,100,https://www.propi.in/search/properties,2026-06-26,2026-06-26,Active
539,7b357c88e1c6a91d,Oberoi Spring,Oberoi Springs,Andheri West,Western Suburbs Mid,19.1172495,72.833968,400058,Oberoi Realty,100,100,https://www.propi.in/search/properties,2026-06-26,2026-06-26,Active
540,94cfd00e448e6bab,Oceanic,,Andheri West,Western Suburbs Mid,19.1172495,72.833968,400058,,100,75,https://www.propi.in/search/properties,2026-06-26,2026-06-26,Active
541,0faa274fc7b25463,Olympic Tower,Olympic Tower,Andheri West,Western Suburbs Mid,19.1172495,72.833968,400058,,100,85,https://www.propi.in/search/properties,2026-06-26,2026-06-26,Active
542,d8b93a7748cf00c9,Om Apartment,,Andheri West,Western Suburbs Mid,19.1172495,72.833968,400058,,100,75,https://www.propi.in/search/properties,2026-06-26,2026-06-26,Active
543,e32fc081f12fc9a2,Om Sai,,Andheri West,Western Suburbs Mid,19.1172495,72.833968,400058,,100,75,https://www.propi.in/search/properties,2026-06-26,2026-06-26,Active
544,68a0f41269906d0e,Omkar CHS,,Andheri West,Western Suburbs Mid,19.1172495,72.833968,400058,Omkar Realtors,100,90,https://www.propi.in/search/properties,2026-06-26,2026-06-26,Active
545,fc89a0766408ef0f,Orchid Residences,,Andheri West,Western Suburbs Mid,19.1172495,72.833968,400058,,100,75,https://www.propi.in/search/properties,2026-06-26,2026-06-26,Active
546,b5f824429e85af42,Orchid Tower,,Andheri West,Western Suburbs Mid,19.1172495,72.833968,400058,,100,75,https://www.propi.in/search/properties,2026-06-26,2026-06-26,Active
547,6c0c702ded4d3b73,Oxford Tower,,Andheri West,Western Suburbs Mid,19.1172495,72.833968,400058,,100,75,https://www.propi.in/search/properties,2026-06-26,2026-06-26,Active
548,4684688d00c5af30,Padmaja Apartments,,Andheri West,Western Suburbs Mid,19.1172495,72.833968,400058,,100,75,https://www.propi.in/search/properties,2026-06-26,2026-06-26,Active
549,c9448ec288bb94dd,Padmavati Apartment,,Andheri West,Western Suburbs Mid,19.1172495,72.833968,400058,,100,75,https://www.propi.in/search/properties,2026-06-26,2026-06-26,Active
550,584aae27c272a303,Palash Tower,Palash Tower,Andheri West,Western Suburbs Mid,19.1172495,72.833968,400058,,100,85,https://www.propi.in/search/properties,2026-06-26,2026-06-26,Active
551,0aebc644ebe14b15,Palm Beach Apartment,,Andheri West,Western Suburbs Mid,19.1172495,72.833968,400058,,100,75,https://www.propi.in/search/properties,2026-06-26,2026-06-26,Active
552,3229a0a315127a11,Panchmukhi,Panchmukhi Building,Andheri West,Western Suburbs Mid,19.1172495,72.833968,400058,,100,85,https://www.propi.in/search/properties,2026-06-26,2026-06-26,Active
553,93db525775d01887,Panchsheel,Panchsheel Apartment | Panchsheel CHS,Andheri West,Western Suburbs Mid,19.1172495,72.833968,400058,,100,85,https://www.propi.in/search/properties,2026-06-26,2026-06-26,Active
554,0a04cc98f03751f5,Panchtantra,,Andheri West,Western Suburbs Mid,19.1172495,72.833968,400058,,100,75,https://www.propi.in/search/properties,2026-06-26,2026-06-26,Active
555,ed256ed394bdfe88,Panorama Tower,,Andheri West,Western Suburbs Mid,19.1172495,72.833968,400058,,100,75,https://www.propi.in/search/properties,2026-06-26,2026-06-26,Active
556,f39b46cc1d223fa1,Paradigm Alaya,,Andheri West,Western Suburbs Mid,19.1172495,72.833968,400058,,100,75,https://www.propi.in/search/properties,2026-06-26,2026-06-26,Active
557,cd3fe00454de639e,Paradigm Antalia,Paradigm Antaliya,Andheri West,Western Suburbs Mid,19.1172495,72.833968,400058,,100,85,https://www.propi.in/search/properties,2026-06-26,2026-06-26,Active
558,ea9a11071a16c8a9,Paradise,,Andheri West,Western Suburbs Mid,19.1172495,72.833968,400058,,100,75,https://www.propi.in/search/properties,2026-06-26,2026-06-26,Active
559,ba14c8abcb27da41,Paras Apartment,,Andheri West,Western Suburbs Mid,19.1172495,72.833968,400058,,100,75,https://www.propi.in/search/properties,2026-06-26,2026-06-26,Active
560,3782ff41d0333edb,Parijat CHS,,Andheri West,Western Suburbs Mid,19.1172495,72.833968,400058,,100,75,https://www.propi.in/search/properties,2026-06-26,2026-06-26,Active
561,ca95b7bd48891e7c,Parinee,,Andheri West,Western Suburbs Mid,19.1172495,72.833968,400058,,100,75,https://www.propi.in/search/properties,2026-06-26,2026-06-26,Active
562,53ad4c856cc4b846,Parinee I,,Andheri West,Western Suburbs Mid,19.1172495,72.833968,400058,,100,75,https://www.propi.in/search/properties,2026-06-26,2026-06-26,Active
563,af65825a1410fd3a,Parinee-I,,Andheri West,Western Suburbs Mid,19.1172495,72.833968,400058,,100,75,https://www.propi.in/search/properties,2026-06-26,2026-06-26,Active
564,5b1b1de5658892ef,Park Altezza,,Andheri West,Western Suburbs Mid,19.1172495,72.833968,400058,,100,75,https://www.propi.in/search/properties,2026-06-26,2026-06-26,Active
565,074a87fee3a3dae3,Park Avenue,,Andheri West,Western Suburbs Mid,19.1172495,72.833968,400058,,100,75,https://www.propi.in/search/properties,2026-06-26,2026-06-26,Active
566,0d43e8d47c1e2751,Park Plaza,,Andheri West,Western Suburbs Mid,19.1172495,72.833968,400058,,100,75,https://www.propi.in/search/properties,2026-06-26,2026-06-26,Active
567,10718bab9bbedef1,Parthenon,,Andheri West,Western Suburbs Mid,19.1172495,72.833968,400058,,100,75,https://www.propi.in/search/properties,2026-06-26,2026-06-26,Active
568,cd3e1b03a3056f13,Patliputra,,Andheri West,Western Suburbs Mid,19.1172495,72.833968,400058,,100,75,https://www.propi.in/search/properties,2026-06-26,2026-06-26,Active
569,a1bf48beecb31291,Payal CHS,,Andheri West,Western Suburbs Mid,19.1172495,72.833968,400058,,100,75,https://www.propi.in/search/properties,2026-06-26,2026-06-26,Active
570,18ebad5e8af630f0,Pearl Apartment,,Andheri West,Western Suburbs Mid,19.1172495,72.833968,400058,,100,75,https://www.propi.in/search/properties,2026-06-26,2026-06-26,Active
571,70cbae2c0453f6c7,Pearl Heights,,Andheri West,Western Suburbs Mid,19.1172495,72.833968,400058,,100,75,https://www.propi.in/search/properties,2026-06-26,2026-06-26,Active
572,9f0c49d8f8ca765e,Pearl Residency,,Andheri West,Western Suburbs Mid,19.1172495,72.833968,400058,,100,75,https://www.propi.in/search/properties,2026-06-26,2026-06-26,Active
573,bd43a678ef5bb39a,Pegasus Tower,,Andheri West,Western Suburbs Mid,19.1172495,72.833968,400058,,100,75,https://www.propi.in/search/properties,2026-06-26,2026-06-26,Active
574,caeaeef154b5c6f4,Peninsula Park,Peninsular Park,Andheri West,Western Suburbs Mid,19.1172495,72.833968,400058,Peninsula Group,100,100,https://www.propi.in/search/properties,2026-06-26,2026-06-26,Active
575,eab65491ccfbbca0,Peninsula Plaza,,Andheri West,Western Suburbs Mid,19.1172495,72.833968,400058,Peninsula Group,100,90,https://www.propi.in/search/properties,2026-06-26,2026-06-26,Active
576,d9ec3834d5b4d94b,Platinium Casa Divine,Platinum Casa Divine,Andheri West,Western Suburbs Mid,19.1172495,72.833968,400058,,100,85,https://www.propi.in/search/properties,2026-06-26,2026-06-26,Active
577,0ec0e90f83d10378,Platinum Casa Millenia,Platinum Casa Millennia,Andheri West,Western Suburbs Mid,19.1172495,72.833968,400058,,100,85,https://www.propi.in/search/properties,2026-06-26,2026-06-26,Active
578,ac740de27ee96b07,Platinum Grandeur,,Andheri West,Western Suburbs Mid,19.1172495,72.833968,400058,,100,75,https://www.propi.in/search/properties,2026-06-26,2026-06-26,Active
579,3948f9b2b790af39,Platinum Heights,,Andheri West,Western Suburbs Mid,19.1172495,72.833968,400058,,100,75,https://www.propi.in/search/properties,2026-06-26,2026-06-26,Active
580,458ac049bce190dc,Platinum Life,,Andheri West,Western Suburbs Mid,19.1172495,72.833968,400058,,100,75,https://www.propi.in/search/properties,2026-06-26,2026-06-26,Active
581,b46e5db1d33ecd34,Platinum Park,,Andheri West,Western Suburbs Mid,19.1172495,72.833968,400058,,100,75,https://www.propi.in/search/properties,2026-06-26,2026-06-26,Active
582,d1ea81cc232970e8,Platinum Pristine,,Andheri West,Western Suburbs Mid,19.1172495,72.833968,400058,,100,75,https://www.propi.in/search/properties,2026-06-26,2026-06-26,Active
583,98dc4e34d260fd0a,Platinum Prive,,Andheri West,Western Suburbs Mid,19.1172495,72.833968,400058,,100,75,https://www.propi.in/search/properties,2026-06-26,2026-06-26,Active
584,c0e39d57923ce4b9,Platinum Tower,Platinum,Andheri West,Western Suburbs Mid,19.1172495,72.833968,400058,,100,85,https://www.propi.in/search/properties,2026-06-26,2026-06-26,Active
585,7c22f09ddf3c98c1,Platinum Tower 1,,Andheri West,Western Suburbs Mid,19.1172495,72.833968,400058,,100,75,https://www.propi.in/search/properties,2026-06-26,2026-06-26,Active
586,eab0e791505472c7,Pooja Shah,,Andheri West,Western Suburbs Mid,19.1172495,72.833968,400058,,100,75,https://www.propi.in/search/properties,2026-06-26,2026-06-26,Active
587,4ccd480641237fb5,Poseidon,,Andheri West,Western Suburbs Mid,19.1172495,72.833968,400058,,100,75,https://www.propi.in/search/properties,2026-06-26,2026-06-26,Active
588,6cdea295956fae96,Pramukh Heights,,Andheri West,Western Suburbs Mid,19.1172495,72.833968,400058,,100,75,https://www.propi.in/search/properties,2026-06-26,2026-06-26,Active
589,5873793bcf6d79af,Pratik,,Andheri West,Western Suburbs Mid,19.1172495,72.833968,400058,,100,75,https://www.propi.in/search/properties,2026-06-26,2026-06-26,Active
590,0a06aeb8f0558fe1,Prem Sagar,,Andheri West,Western Suburbs Mid,19.1172495,72.833968,400058,,100,75,https://www.propi.in/search/properties,2026-06-26,2026-06-26,Active
591,e167c85a7bb94c38,Premium Tower,,Andheri West,Western Suburbs Mid,19.1172495,72.833968,400058,,100,75,https://www.propi.in/search/properties,2026-06-26,2026-06-26,Active
592,8adfdfc1e96f8edb,Prerna,,Andheri West,Western Suburbs Mid,19.1172495,72.833968,400058,,100,75,https://www.propi.in/search/properties,2026-06-26,2026-06-26,Active
593,ed4a4140c124dc41,Prim Rose,Prim Rose Tower,Andheri West,Western Suburbs Mid,19.1172495,72.833968,400058,,100,85,https://www.propi.in/search/properties,2026-06-26,2026-06-26,Active
594,3a786a211ba85c69,Prime Rose,,Andheri West,Western Suburbs Mid,19.1172495,72.833968,400058,,100,75,https://www.propi.in/search/properties,2026-06-26,2026-06-26,Active
595,dee1c89b4b7bc2a7,Primrose Tower,,Andheri West,Western Suburbs Mid,19.1172495,72.833968,400058,,100,75,https://www.propi.in/search/properties,2026-06-26,2026-06-26,Active
596,aa56a4590fc51e86,Purvi,,Andheri West,Western Suburbs Mid,19.1172495,72.833968,400058,,100,75,https://www.propi.in/search/properties,2026-06-26,2026-06-26,Active
597,35e59132a24c3ac3,RNA Arcade,,Andheri West,Western Suburbs Mid,19.1172495,72.833968,400058,,100,75,https://www.propi.in/search/properties,2026-06-26,2026-06-26,Active
598,4f7aa2234b687bfa,RNA NG Eclat,,Andheri West,Western Suburbs Mid,19.1172495,72.833968,400058,,100,75,https://www.propi.in/search/properties,2026-06-26,2026-06-26,Active
599,2569dfec08f74012,RNA Springs,,Andheri West,Western Suburbs Mid,19.1172495,72.833968,400058,,100,75,https://www.propi.in/search/properties,2026-06-26,2026-06-26,Active
600,f0d852d035f443b7,Raheja Classic,,Andheri West,Western Suburbs Mid,19.1172495,72.833968,400058,K. Raheja Group,100,90,https://www.propi.in/search/properties,2026-06-26,2026-06-26,Active
601,c49e0ea8bf47230e,Raheja Classique,Raheja Classique,Andheri West,Western Suburbs Mid,19.1172495,72.833968,400058,K. Raheja Group,100,100,https://www.propi.in/search/properties,2026-06-26,2026-06-26,Active
602,5453e044b7ea33de,Raheja Crest,,Andheri West,Western Suburbs Mid,19.1172495,72.833968,400058,K. Raheja Group,100,90,https://www.propi.in/search/properties,2026-06-26,2026-06-26,Active
603,ca2e7a955fb66cd7,Raheja Plaza,,Andheri West,Western Suburbs Mid,19.1172495,72.833968,400058,K. Raheja Group,100,90,https://www.propi.in/search/properties,2026-06-26,2026-06-26,Active
604,70cb9b13b093da16,Raheja Windermere,,Andheri West,Western Suburbs Mid,19.1172495,72.833968,400058,K. Raheja Group,100,90,https://www.propi.in/search/properties,2026-06-26,2026-06-26,Active
605,0e9885f269f46176,Raj Classic,,Andheri West,Western Suburbs Mid,19.1172495,72.833968,400058,,100,75,https://www.propi.in/search/properties,2026-06-26,2026-06-26,Active
606,8731a4a334b960eb,Raj Kamal Apartment,Raj Kamal CHS,Andheri West,Western Suburbs Mid,19.1172495,72.833968,400058,,100,85,https://www.propi.in/search/properties,2026-06-26,2026-06-26,Active
607,8f92e6442f93032a,Raj Mahal,,Andheri West,Western Suburbs Mid,19.1172495,72.833968,400058,,100,75,https://www.propi.in/search/properties,2026-06-26,2026-06-26,Active
608,1c84b17a6931b99d,Rajdoot CHS,,Andheri West,Western Suburbs Mid,19.1172495,72.833968,400058,,100,75,https://www.propi.in/search/properties,2026-06-26,2026-06-26,Active
609,92761e8a8bd11b59,Rajveer Apartments,,Andheri West,Western Suburbs Mid,19.1172495,72.833968,400058,,100,75,https://www.propi.in/search/properties,2026-06-26,2026-06-26,Active
610,ffadd7099df4e559,Range Heights,,Andheri West,Western Suburbs Mid,19.1172495,72.833968,400058,,100,75,https://www.propi.in/search/properties,2026-06-26,2026-06-26,Active
611,3774f40242346e6b,Ratna Sindhu CHS,,Andheri West,Western Suburbs Mid,19.1172495,72.833968,400058,,100,75,https://www.propi.in/search/properties,2026-06-26,2026-06-26,Active
612,16b0a5a4376bbb90,Ratnagar Chs,,Andheri West,Western Suburbs Mid,19.1172495,72.833968,400058,,100,75,https://www.propi.in/search/properties,2026-06-26,2026-06-26,Active
613,07ee0bf97f549578,Ratnakar CHS,,Andheri West,Western Suburbs Mid,19.1172495,72.833968,400058,,100,75,https://www.propi.in/search/properties,2026-06-26,2026-06-26,Active
614,86f3a3299e797eca,Raval Tower,,Andheri West,Western Suburbs Mid,19.1172495,72.833968,400058,,100,75,https://www.propi.in/search/properties,2026-06-26,2026-06-26,Active
615,b729f659f783a759,Ravi Kiran CHS,,Andheri West,Western Suburbs Mid,19.1172495,72.833968,400058,,100,75,https://www.propi.in/search/properties,2026-06-26,2026-06-26,Active
616,93a4b773cc666902,Red Rose,,Andheri West,Western Suburbs Mid,19.1172495,72.833968,400058,,100,75,https://www.propi.in/search/properties,2026-06-26,2026-06-26,Active
617,1b0a29c98ad79535,Reliable Business Center,,Andheri West,Western Suburbs Mid,19.1172495,72.833968,400058,,100,75,https://www.propi.in/search/properties,2026-06-26,2026-06-26,Active
618,32b02e318124701d,Remi Biz Court,Remi Bizcourt,Andheri West,Western Suburbs Mid,19.1172495,72.833968,400058,Remi Group,100,100,https://www.propi.in/search/properties,2026-06-26,2026-06-26,Active
619,1d71284548a01576,Remi Commerco,,Andheri West,Western Suburbs Mid,19.1172495,72.833968,400058,Remi Group,100,90,https://www.propi.in/search/properties,2026-06-26,2026-06-26,Active
620,3b022e6e61c9ed04,Residency CHS,,Andheri West,Western Suburbs Mid,19.1172495,72.833968,400058,,100,75,https://www.propi.in/search/properties,2026-06-26,2026-06-26,Active
621,33ce11c81ce0c044,Rich Living,,Andheri West,Western Suburbs Mid,19.1172495,72.833968,400058,,100,75,https://www.propi.in/search/properties,2026-06-26,2026-06-26,Active
622,7a8e042e3d67b578,Richa,,Andheri West,Western Suburbs Mid,19.1172495,72.833968,400058,,100,75,https://www.propi.in/search/properties,2026-06-26,2026-06-26,Active
623,b69544ef4bd525e4,Richmond CHS,,Andheri West,Western Suburbs Mid,19.1172495,72.833968,400058,,100,75,https://www.propi.in/search/properties,2026-06-26,2026-06-26,Active
624,b7ae06ae33166e8d,Ridhi Siddhi Vridhi,,Andheri West,Western Suburbs Mid,19.1172495,72.833968,400058,,100,75,https://www.propi.in/search/properties,2026-06-26,2026-06-26,Active
625,ec989daf9684ed6d,Rishabh Tower,,Andheri West,Western Suburbs Mid,19.1172495,72.833968,400058,,100,75,https://www.propi.in/search/properties,2026-06-26,2026-06-26,Active
626,90bd1865711f1ace,Riya Palace,,Andheri West,Western Suburbs Mid,19.1172495,72.833968,400058,,100,75,https://www.propi.in/search/properties,2026-06-26,2026-06-26,Active
627,02e8e5f83506265b,Rohit Apartment,,Andheri West,Western Suburbs Mid,19.1172495,72.833968,400058,,100,75,https://www.propi.in/search/properties,2026-06-26,2026-06-26,Active
628,02d0154aeac502df,Rose Villa,,Andheri West,Western Suburbs Mid,19.1172495,72.833968,400058,,100,75,https://www.propi.in/search/properties,2026-06-26,2026-06-26,Active
629,91dc123ac6bf86b6,Royal Accord,,Andheri West,Western Suburbs Mid,19.1172495,72.833968,400058,,100,75,https://www.propi.in/search/properties,2026-06-26,2026-06-26,Active
630,4112ce05cd11302c,Royal Classic,,Andheri West,Western Suburbs Mid,19.1172495,72.833968,400058,,100,75,https://www.propi.in/search/properties,2026-06-26,2026-06-26,Active
631,7adfafb6f24ecf63,Royal Empire,,Andheri West,Western Suburbs Mid,19.1172495,72.833968,400058,,100,75,https://www.propi.in/search/properties,2026-06-26,2026-06-26,Active
632,397b7ec2cbc8a0e7,Royal Gate,,Andheri West,Western Suburbs Mid,19.1172495,72.833968,400058,,100,75,https://www.propi.in/search/properties,2026-06-26,2026-06-26,Active
633,689428f1f31d0cae,Royal Heritage,,Andheri West,Western Suburbs Mid,19.1172495,72.833968,400058,,100,75,https://www.propi.in/search/properties,2026-06-26,2026-06-26,Active
634,bae88da77cd5aae8,Royal Palace,,Andheri West,Western Suburbs Mid,19.1172495,72.833968,400058,,100,75,https://www.propi.in/search/properties,2026-06-26,2026-06-26,Active
635,a1cf62d107d86248,Royal Plaza,,Andheri West,Western Suburbs Mid,19.1172495,72.833968,400058,,100,75,https://www.propi.in/search/properties,2026-06-26,2026-06-26,Active
636,e108219884260080,Royal Resort Tower,,Andheri West,Western Suburbs Mid,19.1172495,72.833968,400058,,100,75,https://www.propi.in/search/properties,2026-06-26,2026-06-26,Active
637,1d02494251631d56,Royal Sand,,Andheri West,Western Suburbs Mid,19.1172495,72.833968,400058,,100,75,https://www.propi.in/search/properties,2026-06-26,2026-06-26,Active
638,48c81c4b86eb0f9f,Royale Herritage,,Andheri West,Western Suburbs Mid,19.1172495,72.833968,400058,,100,75,https://www.propi.in/search/properties,2026-06-26,2026-06-26,Active
639,637183203e0475c3,Rukmini Vaibhav,Rukmini Vaibhav Apartment | Rukmini Vaibhav CHS,Andheri West,Western Suburbs Mid,19.1172495,72.833968,400058,,100,85,https://www.propi.in/search/properties,2026-06-26,2026-06-26,Active
640,e1c9a4c1323335a0,Runwal Codename Rare,,Andheri West,Western Suburbs Mid,19.1172495,72.833968,400058,Runwal Group,100,90,https://www.propi.in/search/properties,2026-06-26,2026-06-26,Active
641,951cdffa13fab567,Runwal Elegante,,Andheri West,Western Suburbs Mid,19.1172495,72.833968,400058,Runwal Group,100,90,https://www.propi.in/search/properties,2026-06-26,2026-06-26,Active
642,272f725878032964,Runwal Rare,,Andheri West,Western Suburbs Mid,19.1172495,72.833968,400058,Runwal Group,100,90,https://www.propi.in/search/properties,2026-06-26,2026-06-26,Active
643,bcc038eb6e82252d,Rushabh Tower,,Andheri West,Western Suburbs Mid,19.1172495,72.833968,400058,,100,75,https://www.propi.in/search/properties,2026-06-26,2026-06-26,Active
644,52db8e45f3477ab7,Rushi Tower,Rushi Tower,Andheri West,Western Suburbs Mid,19.1172495,72.833968,400058,,100,85,https://www.propi.in/search/properties,2026-06-26,2026-06-26,Active
645,6518b5c7fdfa35b5,Rustomjee Elita,,Andheri West,Western Suburbs Mid,19.1172495,72.833968,400058,Rustomjee Group,100,90,https://www.propi.in/search/properties,2026-06-26,2026-06-26,Active
646,4f1e3bb7f9f0f245,Rustomjee Ocean Vista,,Andheri West,Western Suburbs Mid,19.1172495,72.833968,400058,Rustomjee Group,100,90,https://www.propi.in/search/properties,2026-06-26,2026-06-26,Active
647,5c81515a230bae49,Saffron Heights,,Andheri West,Western Suburbs Mid,19.1172495,72.833968,400058,,100,75,https://www.propi.in/search/properties,2026-06-26,2026-06-26,Active
648,221f1fe345f29437,Sagar City Atlantic,,Andheri West,Western Suburbs Mid,19.1172495,72.833968,400058,,100,75,https://www.propi.in/search/properties,2026-06-26,2026-06-26,Active
649,ea0fb95e52e23859,Sagar Shrot,Sagar Shrot Building,Andheri West,Western Suburbs Mid,19.1172495,72.833968,400058,,100,85,https://www.propi.in/search/properties,2026-06-26,2026-06-26,Active
650,e318cb19690f3aa0,Sai Apartment,,Andheri West,Western Suburbs Mid,19.1172495,72.833968,400058,,100,75,https://www.propi.in/search/properties,2026-06-26,2026-06-26,Active
651,1d39607c0cbb4e36,Sai Darshan,,Andheri West,Western Suburbs Mid,19.1172495,72.833968,400058,,100,75,https://www.propi.in/search/properties,2026-06-26,2026-06-26,Active
652,3c71bff3d69e82fa,Sai Dwar,,Andheri West,Western Suburbs Mid,19.1172495,72.833968,400058,,100,75,https://www.propi.in/search/properties,2026-06-26,2026-06-26,Active
653,b7744aa654f067b9,Sai Iconic,,Andheri West,Western Suburbs Mid,19.1172495,72.833968,400058,,100,75,https://www.propi.in/search/properties,2026-06-26,2026-06-26,Active
654,7967225f764518cd,Sai Krishna,,Andheri West,Western Suburbs Mid,19.1172495,72.833968,400058,,100,75,https://www.propi.in/search/properties,2026-06-26,2026-06-26,Active
655,81aed321625b4630,Sai Shakti,,Andheri West,Western Suburbs Mid,19.1172495,72.833968,400058,,100,75,https://www.propi.in/search/properties,2026-06-26,2026-06-26,Active
656,9f4a9f76b06e260a,Samarth,,Andheri West,Western Suburbs Mid,19.1172495,72.833968,400058,,100,75,https://www.propi.in/search/properties,2026-06-26,2026-06-26,Active
657,926de9702ded8d47,Samarth Angan,,Andheri West,Western Suburbs Mid,19.1172495,72.833968,400058,,100,75,https://www.propi.in/search/properties,2026-06-26,2026-06-26,Active
658,0597294fa4883925,Samarth Deep,Samartha Deep,Andheri West,Western Suburbs Mid,19.1172495,72.833968,400058,,100,85,https://www.propi.in/search/properties,2026-06-26,2026-06-26,Active
659,6b303182c0f906c3,Samarth Vaibhav,,Andheri West,Western Suburbs Mid,19.1172495,72.833968,400058,,100,75,https://www.propi.in/search/properties,2026-06-26,2026-06-26,Active
660,a19da6f1fe9a96a1,Samartha Aangan,,Andheri West,Western Suburbs Mid,19.1172495,72.833968,400058,,100,75,https://www.propi.in/search/properties,2026-06-26,2026-06-26,Active
661,1a6e31fc260a76a2,Samartha Aishwarya,,Andheri West,Western Suburbs Mid,19.1172495,72.833968,400058,,100,75,https://www.propi.in/search/properties,2026-06-26,2026-06-26,Active
662,f3f36cfbb4d3fba8,Samartha Ashish,,Andheri West,Western Suburbs Mid,19.1172495,72.833968,400058,,100,75,https://www.propi.in/search/properties,2026-06-26,2026-06-26,Active
663,59bde80f7e7aa109,Samartha Siddhi,,Andheri West,Western Suburbs Mid,19.1172495,72.833968,400058,,100,75,https://www.propi.in/search/properties,2026-06-26,2026-06-26,Active
664,8b9483a3956c1162,Sameer Apartment,,Andheri West,Western Suburbs Mid,19.1172495,72.833968,400058,,100,75,https://www.propi.in/search/properties,2026-06-26,2026-06-26,Active
665,5d0761c3befb6fb0,Samir Apartment,,Andheri West,Western Suburbs Mid,19.1172495,72.833968,400058,,100,75,https://www.propi.in/search/properties,2026-06-26,2026-06-26,Active
666,e461cd26231723f0,Sandeep Sarovar,,Andheri West,Western Suburbs Mid,19.1172495,72.833968,400058,,100,75,https://www.propi.in/search/properties,2026-06-26,2026-06-26,Active
667,796916c51ca8d275,Sangeeta Apartment,,Andheri West,Western Suburbs Mid,19.1172495,72.833968,400058,,100,75,https://www.propi.in/search/properties,2026-06-26,2026-06-26,Active
668,53e2ae0a4cd963cc,Sani Park,,Andheri West,Western Suburbs Mid,19.1172495,72.833968,400058,,100,75,https://www.propi.in/search/properties,2026-06-26,2026-06-26,Active
669,2fd4de3848964e1a,Sanjeev Enclave,,Andheri West,Western Suburbs Mid,19.1172495,72.833968,400058,,100,75,https://www.propi.in/search/properties,2026-06-26,2026-06-26,Active
670,a3decffc52e58f01,Santosh Tower,Santosh Towers,Andheri West,Western Suburbs Mid,19.1172495,72.833968,400058,,100,85,https://www.propi.in/search/properties,2026-06-26,2026-06-26,Active
671,d3fe147c90b80b6a,Swapna Residency,Sapna Residency,Andheri West,Western Suburbs Mid,19.1172495,72.833968,400058,,100,85,https://www.propi.in/search/properties,2026-06-26,2026-06-26,Active
672,d50b5c9a7b9a8543,Saranga Tower,,Andheri West,Western Suburbs Mid,19.1172495,72.833968,400058,,100,75,https://www.propi.in/search/properties,2026-06-26,2026-06-26,Active
673,972f326d198e8814,Satra Nexus,,Andheri West,Western Suburbs Mid,19.1172495,72.833968,400058,,100,75,https://www.propi.in/search/properties,2026-06-26,2026-06-26,Active
674,88c72cd2a029e24b,Satyadev Plaza,,Andheri West,Western Suburbs Mid,19.1172495,72.833968,400058,,100,75,https://www.propi.in/search/properties,2026-06-26,2026-06-26,Active
675,16840fabb0871725,Saujanya Rachanaa,Saujanya Rachnaa,Andheri West,Western Suburbs Mid,19.1172495,72.833968,400058,,100,85,https://www.propi.in/search/properties,2026-06-26,2026-06-26,Active
676,e78577b155192f02,Savera,,Andheri West,Western Suburbs Mid,19.1172495,72.833968,400058,,100,75,https://www.propi.in/search/properties,2026-06-26,2026-06-26,Active
677,0af210252f5e47f9,Savgan Heights,,Andheri West,Western Suburbs Mid,19.1172495,72.833968,400058,,100,75,https://www.propi.in/search/properties,2026-06-26,2026-06-26,Active
678,f0404bb7e828cbe4,Sea Bird,Sea Bird Building,Andheri West,Western Suburbs Mid,19.1172495,72.833968,400058,,100,85,https://www.propi.in/search/properties,2026-06-26,2026-06-26,Active
679,b9eacefc78532b9c,Sea Breeze,,Andheri West,Western Suburbs Mid,19.1172495,72.833968,400058,,100,75,https://www.propi.in/search/properties,2026-06-26,2026-06-26,Active
680,643a63004a0bcf31,Sea Castle Apartments,,Andheri West,Western Suburbs Mid,19.1172495,72.833968,400058,,100,75,https://www.propi.in/search/properties,2026-06-26,2026-06-26,Active
681,693c75907790a249,Sea Shell,,Andheri West,Western Suburbs Mid,19.1172495,72.833968,400058,,100,75,https://www.propi.in/search/properties,2026-06-26,2026-06-26,Active
682,6112d8e5c3865664,Seema Society,,Andheri West,Western Suburbs Mid,19.1172495,72.833968,400058,,100,75,https://www.propi.in/search/properties,2026-06-26,2026-06-26,Active
683,0e41090c4d9edbbf,Serenity Complex,,Andheri West,Western Suburbs Mid,19.1172495,72.833968,400058,,100,75,https://www.propi.in/search/properties,2026-06-26,2026-06-26,Active
684,5f513cd52911a465,Serenity Tower,,Andheri West,Western Suburbs Mid,19.1172495,72.833968,400058,,100,75,https://www.propi.in/search/properties,2026-06-26,2026-06-26,Active
685,bd811c4e4318aaa6,Shalimar Morya Park,,Andheri West,Western Suburbs Mid,19.1172495,72.833968,400058,,100,75,https://www.propi.in/search/properties,2026-06-26,2026-06-26,Active
686,51f838824e1b5514,Shangrila Apartment,,Andheri West,Western Suburbs Mid,19.1172495,72.833968,400058,,100,75,https://www.propi.in/search/properties,2026-06-26,2026-06-26,Active
687,f30a676684f9cbfa,Shankardham,,Andheri West,Western Suburbs Mid,19.1172495,72.833968,400058,,100,75,https://www.propi.in/search/properties,2026-06-26,2026-06-26,Active
688,574b3ba49dd032ab,Shanti Tower,Shanti Towers,Andheri West,Western Suburbs Mid,19.1172495,72.833968,400058,,100,85,https://www.propi.in/search/properties,2026-06-26,2026-06-26,Active
689,72b9d063e46d7e3e,Shantivan CHS,,Andheri West,Western Suburbs Mid,19.1172495,72.833968,400058,,100,75,https://www.propi.in/search/properties,2026-06-26,2026-06-26,Active
690,ab8e87ee968401c7,Shatdal Society,,Andheri West,Western Suburbs Mid,19.1172495,72.833968,400058,,100,75,https://www.propi.in/search/properties,2026-06-26,2026-06-26,Active
691,cb9af8372c8a3d00,Sheffield Tower,,Andheri West,Western Suburbs Mid,19.1172495,72.833968,400058,,100,75,https://www.propi.in/search/properties,2026-06-26,2026-06-26,Active
692,3dfbf164dd74b3e7,Shefield Tower,,Andheri West,Western Suburbs Mid,19.1172495,72.833968,400058,,100,75,https://www.propi.in/search/properties,2026-06-26,2026-06-26,Active
693,8f5fc82354763e75,Sheil Tower,,Andheri West,Western Suburbs Mid,19.1172495,72.833968,400058,,100,75,https://www.propi.in/search/properties,2026-06-26,2026-06-26,Active
694,70986a923454647b,Shikhar Tower,,Andheri West,Western Suburbs Mid,19.1172495,72.833968,400058,,100,75,https://www.propi.in/search/properties,2026-06-26,2026-06-26,Active
695,41e0fd5dc42b693f,Shishira Tower,,Andheri West,Western Suburbs Mid,19.1172495,72.833968,400058,,100,75,https://www.propi.in/search/properties,2026-06-26,2026-06-26,Active
696,f6f8a76d7a97e0c8,Shiv Parvati,,Andheri West,Western Suburbs Mid,19.1172495,72.833968,400058,,100,75,https://www.propi.in/search/properties,2026-06-26,2026-06-26,Active
697,a7af987fb4b02d30,Shiv Parwati,,Andheri West,Western Suburbs Mid,19.1172495,72.833968,400058,,100,75,https://www.propi.in/search/properties,2026-06-26,2026-06-26,Active
698,b78e4f5e9e75dba6,Shiv Sagar,,Andheri West,Western Suburbs Mid,19.1172495,72.833968,400058,,100,75,https://www.propi.in/search/properties,2026-06-26,2026-06-26,Active
699,67643be93ac7b731,Shiv Shakti,,Andheri West,Western Suburbs Mid,19.1172495,72.833968,400058,,100,75,https://www.propi.in/search/properties,2026-06-26,2026-06-26,Active
700,f83c448c36174f77,Shiv Shivam Tower,Shiv Shivam Towers,Andheri West,Western Suburbs Mid,19.1172495,72.833968,400058,,100,85,https://www.propi.in/search/properties,2026-06-26,2026-06-26,Active
701,da4670b275877f4f,Shree CHS,,Andheri West,Western Suburbs Mid,19.1172495,72.833968,400058,,100,75,https://www.propi.in/search/properties,2026-06-26,2026-06-26,Active
702,d8312062e5ae34e9,Shreedham Splendour,,Andheri West,Western Suburbs Mid,19.1172495,72.833968,400058,,100,75,https://www.propi.in/search/properties,2026-06-26,2026-06-26,Active
703,a91ba1d2ccdded4f,Shreeji Paradise,,Andheri West,Western Suburbs Mid,19.1172495,72.833968,400058,,100,75,https://www.propi.in/search/properties,2026-06-26,2026-06-26,Active
704,4164ffd900f53a74,Shri Krishna,,Andheri West,Western Suburbs Mid,19.1172495,72.833968,400058,,100,75,https://www.propi.in/search/properties,2026-06-26,2026-06-26,Active
705,eb4a158cca38dab5,Shubham,,Andheri West,Western Suburbs Mid,19.1172495,72.833968,400058,,100,75,https://www.propi.in/search/properties,2026-06-26,2026-06-26,Active
706,5d6d5c37c7c71c57,Shubham Co-op Society,,Andheri West,Western Suburbs Mid,19.1172495,72.833968,400058,,100,75,https://www.propi.in/search/properties,2026-06-26,2026-06-26,Active
707,6b925de3fdfe77af,Shubham Karoti CHS,,Andheri West,Western Suburbs Mid,19.1172495,72.833968,400058,,100,75,https://www.propi.in/search/properties,2026-06-26,2026-06-26,Active
708,62acff5c3c925f6d,Siddhant,,Andheri West,Western Suburbs Mid,19.1172495,72.833968,400058,,100,75,https://www.propi.in/search/properties,2026-06-26,2026-06-26,Active
709,673095c0acd7f315,Signature,,Andheri West,Western Suburbs Mid,19.1172495,72.833968,400058,,100,75,https://www.propi.in/search/properties,2026-06-26,2026-06-26,Active
710,07a8d25dc57110ae,Signature BY Peridot,,Andheri West,Western Suburbs Mid,19.1172495,72.833968,400058,,100,75,https://www.propi.in/search/properties,2026-06-26,2026-06-26,Active
711,7d968d12e1efc656,Silver Anklet Apartments,,Andheri West,Western Suburbs Mid,19.1172495,72.833968,400058,,100,75,https://www.propi.in/search/properties,2026-06-26,2026-06-26,Active
712,1238683bfca44587,Silver Arch,,Andheri West,Western Suburbs Mid,19.1172495,72.833968,400058,,100,75,https://www.propi.in/search/properties,2026-06-26,2026-06-26,Active
713,d46084a50aa6a6e2,Silver Arch A,,Andheri West,Western Suburbs Mid,19.1172495,72.833968,400058,,100,75,https://www.propi.in/search/properties,2026-06-26,2026-06-26,Active
714,34b8ebceadcd805d,Silver Nest,,Andheri West,Western Suburbs Mid,19.1172495,72.833968,400058,,100,75,https://www.propi.in/search/properties,2026-06-26,2026-06-26,Active
715,f28bbafca5da0f93,Silver Oak,,Andheri West,Western Suburbs Mid,19.1172495,72.833968,400058,,100,75,https://www.propi.in/search/properties,2026-06-26,2026-06-26,Active
716,00f3ab5be6e2538e,Silver Sand,Silver Sands,Andheri West,Western Suburbs Mid,19.1172495,72.833968,400058,,100,85,https://www.propi.in/search/properties,2026-06-26,2026-06-26,Active
717,1907d7900a6da9fd,Silver Spring,,Andheri West,Western Suburbs Mid,19.1172495,72.833968,400058,,100,75,https://www.propi.in/search/properties,2026-06-26,2026-06-26,Active
718,99d56c05c82e1561,Sky Anchorage,,Andheri West,Western Suburbs Mid,19.1172495,72.833968,400058,,100,75,https://www.propi.in/search/properties,2026-06-26,2026-06-26,Active
719,d10b34e5731fef0c,Skylark,,Andheri West,Western Suburbs Mid,19.1172495,72.833968,400058,,100,75,https://www.propi.in/search/properties,2026-06-26,2026-06-26,Active
720,e52a101d2eac1a54,Skypan,,Andheri West,Western Suburbs Mid,19.1172495,72.833968,400058,,100,75,https://www.propi.in/search/properties,2026-06-26,2026-06-26,Active
721,9264aa170fd756dc,Skyvistas,,Andheri West,Western Suburbs Mid,19.1172495,72.833968,400058,,100,75,https://www.propi.in/search/properties,2026-06-26,2026-06-26,Active
722,92d8586f5bf1de5f,Sneha,Sneha Building,Andheri West,Western Suburbs Mid,19.1172495,72.833968,400058,,100,85,https://www.propi.in/search/properties,2026-06-26,2026-06-26,Active
723,f0712cfe10687d41,Sorrento,,Andheri West,Western Suburbs Mid,19.1172495,72.833968,400058,,100,75,https://www.propi.in/search/properties,2026-06-26,2026-06-26,Active
724,3ec856028440763e,Springfield CHS,,Andheri West,Western Suburbs Mid,19.1172495,72.833968,400058,,100,75,https://www.propi.in/search/properties,2026-06-26,2026-06-26,Active
725,68a275fe133f595d,Stadium View,,Andheri West,Western Suburbs Mid,19.1172495,72.833968,400058,,100,75,https://www.propi.in/search/properties,2026-06-26,2026-06-26,Active
726,c6a48da5c9e4363d,Stanford Plaza,,Andheri West,Western Suburbs Mid,19.1172495,72.833968,400058,,100,75,https://www.propi.in/search/properties,2026-06-26,2026-06-26,Active
727,68a82305a6430775,Status Chs,,Andheri West,Western Suburbs Mid,19.1172495,72.833968,400058,,100,75,https://www.propi.in/search/properties,2026-06-26,2026-06-26,Active
728,e3bbfa074ba00d46,Sterling,Sterling Apartment | Sterling Tower,Andheri West,Western Suburbs Mid,19.1172495,72.833968,400058,,100,85,https://www.propi.in/search/properties,2026-06-26,2026-06-26,Active
729,40505fe0f6c5ec79,Suman,Suman Tower,Andheri West,Western Suburbs Mid,19.1172495,72.833968,400058,,100,85,https://www.propi.in/search/properties,2026-06-26,2026-06-26,Active
730,2839277da8a7b547,Sumeru,,Andheri West,Western Suburbs Mid,19.1172495,72.833968,400058,,100,75,https://www.propi.in/search/properties,2026-06-26,2026-06-26,Active
731,d6b6c9d994c1cd7a,Sumukh Heights,,Andheri West,Western Suburbs Mid,19.1172495,72.833968,400058,,100,75,https://www.propi.in/search/properties,2026-06-26,2026-06-26,Active
732,e86a0eb8864b9c1c,Sun Swept,,Andheri West,Western Suburbs Mid,19.1172495,72.833968,400058,,100,75,https://www.propi.in/search/properties,2026-06-26,2026-06-26,Active
733,f26c5e11949db828,Sunbeam Heights,,Andheri West,Western Suburbs Mid,19.1172495,72.833968,400058,,100,75,https://www.propi.in/search/properties,2026-06-26,2026-06-26,Active
734,a5bccb29685cd12a,Sunil Niwas,Sunil Niwas Tower,Andheri West,Western Suburbs Mid,19.1172495,72.833968,400058,,100,85,https://www.propi.in/search/properties,2026-06-26,2026-06-26,Active
735,b475e3726fee0d6f,Sunny Side,,Andheri West,Western Suburbs Mid,19.1172495,72.833968,400058,,100,75,https://www.propi.in/search/properties,2026-06-26,2026-06-26,Active
736,9f97eb718d6ea231,Sunrise Apartments,,Andheri West,Western Suburbs Mid,19.1172495,72.833968,400058,,100,75,https://www.propi.in/search/properties,2026-06-26,2026-06-26,Active
737,53a45cd8e49d26eb,Sunteck Gilbird,,Andheri West,Western Suburbs Mid,19.1172495,72.833968,400058,Sunteck Realty,100,90,https://www.propi.in/search/properties,2026-06-26,2026-06-26,Active
738,d8cc328250c3e05e,Sunteck Grandeur,,Andheri West,Western Suburbs Mid,19.1172495,72.833968,400058,Sunteck Realty,100,90,https://www.propi.in/search/properties,2026-06-26,2026-06-26,Active
739,0330f91282e43cf1,Sunvin Apartment,,Andheri West,Western Suburbs Mid,19.1172495,72.833968,400058,,100,75,https://www.propi.in/search/properties,2026-06-26,2026-06-26,Active
740,7add0dc67906b1ae,Supreme 19,,Andheri West,Western Suburbs Mid,19.1172495,72.833968,400058,,100,75,https://www.propi.in/search/properties,2026-06-26,2026-06-26,Active
741,6109bad4ff7154d3,Supreme Chambers,,Andheri West,Western Suburbs Mid,19.1172495,72.833968,400058,,100,75,https://www.propi.in/search/properties,2026-06-26,2026-06-26,Active
742,03c90fb3b31f4c33,Surabhi,,Andheri West,Western Suburbs Mid,19.1172495,72.833968,400058,,100,75,https://www.propi.in/search/properties,2026-06-26,2026-06-26,Active
743,663b8aa4d27af3aa,Suresh Smruti,,Andheri West,Western Suburbs Mid,19.1172495,72.833968,400058,,100,75,https://www.propi.in/search/properties,2026-06-26,2026-06-26,Active
744,aa57d8a993177765,Suvidha Square,,Andheri West,Western Suburbs Mid,19.1172495,72.833968,400058,,100,75,https://www.propi.in/search/properties,2026-06-26,2026-06-26,Active
745,ea92679e39ac528d,Suyog Darshan,,Andheri West,Western Suburbs Mid,19.1172495,72.833968,400058,,100,75,https://www.propi.in/search/properties,2026-06-26,2026-06-26,Active
746,37a52a83ec4d53fe,Swapnadeep,,Andheri West,Western Suburbs Mid,19.1172495,72.833968,400058,,100,75,https://www.propi.in/search/properties,2026-06-26,2026-06-26,Active
747,2a425bab7b962a31,Sweet Home,Sweet Homes,Andheri West,Western Suburbs Mid,19.1172495,72.833968,400058,,100,85,https://www.propi.in/search/properties,2026-06-26,2026-06-26,Active
748,c97c1e424504eb4a,Swiz Heights,,Andheri West,Western Suburbs Mid,19.1172495,72.833968,400058,,100,75,https://www.propi.in/search/properties,2026-06-26,2026-06-26,Active
749,397d1b4c9e378bca,Talati Terrace,,Andheri West,Western Suburbs Mid,19.1172495,72.833968,400058,,100,75,https://www.propi.in/search/properties,2026-06-26,2026-06-26,Active
750,198644c9d1c542de,Tarang CHS,,Andheri West,Western Suburbs Mid,19.1172495,72.833968,400058,,100,75,https://www.propi.in/search/properties,2026-06-26,2026-06-26,Active
751,c8b69da15c299cad,Tarapore Garden,,Andheri West,Western Suburbs Mid,19.1172495,72.833968,400058,,100,75,https://www.propi.in/search/properties,2026-06-26,2026-06-26,Active
752,cfd4c332a554a126,Tarapur Garden,,Andheri West,Western Suburbs Mid,19.1172495,72.833968,400058,,100,75,https://www.propi.in/search/properties,2026-06-26,2026-06-26,Active
753,d28ec16a5ee439f8,Tathastu,,Andheri West,Western Suburbs Mid,19.1172495,72.833968,400058,,100,75,https://www.propi.in/search/properties,2026-06-26,2026-06-26,Active
754,7d20452360418f17,Gateway,The Gateway,Andheri West,Western Suburbs Mid,19.1172495,72.833968,400058,,100,85,https://www.propi.in/search/properties,2026-06-26,2026-06-26,Active
755,1859cd59bd2a06e8,Level Residence,The Level Residence,Andheri West,Western Suburbs Mid,19.1172495,72.833968,400058,,100,85,https://www.propi.in/search/properties,2026-06-26,2026-06-26,Active
756,16a864affcb6eadb,Nest,The Nest,Andheri West,Western Suburbs Mid,19.1172495,72.833968,400058,,100,85,https://www.propi.in/search/properties,2026-06-26,2026-06-26,Active
757,a88261a470edbf48,Park,The Park,Andheri West,Western Suburbs Mid,19.1172495,72.833968,400058,,100,85,https://www.propi.in/search/properties,2026-06-26,2026-06-26,Active
758,f70b342f303cc85a,Park Residency,The Park Residency,Andheri West,Western Suburbs Mid,19.1172495,72.833968,400058,,100,85,https://www.propi.in/search/properties,2026-06-26,2026-06-26,Active
759,430b801d64d7ae2b,Spring Fields,The Spring Fields,Andheri West,Western Suburbs Mid,19.1172495,72.833968,400058,,100,85,https://www.propi.in/search/properties,2026-06-26,2026-06-26,Active
760,a435bbb37da6e87f,Time Chambers,,Andheri West,Western Suburbs Mid,19.1172495,72.833968,400058,,100,75,https://www.propi.in/search/properties,2026-06-26,2026-06-26,Active
761,d220f3fd900a2f3a,Tranquill Treat,,Andheri West,Western Suburbs Mid,19.1172495,72.833968,400058,,100,75,https://www.propi.in/search/properties,2026-06-26,2026-06-26,Active
762,bcc282c2e5076c72,Trans Avenue,,Andheri West,Western Suburbs Mid,19.1172495,72.833968,400058,,100,75,https://www.propi.in/search/properties,2026-06-26,2026-06-26,Active
763,df5b2b9f4457acbd,Transcon Triumph,Transcon Triumph -,Andheri West,Western Suburbs Mid,19.1172495,72.833968,400058,Transcon Developers,100,100,https://www.propi.in/search/properties,2026-06-26,2026-06-26,Active
764,9c421aba026b3d4b,Trishna,,Andheri West,Western Suburbs Mid,19.1172495,72.833968,400058,,100,75,https://www.propi.in/search/properties,2026-06-26,2026-06-26,Active
765,0e4e6d3194eb81ba,Trishul,,Andheri West,Western Suburbs Mid,19.1172495,72.833968,400058,,100,75,https://www.propi.in/search/properties,2026-06-26,2026-06-26,Active
766,bf55d6267c3a064d,Tulip CHS,,Andheri West,Western Suburbs Mid,19.1172495,72.833968,400058,,100,75,https://www.propi.in/search/properties,2026-06-26,2026-06-26,Active
767,c3fc39484c05f743,Twin Tower,,Andheri West,Western Suburbs Mid,19.1172495,72.833968,400058,,100,75,https://www.propi.in/search/properties,2026-06-26,2026-06-26,Active
768,553c8bbaa22732f3,UK Arunodaya,,Andheri West,Western Suburbs Mid,19.1172495,72.833968,400058,,100,75,https://www.propi.in/search/properties,2026-06-26,2026-06-26,Active
769,b0327599dfb85920,UK Sangfroid,,Andheri West,Western Suburbs Mid,19.1172495,72.833968,400058,,100,75,https://www.propi.in/search/properties,2026-06-26,2026-06-26,Active
770,06889365e9660c6b,UK Sungfroid,,Andheri West,Western Suburbs Mid,19.1172495,72.833968,400058,,100,75,https://www.propi.in/search/properties,2026-06-26,2026-06-26,Active
771,6ba08588a6a54361,Umang Heights,,Andheri West,Western Suburbs Mid,19.1172495,72.833968,400058,,100,75,https://www.propi.in/search/properties,2026-06-26,2026-06-26,Active
772,1dc1bda8d7a5e649,VIP Plaza,,Andheri West,Western Suburbs Mid,19.1172495,72.833968,400058,,100,75,https://www.propi.in/search/properties,2026-06-26,2026-06-26,Active
773,52618cd6d87048ec,Vaibhav Palace,,Andheri West,Western Suburbs Mid,19.1172495,72.833968,400058,,100,75,https://www.propi.in/search/properties,2026-06-26,2026-06-26,Active
774,2bb074eabbeb0837,Valencia,,Andheri West,Western Suburbs Mid,19.1172495,72.833968,400058,,100,75,https://www.propi.in/search/properties,2026-06-26,2026-06-26,Active
775,a814e87f85c2936e,Vandana,,Andheri West,Western Suburbs Mid,19.1172495,72.833968,400058,,100,75,https://www.propi.in/search/properties,2026-06-26,2026-06-26,Active
776,ae931a031a9e5c05,Vardhman Grandeur,,Andheri West,Western Suburbs Mid,19.1172495,72.833968,400058,,100,75,https://www.propi.in/search/properties,2026-06-26,2026-06-26,Active
777,de59ee319df03104,Vasant Prakash,,Andheri West,Western Suburbs Mid,19.1172495,72.833968,400058,,100,75,https://www.propi.in/search/properties,2026-06-26,2026-06-26,Active
778,2e9149cc3d7b2a6a,Vastu Precint,,Andheri West,Western Suburbs Mid,19.1172495,72.833968,400058,,100,75,https://www.propi.in/search/properties,2026-06-26,2026-06-26,Active
779,8c52f760ed91aeb1,Vastu Prestige,,Andheri West,Western Suburbs Mid,19.1172495,72.833968,400058,Prestige Group,100,90,https://www.propi.in/search/properties,2026-06-26,2026-06-26,Active
780,cffa4e2024214fc9,Veena Crest,,Andheri West,Western Suburbs Mid,19.1172495,72.833968,400058,,100,75,https://www.propi.in/search/properties,2026-06-26,2026-06-26,Active
781,d077802cdfe91a00,Venus,Venus Apartment,Andheri West,Western Suburbs Mid,19.1172495,72.833968,400058,,100,85,https://www.propi.in/search/properties,2026-06-26,2026-06-26,Active
782,20b997807b1a9a5a,Versova Gurudrishti,,Andheri West,Western Suburbs Mid,19.1172495,72.833968,400058,,100,75,https://www.propi.in/search/properties,2026-06-26,2026-06-26,Active
783,049e0163af2357bc,Versova Heaven,Versova Heavens,Andheri West,Western Suburbs Mid,19.1172495,72.833968,400058,,100,85,https://www.propi.in/search/properties,2026-06-26,2026-06-26,Active
784,ad06c2ca978b879e,Versova Heights,,Andheri West,Western Suburbs Mid,19.1172495,72.833968,400058,,100,75,https://www.propi.in/search/properties,2026-06-26,2026-06-26,Active
785,070c9e6709fcac27,Versova Kiran,,Andheri West,Western Suburbs Mid,19.1172495,72.833968,400058,,100,75,https://www.propi.in/search/properties,2026-06-26,2026-06-26,Active
786,bb6b00c824914d76,Versova Mangela CHS,,Andheri West,Western Suburbs Mid,19.1172495,72.833968,400058,,100,75,https://www.propi.in/search/properties,2026-06-26,2026-06-26,Active
787,01c4155930a41eca,Versova View,,Andheri West,Western Suburbs Mid,19.1172495,72.833968,400058,,100,75,https://www.propi.in/search/properties,2026-06-26,2026-06-26,Active
788,82ccded3e93fcf6c,Very Nice Open,,Andheri West,Western Suburbs Mid,19.1172495,72.833968,400058,,100,75,https://www.propi.in/search/properties,2026-06-26,2026-06-26,Active
789,5fbc8167e4e5a168,Vicino,,Andheri West,Western Suburbs Mid,19.1172495,72.833968,400058,,100,75,https://www.propi.in/search/properties,2026-06-26,2026-06-26,Active
790,d0f52b17067f9487,Victoria Apartments,,Andheri West,Western Suburbs Mid,19.1172495,72.833968,400058,,100,75,https://www.propi.in/search/properties,2026-06-26,2026-06-26,Active
791,9de02cedb7282d72,Victoria CHS,Victoria CHSL,Andheri West,Western Suburbs Mid,19.1172495,72.833968,400058,,100,85,https://www.propi.in/search/properties,2026-06-26,2026-06-26,Active
792,e89807f480e1cc9d,Vighnaharta,,Andheri West,Western Suburbs Mid,19.1172495,72.833968,400058,,100,75,https://www.propi.in/search/properties,2026-06-26,2026-06-26,Active
793,1dc7773c806c5df5,Vinit Tower,Vinit Tower,Andheri West,Western Suburbs Mid,19.1172495,72.833968,400058,,100,85,https://www.propi.in/search/properties,2026-06-26,2026-06-26,Active
794,195007acab574d13,Viral Apartment,,Andheri West,Western Suburbs Mid,19.1172495,72.833968,400058,,100,75,https://www.propi.in/search/properties,2026-06-26,2026-06-26,Active
795,4c9cc9791ed8d62a,Vithal Kunj,,Andheri West,Western Suburbs Mid,19.1172495,72.833968,400058,,100,75,https://www.propi.in/search/properties,2026-06-26,2026-06-26,Active
796,5c68a23b135bcbd1,Vitthal Darshan,,Andheri West,Western Suburbs Mid,19.1172495,72.833968,400058,,100,75,https://www.propi.in/search/properties,2026-06-26,2026-06-26,Active
797,ef4e11ecfbd5dd61,Vraj One,,Andheri West,Western Suburbs Mid,19.1172495,72.833968,400058,,100,75,https://www.propi.in/search/properties,2026-06-26,2026-06-26,Active
798,8d729c40f4412723,Vraj Residency,,Andheri West,Western Suburbs Mid,19.1172495,72.833968,400058,,100,75,https://www.propi.in/search/properties,2026-06-26,2026-06-26,Active
799,04ee12c47157771b,Wallfort Tower,,Andheri West,Western Suburbs Mid,19.1172495,72.833968,400058,,100,75,https://www.propi.in/search/properties,2026-06-26,2026-06-26,Active
800,2947bd564f0819a2,Wellington,,Andheri West,Western Suburbs Mid,19.1172495,72.833968,400058,,100,75,https://www.propi.in/search/properties,2026-06-26,2026-06-26,Active
801,2e86d8011ab68ea6,Wembley,,Andheri West,Western Suburbs Mid,19.1172495,72.833968,400058,,100,75,https://www.propi.in/search/properties,2026-06-26,2026-06-26,Active
802,aab68754486ca218,West wind,,Andheri West,Western Suburbs Mid,19.1172495,72.833968,400058,,100,75,https://www.propi.in/search/properties,2026-06-26,2026-06-26,Active
803,d2c76dc5db20a907,Westin Joanita,,Andheri West,Western Suburbs Mid,19.1172495,72.833968,400058,,100,75,https://www.propi.in/search/properties,2026-06-26,2026-06-26,Active
804,2e6964da14f91f32,Westwood,,Andheri West,Western Suburbs Mid,19.1172495,72.833968,400058,,100,75,https://www.propi.in/search/properties,2026-06-26,2026-06-26,Active
805,653f673d557d09bb,Wind Space Amelio,Windspace Amelio,Andheri West,Western Suburbs Mid,19.1172495,72.833968,400058,,100,85,https://www.propi.in/search/properties,2026-06-26,2026-06-26,Active
806,2f70b116468892eb,Windermere,,Andheri West,Western Suburbs Mid,19.1172495,72.833968,400058,,100,75,https://www.propi.in/search/properties,2026-06-26,2026-06-26,Active
807,32f855321e1946d7,Windsor Grande Residence,Windsor Grande Residences,Andheri West,Western Suburbs Mid,19.1172495,72.833968,400058,,100,85,https://www.propi.in/search/properties,2026-06-26,2026-06-26,Active
808,9a0ace55c7cc263e,Wood Rose,,Andheri West,Western Suburbs Mid,19.1172495,72.833968,400058,,100,75,https://www.propi.in/search/properties,2026-06-26,2026-06-26,Active
809,99031b3ee50d2f67,Woodland,Woodland Apartment | Woodland CHS,Andheri West,Western Suburbs Mid,19.1172495,72.833968,400058,,100,85,https://www.propi.in/search/properties,2026-06-26,2026-06-26,Active
810,68740cdb4603798b,Woodrow,,Andheri West,Western Suburbs Mid,19.1172495,72.833968,400058,,100,75,https://www.propi.in/search/properties,2026-06-26,2026-06-26,Active
811,0b4de62e02afb9b0,Woodstock,,Andheri West,Western Suburbs Mid,19.1172495,72.833968,400058,,100,75,https://www.propi.in/search/properties,2026-06-26,2026-06-26,Active
812,9173972946b32e68,X Cube,,Andheri West,Western Suburbs Mid,19.1172495,72.833968,400058,,100,75,https://www.propi.in/search/properties,2026-06-26,2026-06-26,Active
813,f3bd7c0ec5ff13be,Yamuna Nagar Welfare Society,,Andheri West,Western Suburbs Mid,19.1172495,72.833968,400058,,100,75,https://www.propi.in/search/properties,2026-06-26,2026-06-26,Active
814,f3b374a7b0704e50,Yashodhan Apartment,,Andheri West,Western Suburbs Mid,19.1172495,72.833968,400058,,100,75,https://www.propi.in/search/properties,2026-06-26,2026-06-26,Active
815,5291af49eb2597bb,ZA Tower,,Andheri West,Western Suburbs Mid,19.1172495,72.833968,400058,,100,75,https://www.propi.in/search/properties,2026-06-26,2026-06-26,Active
816,b94db1b75b71def9,Zee Manubharti,,Andheri West,Western Suburbs Mid,19.1172495,72.833968,400058,,100,75,https://www.propi.in/search/properties,2026-06-26,2026-06-26,Active
817,ff87a95ccec3f839,DLH Imur,,Azad Nagar,Western Suburbs Mid,19.1657976,72.955893,400081,DLH Group,100,90,https://www.propi.in/search/properties,2026-06-26,2026-06-26,Active
818,dc5f6783799a4062,Jiten,,Azad Nagar,Western Suburbs Mid,19.1657976,72.955893,400081,,100,75,https://www.propi.in/search/properties,2026-06-26,2026-06-26,Active
819,e47a74b640a8a928,Adani Inspire,,BKC,Western Suburbs Prime,19.0677245,72.8648464,400098,Adani Realty,100,90,https://www.propi.in/search/properties,2026-06-26,2026-06-26,Active
820,0878bc508a7a0711,INS Tower,,BKC,Western Suburbs Prime,19.0677245,72.8648464,400098,,100,75,https://www.propi.in/search/properties,2026-06-26,2026-06-26,Active
821,e84578af10d7d9ec,Jagat Vidya,,BKC,Western Suburbs Prime,19.0677245,72.8648464,400098,Jagat Group,100,90,https://www.propi.in/search/properties,2026-06-26,2026-06-26,Active
822,518910cf862d0ffd,Kalpataru Magnus,,BKC,Western Suburbs Prime,19.0677245,72.8648464,400098,Kalpataru Group,100,90,https://www.propi.in/search/properties,2026-06-26,2026-06-26,Active
823,4e9edc24e9273164,Kanakia Paris,,BKC,Western Suburbs Prime,19.0677245,72.8648464,400098,Kanakia Group,100,90,https://www.propi.in/search/properties,2026-06-26,2026-06-26,Active
824,0fe817bc6ab841c0,Laxmi Tower,,BKC,Western Suburbs Prime,19.0677245,72.8648464,400098,,100,75,https://www.propi.in/search/properties,2026-06-26,2026-06-26,Active
825,784aaff8642b5747,Madhava,,BKC,Western Suburbs Prime,19.0677245,72.8648464,400098,,100,75,https://www.propi.in/search/properties,2026-06-26,2026-06-26,Active
826,2d3930a9b7eed13a,Naman Centre,,BKC,Western Suburbs Prime,19.0677245,72.8648464,400098,Naman Group,100,90,https://www.propi.in/search/properties,2026-06-26,2026-06-26,Active
827,5413b15245740378,Omkar Meridia,,BKC,Western Suburbs Prime,19.0677245,72.8648464,400098,Omkar Realtors,100,90,https://www.propi.in/search/properties,2026-06-26,2026-06-26,Active
828,827356f73ab60bc7,Omkar Vive,,BKC,Western Suburbs Prime,19.0677245,72.8648464,400098,Omkar Realtors,100,90,https://www.propi.in/search/properties,2026-06-26,2026-06-26,Active
829,284b5e712e516a6d,One BKC,,BKC,Western Suburbs Prime,19.0677245,72.8648464,400098,,100,75,https://www.propi.in/search/properties,2026-06-26,2026-06-26,Active
830,c616f981276e416b,Pinnacle Corporate Park,,BKC,Western Suburbs Prime,19.0677245,72.8648464,400098,,100,75,https://www.propi.in/search/properties,2026-06-26,2026-06-26,Active
831,1a90cb012f4c643a,Rachana CHS,,BKC,Western Suburbs Prime,19.0677245,72.8648464,400098,,100,75,https://www.propi.in/search/properties,2026-06-26,2026-06-26,Active
832,7a5fa98ff66154b0,Rustomjee Season Annexe,,BKC,Western Suburbs Prime,19.0677245,72.8648464,400098,Rustomjee Group,100,90,https://www.propi.in/search/properties,2026-06-26,2026-06-26,Active
833,01afbc4115e809f7,Rustomjee Seasons,,BKC,Western Suburbs Prime,19.0677245,72.8648464,400098,Rustomjee Group,100,90,https://www.propi.in/search/properties,2026-06-26,2026-06-26,Active
834,09aa0bfcc5a9796c,Serendipity,,BKC,Western Suburbs Prime,19.0677245,72.8648464,400098,,100,75,https://www.propi.in/search/properties,2026-06-26,2026-06-26,Active
835,f5796538e7a9e476,Sunteck Signature Island,,BKC,Western Suburbs Prime,19.0677245,72.8648464,400098,Sunteck Realty,100,90,https://www.propi.in/search/properties,2026-06-26,2026-06-26,Active
836,84fb2f072bffbddb,Capital,The Capital,BKC,Western Suburbs Prime,19.0677245,72.8648464,400098,,100,85,https://www.propi.in/search/properties,2026-06-26,2026-06-26,Active
837,f0d9434a0fd4bf5a,Metropolitan,The Metropolitan,BKC,Western Suburbs Prime,19.0677245,72.8648464,400098,,100,85,https://www.propi.in/search/properties,2026-06-26,2026-06-26,Active
838,f75713e2530fa257,Trade Center,,BKC,Western Suburbs Prime,19.0677245,72.8648464,400098,,100,75,https://www.propi.in/search/properties,2026-06-26,2026-06-26,Active
839,fbef5bb1bc287057,Revika Apartment,,Babulnath,,18.9583583,72.8069264,400036,,100,60,https://www.propi.in/search/properties,2026-06-26,2026-06-26,Active
840,76bcdd3ef4b70d74,Aquarius Tower,Aquarius Tower,Bandra West,Western Suburbs Prime,19.0549792,72.8402203,400050,,100,85,https://www.propi.in/search/properties,2026-06-26,2026-06-26,Active
841,0f3840044560f604,Bandstand Apartment,Bandstand Apt | Bandstand | Bandstand Apartment,Bandra West,Western Suburbs Prime,19.0549792,72.8402203,400050,,100,85,https://www.propi.in/search/properties,2026-06-26,2026-06-26,Active
842,c2b670512d6f0fec,Continental Tower,Continental Tower | Continental,Bandra West,Western Suburbs Prime,19.0549792,72.8402203,400050,,100,85,https://www.propi.in/search/properties,2026-06-26,2026-06-26,Active
843,6704ccc968f5fd8c,Crystal Plaza,,Bandra West,Western Suburbs Prime,19.0549792,72.8402203,400050,,100,75,https://www.propi.in/search/properties,2026-06-26,2026-06-26,Active
844,a6bf30fa8c3e645c,DLH Signature,DLH Signature,Bandra West,Western Suburbs Prime,19.0549792,72.8402203,400050,DLH Group,100,100,https://www.propi.in/search/properties,2026-06-26,2026-06-26,Active
845,a946a86448d85ec6,Dakshin Pali,Dakshin Pali,Bandra West,Western Suburbs Prime,19.0549792,72.8402203,400050,,100,85,https://www.propi.in/search/properties,2026-06-26,2026-06-26,Active
846,80aba65fe5f31274,Deeraj Devika,,Bandra West,Western Suburbs Prime,19.0549792,72.8402203,400050,,100,75,https://www.propi.in/search/properties,2026-06-26,2026-06-26,Active
847,63916ce0385f7291,Dheeraj Swapna,Dheeraj Swapna,Bandra West,Western Suburbs Prime,19.0549792,72.8402203,400050,Dheeraj Group,100,100,https://www.propi.in/search/properties,2026-06-26,2026-06-26,Active
848,2b0ef05839ad0aba,Ekta Everglades,Ekta Everglades | Ektaa Everglades,Bandra West,Western Suburbs Prime,19.0549792,72.8402203,400050,Ekta World,100,100,https://www.propi.in/search/properties,2026-06-26,2026-06-26,Active
849,eb3e09527ce7aa3c,Elisha Apartment,,Bandra West,Western Suburbs Prime,19.0549792,72.8402203,400050,,100,75,https://www.propi.in/search/properties,2026-06-26,2026-06-26,Active
850,c5e371591039e8e1,Eternity,Eternity,Bandra West,Western Suburbs Prime,19.0549792,72.8402203,400050,,100,85,https://www.propi.in/search/properties,2026-06-26,2026-06-26,Active
851,90fe904e6e46202f,Fortune Heights,,Bandra West,Western Suburbs Prime,19.0549792,72.8402203,400050,,100,75,https://www.propi.in/search/properties,2026-06-26,2026-06-26,Active
852,f45d06bd4a09239d,G Block,,Bandra West,Western Suburbs Prime,19.0549792,72.8402203,400050,,100,75,https://www.propi.in/search/properties,2026-06-26,2026-06-26,Active
853,524dbca502378168,Hicon Classes,,Bandra West,Western Suburbs Prime,19.0549792,72.8402203,400050,,100,75,https://www.propi.in/search/properties,2026-06-26,2026-06-26,Active
854,a8c07e3e97b4eb82,Hicon Residency,Hicon Residency,Bandra West,Western Suburbs Prime,19.0549792,72.8402203,400050,,100,85,https://www.propi.in/search/properties,2026-06-26,2026-06-26,Active
855,c168dc366d64d5b1,Joanna Villa,Joanna Villa,Bandra West,Western Suburbs Prime,19.0549792,72.8402203,400050,,100,85,https://www.propi.in/search/properties,2026-06-26,2026-06-26,Active
856,d0e489f8b95affb2,Le Reve,Le Reve,Bandra West,Western Suburbs Prime,19.0549792,72.8402203,400050,,100,85,https://www.propi.in/search/properties,2026-06-26,2026-06-26,Active
857,628a444a9b21ca94,Little Hut,,Bandra West,Western Suburbs Prime,19.0549792,72.8402203,400050,,100,75,https://www.propi.in/search/properties,2026-06-26,2026-06-26,Active
858,60bc008b5b380ec7,Makhija Arcade,Makhija Arcade,Bandra West,Western Suburbs Prime,19.0549792,72.8402203,400050,,100,85,https://www.propi.in/search/properties,2026-06-26,2026-06-26,Active
859,c64ee7f481f1fe87,Mantri Sujata,,Bandra West,Western Suburbs Prime,19.0549792,72.8402203,400050,Mantri Developers,100,90,https://www.propi.in/search/properties,2026-06-26,2026-06-26,Active
860,eb5e850d9c0d7432,Matai Mansion,Matai Mansion,Bandra West,Western Suburbs Prime,19.0549792,72.8402203,400050,,100,85,https://www.propi.in/search/properties,2026-06-26,2026-06-26,Active
861,ecf12877cf1dc6a6,Notan Chambers,Notan Chambers,Bandra West,Western Suburbs Prime,19.0549792,72.8402203,400050,,100,85,https://www.propi.in/search/properties,2026-06-26,2026-06-26,Active
862,b0761d8c0811b6d2,Pacific Heights,Pacific Heights,Bandra West,Western Suburbs Prime,19.0549792,72.8402203,400050,,100,85,https://www.propi.in/search/properties,2026-06-26,2026-06-26,Active
863,a29a9a5c3c310e1e,Regiland,Regiland,Bandra West,Western Suburbs Prime,19.0549792,72.8402203,400050,,100,85,https://www.propi.in/search/properties,2026-06-26,2026-06-26,Active
864,6352c80582853e3f,Roha Orion,,Bandra West,Western Suburbs Prime,19.0549792,72.8402203,400050,,100,75,https://www.propi.in/search/properties,2026-06-26,2026-06-26,Active
865,197991cda5b9098d,Rustomjee Seasons,,Bandra West,Western Suburbs Prime,19.0549792,72.8402203,400050,Rustomjee Group,100,90,https://www.propi.in/search/properties,2026-06-26,2026-06-26,Active
866,3c235b01d7f30495,Sagar Kiran,,Bandra West,Western Suburbs Prime,19.0549792,72.8402203,400050,,100,75,https://www.propi.in/search/properties,2026-06-26,2026-06-26,Active
867,3885753a71f08b4a,Sahana Enclave,Sahana Enclave,Bandra West,Western Suburbs Prime,19.0549792,72.8402203,400050,,100,85,https://www.propi.in/search/properties,2026-06-26,2026-06-26,Active
868,25059a872028491a,Satguru Paman,Satguru Paman,Bandra West,Western Suburbs Prime,19.0549792,72.8402203,400050,,100,85,https://www.propi.in/search/properties,2026-06-26,2026-06-26,Active
869,5820688ea08e798d,Signature Lakhani,,Bandra West,Western Suburbs Prime,19.0549792,72.8402203,400050,,100,75,https://www.propi.in/search/properties,2026-06-26,2026-06-26,Active
870,77dfbf319522c2c9,Sumukh,,Bandra West,Western Suburbs Prime,19.0549792,72.8402203,400050,,100,75,https://www.propi.in/search/properties,2026-06-26,2026-06-26,Active
871,1047946e1e907054,Supreme Residency,Supreme Residency,Bandra West,Western Suburbs Prime,19.0549792,72.8402203,400050,,100,85,https://www.propi.in/search/properties,2026-06-26,2026-06-26,Active
872,3b0a35bbd037a6a0,INS Tower,,Bandra BKC,,19.0606629,72.8546797,400051,,100,60,https://www.propi.in/search/properties,2026-06-26,2026-06-26,Active
873,8e3bd67990471805,12 Pegasus,,Bandra East,Western Suburbs Prime,19.0616565,72.8498111,400051,,100,75,https://www.propi.in/search/properties,2026-06-26,2026-06-26,Active
874,3aacb47ab8302235,Address 51,,Bandra East,Western Suburbs Prime,19.0616565,72.8498111,400051,,100,75,https://www.propi.in/search/properties,2026-06-26,2026-06-26,Active
875,dd8c9b6735bf6134,Agami Eternity,,Bandra East,Western Suburbs Prime,19.0616565,72.8498111,400051,,100,75,https://www.propi.in/search/properties,2026-06-26,2026-06-26,Active
876,8c9b2bded929283d,Agami Legend,,Bandra East,Western Suburbs Prime,19.0616565,72.8498111,400051,,100,75,https://www.propi.in/search/properties,2026-06-26,2026-06-26,Active
877,338bdd25508fc5a7,Antariksh,,Bandra East,Western Suburbs Prime,19.0616565,72.8498111,400051,,100,75,https://www.propi.in/search/properties,2026-06-26,2026-06-26,Active
878,48d55cfc677a0c4b,Antariksh Ace,,Bandra East,Western Suburbs Prime,19.0616565,72.8498111,400051,,100,75,https://www.propi.in/search/properties,2026-06-26,2026-06-26,Active
879,c86fe48378608918,Arista,,Bandra East,Western Suburbs Prime,19.0616565,72.8498111,400051,,100,75,https://www.propi.in/search/properties,2026-06-26,2026-06-26,Active
880,caa583908a3ddbb8,Arista Prime,,Bandra East,Western Suburbs Prime,19.0616565,72.8498111,400051,,100,75,https://www.propi.in/search/properties,2026-06-26,2026-06-26,Active
881,db7e1a03dad004d7,Azzure,,Bandra East,Western Suburbs Prime,19.0616565,72.8498111,400051,,100,75,https://www.propi.in/search/properties,2026-06-26,2026-06-26,Active
882,7884963ae4ca5722,BKC 28,,Bandra East,Western Suburbs Prime,19.0616565,72.8498111,400051,,100,75,https://www.propi.in/search/properties,2026-06-26,2026-06-26,Active
883,fb849c96afc1b105,Bandra North,,Bandra East,Western Suburbs Prime,19.0616565,72.8498111,400051,,100,75,https://www.propi.in/search/properties,2026-06-26,2026-06-26,Active
884,2401474c372fa84d,Buena Vista,,Bandra East,Western Suburbs Prime,19.0616565,72.8498111,400051,,100,75,https://www.propi.in/search/properties,2026-06-26,2026-06-26,Active
885,1eec5b9c13c83536,Fifty One East,,Bandra East,Western Suburbs Prime,19.0616565,72.8498111,400051,,100,75,https://www.propi.in/search/properties,2026-06-26,2026-06-26,Active
886,1aca6164f1b044d5,Geetanjali Apartment,Geetanjali Apts | Geetanjali CHS,Bandra East,Western Suburbs Prime,19.0616565,72.8498111,400051,,100,85,https://www.propi.in/search/properties,2026-06-26,2026-06-26,Active
887,183c4cc015deacc2,Gurukrupa Nirmalam,,Bandra East,Western Suburbs Prime,19.0616565,72.8498111,400051,,100,75,https://www.propi.in/search/properties,2026-06-26,2026-06-26,Active
888,efdd949a3a8fb925,Hallmark Business Plaza,,Bandra East,Western Suburbs Prime,19.0616565,72.8498111,400051,,100,75,https://www.propi.in/search/properties,2026-06-26,2026-06-26,Active
889,8ae52df8fae2d430,Hubtown Sunstone,,Bandra East,Western Suburbs Prime,19.0616565,72.8498111,400051,Hubtown,100,90,https://www.propi.in/search/properties,2026-06-26,2026-06-26,Active
890,67b6aac7d5d623a9,Jade Gardens,,Bandra East,Western Suburbs Prime,19.0616565,72.8498111,400051,,100,75,https://www.propi.in/search/properties,2026-06-26,2026-06-26,Active
891,a31ebaa329d06026,Jagat Vidya,,Bandra East,Western Suburbs Prime,19.0616565,72.8498111,400051,Jagat Group,100,90,https://www.propi.in/search/properties,2026-06-26,2026-06-26,Active
892,f7b6af056daabde0,Kalpataru Magnus,,Bandra East,Western Suburbs Prime,19.0616565,72.8498111,400051,Kalpataru Group,100,90,https://www.propi.in/search/properties,2026-06-26,2026-06-26,Active
893,f9749deec640df9e,Kalpataru Sparkle,,Bandra East,Western Suburbs Prime,19.0616565,72.8498111,400051,Kalpataru Group,100,90,https://www.propi.in/search/properties,2026-06-26,2026-06-26,Active
894,7a8f50312457ed77,Kanakia Paris,,Bandra East,Western Suburbs Prime,19.0616565,72.8498111,400051,Kanakia Group,100,90,https://www.propi.in/search/properties,2026-06-26,2026-06-26,Active
895,59ffd7ac98d9dfa3,Keshava,,Bandra East,Western Suburbs Prime,19.0616565,72.8498111,400051,,100,75,https://www.propi.in/search/properties,2026-06-26,2026-06-26,Active
896,925ddd35b1f7f39b,Mitra Parivaar,,Bandra East,Western Suburbs Prime,19.0616565,72.8498111,400051,,100,75,https://www.propi.in/search/properties,2026-06-26,2026-06-26,Active
897,fa5f981359c1eb82,Monarch,,Bandra East,Western Suburbs Prime,19.0616565,72.8498111,400051,,100,75,https://www.propi.in/search/properties,2026-06-26,2026-06-26,Active
898,90fd7ec3208fcd9a,Naman,Naman Residency,Bandra East,Western Suburbs Prime,19.0616565,72.8498111,400051,Naman Group,100,100,https://www.propi.in/search/properties,2026-06-26,2026-06-26,Active
899,e31b8f1f504ac5bf,Nyay Sagar,,Bandra East,Western Suburbs Prime,19.0616565,72.8498111,400051,,100,75,https://www.propi.in/search/properties,2026-06-26,2026-06-26,Active
900,9578ed0893f2c2cb,Parinee Crescenzo,,Bandra East,Western Suburbs Prime,19.0616565,72.8498111,400051,,100,75,https://www.propi.in/search/properties,2026-06-26,2026-06-26,Active
901,ae8eae3c7ea61909,Pinnacle Corporate Park,,Bandra East,Western Suburbs Prime,19.0616565,72.8498111,400051,,100,75,https://www.propi.in/search/properties,2026-06-26,2026-06-26,Active
902,37ec8a458b2aab50,RNA Azzure,,Bandra East,Western Suburbs Prime,19.0616565,72.8498111,400051,,100,75,https://www.propi.in/search/properties,2026-06-26,2026-06-26,Active
903,57db8a67007b010d,Ramaa Krishna,,Bandra East,Western Suburbs Prime,19.0616565,72.8498111,400051,,100,75,https://www.propi.in/search/properties,2026-06-26,2026-06-26,Active
904,c82808213c7f174f,Rustomjee Cleon,,Bandra East,Western Suburbs Prime,19.0616565,72.8498111,400051,Rustomjee Group,100,90,https://www.propi.in/search/properties,2026-06-26,2026-06-26,Active
905,90f6f3a6b0ac065c,Rustomjee Erika,,Bandra East,Western Suburbs Prime,19.0616565,72.8498111,400051,Rustomjee Group,100,90,https://www.propi.in/search/properties,2026-06-26,2026-06-26,Active
906,19dc8e047fa740e8,Rustomjee Oriana,,Bandra East,Western Suburbs Prime,19.0616565,72.8498111,400051,Rustomjee Group,100,90,https://www.propi.in/search/properties,2026-06-26,2026-06-26,Active
907,b1a79b0823ae0f02,Rustomjee Prive,,Bandra East,Western Suburbs Prime,19.0616565,72.8498111,400051,Rustomjee Group,100,90,https://www.propi.in/search/properties,2026-06-26,2026-06-26,Active
908,517b56b5e8236db0,Rustomjee Seasons,Rustomjee Seasons - Wing D,Bandra East,Western Suburbs Prime,19.0616565,72.8498111,400051,Rustomjee Group,100,100,https://www.propi.in/search/properties,2026-06-26,2026-06-26,Active
909,268b38de043b4e61,Rustomjee Stella,,Bandra East,Western Suburbs Prime,19.0616565,72.8498111,400051,Rustomjee Group,100,90,https://www.propi.in/search/properties,2026-06-26,2026-06-26,Active
910,8ae7e9e7cb834c9a,Sangam Nero,,Bandra East,Western Suburbs Prime,19.0616565,72.8498111,400051,,100,75,https://www.propi.in/search/properties,2026-06-26,2026-06-26,Active
911,b1f505a37be8cc62,Serendipity,,Bandra East,Western Suburbs Prime,19.0616565,72.8498111,400051,,100,75,https://www.propi.in/search/properties,2026-06-26,2026-06-26,Active
912,60f0b23c54e93a43,Sethia Grandeur,,Bandra East,Western Suburbs Prime,19.0616565,72.8498111,400051,,100,75,https://www.propi.in/search/properties,2026-06-26,2026-06-26,Active
913,9515c893f6e0a413,Shakti Sadan,,Bandra East,Western Suburbs Prime,19.0616565,72.8498111,400051,,100,75,https://www.propi.in/search/properties,2026-06-26,2026-06-26,Active
914,b06de99426dffae5,Shapoorji Pallonji,Shapoorji Pallonji BKC,Bandra East,Western Suburbs Prime,19.0616565,72.8498111,400051,Shapoorji Pallonji,100,100,https://www.propi.in/search/properties,2026-06-26,2026-06-26,Active
915,2d1b942c3003a027,Signature Island,,Bandra East,Western Suburbs Prime,19.0616565,72.8498111,400051,,100,75,https://www.propi.in/search/properties,2026-06-26,2026-06-26,Active
916,7d1e7cd5d6e3a46f,Signia Isles,,Bandra East,Western Suburbs Prime,19.0616565,72.8498111,400051,,100,75,https://www.propi.in/search/properties,2026-06-26,2026-06-26,Active
917,2d787ff233895431,Signia Pearl,,Bandra East,Western Suburbs Prime,19.0616565,72.8498111,400051,,100,75,https://www.propi.in/search/properties,2026-06-26,2026-06-26,Active
918,2f06f16f86781a7a,Sunteck Pearl,,Bandra East,Western Suburbs Prime,19.0616565,72.8498111,400051,Sunteck Realty,100,90,https://www.propi.in/search/properties,2026-06-26,2026-06-26,Active
919,6eea51374ed98664,Address By GS,The Address By GS,Bandra East,Western Suburbs Prime,19.0616565,72.8498111,400051,,100,85,https://www.propi.in/search/properties,2026-06-26,2026-06-26,Active
920,a639b910f31f1e8d,Trade Centre,,Bandra East,Western Suburbs Prime,19.0616565,72.8498111,400051,,100,75,https://www.propi.in/search/properties,2026-06-26,2026-06-26,Active
921,87945505ef864a0b,Vaibhav Chambers,,Bandra East,Western Suburbs Prime,19.0616565,72.8498111,400051,,100,75,https://www.propi.in/search/properties,2026-06-26,2026-06-26,Active
922,af5919e665077b87,Vaibhav Chember,,Bandra East,Western Suburbs Prime,19.0616565,72.8498111,400051,,100,75,https://www.propi.in/search/properties,2026-06-26,2026-06-26,Active
923,b81a07386395e0f0,Vaibhavlaxmi,,Bandra East,Western Suburbs Prime,19.0616565,72.8498111,400051,,100,75,https://www.propi.in/search/properties,2026-06-26,2026-06-26,Active
924,f7c2822c4b9a6d17,Vaibhavlaxmi Address51,,Bandra East,Western Suburbs Prime,19.0616565,72.8498111,400051,,100,75,https://www.propi.in/search/properties,2026-06-26,2026-06-26,Active
925,35b05a34295cedec,Wahedna Apartment,,Bandra East,Western Suburbs Prime,19.0616565,72.8498111,400051,,100,75,https://www.propi.in/search/properties,2026-06-26,2026-06-26,Active
926,82149093691b9d39,X BKC,,Bandra East,Western Suburbs Prime,19.0616565,72.8498111,400051,,100,75,https://www.propi.in/search/properties,2026-06-26,2026-06-26,Active
927,ce975a6670d72b26,30 Union Park,,Bandra West,Western Suburbs Prime,19.0583358,72.8302669,,,100,70,https://www.propi.in/search/properties,2026-06-26,2026-06-26,Active
928,f91014ef859eb1c6,81 Aureate,,Bandra West,Western Suburbs Prime,19.0583358,72.8302669,,,100,70,https://www.propi.in/search/properties,2026-06-26,2026-06-26,Active
929,4b929833a72391c7,ALJ Residency,,Bandra West,Western Suburbs Prime,19.0583358,72.8302669,,,100,70,https://www.propi.in/search/properties,2026-06-26,2026-06-26,Active
930,f81a883471b951c8,AVD Residencia,,Bandra West,Western Suburbs Prime,19.0583358,72.8302669,,,100,70,https://www.propi.in/search/properties,2026-06-26,2026-06-26,Active
931,e5763d63155cfe34,Aashiyana,,Bandra West,Western Suburbs Prime,19.0583358,72.8302669,,,100,70,https://www.propi.in/search/properties,2026-06-26,2026-06-26,Active
932,18ac85bdc1033fe0,Aashna Apartments,,Bandra West,Western Suburbs Prime,19.0583358,72.8302669,,,100,70,https://www.propi.in/search/properties,2026-06-26,2026-06-26,Active
933,a161dc53648c4333,Allied,,Bandra West,Western Suburbs Prime,19.0583358,72.8302669,,,100,70,https://www.propi.in/search/properties,2026-06-26,2026-06-26,Active
934,2df0f42a202d5442,Almeida Park,,Bandra West,Western Suburbs Prime,19.0583358,72.8302669,,,100,70,https://www.propi.in/search/properties,2026-06-26,2026-06-26,Active
935,fe12fd3a54de9470,Amin Alturas,,Bandra West,Western Suburbs Prime,19.0583358,72.8302669,,,100,70,https://www.propi.in/search/properties,2026-06-26,2026-06-26,Active
936,3ba572e02c50eb35,Amrit,,Bandra West,Western Suburbs Prime,19.0583358,72.8302669,,,100,70,https://www.propi.in/search/properties,2026-06-26,2026-06-26,Active
937,ca222c9840da1cf3,Anand Sagar,,Bandra West,Western Suburbs Prime,19.0583358,72.8302669,,,100,70,https://www.propi.in/search/properties,2026-06-26,2026-06-26,Active
938,f4537715cbf85bfb,Ananta,,Bandra West,Western Suburbs Prime,19.0583358,72.8302669,,,100,70,https://www.propi.in/search/properties,2026-06-26,2026-06-26,Active
939,dc75be9944f956c1,Anchorage,,Bandra West,Western Suburbs Prime,19.0583358,72.8302669,,,100,70,https://www.propi.in/search/properties,2026-06-26,2026-06-26,Active
940,29f6f5e3984887d4,Apsara,,Bandra West,Western Suburbs Prime,19.0583358,72.8302669,,,100,70,https://www.propi.in/search/properties,2026-06-26,2026-06-26,Active
941,7a35490b412ec80f,Ashiana,Ashiana Building | Ashiana Glaxo,Bandra West,Western Suburbs Prime,19.0583358,72.8302669,,Ashiana Group,100,95,https://www.propi.in/search/properties,2026-06-26,2026-06-26,Active
942,b21c8da42e9b0358,Ashtavinayak,,Bandra West,Western Suburbs Prime,19.0583358,72.8302669,,,100,70,https://www.propi.in/search/properties,2026-06-26,2026-06-26,Active
943,30b0766d960af2d1,Asiya Manor,,Bandra West,Western Suburbs Prime,19.0583358,72.8302669,,,100,70,https://www.propi.in/search/properties,2026-06-26,2026-06-26,Active
944,1aa72d57ab2f0150,Avalon,,Bandra West,Western Suburbs Prime,19.0583358,72.8302669,,,100,70,https://www.propi.in/search/properties,2026-06-26,2026-06-26,Active
945,6e84d02f9006b8a5,Avisa,,Bandra West,Western Suburbs Prime,19.0583358,72.8302669,,,100,70,https://www.propi.in/search/properties,2026-06-26,2026-06-26,Active
946,8d4f95afae473774,BKC 28,,Bandra West,Western Suburbs Prime,19.0583358,72.8302669,,,100,70,https://www.propi.in/search/properties,2026-06-26,2026-06-26,Active
947,83059b9b3decab40,Bajaj Diamond,,Bandra West,Western Suburbs Prime,19.0583358,72.8302669,,,100,70,https://www.propi.in/search/properties,2026-06-26,2026-06-26,Active
948,7047d42071479fba,Bajaj Onyx,Bajaj Onyx Apartment,Bandra West,Western Suburbs Prime,19.0583358,72.8302669,,,100,80,https://www.propi.in/search/properties,2026-06-26,2026-06-26,Active
949,c6b9386e4971b394,Balmoral Hall,,Bandra West,Western Suburbs Prime,19.0583358,72.8302669,,,100,70,https://www.propi.in/search/properties,2026-06-26,2026-06-26,Active
950,c5d841b1d3c4140c,Bandra Breeze,,Bandra West,Western Suburbs Prime,19.0583358,72.8302669,,,100,70,https://www.propi.in/search/properties,2026-06-26,2026-06-26,Active
951,13acbebdb7a0a8ce,Bandra Olympic,,Bandra West,Western Suburbs Prime,19.0583358,72.8302669,,,100,70,https://www.propi.in/search/properties,2026-06-26,2026-06-26,Active
952,66d8037b512b2f9f,Basheera Residency,,Bandra West,Western Suburbs Prime,19.0583358,72.8302669,,,100,70,https://www.propi.in/search/properties,2026-06-26,2026-06-26,Active
953,028b141b23f0cbad,Bay View,,Bandra West,Western Suburbs Prime,19.0583358,72.8302669,,,100,70,https://www.propi.in/search/properties,2026-06-26,2026-06-26,Active
954,6e2a313f85ad073b,Beach View,,Bandra West,Western Suburbs Prime,19.0583358,72.8302669,,,100,70,https://www.propi.in/search/properties,2026-06-26,2026-06-26,Active
955,ab823cc4f2621f19,Beaupride,,Bandra West,Western Suburbs Prime,19.0583358,72.8302669,,,100,70,https://www.propi.in/search/properties,2026-06-26,2026-06-26,Active
956,6b697173a5d48d14,Belfer,Belfer Apartment,Bandra West,Western Suburbs Prime,19.0583358,72.8302669,,,100,80,https://www.propi.in/search/properties,2026-06-26,2026-06-26,Active
957,a86ad8e6b773684e,Bella Rose,,Bandra West,Western Suburbs Prime,19.0583358,72.8302669,,,100,70,https://www.propi.in/search/properties,2026-06-26,2026-06-26,Active
958,38f625997ff5ce9f,Bella Vista,,Bandra West,Western Suburbs Prime,19.0583358,72.8302669,,,100,70,https://www.propi.in/search/properties,2026-06-26,2026-06-26,Active
959,bb604e398fb1b351,Benezet,,Bandra West,Western Suburbs Prime,19.0583358,72.8302669,,,100,70,https://www.propi.in/search/properties,2026-06-26,2026-06-26,Active
960,e3f7bf8e70bcc926,Bhagtani Amber,,Bandra West,Western Suburbs Prime,19.0583358,72.8302669,,,100,70,https://www.propi.in/search/properties,2026-06-26,2026-06-26,Active
961,bb8f1d00eac87a0a,Bhagtani Apartment,,Bandra West,Western Suburbs Prime,19.0583358,72.8302669,,,100,70,https://www.propi.in/search/properties,2026-06-26,2026-06-26,Active
962,a851783a3b1a3f73,Bindiya,,Bandra West,Western Suburbs Prime,19.0583358,72.8302669,,,100,70,https://www.propi.in/search/properties,2026-06-26,2026-06-26,Active
963,795f6258b52e5cb9,Blue Bird,,Bandra West,Western Suburbs Prime,19.0583358,72.8302669,,,100,70,https://www.propi.in/search/properties,2026-06-26,2026-06-26,Active
964,a36262e47ccc980e,Blue Moon Apartment,,Bandra West,Western Suburbs Prime,19.0583358,72.8302669,,,100,70,https://www.propi.in/search/properties,2026-06-26,2026-06-26,Active
965,49ab118d161db830,Blue Rose,,Bandra West,Western Suburbs Prime,19.0583358,72.8302669,,,100,70,https://www.propi.in/search/properties,2026-06-26,2026-06-26,Active
966,d7fd8540d2a7d809,Bonny Casa,,Bandra West,Western Suburbs Prime,19.0583358,72.8302669,,,100,70,https://www.propi.in/search/properties,2026-06-26,2026-06-26,Active
967,e62011a9ddabd034,Brand New Apartment,,Bandra West,Western Suburbs Prime,19.0583358,72.8302669,,,100,70,https://www.propi.in/search/properties,2026-06-26,2026-06-26,Active
968,33172067187bd99a,Breezy Heights,,Bandra West,Western Suburbs Prime,19.0583358,72.8302669,,,100,70,https://www.propi.in/search/properties,2026-06-26,2026-06-26,Active
969,5762b847ccadbfd4,Bright Land,,Bandra West,Western Suburbs Prime,19.0583358,72.8302669,,,100,70,https://www.propi.in/search/properties,2026-06-26,2026-06-26,Active
970,1bbcb1c3dbdf3f3f,Buena Vista,,Bandra West,Western Suburbs Prime,19.0583358,72.8302669,,,100,70,https://www.propi.in/search/properties,2026-06-26,2026-06-26,Active
971,4f4fb930fc672a37,Bunglow,,Bandra West,Western Suburbs Prime,19.0583358,72.8302669,,,100,70,https://www.propi.in/search/properties,2026-06-26,2026-06-26,Active
972,67fa44e1c090d542,Cannon,,Bandra West,Western Suburbs Prime,19.0583358,72.8302669,,,100,70,https://www.propi.in/search/properties,2026-06-26,2026-06-26,Active
973,658f876f2425c718,Cannon Bldg,,Bandra West,Western Suburbs Prime,19.0583358,72.8302669,,,100,70,https://www.propi.in/search/properties,2026-06-26,2026-06-26,Active
974,33a1b4a47b0e3668,Capri Heights,,Bandra West,Western Suburbs Prime,19.0583358,72.8302669,,,100,70,https://www.propi.in/search/properties,2026-06-26,2026-06-26,Active
975,3186122312eca89e,Captain Villa,,Bandra West,Western Suburbs Prime,19.0583358,72.8302669,,,100,70,https://www.propi.in/search/properties,2026-06-26,2026-06-26,Active
976,5fd7144620f873bb,Carlton Court,,Bandra West,Western Suburbs Prime,19.0583358,72.8302669,,,100,70,https://www.propi.in/search/properties,2026-06-26,2026-06-26,Active
977,34a8f94ff223d0ba,Casa de Rosa,,Bandra West,Western Suburbs Prime,19.0583358,72.8302669,,,100,70,https://www.propi.in/search/properties,2026-06-26,2026-06-26,Active
978,f48257da54a889d0,Cassias,,Bandra West,Western Suburbs Prime,19.0583358,72.8302669,,,100,70,https://www.propi.in/search/properties,2026-06-26,2026-06-26,Active
979,0d22eaa77392f68d,Cenced,,Bandra West,Western Suburbs Prime,19.0583358,72.8302669,,,100,70,https://www.propi.in/search/properties,2026-06-26,2026-06-26,Active
980,c5dda233bde71cec,Chand Terraces,,Bandra West,Western Suburbs Prime,19.0583358,72.8302669,,,100,70,https://www.propi.in/search/properties,2026-06-26,2026-06-26,Active
981,44f53559660620e2,Char Dham,,Bandra West,Western Suburbs Prime,19.0583358,72.8302669,,,100,70,https://www.propi.in/search/properties,2026-06-26,2026-06-26,Active
982,651142bfbcedeb1a,Chardham,,Bandra West,Western Suburbs Prime,19.0583358,72.8302669,,,100,70,https://www.propi.in/search/properties,2026-06-26,2026-06-26,Active
983,a266ad3aa8f315a7,Church View,,Bandra West,Western Suburbs Prime,19.0583358,72.8302669,,,100,70,https://www.propi.in/search/properties,2026-06-26,2026-06-26,Active
984,cf37afc9bb9842c6,Citizen Apartment,,Bandra West,Western Suburbs Prime,19.0583358,72.8302669,,,100,70,https://www.propi.in/search/properties,2026-06-26,2026-06-26,Active
985,54609f24e04c75a4,Classic Corner,,Bandra West,Western Suburbs Prime,19.0583358,72.8302669,,,100,70,https://www.propi.in/search/properties,2026-06-26,2026-06-26,Active
986,cb34f3ab66b0b493,Clefepete,,Bandra West,Western Suburbs Prime,19.0583358,72.8302669,,,100,70,https://www.propi.in/search/properties,2026-06-26,2026-06-26,Active
987,9470f9d932a5c05b,Concrete Heritage,,Bandra West,Western Suburbs Prime,19.0583358,72.8302669,,,100,70,https://www.propi.in/search/properties,2026-06-26,2026-06-26,Active
988,3be961722215f476,Convent View,,Bandra West,Western Suburbs Prime,19.0583358,72.8302669,,,100,70,https://www.propi.in/search/properties,2026-06-26,2026-06-26,Active
989,b38f514811547195,Coral,,Bandra West,Western Suburbs Prime,19.0583358,72.8302669,,,100,70,https://www.propi.in/search/properties,2026-06-26,2026-06-26,Active
990,b635b62f2e64ccc3,Corner View,,Bandra West,Western Suburbs Prime,19.0583358,72.8302669,,,100,70,https://www.propi.in/search/properties,2026-06-26,2026-06-26,Active
991,bdf1ac15f39a477e,Cosmopolitan,,Bandra West,Western Suburbs Prime,19.0583358,72.8302669,,,100,70,https://www.propi.in/search/properties,2026-06-26,2026-06-26,Active
992,9a842e0f6a236b93,Cozy Home,,Bandra West,Western Suburbs Prime,19.0583358,72.8302669,,,100,70,https://www.propi.in/search/properties,2026-06-26,2026-06-26,Active
993,26bdcc670360d71f,Crescent,,Bandra West,Western Suburbs Prime,19.0583358,72.8302669,,,100,70,https://www.propi.in/search/properties,2026-06-26,2026-06-26,Active
994,282abb246e107ca3,Crown Palace,,Bandra West,Western Suburbs Prime,19.0583358,72.8302669,,,100,70,https://www.propi.in/search/properties,2026-06-26,2026-06-26,Active
995,e17745834571404b,Dandelion,,Bandra West,Western Suburbs Prime,19.0583358,72.8302669,,,100,70,https://www.propi.in/search/properties,2026-06-26,2026-06-26,Active
996,1b99f72d211e199f,Dango House,,Bandra West,Western Suburbs Prime,19.0583358,72.8302669,,,100,70,https://www.propi.in/search/properties,2026-06-26,2026-06-26,Active
997,c86a87a33d58f3e4,Dattani Palace,,Bandra West,Western Suburbs Prime,19.0583358,72.8302669,,,100,70,https://www.propi.in/search/properties,2026-06-26,2026-06-26,Active
998,f315106b1d5c4327,Deccan Court,,Bandra West,Western Suburbs Prime,19.0583358,72.8302669,,,100,70,https://www.propi.in/search/properties,2026-06-26,2026-06-26,Active
999,dba506d3eb0e0516,Deepak Silverene,,Bandra West,Western Suburbs Prime,19.0583358,72.8302669,,,100,70,https://www.propi.in/search/properties,2026-06-26,2026-06-26,Active
1000,aeda155766b4aff8,Deepali,,Bandra West,Western Suburbs Prime,19.0583358,72.8302669,,,100,70,https://www.propi.in/search/properties,2026-06-26,2026-06-26,Active
1001,e509f1c6e916c1bf,Deepika,Deepika Apartment,Bandra West,Western Suburbs Prime,19.0583358,72.8302669,,,100,80,https://www.propi.in/search/properties,2026-06-26,2026-06-26,Active
1002,975e776285f7d47f,Devansh Villa,,Bandra West,Western Suburbs Prime,19.0583358,72.8302669,,,100,70,https://www.propi.in/search/properties,2026-06-26,2026-06-26,Active
1003,2d85f23f9aeb13d7,Dharamjyot,,Bandra West,Western Suburbs Prime,19.0583358,72.8302669,,,100,70,https://www.propi.in/search/properties,2026-06-26,2026-06-26,Active
1004,61fc3b7dd7f843e2,Dheeraj Aashna,,Bandra West,Western Suburbs Prime,19.0583358,72.8302669,,Dheeraj Group,100,85,https://www.propi.in/search/properties,2026-06-26,2026-06-26,Active
1005,936845516f086db4,Dheeraj Arcade,,Bandra West,Western Suburbs Prime,19.0583358,72.8302669,,Dheeraj Group,100,85,https://www.propi.in/search/properties,2026-06-26,2026-06-26,Active
1006,968d1c3313d585fa,Dheeraj Devika,Dheeraj Devika Apartment,Bandra West,Western Suburbs Prime,19.0583358,72.8302669,,Dheeraj Group,100,95,https://www.propi.in/search/properties,2026-06-26,2026-06-26,Active
1007,3ad923602e3fb001,Dheeraj Dhan,,Bandra West,Western Suburbs Prime,19.0583358,72.8302669,,Dheeraj Group,100,85,https://www.propi.in/search/properties,2026-06-26,2026-06-26,Active
1008,8d5710b37e89f5ae,Dheeraj Plaza,,Bandra West,Western Suburbs Prime,19.0583358,72.8302669,,Dheeraj Group,100,85,https://www.propi.in/search/properties,2026-06-26,2026-06-26,Active
1009,43ba72366c736e25,Dheeraj Sneh,,Bandra West,Western Suburbs Prime,19.0583358,72.8302669,,Dheeraj Group,100,85,https://www.propi.in/search/properties,2026-06-26,2026-06-26,Active
1010,ddc5970267c12150,Dhiraj Devika,,Bandra West,Western Suburbs Prime,19.0583358,72.8302669,,,100,70,https://www.propi.in/search/properties,2026-06-26,2026-06-26,Active
1011,acd22b9763ed08e6,Diamond Palace,,Bandra West,Western Suburbs Prime,19.0583358,72.8302669,,,100,70,https://www.propi.in/search/properties,2026-06-26,2026-06-26,Active
1012,165573fec60ba0e9,Dinaco Kiran,,Bandra West,Western Suburbs Prime,19.0583358,72.8302669,,,100,70,https://www.propi.in/search/properties,2026-06-26,2026-06-26,Active
1013,b06184654b129a3d,Dom Lucia,,Bandra West,Western Suburbs Prime,19.0583358,72.8302669,,,100,70,https://www.propi.in/search/properties,2026-06-26,2026-06-26,Active
1014,0954bc0f91b67182,Duarte Haven,,Bandra West,Western Suburbs Prime,19.0583358,72.8302669,,,100,70,https://www.propi.in/search/properties,2026-06-26,2026-06-26,Active
1015,78ea42f4a22233fe,Dunhill,Dunhill Apartment,Bandra West,Western Suburbs Prime,19.0583358,72.8302669,,,100,80,https://www.propi.in/search/properties,2026-06-26,2026-06-26,Active
1016,8757c656e357da00,Ebenezer,,Bandra West,Western Suburbs Prime,19.0583358,72.8302669,,,100,70,https://www.propi.in/search/properties,2026-06-26,2026-06-26,Active
1017,1c74f3c930d4ee6e,Ebony,,Bandra West,Western Suburbs Prime,19.0583358,72.8302669,,,100,70,https://www.propi.in/search/properties,2026-06-26,2026-06-26,Active
1018,e5e7b84e52e91201,Ekta Elite,,Bandra West,Western Suburbs Prime,19.0583358,72.8302669,,Ekta World,100,85,https://www.propi.in/search/properties,2026-06-26,2026-06-26,Active
1019,4839a065cf74b44e,Ekta World WestBay,,Bandra West,Western Suburbs Prime,19.0583358,72.8302669,,Ekta World,100,85,https://www.propi.in/search/properties,2026-06-26,2026-06-26,Active
1020,7f421ad782b9f054,Elcid Apartment,,Bandra West,Western Suburbs Prime,19.0583358,72.8302669,,,100,70,https://www.propi.in/search/properties,2026-06-26,2026-06-26,Active
1021,c1a82b1298177f79,Elco Arcade,,Bandra West,Western Suburbs Prime,19.0583358,72.8302669,,,100,70,https://www.propi.in/search/properties,2026-06-26,2026-06-26,Active
1022,09b4c5f46abe8d36,Elco Residency,,Bandra West,Western Suburbs Prime,19.0583358,72.8302669,,,100,70,https://www.propi.in/search/properties,2026-06-26,2026-06-26,Active
1023,50a6b857c198044b,Elfreda,,Bandra West,Western Suburbs Prime,19.0583358,72.8302669,,,100,70,https://www.propi.in/search/properties,2026-06-26,2026-06-26,Active
1024,4a11ac5343d8edfd,Elron Garden,,Bandra West,Western Suburbs Prime,19.0583358,72.8302669,,,100,70,https://www.propi.in/search/properties,2026-06-26,2026-06-26,Active
1025,4bdc46128d65929e,Emerald CHS,,Bandra West,Western Suburbs Prime,19.0583358,72.8302669,,,100,70,https://www.propi.in/search/properties,2026-06-26,2026-06-26,Active
1026,df88d9e578e235e1,Emily,,Bandra West,Western Suburbs Prime,19.0583358,72.8302669,,,100,70,https://www.propi.in/search/properties,2026-06-26,2026-06-26,Active
1027,2c6bb6dda2707529,Erlyn,,Bandra West,Western Suburbs Prime,19.0583358,72.8302669,,,100,70,https://www.propi.in/search/properties,2026-06-26,2026-06-26,Active
1028,a157726eff937b1a,Esperanza,,Bandra West,Western Suburbs Prime,19.0583358,72.8302669,,,100,70,https://www.propi.in/search/properties,2026-06-26,2026-06-26,Active
1029,4b5af0520addce11,Estrella,,Bandra West,Western Suburbs Prime,19.0583358,72.8302669,,,100,70,https://www.propi.in/search/properties,2026-06-26,2026-06-26,Active
1030,9c19128ef2ebeddf,Evergreen,,Bandra West,Western Suburbs Prime,19.0583358,72.8302669,,,100,70,https://www.propi.in/search/properties,2026-06-26,2026-06-26,Active
1031,f5d336d696ae2c8b,Evergreen Turner,,Bandra West,Western Suburbs Prime,19.0583358,72.8302669,,,100,70,https://www.propi.in/search/properties,2026-06-26,2026-06-26,Active
1032,7a0f730000bf655f,Excella Apartment,,Bandra West,Western Suburbs Prime,19.0583358,72.8302669,,,100,70,https://www.propi.in/search/properties,2026-06-26,2026-06-26,Active
1033,4fcc9f59d3dbde65,Fatima Villa,,Bandra West,Western Suburbs Prime,19.0583358,72.8302669,,,100,70,https://www.propi.in/search/properties,2026-06-26,2026-06-26,Active
1034,9bce07287cef9087,Felicia,,Bandra West,Western Suburbs Prime,19.0583358,72.8302669,,,100,70,https://www.propi.in/search/properties,2026-06-26,2026-06-26,Active
1035,c89e49d7784ec25e,Flushel Apartment,,Bandra West,Western Suburbs Prime,19.0583358,72.8302669,,,100,70,https://www.propi.in/search/properties,2026-06-26,2026-06-26,Active
1036,8c726cf0e7db8a8e,Fortune Crown,,Bandra West,Western Suburbs Prime,19.0583358,72.8302669,,,100,70,https://www.propi.in/search/properties,2026-06-26,2026-06-26,Active
1037,3aa5544ff2ba179c,Fortune Heritage,,Bandra West,Western Suburbs Prime,19.0583358,72.8302669,,,100,70,https://www.propi.in/search/properties,2026-06-26,2026-06-26,Active
1038,65e3da63acff4796,Francdel,,Bandra West,Western Suburbs Prime,19.0583358,72.8302669,,,100,70,https://www.propi.in/search/properties,2026-06-26,2026-06-26,Active
1039,cbaa42542b23f477,Francesca,,Bandra West,Western Suburbs Prime,19.0583358,72.8302669,,,100,70,https://www.propi.in/search/properties,2026-06-26,2026-06-26,Active
1040,0bfa61690646367a,Gasper Enclave,,Bandra West,Western Suburbs Prime,19.0583358,72.8302669,,,100,70,https://www.propi.in/search/properties,2026-06-26,2026-06-26,Active
1041,b4420eea2261260f,Georgina Apartment,,Bandra West,Western Suburbs Prime,19.0583358,72.8302669,,,100,70,https://www.propi.in/search/properties,2026-06-26,2026-06-26,Active
1042,c0131ffc5570d218,Gilder Villa,,Bandra West,Western Suburbs Prime,19.0583358,72.8302669,,,100,70,https://www.propi.in/search/properties,2026-06-26,2026-06-26,Active
1043,4fe9a8f160258515,Gods Gift,,Bandra West,Western Suburbs Prime,19.0583358,72.8302669,,,100,70,https://www.propi.in/search/properties,2026-06-26,2026-06-26,Active
1044,22acfe1d4ed8caf2,Golden Palace,,Bandra West,Western Suburbs Prime,19.0583358,72.8302669,,,100,70,https://www.propi.in/search/properties,2026-06-26,2026-06-26,Active
1045,70e317bac460f395,Golden Rock,,Bandra West,Western Suburbs Prime,19.0583358,72.8302669,,,100,70,https://www.propi.in/search/properties,2026-06-26,2026-06-26,Active
1046,27ccf0b6366ef048,Gopal Mansion,,Bandra West,Western Suburbs Prime,19.0583358,72.8302669,,,100,70,https://www.propi.in/search/properties,2026-06-26,2026-06-26,Active
1047,96b5c386ebc83a75,Grace Heritage,,Bandra West,Western Suburbs Prime,19.0583358,72.8302669,,,100,70,https://www.propi.in/search/properties,2026-06-26,2026-06-26,Active
1048,a0b22659c74d4b23,Grace Residency,,Bandra West,Western Suburbs Prime,19.0583358,72.8302669,,,100,70,https://www.propi.in/search/properties,2026-06-26,2026-06-26,Active
1049,b21a2c45f89be540,Grand Bay,,Bandra West,Western Suburbs Prime,19.0583358,72.8302669,,,100,70,https://www.propi.in/search/properties,2026-06-26,2026-06-26,Active
1050,f1dc4d8cfd172ad2,Grand Bella Vista,,Bandra West,Western Suburbs Prime,19.0583358,72.8302669,,,100,70,https://www.propi.in/search/properties,2026-06-26,2026-06-26,Active
1051,0f5b2321352d2973,Grand Paradise,,Bandra West,Western Suburbs Prime,19.0583358,72.8302669,,,100,70,https://www.propi.in/search/properties,2026-06-26,2026-06-26,Active
1052,dcf0e6366c06605d,Guldev Sagar,,Bandra West,Western Suburbs Prime,19.0583358,72.8302669,,,100,70,https://www.propi.in/search/properties,2026-06-26,2026-06-26,Active
1053,d87668c33efcf7fb,Gulmohar,,Bandra West,Western Suburbs Prime,19.0583358,72.8302669,,,100,70,https://www.propi.in/search/properties,2026-06-26,2026-06-26,Active
1054,a2a6c4493cae5536,Gurudev Bhavan,,Bandra West,Western Suburbs Prime,19.0583358,72.8302669,,,100,70,https://www.propi.in/search/properties,2026-06-26,2026-06-26,Active
1055,d4f8bcbb6e9eddf8,Gurukrupa Marque,,Bandra West,Western Suburbs Prime,19.0583358,72.8302669,,,100,70,https://www.propi.in/search/properties,2026-06-26,2026-06-26,Active
1056,cb9fd5bb163a8190,H and M Tower,,Bandra West,Western Suburbs Prime,19.0583358,72.8302669,,,100,70,https://www.propi.in/search/properties,2026-06-26,2026-06-26,Active
1057,d18b3b16a7d04d76,HandM Tower,H&M Tower,Bandra West,Western Suburbs Prime,19.0583358,72.8302669,,,100,80,https://www.propi.in/search/properties,2026-06-26,2026-06-26,Active
1058,ce900d9d41527c9f,Happy Home,,Bandra West,Western Suburbs Prime,19.0583358,72.8302669,,,100,70,https://www.propi.in/search/properties,2026-06-26,2026-06-26,Active
1059,eab2bf73a9264d94,Hardik Villa,,Bandra West,Western Suburbs Prime,19.0583358,72.8302669,,,100,70,https://www.propi.in/search/properties,2026-06-26,2026-06-26,Active
1060,7a80acaf4e04942f,Harmony,,Bandra West,Western Suburbs Prime,19.0583358,72.8302669,,,100,70,https://www.propi.in/search/properties,2026-06-26,2026-06-26,Active
1061,7fe6f875c04210bd,Heritage,,Bandra West,Western Suburbs Prime,19.0583358,72.8302669,,,100,70,https://www.propi.in/search/properties,2026-06-26,2026-06-26,Active
1062,418a93897526fe14,Hicons Residency,,Bandra West,Western Suburbs Prime,19.0583358,72.8302669,,,100,70,https://www.propi.in/search/properties,2026-06-26,2026-06-26,Active
1063,30b89a1cf787bbb4,Highland,,Bandra West,Western Suburbs Prime,19.0583358,72.8302669,,,100,70,https://www.propi.in/search/properties,2026-06-26,2026-06-26,Active
1064,1baa25c57a29c707,Hill Post,,Bandra West,Western Suburbs Prime,19.0583358,72.8302669,,,100,70,https://www.propi.in/search/properties,2026-06-26,2026-06-26,Active
1065,aa3ba16808472389,Hill Road Society,,Bandra West,Western Suburbs Prime,19.0583358,72.8302669,,,100,70,https://www.propi.in/search/properties,2026-06-26,2026-06-26,Active
1066,2b15563113132e4c,Hill Top,,Bandra West,Western Suburbs Prime,19.0583358,72.8302669,,,100,70,https://www.propi.in/search/properties,2026-06-26,2026-06-26,Active
1067,3ec1dab0da522f57,Hill View,,Bandra West,Western Suburbs Prime,19.0583358,72.8302669,,,100,70,https://www.propi.in/search/properties,2026-06-26,2026-06-26,Active
1068,4e974d8702f6a53b,Hill View Bldg,,Bandra West,Western Suburbs Prime,19.0583358,72.8302669,,,100,70,https://www.propi.in/search/properties,2026-06-26,2026-06-26,Active
1069,9b8e0d13c6b55661,Hillary Apartments,,Bandra West,Western Suburbs Prime,19.0583358,72.8302669,,,100,70,https://www.propi.in/search/properties,2026-06-26,2026-06-26,Active
1070,e55fa26e12e2376a,Hilton Apartment,,Bandra West,Western Suburbs Prime,19.0583358,72.8302669,,,100,70,https://www.propi.in/search/properties,2026-06-26,2026-06-26,Active
1071,fe5d56e95c76661c,Hiranandani Bay Heights,,Bandra West,Western Suburbs Prime,19.0583358,72.8302669,,Hiranandani Group,100,85,https://www.propi.in/search/properties,2026-06-26,2026-06-26,Active
1072,7dc6bdf2fd0f6e0a,Honeycomb,,Bandra West,Western Suburbs Prime,19.0583358,72.8302669,,,100,70,https://www.propi.in/search/properties,2026-06-26,2026-06-26,Active
1073,100480a91fbfe886,Ideal Manohar,,Bandra West,Western Suburbs Prime,19.0583358,72.8302669,,,100,70,https://www.propi.in/search/properties,2026-06-26,2026-06-26,Active
1074,e191774c84d6a498,Ideal Manohar Chs Ltd,,Bandra West,Western Suburbs Prime,19.0583358,72.8302669,,,100,70,https://www.propi.in/search/properties,2026-06-26,2026-06-26,Active
1075,c3389b396618095a,Identity,,Bandra West,Western Suburbs Prime,19.0583358,72.8302669,,,100,70,https://www.propi.in/search/properties,2026-06-26,2026-06-26,Active
1076,5e65355f8f7deab9,Imperial Heights,,Bandra West,Western Suburbs Prime,19.0583358,72.8302669,,,100,70,https://www.propi.in/search/properties,2026-06-26,2026-06-26,Active
1077,752b3c1a27c1bcc2,Island Heights CHS,Island Heights CHSL,Bandra West,Western Suburbs Prime,19.0583358,72.8302669,,,100,80,https://www.propi.in/search/properties,2026-06-26,2026-06-26,Active
1078,b133b8b89a530440,Jackers,Jackers,Bandra West,Western Suburbs Prime,19.0583358,72.8302669,,,100,80,https://www.propi.in/search/properties,2026-06-26,2026-06-26,Active
1079,3d7afb733c0e69cb,Jeevan,,Bandra West,Western Suburbs Prime,19.0583358,72.8302669,,,100,70,https://www.propi.in/search/properties,2026-06-26,2026-06-26,Active
1080,143ef3b08834191b,Jercelle,,Bandra West,Western Suburbs Prime,19.0583358,72.8302669,,,100,70,https://www.propi.in/search/properties,2026-06-26,2026-06-26,Active
1081,5ea36837d6dafdde,Jewel Milan,,Bandra West,Western Suburbs Prime,19.0583358,72.8302669,,,100,70,https://www.propi.in/search/properties,2026-06-26,2026-06-26,Active
1082,27c82fc34b85f70a,Jolly Friends,,Bandra West,Western Suburbs Prime,19.0583358,72.8302669,,,100,70,https://www.propi.in/search/properties,2026-06-26,2026-06-26,Active
1083,872294feca7df9e8,Jolly Highrise,,Bandra West,Western Suburbs Prime,19.0583358,72.8302669,,,100,70,https://www.propi.in/search/properties,2026-06-26,2026-06-26,Active
1084,810ac482df0700cf,Josephine,Josephine CHS,Bandra West,Western Suburbs Prime,19.0583358,72.8302669,,,100,80,https://www.propi.in/search/properties,2026-06-26,2026-06-26,Active
1085,f0d777d92996b76f,Joy Apartment,,Bandra West,Western Suburbs Prime,19.0583358,72.8302669,,,100,70,https://www.propi.in/search/properties,2026-06-26,2026-06-26,Active
1086,8723157f4eebfd00,Joy Legend,,Bandra West,Western Suburbs Prime,19.0583358,72.8302669,,,100,70,https://www.propi.in/search/properties,2026-06-26,2026-06-26,Active
1087,80e9e1738aca2779,Joy Palace,,Bandra West,Western Suburbs Prime,19.0583358,72.8302669,,,100,70,https://www.propi.in/search/properties,2026-06-26,2026-06-26,Active
1088,4881f9173913f5f3,June Blossom,June Blossoms,Bandra West,Western Suburbs Prime,19.0583358,72.8302669,,,100,80,https://www.propi.in/search/properties,2026-06-26,2026-06-26,Active
1089,0b9f1eb4ea621c1e,K L Astoria,,Bandra West,Western Suburbs Prime,19.0583358,72.8302669,,,100,70,https://www.propi.in/search/properties,2026-06-26,2026-06-26,Active
1090,d029bb3955a5713b,Kailash Enclave,,Bandra West,Western Suburbs Prime,19.0583358,72.8302669,,,100,70,https://www.propi.in/search/properties,2026-06-26,2026-06-26,Active
1091,493b70367ff36ef3,Kakad Apartment,,Bandra West,Western Suburbs Prime,19.0583358,72.8302669,,,100,70,https://www.propi.in/search/properties,2026-06-26,2026-06-26,Active
1092,7c4aaefaefe89bd8,Kakad Bhavan,,Bandra West,Western Suburbs Prime,19.0583358,72.8302669,,,100,70,https://www.propi.in/search/properties,2026-06-26,2026-06-26,Active
1093,ab859fea35c4012e,Kakad Heights,,Bandra West,Western Suburbs Prime,19.0583358,72.8302669,,,100,70,https://www.propi.in/search/properties,2026-06-26,2026-06-26,Active
1094,d4f937809bb7ea36,Kakad Imperial,,Bandra West,Western Suburbs Prime,19.0583358,72.8302669,,,100,70,https://www.propi.in/search/properties,2026-06-26,2026-06-26,Active
1095,a9c1dd4c25f88c24,Kalash,,Bandra West,Western Suburbs Prime,19.0583358,72.8302669,,,100,70,https://www.propi.in/search/properties,2026-06-26,2026-06-26,Active
1096,4be8dab90e23dc23,Kalpak Height,,Bandra West,Western Suburbs Prime,19.0583358,72.8302669,,,100,70,https://www.propi.in/search/properties,2026-06-26,2026-06-26,Active
1097,90246e25f9675f72,Kalpak Optimus,,Bandra West,Western Suburbs Prime,19.0583358,72.8302669,,,100,70,https://www.propi.in/search/properties,2026-06-26,2026-06-26,Active
1098,59aa0e3d11d8f189,Kalpana,,Bandra West,Western Suburbs Prime,19.0583358,72.8302669,,,100,70,https://www.propi.in/search/properties,2026-06-26,2026-06-26,Active
1099,6d7cccfa3398bb9c,Kalpataru Nakshatra,,Bandra West,Western Suburbs Prime,19.0583358,72.8302669,,Kalpataru Group,100,85,https://www.propi.in/search/properties,2026-06-26,2026-06-26,Active
1100,31803490060a41d9,Kamal Pushpa,,Bandra West,Western Suburbs Prime,19.0583358,72.8302669,,,100,70,https://www.propi.in/search/properties,2026-06-26,2026-06-26,Active
1101,6777f2314c9af1c9,Kanchan,,Bandra West,Western Suburbs Prime,19.0583358,72.8302669,,,100,70,https://www.propi.in/search/properties,2026-06-26,2026-06-26,Active
1102,1a7ac0e063083aa7,Kankia Paris,,Bandra West,Western Suburbs Prime,19.0583358,72.8302669,,,100,70,https://www.propi.in/search/properties,2026-06-26,2026-06-26,Active
1103,3ce0e15b80374633,Kanti Apartment,,Bandra West,Western Suburbs Prime,19.0583358,72.8302669,,,100,70,https://www.propi.in/search/properties,2026-06-26,2026-06-26,Active
1104,e16f78772d7603bb,Kiara Apartment,,Bandra West,Western Suburbs Prime,19.0583358,72.8302669,,,100,70,https://www.propi.in/search/properties,2026-06-26,2026-06-26,Active
1105,e23f78fd7932c6f5,Kishan Abode,,Bandra West,Western Suburbs Prime,19.0583358,72.8302669,,,100,70,https://www.propi.in/search/properties,2026-06-26,2026-06-26,Active
1106,89edbecf507e11ef,Kismat,,Bandra West,Western Suburbs Prime,19.0583358,72.8302669,,,100,70,https://www.propi.in/search/properties,2026-06-26,2026-06-26,Active
1107,218639e20f557b10,Konark Classic,,Bandra West,Western Suburbs Prime,19.0583358,72.8302669,,,100,70,https://www.propi.in/search/properties,2026-06-26,2026-06-26,Active
1108,6d86e166a52bf4a3,Kripa Allure,,Bandra West,Western Suburbs Prime,19.0583358,72.8302669,,,100,70,https://www.propi.in/search/properties,2026-06-26,2026-06-26,Active
1109,781eda0c3122f90a,Kripa Vue,,Bandra West,Western Suburbs Prime,19.0583358,72.8302669,,,100,70,https://www.propi.in/search/properties,2026-06-26,2026-06-26,Active
1110,5bb79a6cd5b78cf7,Krishna Kutir,,Bandra West,Western Suburbs Prime,19.0583358,72.8302669,,,100,70,https://www.propi.in/search/properties,2026-06-26,2026-06-26,Active
1111,555cc4735585c42b,LA Fleur,,Bandra West,Western Suburbs Prime,19.0583358,72.8302669,,,100,70,https://www.propi.in/search/properties,2026-06-26,2026-06-26,Active
1112,8fcab60d45ce6fd0,La Roche,,Bandra West,Western Suburbs Prime,19.0583358,72.8302669,,,100,70,https://www.propi.in/search/properties,2026-06-26,2026-06-26,Active
1113,85f12e9d079d4323,Labbaik House,,Bandra West,Western Suburbs Prime,19.0583358,72.8302669,,,100,70,https://www.propi.in/search/properties,2026-06-26,2026-06-26,Active
1114,b581a72e11c4f757,Ladhani Legacy,,Bandra West,Western Suburbs Prime,19.0583358,72.8302669,,,100,70,https://www.propi.in/search/properties,2026-06-26,2026-06-26,Active
1115,6c27dc7d58b66813,Lake View,,Bandra West,Western Suburbs Prime,19.0583358,72.8302669,,,100,70,https://www.propi.in/search/properties,2026-06-26,2026-06-26,Active
1116,30680f7c1954fda7,Lakhani Signature,,Bandra West,Western Suburbs Prime,19.0583358,72.8302669,,,100,70,https://www.propi.in/search/properties,2026-06-26,2026-06-26,Active
1117,cdf27594c10fd74b,Lalani Aura,,Bandra West,Western Suburbs Prime,19.0583358,72.8302669,,,100,70,https://www.propi.in/search/properties,2026-06-26,2026-06-26,Active
1118,4c5cb93afa564dc3,Lamours,,Bandra West,Western Suburbs Prime,19.0583358,72.8302669,,,100,70,https://www.propi.in/search/properties,2026-06-26,2026-06-26,Active
1119,68584a1f9638623c,Land Breeze,,Bandra West,Western Suburbs Prime,19.0583358,72.8302669,,,100,70,https://www.propi.in/search/properties,2026-06-26,2026-06-26,Active
1120,d147688eeaa1ecfc,Laxmi Chs,,Bandra West,Western Suburbs Prime,19.0583358,72.8302669,,,100,70,https://www.propi.in/search/properties,2026-06-26,2026-06-26,Active
1121,02347e6f739d34b8,Legacy,,Bandra West,Western Suburbs Prime,19.0583358,72.8302669,,,100,70,https://www.propi.in/search/properties,2026-06-26,2026-06-26,Active
1122,7533af9c31c988e2,Legend,,Bandra West,Western Suburbs Prime,19.0583358,72.8302669,,,100,70,https://www.propi.in/search/properties,2026-06-26,2026-06-26,Active
1123,426d84c250de671a,Libra Tower,,Bandra West,Western Suburbs Prime,19.0583358,72.8302669,,,100,70,https://www.propi.in/search/properties,2026-06-26,2026-06-26,Active
1124,1a31230879e22334,Lilian Heights,,Bandra West,Western Suburbs Prime,19.0583358,72.8302669,,,100,70,https://www.propi.in/search/properties,2026-06-26,2026-06-26,Active
1125,f86ecdec9b7104de,Lily Apartment,,Bandra West,Western Suburbs Prime,19.0583358,72.8302669,,,100,70,https://www.propi.in/search/properties,2026-06-26,2026-06-26,Active
1126,a08b5f0798221e4f,Link Side,,Bandra West,Western Suburbs Prime,19.0583358,72.8302669,,,100,70,https://www.propi.in/search/properties,2026-06-26,2026-06-26,Active
1127,fcfc7e9e80fd29ce,Little Flower,,Bandra West,Western Suburbs Prime,19.0583358,72.8302669,,,100,70,https://www.propi.in/search/properties,2026-06-26,2026-06-26,Active
1128,01470bdae3600824,Lou Paul,,Bandra West,Western Suburbs Prime,19.0583358,72.8302669,,,100,70,https://www.propi.in/search/properties,2026-06-26,2026-06-26,Active
1129,de6ee27529f5b835,Lubina,,Bandra West,Western Suburbs Prime,19.0583358,72.8302669,,,100,70,https://www.propi.in/search/properties,2026-06-26,2026-06-26,Active
1130,fc5519cf4004c630,M. B Tower,,Bandra West,Western Suburbs Prime,19.0583358,72.8302669,,,100,70,https://www.propi.in/search/properties,2026-06-26,2026-06-26,Active
1131,a03b4b1be407e47e,Makhija Chambers,,Bandra West,Western Suburbs Prime,19.0583358,72.8302669,,,100,70,https://www.propi.in/search/properties,2026-06-26,2026-06-26,Active
1132,81b4ee8f5adf099b,Man Dune,,Bandra West,Western Suburbs Prime,19.0583358,72.8302669,,,100,70,https://www.propi.in/search/properties,2026-06-26,2026-06-26,Active
1133,76a8a35fd667f26c,Man Dunes,,Bandra West,Western Suburbs Prime,19.0583358,72.8302669,,,100,70,https://www.propi.in/search/properties,2026-06-26,2026-06-26,Active
1134,1b479c552cc97d8f,Mangal Darshan,,Bandra West,Western Suburbs Prime,19.0583358,72.8302669,,,100,70,https://www.propi.in/search/properties,2026-06-26,2026-06-26,Active
1135,ff22ca81c7ce1444,Mangal Kunj,,Bandra West,Western Suburbs Prime,19.0583358,72.8302669,,,100,70,https://www.propi.in/search/properties,2026-06-26,2026-06-26,Active
1136,58f1b785ee47f070,Manju Mahal,,Bandra West,Western Suburbs Prime,19.0583358,72.8302669,,,100,70,https://www.propi.in/search/properties,2026-06-26,2026-06-26,Active
1137,1addf3af894e336f,Manthan Embassy,,Bandra West,Western Suburbs Prime,19.0583358,72.8302669,,,100,70,https://www.propi.in/search/properties,2026-06-26,2026-06-26,Active
1138,8217d70e5073cac8,Maqba Heights,,Bandra West,Western Suburbs Prime,19.0583358,72.8302669,,,100,70,https://www.propi.in/search/properties,2026-06-26,2026-06-26,Active
1139,9d15e7219877cf7a,Marble Arch,,Bandra West,Western Suburbs Prime,19.0583358,72.8302669,,,100,70,https://www.propi.in/search/properties,2026-06-26,2026-06-26,Active
1140,f84ff142f0ef11ce,Maria bunglow,,Bandra West,Western Suburbs Prime,19.0583358,72.8302669,,,100,70,https://www.propi.in/search/properties,2026-06-26,2026-06-26,Active
1141,0ddda0f532219460,Marian House,,Bandra West,Western Suburbs Prime,19.0583358,72.8302669,,,100,70,https://www.propi.in/search/properties,2026-06-26,2026-06-26,Active
1142,a7fc4516254b229a,Marina,Marina Apartment,Bandra West,Western Suburbs Prime,19.0583358,72.8302669,,,100,80,https://www.propi.in/search/properties,2026-06-26,2026-06-26,Active
1143,63bab7e9e25cfa48,Marinette,,Bandra West,Western Suburbs Prime,19.0583358,72.8302669,,,100,70,https://www.propi.in/search/properties,2026-06-26,2026-06-26,Active
1144,fa5816aec7bde2f0,Mayfair Muse,,Bandra West,Western Suburbs Prime,19.0583358,72.8302669,,,100,70,https://www.propi.in/search/properties,2026-06-26,2026-06-26,Active
1145,6915cb87e95e73de,Mayfair Serene,,Bandra West,Western Suburbs Prime,19.0583358,72.8302669,,,100,70,https://www.propi.in/search/properties,2026-06-26,2026-06-26,Active
1146,0b147e147c515d6b,Mayqueen,,Bandra West,Western Suburbs Prime,19.0583358,72.8302669,,,100,70,https://www.propi.in/search/properties,2026-06-26,2026-06-26,Active
1147,06d7e6d915b154f4,Metropolitan,,Bandra West,Western Suburbs Prime,19.0583358,72.8302669,,,100,70,https://www.propi.in/search/properties,2026-06-26,2026-06-26,Active
1148,2eab316312015e07,Mohini Castle,,Bandra West,Western Suburbs Prime,19.0583358,72.8302669,,,100,70,https://www.propi.in/search/properties,2026-06-26,2026-06-26,Active
1149,d24448d02c702aa8,Mon Desire,,Bandra West,Western Suburbs Prime,19.0583358,72.8302669,,,100,70,https://www.propi.in/search/properties,2026-06-26,2026-06-26,Active
1150,c1c5954d80b94821,Mon Repos,,Bandra West,Western Suburbs Prime,19.0583358,72.8302669,,,100,70,https://www.propi.in/search/properties,2026-06-26,2026-06-26,Active
1151,75e7d32eaba9bc62,Mona Lisa,,Bandra West,Western Suburbs Prime,19.0583358,72.8302669,,,100,70,https://www.propi.in/search/properties,2026-06-26,2026-06-26,Active
1152,f9b4851ccaa62109,Monalisa,,Bandra West,Western Suburbs Prime,19.0583358,72.8302669,,,100,70,https://www.propi.in/search/properties,2026-06-26,2026-06-26,Active
1153,699316c407ee4393,Moon Craft,,Bandra West,Western Suburbs Prime,19.0583358,72.8302669,,,100,70,https://www.propi.in/search/properties,2026-06-26,2026-06-26,Active
1154,bb91154ee05b74c0,Mooring,,Bandra West,Western Suburbs Prime,19.0583358,72.8302669,,,100,70,https://www.propi.in/search/properties,2026-06-26,2026-06-26,Active
1155,89367ec6ef8ae490,Morning Star,,Bandra West,Western Suburbs Prime,19.0583358,72.8302669,,,100,70,https://www.propi.in/search/properties,2026-06-26,2026-06-26,Active
1156,9b9040195a6e5894,Moru Mahal,,Bandra West,Western Suburbs Prime,19.0583358,72.8302669,,,100,70,https://www.propi.in/search/properties,2026-06-26,2026-06-26,Active
1157,c359438f80194537,Morya Regency,,Bandra West,Western Suburbs Prime,19.0583358,72.8302669,,,100,70,https://www.propi.in/search/properties,2026-06-26,2026-06-26,Active
1158,d39574d9a09db7df,Moti Mahal,,Bandra West,Western Suburbs Prime,19.0583358,72.8302669,,,100,70,https://www.propi.in/search/properties,2026-06-26,2026-06-26,Active
1159,9494bce0b55181d9,Moti Mahal Apex,,Bandra West,Western Suburbs Prime,19.0583358,72.8302669,,,100,70,https://www.propi.in/search/properties,2026-06-26,2026-06-26,Active
1160,b0651d4f963a590b,Mount Mary Apartment,,Bandra West,Western Suburbs Prime,19.0583358,72.8302669,,,100,70,https://www.propi.in/search/properties,2026-06-26,2026-06-26,Active
1161,23bae97c3bafdf57,Mukut,,Bandra West,Western Suburbs Prime,19.0583358,72.8302669,,,100,70,https://www.propi.in/search/properties,2026-06-26,2026-06-26,Active
1162,4a87b4a99686eff1,Narang Mantion,,Bandra West,Western Suburbs Prime,19.0583358,72.8302669,,,100,70,https://www.propi.in/search/properties,2026-06-26,2026-06-26,Active
1163,5350edb0fa96082f,Nav Palmyra,,Bandra West,Western Suburbs Prime,19.0583358,72.8302669,,,100,70,https://www.propi.in/search/properties,2026-06-26,2026-06-26,Active
1164,7d85c1b665eff760,Nav Sonarbala,,Bandra West,Western Suburbs Prime,19.0583358,72.8302669,,,100,70,https://www.propi.in/search/properties,2026-06-26,2026-06-26,Active
1165,3e62583f02662b55,Navratan,,Bandra West,Western Suburbs Prime,19.0583358,72.8302669,,,100,70,https://www.propi.in/search/properties,2026-06-26,2026-06-26,Active
1166,daee97e02be49283,Navroze,,Bandra West,Western Suburbs Prime,19.0583358,72.8302669,,,100,70,https://www.propi.in/search/properties,2026-06-26,2026-06-26,Active
1167,96aabf0b3e01596a,Nectar,,Bandra West,Western Suburbs Prime,19.0583358,72.8302669,,,100,70,https://www.propi.in/search/properties,2026-06-26,2026-06-26,Active
1168,afa6acfa89893f2d,Neelam,Neelam Apartment,Bandra West,Western Suburbs Prime,19.0583358,72.8302669,,,100,80,https://www.propi.in/search/properties,2026-06-26,2026-06-26,Active
1169,ad21516c80431d9c,Neelamber,Neelamber Apartment,Bandra West,Western Suburbs Prime,19.0583358,72.8302669,,,100,80,https://www.propi.in/search/properties,2026-06-26,2026-06-26,Active
1170,1b37ec53ae39926a,New Apsara,,Bandra West,Western Suburbs Prime,19.0583358,72.8302669,,,100,70,https://www.propi.in/search/properties,2026-06-26,2026-06-26,Active
1171,fb671c3932082776,New Garden View,,Bandra West,Western Suburbs Prime,19.0583358,72.8302669,,,100,70,https://www.propi.in/search/properties,2026-06-26,2026-06-26,Active
1172,478626724dc10b6e,New Imperial Plaza,,Bandra West,Western Suburbs Prime,19.0583358,72.8302669,,,100,70,https://www.propi.in/search/properties,2026-06-26,2026-06-26,Active
1173,1e6255999de2ecb9,New Jaldarshan,,Bandra West,Western Suburbs Prime,19.0583358,72.8302669,,,100,70,https://www.propi.in/search/properties,2026-06-26,2026-06-26,Active
1174,7b0612825260466e,New Milan,,Bandra West,Western Suburbs Prime,19.0583358,72.8302669,,,100,70,https://www.propi.in/search/properties,2026-06-26,2026-06-26,Active
1175,96b3151a0c19a19e,New Silver Home,,Bandra West,Western Suburbs Prime,19.0583358,72.8302669,,,100,70,https://www.propi.in/search/properties,2026-06-26,2026-06-26,Active
1176,84c813aeca6e769a,New Stock Alert,,Bandra West,Western Suburbs Prime,19.0583358,72.8302669,,,100,70,https://www.propi.in/search/properties,2026-06-26,2026-06-26,Active
1177,6af67d499de12f76,Next Avenue,,Bandra West,Western Suburbs Prime,19.0583358,72.8302669,,,100,70,https://www.propi.in/search/properties,2026-06-26,2026-06-26,Active
1178,24db39faa15dfc13,Nibbana,,Bandra West,Western Suburbs Prime,19.0583358,72.8302669,,,100,70,https://www.propi.in/search/properties,2026-06-26,2026-06-26,Active
1179,2efbd6e05b8ca56b,Nibbana Annex,Nibbana Annexe,Bandra West,Western Suburbs Prime,19.0583358,72.8302669,,,100,80,https://www.propi.in/search/properties,2026-06-26,2026-06-26,Active
1180,7622a15d589e7d4a,Nikita Enclave,,Bandra West,Western Suburbs Prime,19.0583358,72.8302669,,,100,70,https://www.propi.in/search/properties,2026-06-26,2026-06-26,Active
1181,4b8a4b87e6ef689f,Nirvana Apartment,,Bandra West,Western Suburbs Prime,19.0583358,72.8302669,,,100,70,https://www.propi.in/search/properties,2026-06-26,2026-06-26,Active
1182,884b379819dca5af,Notan Casa,,Bandra West,Western Suburbs Prime,19.0583358,72.8302669,,,100,70,https://www.propi.in/search/properties,2026-06-26,2026-06-26,Active
1183,ac957a3dda785141,Notan Heights,,Bandra West,Western Suburbs Prime,19.0583358,72.8302669,,,100,70,https://www.propi.in/search/properties,2026-06-26,2026-06-26,Active
1184,38baf930c2d9fc2c,Nutan Nagar Society,,Bandra West,Western Suburbs Prime,19.0583358,72.8302669,,,100,70,https://www.propi.in/search/properties,2026-06-26,2026-06-26,Active
1185,70d16b85f8b7fe06,Om Palace,,Bandra West,Western Suburbs Prime,19.0583358,72.8302669,,,100,70,https://www.propi.in/search/properties,2026-06-26,2026-06-26,Active
1186,c245d8fdc03f8abd,Orchard Palace,,Bandra West,Western Suburbs Prime,19.0583358,72.8302669,,,100,70,https://www.propi.in/search/properties,2026-06-26,2026-06-26,Active
1187,974e3b08ecf51f65,Orizzonte,,Bandra West,Western Suburbs Prime,19.0583358,72.8302669,,,100,70,https://www.propi.in/search/properties,2026-06-26,2026-06-26,Active
1188,a211fd953ba0c728,Orva,Orva Apartment,Bandra West,Western Suburbs Prime,19.0583358,72.8302669,,,100,80,https://www.propi.in/search/properties,2026-06-26,2026-06-26,Active
1189,1643df9ce1d45cb9,Oxford,,Bandra West,Western Suburbs Prime,19.0583358,72.8302669,,,100,70,https://www.propi.in/search/properties,2026-06-26,2026-06-26,Active
1190,ece45c0708466d1d,Palacio,,Bandra West,Western Suburbs Prime,19.0583358,72.8302669,,,100,70,https://www.propi.in/search/properties,2026-06-26,2026-06-26,Active
1191,76cdd95cc9f83766,Pali Hill Apartment,,Bandra West,Western Suburbs Prime,19.0583358,72.8302669,,,100,70,https://www.propi.in/search/properties,2026-06-26,2026-06-26,Active
1192,99f51225a7aa9aa9,Pali Hill Niketan,,Bandra West,Western Suburbs Prime,19.0583358,72.8302669,,,100,70,https://www.propi.in/search/properties,2026-06-26,2026-06-26,Active
1193,824636ac671b0b1f,Pali Palms,,Bandra West,Western Suburbs Prime,19.0583358,72.8302669,,,100,70,https://www.propi.in/search/properties,2026-06-26,2026-06-26,Active
1194,ecb1a3c54537c295,Palmera,,Bandra West,Western Suburbs Prime,19.0583358,72.8302669,,,100,70,https://www.propi.in/search/properties,2026-06-26,2026-06-26,Active
1195,90d8f16f67d0de29,Panchratan,,Bandra West,Western Suburbs Prime,19.0583358,72.8302669,,,100,70,https://www.propi.in/search/properties,2026-06-26,2026-06-26,Active
1196,31aeb080591ff9c4,Panju Mahal,,Bandra West,Western Suburbs Prime,19.0583358,72.8302669,,,100,70,https://www.propi.in/search/properties,2026-06-26,2026-06-26,Active
1197,76c3c3e3e99566d8,Parijat,,Bandra West,Western Suburbs Prime,19.0583358,72.8302669,,,100,70,https://www.propi.in/search/properties,2026-06-26,2026-06-26,Active
1198,541688fe9e364431,Park Reach,,Bandra West,Western Suburbs Prime,19.0583358,72.8302669,,,100,70,https://www.propi.in/search/properties,2026-06-26,2026-06-26,Active
1199,d8cd2b1136b5df7b,Passion Flower,,Bandra West,Western Suburbs Prime,19.0583358,72.8302669,,,100,70,https://www.propi.in/search/properties,2026-06-26,2026-06-26,Active
1200,844888ba49cbabb1,Peridot Apartment,Peridot Apt,Bandra West,Western Suburbs Prime,19.0583358,72.8302669,,,100,80,https://www.propi.in/search/properties,2026-06-26,2026-06-26,Active
1201,817934b2284c402a,Pinnacle Gold,,Bandra West,Western Suburbs Prime,19.0583358,72.8302669,,,100,70,https://www.propi.in/search/properties,2026-06-26,2026-06-26,Active
1202,398ed377df263d85,Platinum,,Bandra West,Western Suburbs Prime,19.0583358,72.8302669,,,100,70,https://www.propi.in/search/properties,2026-06-26,2026-06-26,Active
1203,d513a18f3c5b4680,Pleasant Park,,Bandra West,Western Suburbs Prime,19.0583358,72.8302669,,,100,70,https://www.propi.in/search/properties,2026-06-26,2026-06-26,Active
1204,d78e2da808e1413f,Pooja,,Bandra West,Western Suburbs Prime,19.0583358,72.8302669,,,100,70,https://www.propi.in/search/properties,2026-06-26,2026-06-26,Active
1205,f9872e6545cae057,Prem Ghar,,Bandra West,Western Suburbs Prime,19.0583358,72.8302669,,,100,70,https://www.propi.in/search/properties,2026-06-26,2026-06-26,Active
1206,7a673c900a55ef92,Prem Mayurasan,,Bandra West,Western Suburbs Prime,19.0583358,72.8302669,,,100,70,https://www.propi.in/search/properties,2026-06-26,2026-06-26,Active
1207,e59686af1d6c7f51,Prem Milan,,Bandra West,Western Suburbs Prime,19.0583358,72.8302669,,,100,70,https://www.propi.in/search/properties,2026-06-26,2026-06-26,Active
1208,7a69c6dff178094e,Presidential,Presidential,Bandra West,Western Suburbs Prime,19.0583358,72.8302669,,,100,80,https://www.propi.in/search/properties,2026-06-26,2026-06-26,Active
1209,d9549c0a042e771d,Prisca,,Bandra West,Western Suburbs Prime,19.0583358,72.8302669,,,100,70,https://www.propi.in/search/properties,2026-06-26,2026-06-26,Active
1210,3b225b0bfec2c6eb,Puja,,Bandra West,Western Suburbs Prime,19.0583358,72.8302669,,,100,70,https://www.propi.in/search/properties,2026-06-26,2026-06-26,Active
1211,a0aeeeb274347954,Pushpa Vihar,,Bandra West,Western Suburbs Prime,19.0583358,72.8302669,,,100,70,https://www.propi.in/search/properties,2026-06-26,2026-06-26,Active
1212,9e171137db859b12,Queen,,Bandra West,Western Suburbs Prime,19.0583358,72.8302669,,,100,70,https://www.propi.in/search/properties,2026-06-26,2026-06-26,Active
1213,9c33172b54334426,Queens Apartment,,Bandra West,Western Suburbs Prime,19.0583358,72.8302669,,,100,70,https://www.propi.in/search/properties,2026-06-26,2026-06-26,Active
1214,44b309a345609691,Qureshi Heights,,Bandra West,Western Suburbs Prime,19.0583358,72.8302669,,,100,70,https://www.propi.in/search/properties,2026-06-26,2026-06-26,Active
1215,41e82a8f85f77a8d,Raheja Avisa,,Bandra West,Western Suburbs Prime,19.0583358,72.8302669,,K. Raheja Group,100,85,https://www.propi.in/search/properties,2026-06-26,2026-06-26,Active
1216,f8b816cccae58b1f,Raheja Bay,,Bandra West,Western Suburbs Prime,19.0583358,72.8302669,,K. Raheja Group,100,85,https://www.propi.in/search/properties,2026-06-26,2026-06-26,Active
1217,392b0213f0adb9a1,Raheja Sunkist,,Bandra West,Western Suburbs Prime,19.0583358,72.8302669,,K. Raheja Group,100,85,https://www.propi.in/search/properties,2026-06-26,2026-06-26,Active
1218,2c7da5d662dad69b,Rang Mahal,,Bandra West,Western Suburbs Prime,19.0583358,72.8302669,,,100,70,https://www.propi.in/search/properties,2026-06-26,2026-06-26,Active
1219,10807fdeaef727bd,Ratnagiri Apartment,,Bandra West,Western Suburbs Prime,19.0583358,72.8302669,,,100,70,https://www.propi.in/search/properties,2026-06-26,2026-06-26,Active
1220,0a295d2f39d4e6d7,Ravi Darshan,,Bandra West,Western Suburbs Prime,19.0583358,72.8302669,,,100,70,https://www.propi.in/search/properties,2026-06-26,2026-06-26,Active
1221,b5a3d760e639fd0f,Reminess,,Bandra West,Western Suburbs Prime,19.0583358,72.8302669,,,100,70,https://www.propi.in/search/properties,2026-06-26,2026-06-26,Active
1222,f64f87d2b3b11701,Rendezvous,,Bandra West,Western Suburbs Prime,19.0583358,72.8302669,,,100,70,https://www.propi.in/search/properties,2026-06-26,2026-06-26,Active
1223,22014d4495b07fc9,Residency,,Bandra West,Western Suburbs Prime,19.0583358,72.8302669,,,100,70,https://www.propi.in/search/properties,2026-06-26,2026-06-26,Active
1224,91c9082d852ff438,Richoux,,Bandra West,Western Suburbs Prime,19.0583358,72.8302669,,,100,70,https://www.propi.in/search/properties,2026-06-26,2026-06-26,Active
1225,a09b7d34a3bc2039,Rizvi Chambers,,Bandra West,Western Suburbs Prime,19.0583358,72.8302669,,,100,70,https://www.propi.in/search/properties,2026-06-26,2026-06-26,Active
1226,db99cbaeea21c38a,Rizvi Mahal,,Bandra West,Western Suburbs Prime,19.0583358,72.8302669,,,100,70,https://www.propi.in/search/properties,2026-06-26,2026-06-26,Active
1227,c2e696f557c3a7e7,Rocky Hill,,Bandra West,Western Suburbs Prime,19.0583358,72.8302669,,,100,70,https://www.propi.in/search/properties,2026-06-26,2026-06-26,Active
1228,15eff9bfe1d3537d,Royal Crest,,Bandra West,Western Suburbs Prime,19.0583358,72.8302669,,,100,70,https://www.propi.in/search/properties,2026-06-26,2026-06-26,Active
1229,a399e9cc0c7fcfda,Rustomjee Orva,Rustomjee Orva,Bandra West,Western Suburbs Prime,19.0583358,72.8302669,,Rustomjee Group,100,95,https://www.propi.in/search/properties,2026-06-26,2026-06-26,Active
1230,994ad8173edf96a0,Rustomjee Parishram,,Bandra West,Western Suburbs Prime,19.0583358,72.8302669,,Rustomjee Group,100,85,https://www.propi.in/search/properties,2026-06-26,2026-06-26,Active
1231,f81e31ec7d5912cf,Saba Heritage,,Bandra West,Western Suburbs Prime,19.0583358,72.8302669,,,100,70,https://www.propi.in/search/properties,2026-06-26,2026-06-26,Active
1232,470c2e4897f35080,Sabian,,Bandra West,Western Suburbs Prime,19.0583358,72.8302669,,,100,70,https://www.propi.in/search/properties,2026-06-26,2026-06-26,Active
1233,69bd7d994038b033,Sagar Apartments,,Bandra West,Western Suburbs Prime,19.0583358,72.8302669,,,100,70,https://www.propi.in/search/properties,2026-06-26,2026-06-26,Active
1234,1caeebc17aca2d92,Sagar Fortune,,Bandra West,Western Suburbs Prime,19.0583358,72.8302669,,,100,70,https://www.propi.in/search/properties,2026-06-26,2026-06-26,Active
1235,000ac029f1afcbec,Sagar Resham,,Bandra West,Western Suburbs Prime,19.0583358,72.8302669,,,100,70,https://www.propi.in/search/properties,2026-06-26,2026-06-26,Active
1236,ff26596f534f983d,Sagar Sangam,,Bandra West,Western Suburbs Prime,19.0583358,72.8302669,,,100,70,https://www.propi.in/search/properties,2026-06-26,2026-06-26,Active
1237,a97932f9a206cd6d,Samarpan,,Bandra West,Western Suburbs Prime,19.0583358,72.8302669,,,100,70,https://www.propi.in/search/properties,2026-06-26,2026-06-26,Active
1238,f4c5e1c3ac0e853a,Samrat,Samrat CHS,Bandra West,Western Suburbs Prime,19.0583358,72.8302669,,,100,80,https://www.propi.in/search/properties,2026-06-26,2026-06-26,Active
1239,98ac10ddfd1689b6,Sandhu Palace,,Bandra West,Western Suburbs Prime,19.0583358,72.8302669,,,100,70,https://www.propi.in/search/properties,2026-06-26,2026-06-26,Active
1240,bbf3c262a7a35131,Saquib,,Bandra West,Western Suburbs Prime,19.0583358,72.8302669,,,100,70,https://www.propi.in/search/properties,2026-06-26,2026-06-26,Active
1241,323f794455826828,Sarita,,Bandra West,Western Suburbs Prime,19.0583358,72.8302669,,,100,70,https://www.propi.in/search/properties,2026-06-26,2026-06-26,Active
1242,b480422c934356e0,Sarita Apartments,,Bandra West,Western Suburbs Prime,19.0583358,72.8302669,,,100,70,https://www.propi.in/search/properties,2026-06-26,2026-06-26,Active
1243,5302e4eb25c97d36,Satguru Rendezvous,,Bandra West,Western Suburbs Prime,19.0583358,72.8302669,,,100,70,https://www.propi.in/search/properties,2026-06-26,2026-06-26,Active
1244,b8e8daa3b187efb7,Satguru Sharan,,Bandra West,Western Suburbs Prime,19.0583358,72.8302669,,,100,70,https://www.propi.in/search/properties,2026-06-26,2026-06-26,Active
1245,77b6267423cf6f89,Satguru Shlok,,Bandra West,Western Suburbs Prime,19.0583358,72.8302669,,,100,70,https://www.propi.in/search/properties,2026-06-26,2026-06-26,Active
1246,53b5aa33e39dd55f,Satguru Shristi,,Bandra West,Western Suburbs Prime,19.0583358,72.8302669,,,100,70,https://www.propi.in/search/properties,2026-06-26,2026-06-26,Active
1247,5f23bc8111ddd97e,Satnam,,Bandra West,Western Suburbs Prime,19.0583358,72.8302669,,,100,70,https://www.propi.in/search/properties,2026-06-26,2026-06-26,Active
1248,d563d5c7e879d3db,Savijay,,Bandra West,Western Suburbs Prime,19.0583358,72.8302669,,,100,70,https://www.propi.in/search/properties,2026-06-26,2026-06-26,Active
1249,f30e99ba0154aacf,Savita Chhaya,,Bandra West,Western Suburbs Prime,19.0583358,72.8302669,,,100,70,https://www.propi.in/search/properties,2026-06-26,2026-06-26,Active
1250,70249b1e715c8885,Sayba Emerald,,Bandra West,Western Suburbs Prime,19.0583358,72.8302669,,,100,70,https://www.propi.in/search/properties,2026-06-26,2026-06-26,Active
1251,908926d06a79e892,Sea Beach View,,Bandra West,Western Suburbs Prime,19.0583358,72.8302669,,,100,70,https://www.propi.in/search/properties,2026-06-26,2026-06-26,Active
1252,bb747b0ed172d2e7,Sea Bird,,Bandra West,Western Suburbs Prime,19.0583358,72.8302669,,,100,70,https://www.propi.in/search/properties,2026-06-26,2026-06-26,Active
1253,bed31b3b538736ec,Sea Breeze,,Bandra West,Western Suburbs Prime,19.0583358,72.8302669,,,100,70,https://www.propi.in/search/properties,2026-06-26,2026-06-26,Active
1254,9c7c6d3aed539ed2,Seema Apartments,,Bandra West,Western Suburbs Prime,19.0583358,72.8302669,,,100,70,https://www.propi.in/search/properties,2026-06-26,2026-06-26,Active
1255,a4ecae8d8b0104b5,Seep,Seep Building,Bandra West,Western Suburbs Prime,19.0583358,72.8302669,,,100,80,https://www.propi.in/search/properties,2026-06-26,2026-06-26,Active
1256,cbddfb91cdd1b5bb,Seeta Geeta,,Bandra West,Western Suburbs Prime,19.0583358,72.8302669,,,100,70,https://www.propi.in/search/properties,2026-06-26,2026-06-26,Active
1257,88f81df6cc8e2539,Shadaab Tower,,Bandra West,Western Suburbs Prime,19.0583358,72.8302669,,,100,70,https://www.propi.in/search/properties,2026-06-26,2026-06-26,Active
1258,5dbbf97a5a705d99,Shale Rock,,Bandra West,Western Suburbs Prime,19.0583358,72.8302669,,,100,70,https://www.propi.in/search/properties,2026-06-26,2026-06-26,Active
1259,936ac7c598a30bf4,Shamiana Apartments,,Bandra West,Western Suburbs Prime,19.0583358,72.8302669,,,100,70,https://www.propi.in/search/properties,2026-06-26,2026-06-26,Active
1260,04e792151edb8c48,Shams Palace,,Bandra West,Western Suburbs Prime,19.0583358,72.8302669,,,100,70,https://www.propi.in/search/properties,2026-06-26,2026-06-26,Active
1261,9be9856a4473ac0d,Shangrila,Shangrila Apartment,Bandra West,Western Suburbs Prime,19.0583358,72.8302669,,,100,80,https://www.propi.in/search/properties,2026-06-26,2026-06-26,Active
1262,21d380371f1a19f3,Shanti Sadan,,Bandra West,Western Suburbs Prime,19.0583358,72.8302669,,,100,70,https://www.propi.in/search/properties,2026-06-26,2026-06-26,Active
1263,de1c18e6c606ca76,Sharan,,Bandra West,Western Suburbs Prime,19.0583358,72.8302669,,,100,70,https://www.propi.in/search/properties,2026-06-26,2026-06-26,Active
1264,779ed663b4d85a52,Shehnaz,,Bandra West,Western Suburbs Prime,19.0583358,72.8302669,,,100,70,https://www.propi.in/search/properties,2026-06-26,2026-06-26,Active
1265,f995b45a0a3d23bf,Sherly Queen,,Bandra West,Western Suburbs Prime,19.0583358,72.8302669,,,100,70,https://www.propi.in/search/properties,2026-06-26,2026-06-26,Active
1266,81679187a9a6cb75,Shiv Asthan Heights Apartment,,Bandra West,Western Suburbs Prime,19.0583358,72.8302669,,,100,70,https://www.propi.in/search/properties,2026-06-26,2026-06-26,Active
1267,fd3ab2596b5dd08c,Shiv Darshan,,Bandra West,Western Suburbs Prime,19.0583358,72.8302669,,,100,70,https://www.propi.in/search/properties,2026-06-26,2026-06-26,Active
1268,e29384005e76d49b,Shree Prasad House,,Bandra West,Western Suburbs Prime,19.0583358,72.8302669,,,100,70,https://www.propi.in/search/properties,2026-06-26,2026-06-26,Active
1269,38ad82ac6de1d4de,Silver Cascade,,Bandra West,Western Suburbs Prime,19.0583358,72.8302669,,,100,70,https://www.propi.in/search/properties,2026-06-26,2026-06-26,Active
1270,cfc432709176adc8,Silver Palace,,Bandra West,Western Suburbs Prime,19.0583358,72.8302669,,,100,70,https://www.propi.in/search/properties,2026-06-26,2026-06-26,Active
1271,1fb2ca688955c575,Silver Rock,,Bandra West,Western Suburbs Prime,19.0583358,72.8302669,,,100,70,https://www.propi.in/search/properties,2026-06-26,2026-06-26,Active
1272,f57f003da2698f14,Silverene Apartments,,Bandra West,Western Suburbs Prime,19.0583358,72.8302669,,,100,70,https://www.propi.in/search/properties,2026-06-26,2026-06-26,Active
1273,10f892156f213fd4,Simar Tara,,Bandra West,Western Suburbs Prime,19.0583358,72.8302669,,,100,70,https://www.propi.in/search/properties,2026-06-26,2026-06-26,Active
1274,7f4893e90069e6a9,Singer Wood,Singers Wood,Bandra West,Western Suburbs Prime,19.0583358,72.8302669,,,100,80,https://www.propi.in/search/properties,2026-06-26,2026-06-26,Active
1275,0f41f31627ed27e1,Skylark,,Bandra West,Western Suburbs Prime,19.0583358,72.8302669,,,100,70,https://www.propi.in/search/properties,2026-06-26,2026-06-26,Active
1276,aec6c978969cb513,Skyper Tower,,Bandra West,Western Suburbs Prime,19.0583358,72.8302669,,,100,70,https://www.propi.in/search/properties,2026-06-26,2026-06-26,Active
1277,fe2e956bf74696c3,Snehal Apartments,,Bandra West,Western Suburbs Prime,19.0583358,72.8302669,,,100,70,https://www.propi.in/search/properties,2026-06-26,2026-06-26,Active
1278,3b98297d9b6ed233,Solitaire,,Bandra West,Western Suburbs Prime,19.0583358,72.8302669,,,100,70,https://www.propi.in/search/properties,2026-06-26,2026-06-26,Active
1279,d596e8ee15e7f6fb,Solitaire Apartments,,Bandra West,Western Suburbs Prime,19.0583358,72.8302669,,,100,70,https://www.propi.in/search/properties,2026-06-26,2026-06-26,Active
1280,0687a76351592ba6,Solomon Apartment,,Bandra West,Western Suburbs Prime,19.0583358,72.8302669,,,100,70,https://www.propi.in/search/properties,2026-06-26,2026-06-26,Active
1281,df9f47a348976356,Somerset Apartments,,Bandra West,Western Suburbs Prime,19.0583358,72.8302669,,,100,70,https://www.propi.in/search/properties,2026-06-26,2026-06-26,Active
1282,eaddb1c9676fecea,Sona Villa,Soona Villa,Bandra West,Western Suburbs Prime,19.0583358,72.8302669,,,100,80,https://www.propi.in/search/properties,2026-06-26,2026-06-26,Active
1283,7ca1721d7df19df4,Sony Apartments,,Bandra West,Western Suburbs Prime,19.0583358,72.8302669,,,100,70,https://www.propi.in/search/properties,2026-06-26,2026-06-26,Active
1284,18b69a5bed6fe44d,Spencer,,Bandra West,Western Suburbs Prime,19.0583358,72.8302669,,,100,70,https://www.propi.in/search/properties,2026-06-26,2026-06-26,Active
1285,dfb54b7792db3238,Square Mall,,Bandra West,Western Suburbs Prime,19.0583358,72.8302669,,,100,70,https://www.propi.in/search/properties,2026-06-26,2026-06-26,Active
1286,78173358200eee0c,Steesha,,Bandra West,Western Suburbs Prime,19.0583358,72.8302669,,,100,70,https://www.propi.in/search/properties,2026-06-26,2026-06-26,Active
1287,23dc5d8d304c260a,Sterling Diamond,,Bandra West,Western Suburbs Prime,19.0583358,72.8302669,,,100,70,https://www.propi.in/search/properties,2026-06-26,2026-06-26,Active
1288,aa4733a541aa89cc,Stone Arch,,Bandra West,Western Suburbs Prime,19.0583358,72.8302669,,,100,70,https://www.propi.in/search/properties,2026-06-26,2026-06-26,Active
1289,19080a3ff010719d,Suman,,Bandra West,Western Suburbs Prime,19.0583358,72.8302669,,,100,70,https://www.propi.in/search/properties,2026-06-26,2026-06-26,Active
1290,29257802d93da39b,Summer Queen,,Bandra West,Western Suburbs Prime,19.0583358,72.8302669,,,100,70,https://www.propi.in/search/properties,2026-06-26,2026-06-26,Active
1291,f52a6b4e0330ae80,Summer Ville,,Bandra West,Western Suburbs Prime,19.0583358,72.8302669,,,100,70,https://www.propi.in/search/properties,2026-06-26,2026-06-26,Active
1292,7e20c915ee6cc54e,Sunbeam Apartment,,Bandra West,Western Suburbs Prime,19.0583358,72.8302669,,,100,70,https://www.propi.in/search/properties,2026-06-26,2026-06-26,Active
1293,07a249bf04644de1,Sunita,,Bandra West,Western Suburbs Prime,19.0583358,72.8302669,,,100,70,https://www.propi.in/search/properties,2026-06-26,2026-06-26,Active
1294,eaf8858e1d04d5c4,Sunkist,,Bandra West,Western Suburbs Prime,19.0583358,72.8302669,,,100,70,https://www.propi.in/search/properties,2026-06-26,2026-06-26,Active
1295,602caca3c8684349,Sunny Side,,Bandra West,Western Suburbs Prime,19.0583358,72.8302669,,,100,70,https://www.propi.in/search/properties,2026-06-26,2026-06-26,Active
1296,541bba16b35f61a8,Sunny Side APT,,Bandra West,Western Suburbs Prime,19.0583358,72.8302669,,,100,70,https://www.propi.in/search/properties,2026-06-26,2026-06-26,Active
1297,0ca356bf799f34ff,Sunset heights,,Bandra West,Western Suburbs Prime,19.0583358,72.8302669,,,100,70,https://www.propi.in/search/properties,2026-06-26,2026-06-26,Active
1298,c434bc087de812b2,Supreme Headquarters,,Bandra West,Western Suburbs Prime,19.0583358,72.8302669,,,100,70,https://www.propi.in/search/properties,2026-06-26,2026-06-26,Active
1299,df6dba27e09791c9,Sweet Home,,Bandra West,Western Suburbs Prime,19.0583358,72.8302669,,,100,70,https://www.propi.in/search/properties,2026-06-26,2026-06-26,Active
1300,c6c9a762390a2348,Chitrapur CHS,The Chitrapur CHS,Bandra West,Western Suburbs Prime,19.0583358,72.8302669,,,100,80,https://www.propi.in/search/properties,2026-06-26,2026-06-26,Active
1301,96ada0544fb05197,Moorings,The Moorings,Bandra West,Western Suburbs Prime,19.0583358,72.8302669,,,100,80,https://www.propi.in/search/properties,2026-06-26,2026-06-26,Active
1302,92f3c83979735639,One,The One,Bandra West,Western Suburbs Prime,19.0583358,72.8302669,,,100,80,https://www.propi.in/search/properties,2026-06-26,2026-06-26,Active
1303,f8da0ad34a43aa32,Waterfront,The Waterfront,Bandra West,Western Suburbs Prime,19.0583358,72.8302669,,,100,80,https://www.propi.in/search/properties,2026-06-26,2026-06-26,Active
1304,ae4c2b14d9444ef1,Therese,,Bandra West,Western Suburbs Prime,19.0583358,72.8302669,,,100,70,https://www.propi.in/search/properties,2026-06-26,2026-06-26,Active
1305,bb6d779ba9397212,Therese Ville Dawn,,Bandra West,Western Suburbs Prime,19.0583358,72.8302669,,,100,70,https://www.propi.in/search/properties,2026-06-26,2026-06-26,Active
1306,40bf66aa0bc22b6b,Tribeca,,Bandra West,Western Suburbs Prime,19.0583358,72.8302669,,,100,70,https://www.propi.in/search/properties,2026-06-26,2026-06-26,Active
1307,cc26c82476e8eb65,Tulip,,Bandra West,Western Suburbs Prime,19.0583358,72.8302669,,,100,70,https://www.propi.in/search/properties,2026-06-26,2026-06-26,Active
1308,c74478c66632a43d,Turner House,,Bandra West,Western Suburbs Prime,19.0583358,72.8302669,,,100,70,https://www.propi.in/search/properties,2026-06-26,2026-06-26,Active
1309,6f99d450a028fb5d,Tuscany Apartment,Tuscany Apt,Bandra West,Western Suburbs Prime,19.0583358,72.8302669,,,100,80,https://www.propi.in/search/properties,2026-06-26,2026-06-26,Active
1310,885cfdb3fe9973da,Two Roses,,Bandra West,Western Suburbs Prime,19.0583358,72.8302669,,,100,70,https://www.propi.in/search/properties,2026-06-26,2026-06-26,Active
1311,79a594e7da6a9b58,Union Park Ideal,,Bandra West,Western Suburbs Prime,19.0583358,72.8302669,,,100,70,https://www.propi.in/search/properties,2026-06-26,2026-06-26,Active
1312,9d0de242c5b1e4fd,Uttam Niwas,,Bandra West,Western Suburbs Prime,19.0583358,72.8302669,,,100,70,https://www.propi.in/search/properties,2026-06-26,2026-06-26,Active
1313,34e2c2fda3b90f6c,Vaikunth,,Bandra West,Western Suburbs Prime,19.0583358,72.8302669,,,100,70,https://www.propi.in/search/properties,2026-06-26,2026-06-26,Active
1314,92d8c6cd8af74419,Varde Villa,,Bandra West,Western Suburbs Prime,19.0583358,72.8302669,,,100,70,https://www.propi.in/search/properties,2026-06-26,2026-06-26,Active
1315,9b8a4ab2f95e8c68,Varun,,Bandra West,Western Suburbs Prime,19.0583358,72.8302669,,,100,70,https://www.propi.in/search/properties,2026-06-26,2026-06-26,Active
1316,fda4d7538dfb8755,Vasukamal,,Bandra West,Western Suburbs Prime,19.0583358,72.8302669,,,100,70,https://www.propi.in/search/properties,2026-06-26,2026-06-26,Active
1317,31e2d3d87c142310,Vasvani 36 AB,,Bandra West,Western Suburbs Prime,19.0583358,72.8302669,,,100,70,https://www.propi.in/search/properties,2026-06-26,2026-06-26,Active
1318,7efb6f795be50ef6,Victoria House,,Bandra West,Western Suburbs Prime,19.0583358,72.8302669,,,100,70,https://www.propi.in/search/properties,2026-06-26,2026-06-26,Active
1319,1936d2a288d2a8ed,Videocon Icon,,Bandra West,Western Suburbs Prime,19.0583358,72.8302669,,,100,70,https://www.propi.in/search/properties,2026-06-26,2026-06-26,Active
1320,33bb503bb393e856,Videocon Sumukh,,Bandra West,Western Suburbs Prime,19.0583358,72.8302669,,,100,70,https://www.propi.in/search/properties,2026-06-26,2026-06-26,Active
1321,2a0983977ec2ed8e,Villa Rosa,,Bandra West,Western Suburbs Prime,19.0583358,72.8302669,,,100,70,https://www.propi.in/search/properties,2026-06-26,2026-06-26,Active
1322,7fc0f9deacb8e1ff,Vinayak Heights,,Bandra West,Western Suburbs Prime,19.0583358,72.8302669,,,100,70,https://www.propi.in/search/properties,2026-06-26,2026-06-26,Active
1323,8bd8406e49655bf8,Vintage Pearl,,Bandra West,Western Suburbs Prime,19.0583358,72.8302669,,,100,70,https://www.propi.in/search/properties,2026-06-26,2026-06-26,Active
1324,513e1602fb11d08b,Vrindavan,,Bandra West,Western Suburbs Prime,19.0583358,72.8302669,,,100,70,https://www.propi.in/search/properties,2026-06-26,2026-06-26,Active
1325,ef00a52691c7cefc,Waheeda,,Bandra West,Western Suburbs Prime,19.0583358,72.8302669,,,100,70,https://www.propi.in/search/properties,2026-06-26,2026-06-26,Active
1326,d38dcc9efab2e827,Warden,,Bandra West,Western Suburbs Prime,19.0583358,72.8302669,,,100,70,https://www.propi.in/search/properties,2026-06-26,2026-06-26,Active
1327,9b9b3fc4fc9ad1b7,Warden Bldg,,Bandra West,Western Suburbs Prime,19.0583358,72.8302669,,,100,70,https://www.propi.in/search/properties,2026-06-26,2026-06-26,Active
1328,9c80fd5b1c43d2dc,Waroda Apartments,,Bandra West,Western Suburbs Prime,19.0583358,72.8302669,,,100,70,https://www.propi.in/search/properties,2026-06-26,2026-06-26,Active
1329,a555c9057ee49859,Water Queen,,Bandra West,Western Suburbs Prime,19.0583358,72.8302669,,,100,70,https://www.propi.in/search/properties,2026-06-26,2026-06-26,Active
1330,aa7dfbd9e5cec2dc,West Bay Apartments,,Bandra West,Western Suburbs Prime,19.0583358,72.8302669,,,100,70,https://www.propi.in/search/properties,2026-06-26,2026-06-26,Active
1331,80e7e86407775963,West Coast Apartment,,Bandra West,Western Suburbs Prime,19.0583358,72.8302669,,,100,70,https://www.propi.in/search/properties,2026-06-26,2026-06-26,Active
1332,abeecabba9767613,West Side,,Bandra West,Western Suburbs Prime,19.0583358,72.8302669,,,100,70,https://www.propi.in/search/properties,2026-06-26,2026-06-26,Active
1333,ed891b820c3b136c,Whispering Heights,,Bandra West,Western Suburbs Prime,19.0583358,72.8302669,,,100,70,https://www.propi.in/search/properties,2026-06-26,2026-06-26,Active
1334,9a31ae282ff895ce,White Rose,,Bandra West,Western Suburbs Prime,19.0583358,72.8302669,,,100,70,https://www.propi.in/search/properties,2026-06-26,2026-06-26,Active
1335,35622d6b30d3de72,Willadel,,Bandra West,Western Suburbs Prime,19.0583358,72.8302669,,,100,70,https://www.propi.in/search/properties,2026-06-26,2026-06-26,Active
1336,fc9800670755d612,Willow Shades,,Bandra West,Western Suburbs Prime,19.0583358,72.8302669,,,100,70,https://www.propi.in/search/properties,2026-06-26,2026-06-26,Active
1337,e0047e3f976b9b2f,Windermere,,Bandra West,Western Suburbs Prime,19.0583358,72.8302669,,,100,70,https://www.propi.in/search/properties,2026-06-26,2026-06-26,Active
1338,222a34027ff0c67d,Wits End,,Bandra West,Western Suburbs Prime,19.0583358,72.8302669,,,100,70,https://www.propi.in/search/properties,2026-06-26,2026-06-26,Active
1339,c84d80160852eaef,Woodland Heights,,Bandra West,Western Suburbs Prime,19.0583358,72.8302669,,,100,70,https://www.propi.in/search/properties,2026-06-26,2026-06-26,Active
1340,82169ae6fed33158,Yasmin Villa,,Bandra West,Western Suburbs Prime,19.0583358,72.8302669,,,100,70,https://www.propi.in/search/properties,2026-06-26,2026-06-26,Active
1341,2b55e98af5ef580d,Zeba Corner,,Bandra West,Western Suburbs Prime,19.0583358,72.8302669,,,100,70,https://www.propi.in/search/properties,2026-06-26,2026-06-26,Active
1342,f0c20a555a7b54e6,Zest,,Bandra West,Western Suburbs Prime,19.0583358,72.8302669,,,100,70,https://www.propi.in/search/properties,2026-06-26,2026-06-26,Active
1343,98fa45a83671a931,Antalya,,Belapur,Navi Mumbai,19.0051696,73.0282853,400706,,100,75,https://www.propi.in/search/properties,2026-06-26,2026-06-26,Active
1344,da970bc57f1d089c,Green Views,,Belapur,Navi Mumbai,19.0051696,73.0282853,400706,,100,75,https://www.propi.in/search/properties,2026-06-26,2026-06-26,Active
1345,5a889ddf54eee0da,K K Tower,,Belapur,Navi Mumbai,19.0051696,73.0282853,400706,,100,75,https://www.propi.in/search/properties,2026-06-26,2026-06-26,Active
1346,28de5812542b09a0,Sky Lark,,Belapur,Navi Mumbai,19.0051696,73.0282853,400706,,100,75,https://www.propi.in/search/properties,2026-06-26,2026-06-26,Active
1347,edea2f341d76665c,Tower - 1,,Belapur,Navi Mumbai,19.0051696,73.0282853,400706,,100,75,https://www.propi.in/search/properties,2026-06-26,2026-06-26,Active
1348,3411e3c0d20bfd4b,V Times Square,,Belapur,Navi Mumbai,19.0051696,73.0282853,400706,,100,75,https://www.propi.in/search/properties,2026-06-26,2026-06-26,Active
1349,ca8b9d75a16b335d,Arihant,,Bhandup West,Eastern Suburbs,19.142757,72.9376543,400078,Arihant Group,100,90,https://www.propi.in/search/properties,2026-06-26,2026-06-26,Active
1350,f0964fd4ead932a8,Celestial,,Bhandup West,Eastern Suburbs,19.142757,72.9376543,400078,,100,75,https://www.propi.in/search/properties,2026-06-26,2026-06-26,Active
1351,15b8b761e756d3bb,Dreams,,Bhandup West,Eastern Suburbs,19.142757,72.9376543,400078,,100,75,https://www.propi.in/search/properties,2026-06-26,2026-06-26,Active
1352,42ed3a1cac430b69,Filix Tower,Filix Towers,Bhandup West,Eastern Suburbs,19.142757,72.9376543,400078,,100,85,https://www.propi.in/search/properties,2026-06-26,2026-06-26,Active
1353,72b894a0da55b08f,Hicons Harmony,,Bhandup West,Eastern Suburbs,19.142757,72.9376543,400078,,100,75,https://www.propi.in/search/properties,2026-06-26,2026-06-26,Active
1354,50d004df8b6f70a4,Kalpataru Crest,,Bhandup West,Eastern Suburbs,19.142757,72.9376543,400078,Kalpataru Group,100,90,https://www.propi.in/search/properties,2026-06-26,2026-06-26,Active
1355,e46fa74314f38ee3,Kukreja Complex,,Bhandup West,Eastern Suburbs,19.142757,72.9376543,400078,,100,75,https://www.propi.in/search/properties,2026-06-26,2026-06-26,Active
1356,331bb9a569592d50,Mahavir Imperial Co-operative Housing Society,,Bhandup West,Eastern Suburbs,19.142757,72.9376543,400078,,100,75,https://www.propi.in/search/properties,2026-06-26,2026-06-26,Active
1357,98ff861ba07440dc,Mahavir Universe,Mahavir Universe,Bhandup West,Eastern Suburbs,19.142757,72.9376543,400078,,100,85,https://www.propi.in/search/properties,2026-06-26,2026-06-26,Active
1358,e226510c8ca01c5f,Mahindra Splendour,,Bhandup West,Eastern Suburbs,19.142757,72.9376543,400078,Mahindra Lifespaces,100,90,https://www.propi.in/search/properties,2026-06-26,2026-06-26,Active
1359,9e99b7952baf0288,Majestic Tower,,Bhandup West,Eastern Suburbs,19.142757,72.9376543,400078,,100,75,https://www.propi.in/search/properties,2026-06-26,2026-06-26,Active
1360,ebc0e051c923c86c,Mayuresh Srishti,,Bhandup West,Eastern Suburbs,19.142757,72.9376543,400078,,100,75,https://www.propi.in/search/properties,2026-06-26,2026-06-26,Active
1361,7986e98ed088255b,Mayuresh Srishti Park,,Bhandup West,Eastern Suburbs,19.142757,72.9376543,400078,,100,75,https://www.propi.in/search/properties,2026-06-26,2026-06-26,Active
1362,d1c1b7168243ce79,Neptune Living Point,,Bhandup West,Eastern Suburbs,19.142757,72.9376543,400078,Neptune Group,100,90,https://www.propi.in/search/properties,2026-06-26,2026-06-26,Active
1363,ebf7603e5d0cbb9e,Primo,,Bhandup West,Eastern Suburbs,19.142757,72.9376543,400078,,100,75,https://www.propi.in/search/properties,2026-06-26,2026-06-26,Active
1364,5574905f61089f2b,Shraddha Evoque,Shraddha Evoque,Bhandup West,Eastern Suburbs,19.142757,72.9376543,400078,,100,85,https://www.propi.in/search/properties,2026-06-26,2026-06-26,Active
1365,26ae808b042c3b35,Srishti Oasis,,Bhandup West,Eastern Suburbs,19.142757,72.9376543,400078,,100,75,https://www.propi.in/search/properties,2026-06-26,2026-06-26,Active
1366,caeee3d2f4a94756,Marathon Neo Hills,,Bhandup West,Eastern Suburbs,19.1462636,72.9339461,400078,Marathon Group,100,90,https://www.propi.in/search/properties,2026-06-26,2026-06-26,Active
1367,d46d697ac1b340df,Runwal Forest,,Bhandup West,Eastern Suburbs,19.1462636,72.9339461,400078,Runwal Group,100,90,https://www.propi.in/search/properties,2026-06-26,2026-06-26,Active
1368,0731f968eabcc060,Rustomjee Bella,,Bhandup West,Eastern Suburbs,19.1462636,72.9339461,400078,Rustomjee Group,100,90,https://www.propi.in/search/properties,2026-06-26,2026-06-26,Active
1369,2a20ffc40dcbc35c,Anand Regency,,Bhayandar,,19.1971521,72.8113662,400095,,100,60,https://www.propi.in/search/properties,2026-06-26,2026-06-26,Active
1370,83174dacaed52e85,Indraprasth,,Bhayandar,,19.1971521,72.8113662,400095,,100,60,https://www.propi.in/search/properties,2026-06-26,2026-06-26,Active
1371,3f215a373581cd41,Kanakia Beverly Heights,,Bhayandar,,19.1971521,72.8113662,400095,Kanakia Group,100,75,https://www.propi.in/search/properties,2026-06-26,2026-06-26,Active
1372,ad5616deb0bb44e4,Ramdev Paradise,,Bhayandar,,19.1971521,72.8113662,400095,,100,60,https://www.propi.in/search/properties,2026-06-26,2026-06-26,Active
1373,2cf33314f9aa4f03,Akar Pinnacle,,Borivali East,Western Suburbs Extended,19.2267228,72.8619328,400066,,100,75,https://www.propi.in/search/properties,2026-06-26,2026-06-26,Active
1374,7a92f40b76ee175a,Ambrosia Tower,,Borivali East,Western Suburbs Extended,19.2267228,72.8619328,400066,,100,75,https://www.propi.in/search/properties,2026-06-26,2026-06-26,Active
1375,a4c18a3cb9b73838,"Ashar Bellezza, Wagle Estate",,Borivali East,Western Suburbs Extended,19.2267228,72.8619328,400066,,100,75,https://www.propi.in/search/properties,2026-06-26,2026-06-26,Active
1376,84f2ca58cddd8d31,Avon Majesty,,Borivali East,Western Suburbs Extended,19.2267228,72.8619328,400066,,100,75,https://www.propi.in/search/properties,2026-06-26,2026-06-26,Active
1377,c2b4aec67ca3ec1d,Chandak Nischay,,Borivali East,Western Suburbs Extended,19.2267228,72.8619328,400066,,100,75,https://www.propi.in/search/properties,2026-06-26,2026-06-26,Active
1378,51abacfc30f898e2,Clarion,,Borivali East,Western Suburbs Extended,19.2267228,72.8619328,400066,,100,75,https://www.propi.in/search/properties,2026-06-26,2026-06-26,Active
1379,dbdfc5420840eb05,Country Park,,Borivali East,Western Suburbs Extended,19.2267228,72.8619328,400066,,100,75,https://www.propi.in/search/properties,2026-06-26,2026-06-26,Active
1380,ccc94882b5f28684,DGS Sheetal Regalia,,Borivali East,Western Suburbs Extended,19.2267228,72.8619328,400066,,100,75,https://www.propi.in/search/properties,2026-06-26,2026-06-26,Active
1381,5af87619c75389b3,Dheeraj Upvan,,Borivali East,Western Suburbs Extended,19.2267228,72.8619328,400066,Dheeraj Group,100,90,https://www.propi.in/search/properties,2026-06-26,2026-06-26,Active
1382,1cb69c7a9e8a1e02,Ekta Bhoomi Garden,Ekta Bhoomi Garden III | Ekta Bhoomi Gardens,Borivali East,Western Suburbs Extended,19.2267228,72.8619328,400066,Ekta World,100,100,https://www.propi.in/search/properties,2026-06-26,2026-06-26,Active
1383,bffb2d9b6fe746bd,Esspee Tower,,Borivali East,Western Suburbs Extended,19.2267228,72.8619328,400066,,100,75,https://www.propi.in/search/properties,2026-06-26,2026-06-26,Active
1384,9f53f1173fd86ed5,Hill View Tower,,Borivali East,Western Suburbs Extended,19.2267228,72.8619328,400066,,100,75,https://www.propi.in/search/properties,2026-06-26,2026-06-26,Active
1385,61c54948e6ca5c64,Jaliyan Height,Jaliyan Heights,Borivali East,Western Suburbs Extended,19.2267228,72.8619328,400066,,100,85,https://www.propi.in/search/properties,2026-06-26,2026-06-26,Active
1386,0b7c109af430a4eb,Kanakia Samarpan Exotica,,Borivali East,Western Suburbs Extended,19.2267228,72.8619328,400066,Kanakia Group,100,90,https://www.propi.in/search/properties,2026-06-26,2026-06-26,Active
1387,ad387133dfe97921,Kaustubh Platinum,,Borivali East,Western Suburbs Extended,19.2267228,72.8619328,400066,,100,75,https://www.propi.in/search/properties,2026-06-26,2026-06-26,Active
1388,b899df7375d7324c,Laxmi Narayan Mansion,,Borivali East,Western Suburbs Extended,19.2267228,72.8619328,400066,,100,75,https://www.propi.in/search/properties,2026-06-26,2026-06-26,Active
1389,a8ff47b0c974d887,Oberai Sky City,,Borivali East,Western Suburbs Extended,19.2267228,72.8619328,400066,,100,75,https://www.propi.in/search/properties,2026-06-26,2026-06-26,Active
1390,54c4a96800f15da6,Oberoi Sky City,,Borivali East,Western Suburbs Extended,19.2267228,72.8619328,400066,Oberoi Realty,100,90,https://www.propi.in/search/properties,2026-06-26,2026-06-26,Active
1391,fde5947973946356,Omkareshwar,,Borivali East,Western Suburbs Extended,19.2267228,72.8619328,400066,Omkar Realtors,100,90,https://www.propi.in/search/properties,2026-06-26,2026-06-26,Active
1392,5b03c277b4469667,Parijat Hill View,,Borivali East,Western Suburbs Extended,19.2267228,72.8619328,400066,,100,75,https://www.propi.in/search/properties,2026-06-26,2026-06-26,Active
1393,00bb25a9b47ed3ad,Pinnacle,,Borivali East,Western Suburbs Extended,19.2267228,72.8619328,400066,,100,75,https://www.propi.in/search/properties,2026-06-26,2026-06-26,Active
1394,b6883ac03ed30a1c,Radha Govind,,Borivali East,Western Suburbs Extended,19.2267228,72.8619328,400066,,100,75,https://www.propi.in/search/properties,2026-06-26,2026-06-26,Active
1395,79c0fb4536cea2db,Radha Krishna,,Borivali East,Western Suburbs Extended,19.2267228,72.8619328,400066,,100,75,https://www.propi.in/search/properties,2026-06-26,2026-06-26,Active
1396,8983393b7f0a44bf,Raj Hills,,Borivali East,Western Suburbs Extended,19.2267228,72.8619328,400066,,100,75,https://www.propi.in/search/properties,2026-06-26,2026-06-26,Active
1397,5dfe3749fe7f5904,Rivali Park,Rivali Park D | Rivali Park F,Borivali East,Western Suburbs Extended,19.2267228,72.8619328,400066,Rivali Park,100,100,https://www.propi.in/search/properties,2026-06-26,2026-06-26,Active
1398,a5936116a297ddae,Romell Allure,,Borivali East,Western Suburbs Extended,19.2267228,72.8619328,400066,,100,75,https://www.propi.in/search/properties,2026-06-26,2026-06-26,Active
1399,761c2f58d187a00c,Rustomjee Pinnacle,,Borivali East,Western Suburbs Extended,19.2267228,72.8619328,400066,Rustomjee Group,100,90,https://www.propi.in/search/properties,2026-06-26,2026-06-26,Active
1400,30176c1a3cff353f,Rustomjee Summit,,Borivali East,Western Suburbs Extended,19.2267228,72.8619328,400066,Rustomjee Group,100,90,https://www.propi.in/search/properties,2026-06-26,2026-06-26,Active
1401,20b56a9b9f56b57c,Samarpan Exotica,,Borivali East,Western Suburbs Extended,19.2267228,72.8619328,400066,,100,75,https://www.propi.in/search/properties,2026-06-26,2026-06-26,Active
1402,77041e1a358aa7c4,Sanghvi Solitaire,,Borivali East,Western Suburbs Extended,19.2267228,72.8619328,400066,,100,75,https://www.propi.in/search/properties,2026-06-26,2026-06-26,Active
1403,bc8839fe00595e3f,Shivoham Enclave,,Borivali East,Western Suburbs Extended,19.2267228,72.8619328,400066,,100,75,https://www.propi.in/search/properties,2026-06-26,2026-06-26,Active
1404,cb58ca3e0cb41cf3,Shree Krishna Complex,,Borivali East,Western Suburbs Extended,19.2267228,72.8619328,400066,,100,75,https://www.propi.in/search/properties,2026-06-26,2026-06-26,Active
1405,ca8ee0510a1ecb6f,Siddhivinayak,,Borivali East,Western Suburbs Extended,19.2267228,72.8619328,400066,,100,75,https://www.propi.in/search/properties,2026-06-26,2026-06-26,Active
1406,59273b66dccecc18,Signia High,,Borivali East,Western Suburbs Extended,19.2267228,72.8619328,400066,,100,75,https://www.propi.in/search/properties,2026-06-26,2026-06-26,Active
1407,248e23278bd0be70,Sun and Moon,,Borivali East,Western Suburbs Extended,19.2267228,72.8619328,400066,,100,75,https://www.propi.in/search/properties,2026-06-26,2026-06-26,Active
1408,072a620a3e8989e6,TeenMurty Summit,,Borivali East,Western Suburbs Extended,19.2267228,72.8619328,400066,,100,75,https://www.propi.in/search/properties,2026-06-26,2026-06-26,Active
1409,1f5d7adb4467cc89,Grand Residences,The Grand Residences,Borivali East,Western Suburbs Extended,19.2267228,72.8619328,400066,,100,85,https://www.propi.in/search/properties,2026-06-26,2026-06-26,Active
1410,b44b692431e162e9,Western Edge 1,,Borivali East,Western Suburbs Extended,19.2267228,72.8619328,400066,,100,75,https://www.propi.in/search/properties,2026-06-26,2026-06-26,Active
1411,872f2ff8b5cf224c,Western Edge 2,,Borivali East,Western Suburbs Extended,19.2267228,72.8619328,400066,,100,75,https://www.propi.in/search/properties,2026-06-26,2026-06-26,Active
1412,c5584db3e909fb9f,66 Avenue,,Borivali West,Western Suburbs Extended,19.2298129,72.8471376,400092,,100,75,https://www.propi.in/search/properties,2026-06-26,2026-06-26,Active
1413,a635570d80638df3,Acharya Aashram,,Borivali West,Western Suburbs Extended,19.2298129,72.8471376,400092,,100,75,https://www.propi.in/search/properties,2026-06-26,2026-06-26,Active
1414,1291964f0cf0756d,Akshaya Residency,,Borivali West,Western Suburbs Extended,19.2298129,72.8471376,400092,,100,75,https://www.propi.in/search/properties,2026-06-26,2026-06-26,Active
1415,21e8c0404f6f73ee,Ananda Residency,,Borivali West,Western Suburbs Extended,19.2298129,72.8471376,400092,,100,75,https://www.propi.in/search/properties,2026-06-26,2026-06-26,Active
1416,51f4d1508ec93a87,Arihant,Arihant Building,Borivali West,Western Suburbs Extended,19.2298129,72.8471376,400092,Arihant Group,100,100,https://www.propi.in/search/properties,2026-06-26,2026-06-26,Active
1417,2c3e0316a86f1399,Arkade Crown,,Borivali West,Western Suburbs Extended,19.2298129,72.8471376,400092,,100,75,https://www.propi.in/search/properties,2026-06-26,2026-06-26,Active
1418,a7b6030666d0e7b0,Aura Biplex,,Borivali West,Western Suburbs Extended,19.2298129,72.8471376,400092,,100,75,https://www.propi.in/search/properties,2026-06-26,2026-06-26,Active
1419,cfc4177a151b1549,Auriga 9,,Borivali West,Western Suburbs Extended,19.2298129,72.8471376,400092,,100,75,https://www.propi.in/search/properties,2026-06-26,2026-06-26,Active
1420,4743ee5ef70f79a3,Avyukta Vedant,,Borivali West,Western Suburbs Extended,19.2298129,72.8471376,400092,,100,75,https://www.propi.in/search/properties,2026-06-26,2026-06-26,Active
1421,9c149f124e47d2c4,Bhoomi Pratishta,,Borivali West,Western Suburbs Extended,19.2298129,72.8471376,400092,,100,75,https://www.propi.in/search/properties,2026-06-26,2026-06-26,Active
1422,1e1bfda92512f78e,Chand Ganga,,Borivali West,Western Suburbs Extended,19.2298129,72.8471376,400092,,100,75,https://www.propi.in/search/properties,2026-06-26,2026-06-26,Active
1423,00dfb223308a1087,Classic Corner,,Borivali West,Western Suburbs Extended,19.2298129,72.8471376,400092,,100,75,https://www.propi.in/search/properties,2026-06-26,2026-06-26,Active
1424,07f7cb331147ce15,DLH Kesley,,Borivali West,Western Suburbs Extended,19.2298129,72.8471376,400092,DLH Group,100,90,https://www.propi.in/search/properties,2026-06-26,2026-06-26,Active
1425,21ab0eeecd75d596,Dotom Hilton,,Borivali West,Western Suburbs Extended,19.2298129,72.8471376,400092,,100,75,https://www.propi.in/search/properties,2026-06-26,2026-06-26,Active
1426,3033682414818dbe,Durga Smruti CHS,,Borivali West,Western Suburbs Extended,19.2298129,72.8471376,400092,,100,75,https://www.propi.in/search/properties,2026-06-26,2026-06-26,Active
1427,08c7ea4234ffea0c,Empress,,Borivali West,Western Suburbs Extended,19.2298129,72.8471376,400092,,100,75,https://www.propi.in/search/properties,2026-06-26,2026-06-26,Active
1428,1248a0fe0f7847bc,Express Tower,,Borivali West,Western Suburbs Extended,19.2298129,72.8471376,400092,,100,75,https://www.propi.in/search/properties,2026-06-26,2026-06-26,Active
1429,edd22edeaf65c4c5,Fortune Exotica,,Borivali West,Western Suburbs Extended,19.2298129,72.8471376,400092,,100,75,https://www.propi.in/search/properties,2026-06-26,2026-06-26,Active
1430,6170507d25238a6d,Gaurav Galaxy,,Borivali West,Western Suburbs Extended,19.2298129,72.8471376,400092,,100,75,https://www.propi.in/search/properties,2026-06-26,2026-06-26,Active
1431,2ab5ffc619e93011,Happy Homes,,Borivali West,Western Suburbs Extended,19.2298129,72.8471376,400092,,100,75,https://www.propi.in/search/properties,2026-06-26,2026-06-26,Active
1432,83c740f1f8725314,Heena,,Borivali West,Western Suburbs Extended,19.2298129,72.8471376,400092,,100,75,https://www.propi.in/search/properties,2026-06-26,2026-06-26,Active
1433,de1dff557490c955,Kalpataru Advay,,Borivali West,Western Suburbs Extended,19.2298129,72.8471376,400092,Kalpataru Group,100,90,https://www.propi.in/search/properties,2026-06-26,2026-06-26,Active
1434,e1b0407e969ae057,Kamla Lucky,,Borivali West,Western Suburbs Extended,19.2298129,72.8471376,400092,,100,75,https://www.propi.in/search/properties,2026-06-26,2026-06-26,Active
1435,0005f607204c0d2f,Kastur Park,Kasturpark,Borivali West,Western Suburbs Extended,19.2298129,72.8471376,400092,,100,85,https://www.propi.in/search/properties,2026-06-26,2026-06-26,Active
1436,46ec1b7ce7345558,LIC Colony,,Borivali West,Western Suburbs Extended,19.2298129,72.8471376,400092,,100,75,https://www.propi.in/search/properties,2026-06-26,2026-06-26,Active
1437,c9520493760825ea,Lakshman,,Borivali West,Western Suburbs Extended,19.2298129,72.8471376,400092,,100,75,https://www.propi.in/search/properties,2026-06-26,2026-06-26,Active
1438,5563e9d90094e7f6,Madhuban,,Borivali West,Western Suburbs Extended,19.2298129,72.8471376,400092,,100,75,https://www.propi.in/search/properties,2026-06-26,2026-06-26,Active
1439,3333043b585cc9a0,Ostwal Tower,,Borivali West,Western Suburbs Extended,19.2298129,72.8471376,400092,,100,75,https://www.propi.in/search/properties,2026-06-26,2026-06-26,Active
1440,7273d1744e50626e,Paradigm Anantaara,,Borivali West,Western Suburbs Extended,19.2298129,72.8471376,400092,,100,75,https://www.propi.in/search/properties,2026-06-26,2026-06-26,Active
1441,f087496dbc09e007,Parinee Adney,,Borivali West,Western Suburbs Extended,19.2298129,72.8471376,400092,,100,75,https://www.propi.in/search/properties,2026-06-26,2026-06-26,Active
1442,00f22c8a7785aa06,Pee Dee Society,,Borivali West,Western Suburbs Extended,19.2298129,72.8471376,400092,,100,75,https://www.propi.in/search/properties,2026-06-26,2026-06-26,Active
1443,e3e336b15c9f5f28,Phoenix,,Borivali West,Western Suburbs Extended,19.2298129,72.8471376,400092,,100,75,https://www.propi.in/search/properties,2026-06-26,2026-06-26,Active
1444,188e4c38e4b68fd6,Puri Tower,,Borivali West,Western Suburbs Extended,19.2298129,72.8471376,400092,,100,75,https://www.propi.in/search/properties,2026-06-26,2026-06-26,Active
1445,1f22a039893cf752,Pushp Vinod Tower,,Borivali West,Western Suburbs Extended,19.2298129,72.8471376,400092,,100,75,https://www.propi.in/search/properties,2026-06-26,2026-06-26,Active
1446,8d79f70ff76992b0,Rishabraj Aradhana,,Borivali West,Western Suburbs Extended,19.2298129,72.8471376,400092,,100,75,https://www.propi.in/search/properties,2026-06-26,2026-06-26,Active
1447,ed0bce9edbe200fb,Romell Ariana,,Borivali West,Western Suburbs Extended,19.2298129,72.8471376,400092,,100,75,https://www.propi.in/search/properties,2026-06-26,2026-06-26,Active
1448,740192f3b9367d3b,Romell Empress,,Borivali West,Western Suburbs Extended,19.2298129,72.8471376,400092,,100,75,https://www.propi.in/search/properties,2026-06-26,2026-06-26,Active
1449,e35e0df3c6316ce2,Romell Serene,,Borivali West,Western Suburbs Extended,19.2298129,72.8471376,400092,,100,75,https://www.propi.in/search/properties,2026-06-26,2026-06-26,Active
1450,48859d084fe8532b,Satra Park,,Borivali West,Western Suburbs Extended,19.2298129,72.8471376,400092,,100,75,https://www.propi.in/search/properties,2026-06-26,2026-06-26,Active
1451,b9b05ee222aac295,Sheetal Meghdoot,,Borivali West,Western Suburbs Extended,19.2298129,72.8471376,400092,,100,75,https://www.propi.in/search/properties,2026-06-26,2026-06-26,Active
1452,fe0b95e6c2080463,Shree Complex,,Borivali West,Western Suburbs Extended,19.2298129,72.8471376,400092,,100,75,https://www.propi.in/search/properties,2026-06-26,2026-06-26,Active
1453,14ce3e20504d62f8,Shree Gokuldham,,Borivali West,Western Suburbs Extended,19.2298129,72.8471376,400092,,100,75,https://www.propi.in/search/properties,2026-06-26,2026-06-26,Active
1454,88cf69c0e7e9529b,Siddhivinayak Tower,,Borivali West,Western Suburbs Extended,19.2298129,72.8471376,400092,,100,75,https://www.propi.in/search/properties,2026-06-26,2026-06-26,Active
1455,62bceae5a31fccc6,Techno Park,,Borivali West,Western Suburbs Extended,19.2298129,72.8471376,400092,,100,75,https://www.propi.in/search/properties,2026-06-26,2026-06-26,Active
1456,3cfe030711a2c444,West End,,Borivali West,Western Suburbs Extended,19.2298129,72.8471376,400092,,100,75,https://www.propi.in/search/properties,2026-06-26,2026-06-26,Active
1457,3d614fc526822f25,Akash Ganga,,Breach Candy,South Mumbai Prime,18.9714363,72.8051492,400026,,100,75,https://www.propi.in/search/properties,2026-06-26,2026-06-26,Active
1458,f4d1a4408bd0b25b,Apartment FOR LandL,Apartment FOR L&L,Breach Candy,South Mumbai Prime,18.9714363,72.8051492,400026,,100,85,https://www.propi.in/search/properties,2026-06-26,2026-06-26,Active
1459,c565681ef934e05e,Aqua Marine,,Breach Candy,South Mumbai Prime,18.9714363,72.8051492,400026,,100,75,https://www.propi.in/search/properties,2026-06-26,2026-06-26,Active
1460,8b43ecfd6a599882,Belle View,,Breach Candy,South Mumbai Prime,18.9714363,72.8051492,400026,,100,75,https://www.propi.in/search/properties,2026-06-26,2026-06-26,Active
1461,76cbb804008d2cc4,Breach Candy 1.5,,Breach Candy,South Mumbai Prime,18.9714363,72.8051492,400026,,100,75,https://www.propi.in/search/properties,2026-06-26,2026-06-26,Active
1462,249471f80af8126d,Breach Candy Apartment,,Breach Candy,South Mumbai Prime,18.9714363,72.8051492,400026,,100,75,https://www.propi.in/search/properties,2026-06-26,2026-06-26,Active
1463,23b4405adc652b11,Breach Candy Gardens,,Breach Candy,South Mumbai Prime,18.9714363,72.8051492,400026,,100,75,https://www.propi.in/search/properties,2026-06-26,2026-06-26,Active
1464,06f85b381a8c1b3b,Breach Candy House,,Breach Candy,South Mumbai Prime,18.9714363,72.8051492,400026,,100,75,https://www.propi.in/search/properties,2026-06-26,2026-06-26,Active
1465,8c26736fc52b0921,Coolshanagh,,Breach Candy,South Mumbai Prime,18.9714363,72.8051492,400026,,100,75,https://www.propi.in/search/properties,2026-06-26,2026-06-26,Active
1466,01104b2d24c379ed,Firpos,,Breach Candy,South Mumbai Prime,18.9714363,72.8051492,400026,,100,75,https://www.propi.in/search/properties,2026-06-26,2026-06-26,Active
1467,268e99e5a9479569,Geeta Bhavan,,Breach Candy,South Mumbai Prime,18.9714363,72.8051492,400026,,100,75,https://www.propi.in/search/properties,2026-06-26,2026-06-26,Active
1468,ad34e8f67e3920df,Gold Cornet,,Breach Candy,South Mumbai Prime,18.9714363,72.8051492,400026,,100,75,https://www.propi.in/search/properties,2026-06-26,2026-06-26,Active
1469,e93ddb230d3ba43c,Goolestan,,Breach Candy,South Mumbai Prime,18.9714363,72.8051492,400026,,100,75,https://www.propi.in/search/properties,2026-06-26,2026-06-26,Active
1470,9bc044bf81466547,Kala Niketan,Kalaniketan,Breach Candy,South Mumbai Prime,18.9714363,72.8051492,400026,,100,85,https://www.propi.in/search/properties,2026-06-26,2026-06-26,Active
1471,5b10a78d0c1d430b,Laxmi Mahal,,Breach Candy,South Mumbai Prime,18.9714363,72.8051492,400026,,100,75,https://www.propi.in/search/properties,2026-06-26,2026-06-26,Active
1472,6bd3a963bb58f72b,Mazda Apartment,,Breach Candy,South Mumbai Prime,18.9714363,72.8051492,400026,,100,75,https://www.propi.in/search/properties,2026-06-26,2026-06-26,Active
1473,1ed3c8fb0a99cf57,Mohan House,,Breach Candy,South Mumbai Prime,18.9714363,72.8051492,400026,,100,75,https://www.propi.in/search/properties,2026-06-26,2026-06-26,Active
1474,8d54fb62d46eac0f,Munira Gandhi,,Breach Candy,South Mumbai Prime,18.9714363,72.8051492,400026,,100,75,https://www.propi.in/search/properties,2026-06-26,2026-06-26,Active
1475,34c63cea5172afc2,Nanik Niwas,,Breach Candy,South Mumbai Prime,18.9714363,72.8051492,400026,,100,75,https://www.propi.in/search/properties,2026-06-26,2026-06-26,Active
1476,c4297b41b1961038,Ocean Crest,,Breach Candy,South Mumbai Prime,18.9714363,72.8051492,400026,,100,75,https://www.propi.in/search/properties,2026-06-26,2026-06-26,Active
1477,a22e2ca4c354c5d3,Ocean View Annexe,,Breach Candy,South Mumbai Prime,18.9714363,72.8051492,400026,,100,75,https://www.propi.in/search/properties,2026-06-26,2026-06-26,Active
1478,5be69304c575b97b,Oceanic,,Breach Candy,South Mumbai Prime,18.9714363,72.8051492,400026,,100,75,https://www.propi.in/search/properties,2026-06-26,2026-06-26,Active
1479,039a8cdeb0855f63,Palacimo,,Breach Candy,South Mumbai Prime,18.9714363,72.8051492,400026,,100,75,https://www.propi.in/search/properties,2026-06-26,2026-06-26,Active
1480,b7cfdc8ffbae58f6,Peacock Palace Apartment,,Breach Candy,South Mumbai Prime,18.9714363,72.8051492,400026,,100,75,https://www.propi.in/search/properties,2026-06-26,2026-06-26,Active
1481,41df6a3b340c3df6,Petit Tower,,Breach Candy,South Mumbai Prime,18.9714363,72.8051492,400026,,100,75,https://www.propi.in/search/properties,2026-06-26,2026-06-26,Active
1482,07a5024709cbd9af,Prabhat,,Breach Candy,South Mumbai Prime,18.9714363,72.8051492,400026,,100,75,https://www.propi.in/search/properties,2026-06-26,2026-06-26,Active
1483,372010c9dd68a4a7,Pushpa Milan,,Breach Candy,South Mumbai Prime,18.9714363,72.8051492,400026,,100,75,https://www.propi.in/search/properties,2026-06-26,2026-06-26,Active
1484,b2b83d59932f7721,Rasik Niwas At Girgaon Chowpatty,,Breach Candy,South Mumbai Prime,18.9714363,72.8051492,400026,,100,75,https://www.propi.in/search/properties,2026-06-26,2026-06-26,Active
1485,d5698ce69f542626,Sagar Darshan,,Breach Candy,South Mumbai Prime,18.9714363,72.8051492,400026,,100,75,https://www.propi.in/search/properties,2026-06-26,2026-06-26,Active
1486,360c8e02e6aad561,Sagar Tarang,,Breach Candy,South Mumbai Prime,18.9714363,72.8051492,400026,,100,75,https://www.propi.in/search/properties,2026-06-26,2026-06-26,Active
1487,14162707b048d0b1,Sangeet Sarita,,Breach Candy,South Mumbai Prime,18.9714363,72.8051492,400026,,100,75,https://www.propi.in/search/properties,2026-06-26,2026-06-26,Active
1488,fd64adaa12e69f7d,Sarnath,,Breach Candy,South Mumbai Prime,18.9714363,72.8051492,400026,,100,75,https://www.propi.in/search/properties,2026-06-26,2026-06-26,Active
1489,470f0b1b11cd4a0d,Shankar Sagar,,Breach Candy,South Mumbai Prime,18.9714363,72.8051492,400026,,100,75,https://www.propi.in/search/properties,2026-06-26,2026-06-26,Active
1490,7d3a175e452d56f8,Shanker Sagar,,Breach Candy,South Mumbai Prime,18.9714363,72.8051492,400026,,100,75,https://www.propi.in/search/properties,2026-06-26,2026-06-26,Active
1491,69f851dc1ceb7f81,Shyam Niwas,,Breach Candy,South Mumbai Prime,18.9714363,72.8051492,400026,,100,75,https://www.propi.in/search/properties,2026-06-26,2026-06-26,Active
1492,9a8e36caf5373966,Skyscraper,,Breach Candy,South Mumbai Prime,18.9714363,72.8051492,400026,,100,75,https://www.propi.in/search/properties,2026-06-26,2026-06-26,Active
1493,b0c95437d4cf5f98,Somerset House,,Breach Candy,South Mumbai Prime,18.9714363,72.8051492,400026,,100,75,https://www.propi.in/search/properties,2026-06-26,2026-06-26,Active
1494,1da0d89e2e8097d9,Sputnik,,Breach Candy,South Mumbai Prime,18.9714363,72.8051492,400026,,100,75,https://www.propi.in/search/properties,2026-06-26,2026-06-26,Active
1495,0806810222bd620a,Sunshine Apartment,Sunshine Apartment,Breach Candy,South Mumbai Prime,18.9714363,72.8051492,400026,,100,85,https://www.propi.in/search/properties,2026-06-26,2026-06-26,Active
1496,d6e9e3fd1acbe62e,Suraj Millenium,,Breach Candy,South Mumbai Prime,18.9714363,72.8051492,400026,,100,75,https://www.propi.in/search/properties,2026-06-26,2026-06-26,Active
1497,fd30abbb07e0d091,Tirupati Apartment,,Breach Candy,South Mumbai Prime,18.9714363,72.8051492,400026,,100,75,https://www.propi.in/search/properties,2026-06-26,2026-06-26,Active
1498,ccde785b64e81b9b,Waves,,Breach Candy,South Mumbai Prime,18.9714363,72.8051492,400026,,100,75,https://www.propi.in/search/properties,2026-06-26,2026-06-26,Active
1499,95af7b1633cd2f71,Ajay Apartment,,Byculla,South Mumbai Central,18.9766219,72.8327936,400027,,100,75,https://www.propi.in/search/properties,2026-06-26,2026-06-26,Active
1500,a1c049b9648477ef,Batul House,,Byculla,South Mumbai Central,18.9766219,72.8327936,400027,,100,75,https://www.propi.in/search/properties,2026-06-26,2026-06-26,Active
1501,3939bee40f4de8ee,Fortune Tower,,Byculla,South Mumbai Central,18.9766219,72.8327936,400027,,100,75,https://www.propi.in/search/properties,2026-06-26,2026-06-26,Active
1502,ee30d7d7b2bb1ae9,Monte South,,Byculla,South Mumbai Central,18.9766219,72.8327936,400027,,100,75,https://www.propi.in/search/properties,2026-06-26,2026-06-26,Active
1503,b913284f91e1394e,Monte South Tower 2,,Byculla,South Mumbai Central,18.9766219,72.8327936,400027,,100,75,https://www.propi.in/search/properties,2026-06-26,2026-06-26,Active
1504,da3a612862525a5e,Nakoda Heights,,Byculla,South Mumbai Central,18.9766219,72.8327936,400027,,100,75,https://www.propi.in/search/properties,2026-06-26,2026-06-26,Active
1505,5ffce29ce0180b15,Peninsula Salsette,Peninsula Salsette 27,Byculla,South Mumbai Central,18.9766219,72.8327936,400027,Peninsula Group,100,100,https://www.propi.in/search/properties,2026-06-26,2026-06-26,Active
1506,aae3a9a682a8c3f6,Piramal Aarav,Piramal Arav,Byculla,South Mumbai Central,18.9766219,72.8327936,400027,Piramal Realty,100,100,https://www.propi.in/search/properties,2026-06-26,2026-06-26,Active
1507,fe9ff91120bac5d3,Piramal Aranya,Piramal Aranya Ahan | Piramal Aranya Arav | Piramal Aranya Avyan,Byculla,South Mumbai Central,18.9766219,72.8327936,400027,Piramal Realty,100,100,https://www.propi.in/search/properties,2026-06-26,2026-06-26,Active
1508,4507e51f365ead73,Ruparel Vivanza,,Byculla,South Mumbai Central,18.9766219,72.8327936,400027,Ruparel Group,100,90,https://www.propi.in/search/properties,2026-06-26,2026-06-26,Active
1509,b9bdce9a6e5d2c2c,Saifee Park,,Byculla,South Mumbai Central,18.9766219,72.8327936,400027,,100,75,https://www.propi.in/search/properties,2026-06-26,2026-06-26,Active
1510,0841b8774195bdb6,Salsette 27,,Byculla,South Mumbai Central,18.9766219,72.8327936,400027,,100,75,https://www.propi.in/search/properties,2026-06-26,2026-06-26,Active
1511,ea1cba2c54ef5b56,Sanghvi Estella,,Byculla,South Mumbai Central,18.9766219,72.8327936,400027,,100,75,https://www.propi.in/search/properties,2026-06-26,2026-06-26,Active
1512,586ac3bdad5fe03b,Sarah Continental,,Byculla,South Mumbai Central,18.9766219,72.8327936,400027,,100,75,https://www.propi.in/search/properties,2026-06-26,2026-06-26,Active
1513,e1516f0aeeb5425d,Sarkar Residency,,Byculla,South Mumbai Central,18.9766219,72.8327936,400027,,100,75,https://www.propi.in/search/properties,2026-06-26,2026-06-26,Active
1514,e8b35d198d48cb5e,Baya Victoria,The Baya Victoria,Byculla,South Mumbai Central,18.9766219,72.8327936,400027,,100,85,https://www.propi.in/search/properties,2026-06-26,2026-06-26,Active
1515,3bc870e59faf4ea8,Wallace Fortuna,,Byculla,South Mumbai Central,18.9766219,72.8327936,400027,,100,75,https://www.propi.in/search/properties,2026-06-26,2026-06-26,Active
1516,19c08b9ac60be21e,Prestige Jasdan Classic,,Byculla West,South Mumbai Central,18.9750879,72.8282502,400027,Prestige Group,100,90,https://www.propi.in/search/properties,2026-06-26,2026-06-26,Active
1517,691639ce74563c64,Carmichael Residences,,Carmichael Road,South Mumbai Prime,18.9707117,72.8104606,400026,,100,75,https://www.propi.in/search/properties,2026-06-26,2026-06-26,Active
1518,896f4e0a878365d6,Ghia Mansion,,Carmichael Road,South Mumbai Prime,18.9707117,72.8104606,400026,,100,75,https://www.propi.in/search/properties,2026-06-26,2026-06-26,Active
1519,037c396468e68395,Gulistan,,Carmichael Road,South Mumbai Prime,18.9707117,72.8104606,400026,,100,75,https://www.propi.in/search/properties,2026-06-26,2026-06-26,Active
1520,ee1357f1eb4667e9,Mayflower,,Carmichael Road,South Mumbai Prime,18.9707117,72.8104606,400026,,100,75,https://www.propi.in/search/properties,2026-06-26,2026-06-26,Active
1521,ca6bcdb14655a8dd,Sea Gull,,Carmichael Road,South Mumbai Prime,18.9707117,72.8104606,400026,,100,75,https://www.propi.in/search/properties,2026-06-26,2026-06-26,Active
1522,41dec36564c180b9,Boomerang,,Chandivali,Eastern Suburbs,19.1091482,72.8945793,400072,,100,75,https://www.propi.in/search/properties,2026-06-26,2026-06-26,Active
1523,f41df8655e97e6ae,Godrej Urban Park,,Chandivali,Eastern Suburbs,19.1091482,72.8945793,400072,Godrej Properties,100,90,https://www.propi.in/search/properties,2026-06-26,2026-06-26,Active
1524,83274f7c03282ea8,Orchid Enclave,,Chandivali,Eastern Suburbs,19.1091482,72.8945793,400072,,100,75,https://www.propi.in/search/properties,2026-06-26,2026-06-26,Active
1525,6b62fef592bebc66,Vicinia,,Chandivali,Eastern Suburbs,19.1091482,72.8945793,400072,,100,75,https://www.propi.in/search/properties,2026-06-26,2026-06-26,Active
1526,63a690fea9e0e50c,5 Diamond Garden,,Chembur,,19.054818,72.8979713,400089,,100,60,https://www.propi.in/search/properties,2026-06-26,2026-06-26,Active
1527,988ae00fc57d3807,71 Midtown,,Chembur,,19.054818,72.8979713,400089,,100,60,https://www.propi.in/search/properties,2026-06-26,2026-06-26,Active
1528,5f97e966e6f24b6c,Adityaraj Platinum,,Chembur,,19.054818,72.8979713,400089,,100,60,https://www.propi.in/search/properties,2026-06-26,2026-06-26,Active
1529,f37c7a1ca9b69ded,Akansha,,Chembur,,19.054818,72.8979713,400089,,100,60,https://www.propi.in/search/properties,2026-06-26,2026-06-26,Active
1530,ab3dcb23a879a72d,Almeida Ark,,Chembur,,19.054818,72.8979713,400089,,100,60,https://www.propi.in/search/properties,2026-06-26,2026-06-26,Active
1531,a25ff90709902c0a,Altavista,,Chembur,,19.054818,72.8979713,400089,,100,60,https://www.propi.in/search/properties,2026-06-26,2026-06-26,Active
1532,bd5f1cd91ae553e1,Atul Park,,Chembur,,19.054818,72.8979713,400089,,100,60,https://www.propi.in/search/properties,2026-06-26,2026-06-26,Active
1533,0fac36ca8fbe182e,Baba Sadguru,,Chembur,,19.054818,72.8979713,400089,,100,60,https://www.propi.in/search/properties,2026-06-26,2026-06-26,Active
1534,565d27d3d47bcf59,Belvedere,,Chembur,,19.054818,72.8979713,400089,,100,60,https://www.propi.in/search/properties,2026-06-26,2026-06-26,Active
1535,46bb0c0f76ff2daa,Central Park,,Chembur,,19.054818,72.8979713,400089,,100,60,https://www.propi.in/search/properties,2026-06-26,2026-06-26,Active
1536,71e433aa0fb3cd4c,Centrio,,Chembur,,19.054818,72.8979713,400089,,100,60,https://www.propi.in/search/properties,2026-06-26,2026-06-26,Active
1537,d4a4e476c908ad19,Chembur Castle,,Chembur,,19.054818,72.8979713,400089,,100,60,https://www.propi.in/search/properties,2026-06-26,2026-06-26,Active
1538,36888c159e3fb262,Collectors Colony,,Chembur,,19.054818,72.8979713,400089,,100,60,https://www.propi.in/search/properties,2026-06-26,2026-06-26,Active
1539,ff553f17cbb7196a,Crystal Armus,,Chembur,,19.054818,72.8979713,400089,,100,60,https://www.propi.in/search/properties,2026-06-26,2026-06-26,Active
1540,3d601ec985e40bbd,Dukes Horizon,,Chembur,,19.054818,72.8979713,400089,,100,60,https://www.propi.in/search/properties,2026-06-26,2026-06-26,Active
1541,3d0411e47d27c991,Godrej Central,,Chembur,,19.054818,72.8979713,400089,Godrej Properties,100,75,https://www.propi.in/search/properties,2026-06-26,2026-06-26,Active
1542,9cc2e8ef75a3a0d0,Godrej Prime,,Chembur,,19.054818,72.8979713,400089,Godrej Properties,100,75,https://www.propi.in/search/properties,2026-06-26,2026-06-26,Active
1543,b0a3a46bdac5f6af,Godrej RKS,,Chembur,,19.054818,72.8979713,400089,Godrej Properties,100,75,https://www.propi.in/search/properties,2026-06-26,2026-06-26,Active
1544,62f6e7f63f7c9474,Godrej Serenity,,Chembur,,19.054818,72.8979713,400089,Godrej Properties,100,75,https://www.propi.in/search/properties,2026-06-26,2026-06-26,Active
1545,402828a09df0dbdb,Gurukripa,,Chembur,,19.054818,72.8979713,400089,,100,60,https://www.propi.in/search/properties,2026-06-26,2026-06-26,Active
1546,b0bb68a7c0fac044,Gurukrupa,,Chembur,,19.054818,72.8979713,400089,,100,60,https://www.propi.in/search/properties,2026-06-26,2026-06-26,Active
1547,52496480dc411107,Heritage One,,Chembur,,19.054818,72.8979713,400089,,100,60,https://www.propi.in/search/properties,2026-06-26,2026-06-26,Active
1548,70262a6bc71621e5,Highscape City,,Chembur,,19.054818,72.8979713,400089,,100,60,https://www.propi.in/search/properties,2026-06-26,2026-06-26,Active
1549,eeae3ecfcf7636b7,Hubtown Seasons,,Chembur,,19.054818,72.8979713,400089,Hubtown,100,75,https://www.propi.in/search/properties,2026-06-26,2026-06-26,Active
1550,fe7f59510f61ec4e,Jasmine,,Chembur,,19.054818,72.8979713,400089,,100,60,https://www.propi.in/search/properties,2026-06-26,2026-06-26,Active
1551,0d30dd362043afd4,Keshav Kohinoor,,Chembur,,19.054818,72.8979713,400089,Kohinoor Group,100,75,https://www.propi.in/search/properties,2026-06-26,2026-06-26,Active
1552,53cf1e9eecc337f5,Kukreja Chembur Heights,,Chembur,,19.054818,72.8979713,400089,,100,60,https://www.propi.in/search/properties,2026-06-26,2026-06-26,Active
1553,090154b317369406,MM Spectra,,Chembur,,19.054818,72.8979713,400089,,100,60,https://www.propi.in/search/properties,2026-06-26,2026-06-26,Active
1554,7347fc46e8c3acc9,Manjari Arcade,,Chembur,,19.054818,72.8979713,400089,,100,60,https://www.propi.in/search/properties,2026-06-26,2026-06-26,Active
1555,a0d84d3c4bb1a49e,Mass Metropolis,,Chembur,,19.054818,72.8979713,400089,,100,60,https://www.propi.in/search/properties,2026-06-26,2026-06-26,Active
1556,3f52e9a0ca33531b,Morya Moheni,,Chembur,,19.054818,72.8979713,400089,,100,60,https://www.propi.in/search/properties,2026-06-26,2026-06-26,Active
1557,2b818c9deb101c00,Nav Parmanu,,Chembur,,19.054818,72.8979713,400089,,100,60,https://www.propi.in/search/properties,2026-06-26,2026-06-26,Active
1558,e005af19dbee3ed2,Nisarg,,Chembur,,19.054818,72.8979713,400089,,100,60,https://www.propi.in/search/properties,2026-06-26,2026-06-26,Active
1559,c05404e8e0212ee6,Nityanand Baug,,Chembur,,19.054818,72.8979713,400089,,100,60,https://www.propi.in/search/properties,2026-06-26,2026-06-26,Active
1560,dc63d545a088a3fd,Omkar Raga,,Chembur,,19.054818,72.8979713,400089,Omkar Realtors,100,75,https://www.propi.in/search/properties,2026-06-26,2026-06-26,Active
1561,a94dce2742438693,Orchid,,Chembur,,19.054818,72.8979713,400089,,100,60,https://www.propi.in/search/properties,2026-06-26,2026-06-26,Active
1562,f4e7ff034f532bb0,Purva Clarmont,,Chembur,,19.054818,72.8979713,400089,,100,60,https://www.propi.in/search/properties,2026-06-26,2026-06-26,Active
1563,bc311ebe0aecb4a4,RNA Continental,,Chembur,,19.054818,72.8979713,400089,,100,60,https://www.propi.in/search/properties,2026-06-26,2026-06-26,Active
1564,ccce378617af6493,Raheja Acropolis,,Chembur,,19.054818,72.8979713,400089,K. Raheja Group,100,75,https://www.propi.in/search/properties,2026-06-26,2026-06-26,Active
1565,a87dd150be5a7c45,Safal Sky,,Chembur,,19.054818,72.8979713,400089,,100,60,https://www.propi.in/search/properties,2026-06-26,2026-06-26,Active
1566,3b037ff4de7ed9f6,Sai Krupa,,Chembur,,19.054818,72.8979713,400089,,100,60,https://www.propi.in/search/properties,2026-06-26,2026-06-26,Active
1567,71777eaca0fc06eb,Sai Sanskar,,Chembur,,19.054818,72.8979713,400089,,100,60,https://www.propi.in/search/properties,2026-06-26,2026-06-26,Active
1568,e5b18863cd91b6d7,Samruddhi,,Chembur,,19.054818,72.8979713,400089,,100,60,https://www.propi.in/search/properties,2026-06-26,2026-06-26,Active
1569,55d525cddeb8c75a,Satyam Springs,,Chembur,,19.054818,72.8979713,400089,,100,60,https://www.propi.in/search/properties,2026-06-26,2026-06-26,Active
1570,86d6cd30c5fb15d1,Signature Business Park,,Chembur,,19.054818,72.8979713,400089,,100,60,https://www.propi.in/search/properties,2026-06-26,2026-06-26,Active
1571,3cbad8355688fb0a,Sindhi Society,,Chembur,,19.054818,72.8979713,400089,,100,60,https://www.propi.in/search/properties,2026-06-26,2026-06-26,Active
1572,51619ec6c0c0b21d,Spenta Ornata,,Chembur,,19.054818,72.8979713,400089,,100,60,https://www.propi.in/search/properties,2026-06-26,2026-06-26,Active
1573,0b8ab07a0cd7c694,Supreme Boulevard,,Chembur,,19.054818,72.8979713,400089,,100,60,https://www.propi.in/search/properties,2026-06-26,2026-06-26,Active
1574,f418b28e3b97e5e2,Swastik Solitaire,,Chembur,,19.054818,72.8979713,400089,,100,60,https://www.propi.in/search/properties,2026-06-26,2026-06-26,Active
1575,a6aba151abc36969,Epicentre,The Epicentre,Chembur,,19.054818,72.8979713,400089,,100,70,https://www.propi.in/search/properties,2026-06-26,2026-06-26,Active
1576,2445582087ecdafd,Tina Bliss,,Chembur,,19.054818,72.8979713,400089,,100,60,https://www.propi.in/search/properties,2026-06-26,2026-06-26,Active
1577,5702ca19b70a0a08,Tridhaatu Aum,,Chembur,,19.054818,72.8979713,400089,,100,60,https://www.propi.in/search/properties,2026-06-26,2026-06-26,Active
1578,23c6acbae1513403,Triveni,,Chembur,,19.054818,72.8979713,400089,,100,60,https://www.propi.in/search/properties,2026-06-26,2026-06-26,Active
1579,9167cffd181a5aca,Vikas Centre,,Chembur,,19.054818,72.8979713,400089,,100,60,https://www.propi.in/search/properties,2026-06-26,2026-06-26,Active
1580,b5884966076702f7,Zynergy,,Chembur,,19.054818,72.8979713,400089,,100,60,https://www.propi.in/search/properties,2026-06-26,2026-06-26,Active
1581,ff1ce30b54874063,CCI Chambers,,Churchgate,South Mumbai Prime,18.9354797,72.8271741,400020,,100,75,https://www.propi.in/search/properties,2026-06-26,2026-06-26,Active
1582,1d4ec2f39833ac3e,Churchgate Mansion,,Churchgate,South Mumbai Prime,18.9354797,72.8271741,400020,,100,75,https://www.propi.in/search/properties,2026-06-26,2026-06-26,Active
1583,8fdee2ef5397cac1,Indus Court,,Churchgate,South Mumbai Prime,18.9354797,72.8271741,400020,,100,75,https://www.propi.in/search/properties,2026-06-26,2026-06-26,Active
1584,62077094eac8a8bf,Krishna Mahal,,Churchgate,South Mumbai Prime,18.9354797,72.8271741,400020,,100,75,https://www.propi.in/search/properties,2026-06-26,2026-06-26,Active
1585,26bb6464a2a63f90,Moti Mahal,,Churchgate,South Mumbai Prime,18.9354797,72.8271741,400020,,100,75,https://www.propi.in/search/properties,2026-06-26,2026-06-26,Active
1586,f9da712f306ae531,Prem Court,,Churchgate,South Mumbai Prime,18.9354797,72.8271741,400020,,100,75,https://www.propi.in/search/properties,2026-06-26,2026-06-26,Active
1587,1bac7cd1cd48a407,Raj Mahal,,Churchgate,South Mumbai Prime,18.9354797,72.8271741,400020,,100,75,https://www.propi.in/search/properties,2026-06-26,2026-06-26,Active
1588,93416682e37be86a,Rakhi Mahal,,Churchgate,South Mumbai Prime,18.9354797,72.8271741,400020,,100,75,https://www.propi.in/search/properties,2026-06-26,2026-06-26,Active
1589,bc4a52098cdd5259,Ravindra Mansion,,Churchgate,South Mumbai Prime,18.9354797,72.8271741,400020,,100,75,https://www.propi.in/search/properties,2026-06-26,2026-06-26,Active
1590,33242d3765688db5,Sahakar,,Churchgate,South Mumbai Prime,18.9354797,72.8271741,400020,,100,75,https://www.propi.in/search/properties,2026-06-26,2026-06-26,Active
1591,135a79f42b7ec7cd,Vishnu Mahal,,Churchgate,South Mumbai Prime,18.9354797,72.8271741,400020,,100,75,https://www.propi.in/search/properties,2026-06-26,2026-06-26,Active
1592,f4331153dc084f2f,Ahmed Mansion,,Colaba,South Mumbai Prime,18.915091,72.8259691,400005,,100,75,https://www.propi.in/search/properties,2026-06-26,2026-06-26,Active
1593,c1584ccc26944a40,Anjali,Anjali Building,Colaba,South Mumbai Prime,18.915091,72.8259691,400005,,100,85,https://www.propi.in/search/properties,2026-06-26,2026-06-26,Active
1594,13124d0254aa0020,Apartment FOR LandL,Apartment FOR L&L,Colaba,South Mumbai Prime,18.915091,72.8259691,400005,,100,85,https://www.propi.in/search/properties,2026-06-26,2026-06-26,Active
1595,039df90eedef6eb0,Apna Ghar,,Colaba,South Mumbai Prime,18.915091,72.8259691,400005,,100,75,https://www.propi.in/search/properties,2026-06-26,2026-06-26,Active
1596,f00519ae83859a03,Atur Apartment,,Colaba,South Mumbai Prime,18.915091,72.8259691,400005,,100,75,https://www.propi.in/search/properties,2026-06-26,2026-06-26,Active
1597,57d9e17a9df3b955,Bela Court 1,,Colaba,South Mumbai Prime,18.915091,72.8259691,400005,,100,75,https://www.propi.in/search/properties,2026-06-26,2026-06-26,Active
1598,ae77eb639a22d8d4,Bennett Villa,,Colaba,South Mumbai Prime,18.915091,72.8259691,400005,,100,75,https://www.propi.in/search/properties,2026-06-26,2026-06-26,Active
1599,937177c04de4aa06,Colaba Court,,Colaba,South Mumbai Prime,18.915091,72.8259691,400005,,100,75,https://www.propi.in/search/properties,2026-06-26,2026-06-26,Active
1600,366eb63567a7f9fc,Connaught Mansion,,Colaba,South Mumbai Prime,18.915091,72.8259691,400005,,100,75,https://www.propi.in/search/properties,2026-06-26,2026-06-26,Active
1601,9a50d9855d92c758,Corinthian,,Colaba,South Mumbai Prime,18.915091,72.8259691,400005,,100,75,https://www.propi.in/search/properties,2026-06-26,2026-06-26,Active
1602,0393be623c824df2,Daulat Shirin,,Colaba,South Mumbai Prime,18.915091,72.8259691,400005,,100,75,https://www.propi.in/search/properties,2026-06-26,2026-06-26,Active
1603,e6e756bceff9f866,Exclusive,,Colaba,South Mumbai Prime,18.915091,72.8259691,400005,,100,75,https://www.propi.in/search/properties,2026-06-26,2026-06-26,Active
1604,38d9a63fa361786b,Girdhar Nivas,,Colaba,South Mumbai Prime,18.915091,72.8259691,400005,,100,75,https://www.propi.in/search/properties,2026-06-26,2026-06-26,Active
1605,85d7f8c8a25b19c7,Gitanjali,,Colaba,South Mumbai Prime,18.915091,72.8259691,400005,,100,75,https://www.propi.in/search/properties,2026-06-26,2026-06-26,Active
1606,a74ed4d7999b20c3,Harbour Height,,Colaba,South Mumbai Prime,18.915091,72.8259691,400005,,100,75,https://www.propi.in/search/properties,2026-06-26,2026-06-26,Active
1607,4ebdf6744d2b56b6,Jamuna Sagar,,Colaba,South Mumbai Prime,18.915091,72.8259691,400005,,100,75,https://www.propi.in/search/properties,2026-06-26,2026-06-26,Active
1608,dbdaa7201770bc10,Kismet,,Colaba,South Mumbai Prime,18.915091,72.8259691,400005,,100,75,https://www.propi.in/search/properties,2026-06-26,2026-06-26,Active
1609,c2e5bb4676744db8,Kuvar House,,Colaba,South Mumbai Prime,18.915091,72.8259691,400005,,100,75,https://www.propi.in/search/properties,2026-06-26,2026-06-26,Active
1610,39bd6e9b1a32f266,Lovedale,,Colaba,South Mumbai Prime,18.915091,72.8259691,400005,,100,75,https://www.propi.in/search/properties,2026-06-26,2026-06-26,Active
1611,a7df63adb4ca715d,Mistry Chamber,,Colaba,South Mumbai Prime,18.915091,72.8259691,400005,,100,75,https://www.propi.in/search/properties,2026-06-26,2026-06-26,Active
1612,db7d0a0db95f168b,Owners Court,,Colaba,South Mumbai Prime,18.915091,72.8259691,400005,,100,75,https://www.propi.in/search/properties,2026-06-26,2026-06-26,Active
1613,5cf62c69f2ca1cb4,Poornima,,Colaba,South Mumbai Prime,18.915091,72.8259691,400005,,100,75,https://www.propi.in/search/properties,2026-06-26,2026-06-26,Active
1614,cbf22087e1389a23,Pushpa Bhavan,,Colaba,South Mumbai Prime,18.915091,72.8259691,400005,,100,75,https://www.propi.in/search/properties,2026-06-26,2026-06-26,Active
1615,e67d5f30f9cb0928,Pushpa Vihar,Pushpa Vihar CHS,Colaba,South Mumbai Prime,18.915091,72.8259691,400005,,100,85,https://www.propi.in/search/properties,2026-06-26,2026-06-26,Active
1616,d6c11faeba1ae70d,Ruki Mahal,,Colaba,South Mumbai Prime,18.915091,72.8259691,400005,,100,75,https://www.propi.in/search/properties,2026-06-26,2026-06-26,Active
1617,5dd985d605eb32f9,Sangam Bhavan,,Colaba,South Mumbai Prime,18.915091,72.8259691,400005,,100,75,https://www.propi.in/search/properties,2026-06-26,2026-06-26,Active
1618,c157ecdec0791188,Sangita,,Colaba,South Mumbai Prime,18.915091,72.8259691,400005,,100,75,https://www.propi.in/search/properties,2026-06-26,2026-06-26,Active
1619,60879ab830047dee,Surat Bahar,,Colaba,South Mumbai Prime,18.915091,72.8259691,400005,,100,75,https://www.propi.in/search/properties,2026-06-26,2026-06-26,Active
1620,b3e27af54fab2357,Usha Sadan,,Colaba,South Mumbai Prime,18.915091,72.8259691,400005,,100,75,https://www.propi.in/search/properties,2026-06-26,2026-06-26,Active
1621,a556d08996e9490e,Veena Tower,,Colaba,South Mumbai Prime,18.915091,72.8259691,400005,,100,75,https://www.propi.in/search/properties,2026-06-26,2026-06-26,Active
1622,5bcc01a5a9eba7ec,Waterfront Tower,Waterfront Towers,Colaba,South Mumbai Prime,18.915091,72.8259691,400005,,100,85,https://www.propi.in/search/properties,2026-06-26,2026-06-26,Active
1623,83240d002eafc4fc,West View,,Colaba,South Mumbai Prime,18.915091,72.8259691,400005,,100,75,https://www.propi.in/search/properties,2026-06-26,2026-06-26,Active
1624,3b6cd337f38aeff0,Windmere,,Colaba,South Mumbai Prime,18.915091,72.8259691,400005,,100,75,https://www.propi.in/search/properties,2026-06-26,2026-06-26,Active
1625,0c221c25e1ac5e0d,York House,,Colaba,South Mumbai Prime,18.915091,72.8259691,400005,,100,75,https://www.propi.in/search/properties,2026-06-26,2026-06-26,Active
1626,c606943443fbd561,Atur Terraces,,Cuffe Parade,South Mumbai Prime,18.9129204,72.8201377,,,100,70,https://www.propi.in/search/properties,2026-06-26,2026-06-26,Active
1627,d0721abf5025692d,Basant Apartment,,Cuffe Parade,South Mumbai Prime,18.9129204,72.8201377,,,100,70,https://www.propi.in/search/properties,2026-06-26,2026-06-26,Active
1628,f38e612b8380caec,Cuffe Castle,,Cuffe Parade,South Mumbai Prime,18.9129204,72.8201377,,,100,70,https://www.propi.in/search/properties,2026-06-26,2026-06-26,Active
1629,23c4802a05aa49b8,DSK Durgamata,,Cuffe Parade,South Mumbai Prime,18.9129204,72.8201377,,,100,70,https://www.propi.in/search/properties,2026-06-26,2026-06-26,Active
1630,db48e2b8727bccaa,Durgamata Tower,,Cuffe Parade,South Mumbai Prime,18.9129204,72.8201377,,,100,70,https://www.propi.in/search/properties,2026-06-26,2026-06-26,Active
1631,38af523d3ca1e1ed,Hassa Mahal,,Cuffe Parade,South Mumbai Prime,18.9129204,72.8201377,,,100,70,https://www.propi.in/search/properties,2026-06-26,2026-06-26,Active
1632,0894acfd22ce7245,Jalkiran,,Cuffe Parade,South Mumbai Prime,18.9129204,72.8201377,,,100,70,https://www.propi.in/search/properties,2026-06-26,2026-06-26,Active
1633,9d4d2c112afd3818,Jolly Maker,,Cuffe Parade,South Mumbai Prime,18.9129204,72.8201377,,,100,70,https://www.propi.in/search/properties,2026-06-26,2026-06-26,Active
1634,d0c96c265cdb4a3b,Jolly Maker I,,Cuffe Parade,South Mumbai Prime,18.9129204,72.8201377,,,100,70,https://www.propi.in/search/properties,2026-06-26,2026-06-26,Active
1635,a152bb3180f0f119,Jupiter,,Cuffe Parade,South Mumbai Prime,18.9129204,72.8201377,,,100,70,https://www.propi.in/search/properties,2026-06-26,2026-06-26,Active
1636,e703b70f34d21aea,Maker Tower,,Cuffe Parade,South Mumbai Prime,18.9129204,72.8201377,,,100,70,https://www.propi.in/search/properties,2026-06-26,2026-06-26,Active
1637,56705252c3abf4ef,Maker Tower - B,,Cuffe Parade,South Mumbai Prime,18.9129204,72.8201377,,,100,70,https://www.propi.in/search/properties,2026-06-26,2026-06-26,Active
1638,bc1b47fd9c759764,Maker Tower J,,Cuffe Parade,South Mumbai Prime,18.9129204,72.8201377,,,100,70,https://www.propi.in/search/properties,2026-06-26,2026-06-26,Active
1639,43e26cb1689ea1a7,Mehrnaz,,Cuffe Parade,South Mumbai Prime,18.9129204,72.8201377,,,100,70,https://www.propi.in/search/properties,2026-06-26,2026-06-26,Active
1640,3bf97033529699e3,Palm Spring,,Cuffe Parade,South Mumbai Prime,18.9129204,72.8201377,,,100,70,https://www.propi.in/search/properties,2026-06-26,2026-06-26,Active
1641,50de9fe239526ad7,Persepolis,,Cuffe Parade,South Mumbai Prime,18.9129204,72.8201377,,,100,70,https://www.propi.in/search/properties,2026-06-26,2026-06-26,Active
1642,c874ffe0d9d7344e,Revills,,Cuffe Parade,South Mumbai Prime,18.9129204,72.8201377,,,100,70,https://www.propi.in/search/properties,2026-06-26,2026-06-26,Active
1643,8401e641c0053ec2,Sainara,,Cuffe Parade,South Mumbai Prime,18.9129204,72.8201377,,,100,70,https://www.propi.in/search/properties,2026-06-26,2026-06-26,Active
1644,5a269977dd026602,Satnam Apartment,,Cuffe Parade,South Mumbai Prime,18.9129204,72.8201377,,,100,70,https://www.propi.in/search/properties,2026-06-26,2026-06-26,Active
1645,9088b3019df93cc9,Sea Land,,Cuffe Parade,South Mumbai Prime,18.9129204,72.8201377,,,100,70,https://www.propi.in/search/properties,2026-06-26,2026-06-26,Active
1646,f1d6db445c2a62e9,Sea Lord,,Cuffe Parade,South Mumbai Prime,18.9129204,72.8201377,,,100,70,https://www.propi.in/search/properties,2026-06-26,2026-06-26,Active
1647,373d8266b64ec23d,Sunflower,,Cuffe Parade,South Mumbai Prime,18.9129204,72.8201377,,,100,70,https://www.propi.in/search/properties,2026-06-26,2026-06-26,Active
1648,7de4c91371d8d469,Veena Tower,,Cuffe Parade,South Mumbai Prime,18.9129204,72.8201377,,,100,70,https://www.propi.in/search/properties,2026-06-26,2026-06-26,Active
1649,632382ab2751946d,Venus,,Cuffe Parade,South Mumbai Prime,18.9129204,72.8201377,,,100,70,https://www.propi.in/search/properties,2026-06-26,2026-06-26,Active
1650,4698b08eedfeecc9,World Trade Centre,,Cuffe Parade,South Mumbai Prime,18.9129204,72.8201377,,,100,70,https://www.propi.in/search/properties,2026-06-26,2026-06-26,Active
1651,fbc4b1c2ac7f8171,Cosmos Plaza,,D N Nagar,,19.1282826,72.8302354,402205,,100,60,https://www.propi.in/search/properties,2026-06-26,2026-06-26,Active
1652,3d8ff9a523875ea7,Kohinoor Square,Kohinoor Square,Dadar West,South Mumbai Central,19.0192269,72.8428479,400028,Kohinoor Group,100,100,https://www.propi.in/search/properties,2026-06-26,2026-06-26,Active
1653,4537619fa43c151a,Aradhana Apartment,Aradhana Apt,Dadar East,South Mumbai Central,19.0162531,72.8522274,400031,,100,85,https://www.propi.in/search/properties,2026-06-26,2026-06-26,Active
1654,06b4633f712d36ff,Avenue 14,,Dadar East,South Mumbai Central,19.0162531,72.8522274,400031,,100,75,https://www.propi.in/search/properties,2026-06-26,2026-06-26,Active
1655,7ca2c548b8197d3a,Civic Centre,,Dadar East,South Mumbai Central,19.0162531,72.8522274,400031,,100,75,https://www.propi.in/search/properties,2026-06-26,2026-06-26,Active
1656,f13d350c9fd33db2,Crystal Tower,,Dadar East,South Mumbai Central,19.0162531,72.8522274,400031,,100,75,https://www.propi.in/search/properties,2026-06-26,2026-06-26,Active
1657,7c540cf709a21b70,Ekta Invictus,,Dadar East,South Mumbai Central,19.0162531,72.8522274,400031,Ekta World,100,90,https://www.propi.in/search/properties,2026-06-26,2026-06-26,Active
1658,1b551b03dbb988fb,El Prado,,Dadar East,South Mumbai Central,19.0162531,72.8522274,400031,,100,75,https://www.propi.in/search/properties,2026-06-26,2026-06-26,Active
1659,6ce7b5cb0af3c3f7,Ganesh Apartment,,Dadar East,South Mumbai Central,19.0162531,72.8522274,400031,,100,75,https://www.propi.in/search/properties,2026-06-26,2026-06-26,Active
1660,ee74275e3d6f1afe,Garden Court,,Dadar East,South Mumbai Central,19.0162531,72.8522274,400031,,100,75,https://www.propi.in/search/properties,2026-06-26,2026-06-26,Active
1661,92339c993ce80152,Hindu Colony,,Dadar East,South Mumbai Central,19.0162531,72.8522274,400031,,100,75,https://www.propi.in/search/properties,2026-06-26,2026-06-26,Active
1662,c88e9a5d66a7bfb1,Island City Centre 1,Island City Centre 2,Dadar East,South Mumbai Central,19.0162531,72.8522274,400031,,100,85,https://www.propi.in/search/properties,2026-06-26,2026-06-26,Active
1663,af27d7df1ee22332,Kesar Equinox,,Dadar East,South Mumbai Central,19.0162531,72.8522274,400031,,100,75,https://www.propi.in/search/properties,2026-06-26,2026-06-26,Active
1664,c7da5480f7b3d851,Landmark Tower,,Dadar East,South Mumbai Central,19.0162531,72.8522274,400031,,100,75,https://www.propi.in/search/properties,2026-06-26,2026-06-26,Active
1665,be74e4f49b154336,Mehta Residency,,Dadar East,South Mumbai Central,19.0162531,72.8522274,400031,,100,75,https://www.propi.in/search/properties,2026-06-26,2026-06-26,Active
1666,adf82b515099b408,Monalisa Tower,,Dadar East,South Mumbai Central,19.0162531,72.8522274,400031,,100,75,https://www.propi.in/search/properties,2026-06-26,2026-06-26,Active
1667,774dca86262aacb1,One ICC,One ICC Tower,Dadar East,South Mumbai Central,19.0162531,72.8522274,400031,,100,85,https://www.propi.in/search/properties,2026-06-26,2026-06-26,Active
1668,cead9827d9a62ac4,Palai Plaza,,Dadar East,South Mumbai Central,19.0162531,72.8522274,400031,,100,75,https://www.propi.in/search/properties,2026-06-26,2026-06-26,Active
1669,014312c6cca799cf,R A Residences,,Dadar East,South Mumbai Central,19.0162531,72.8522274,400031,,100,75,https://www.propi.in/search/properties,2026-06-26,2026-06-26,Active
1670,18a93196499fcda2,R A Residency,,Dadar East,South Mumbai Central,19.0162531,72.8522274,400031,,100,75,https://www.propi.in/search/properties,2026-06-26,2026-06-26,Active
1671,25c9ad690cd779f9,Rangoli Time Complex,,Dadar East,South Mumbai Central,19.0162531,72.8522274,400031,,100,75,https://www.propi.in/search/properties,2026-06-26,2026-06-26,Active
1672,f0c7cf8e0f9f2d38,Ratnamani Tower,,Dadar East,South Mumbai Central,19.0162531,72.8522274,400031,,100,75,https://www.propi.in/search/properties,2026-06-26,2026-06-26,Active
1673,d183826c8fcd03fa,Shanta Durga,,Dadar East,South Mumbai Central,19.0162531,72.8522274,400031,,100,75,https://www.propi.in/search/properties,2026-06-26,2026-06-26,Active
1674,f3efb85ecb4b9e63,Shri Niwas,,Dadar East,South Mumbai Central,19.0162531,72.8522274,400031,,100,75,https://www.propi.in/search/properties,2026-06-26,2026-06-26,Active
1675,43f36897e3c02582,Spring Tower,,Dadar East,South Mumbai Central,19.0162531,72.8522274,400031,,100,75,https://www.propi.in/search/properties,2026-06-26,2026-06-26,Active
1676,c2fec72df3dae0bd,Springs,,Dadar East,South Mumbai Central,19.0162531,72.8522274,400031,,100,75,https://www.propi.in/search/properties,2026-06-26,2026-06-26,Active
1677,7c95a25da35388d0,Sugee Mahalaxmi,,Dadar East,South Mumbai Central,19.0162531,72.8522274,400031,Sugee Group,100,90,https://www.propi.in/search/properties,2026-06-26,2026-06-26,Active
1678,5cfa4b6d0bb73fc4,Supreme Melange,,Dadar East,South Mumbai Central,19.0162531,72.8522274,400031,,100,75,https://www.propi.in/search/properties,2026-06-26,2026-06-26,Active
1679,b5181efab9dc427c,Baya Sunrise,The Baya Sunrise,Dadar East,South Mumbai Central,19.0162531,72.8522274,400031,,100,85,https://www.propi.in/search/properties,2026-06-26,2026-06-26,Active
1680,db806d11c7cca568,Wadala Udyog Bhavan,,Dadar East,South Mumbai Central,19.0162531,72.8522274,400031,,100,75,https://www.propi.in/search/properties,2026-06-26,2026-06-26,Active
1681,7d78aab2de73b6c1,140 Shivaji Park,,Dadar West,South Mumbai Central,19.0238887,72.8382236,400028,,100,75,https://www.propi.in/search/properties,2026-06-26,2026-06-26,Active
1682,0be0d6ba259ddb44,Aadeshwar,,Dadar West,South Mumbai Central,19.0238887,72.8382236,400028,,100,75,https://www.propi.in/search/properties,2026-06-26,2026-06-26,Active
1683,67d0d01ac91076f5,Anand Apartment,,Dadar West,South Mumbai Central,19.0238887,72.8382236,400028,,100,75,https://www.propi.in/search/properties,2026-06-26,2026-06-26,Active
1684,b97e6dc92ecf1e91,Avhad Oasis,,Dadar West,South Mumbai Central,19.0238887,72.8382236,400028,,100,75,https://www.propi.in/search/properties,2026-06-26,2026-06-26,Active
1685,c4bfd814d284a104,Baya Park,Baya Park,Dadar West,South Mumbai Central,19.0238887,72.8382236,400028,,100,85,https://www.propi.in/search/properties,2026-06-26,2026-06-26,Active
1686,beed9338702b0d36,Bhakti Park,,Dadar West,South Mumbai Central,19.0238887,72.8382236,400028,,100,75,https://www.propi.in/search/properties,2026-06-26,2026-06-26,Active
1687,f6a73d069db251a1,"Bhawani Shankar,dadar",,Dadar West,South Mumbai Central,19.0238887,72.8382236,400028,,100,75,https://www.propi.in/search/properties,2026-06-26,2026-06-26,Active
1688,f55ab7f6bc3448df,Bliss Kasa,,Dadar West,South Mumbai Central,19.0238887,72.8382236,400028,,100,75,https://www.propi.in/search/properties,2026-06-26,2026-06-26,Active
1689,27efae5d213ed8a2,DLF The Crest,,Dadar West,South Mumbai Central,19.0238887,72.8382236,400028,,100,75,https://www.propi.in/search/properties,2026-06-26,2026-06-26,Active
1690,6e547768b4ee325b,Dotom Desire,,Dadar West,South Mumbai Central,19.0238887,72.8382236,400028,,100,75,https://www.propi.in/search/properties,2026-06-26,2026-06-26,Active
1691,ce2f7a9f929bc529,Earth Ventage,,Dadar West,South Mumbai Central,19.0238887,72.8382236,400028,,100,75,https://www.propi.in/search/properties,2026-06-26,2026-06-26,Active
1692,342e21c4650d07f0,Earth Vintage,,Dadar West,South Mumbai Central,19.0238887,72.8382236,400028,,100,75,https://www.propi.in/search/properties,2026-06-26,2026-06-26,Active
1693,6fc1faaf8c46d81e,Hiranya,,Dadar West,South Mumbai Central,19.0238887,72.8382236,400028,,100,75,https://www.propi.in/search/properties,2026-06-26,2026-06-26,Active
1694,2b76b9e0fa2b15d8,Inder Tower,,Dadar West,South Mumbai Central,19.0238887,72.8382236,400028,,100,75,https://www.propi.in/search/properties,2026-06-26,2026-06-26,Active
1695,c7e1c628e2410c81,Kalaya Tower,,Dadar West,South Mumbai Central,19.0238887,72.8382236,400028,,100,75,https://www.propi.in/search/properties,2026-06-26,2026-06-26,Active
1696,b7cb5ad6a07c3033,Kohinoor Altissimo,,Dadar West,South Mumbai Central,19.0238887,72.8382236,400028,Kohinoor Group,100,90,https://www.propi.in/search/properties,2026-06-26,2026-06-26,Active
1697,0cc1b0bef467d14a,Laxmi Commercial Centre,,Dadar West,South Mumbai Central,19.0238887,72.8382236,400028,,100,75,https://www.propi.in/search/properties,2026-06-26,2026-06-26,Active
1698,4662398134057e14,Luis Apartment,,Dadar West,South Mumbai Central,19.0238887,72.8382236,400028,,100,75,https://www.propi.in/search/properties,2026-06-26,2026-06-26,Active
1699,f51b5e0ef911ce67,Mandarmala,,Dadar West,South Mumbai Central,19.0238887,72.8382236,400028,,100,75,https://www.propi.in/search/properties,2026-06-26,2026-06-26,Active
1700,77316c027526cc9e,Mangesh Sadan,,Dadar West,South Mumbai Central,19.0238887,72.8382236,400028,,100,75,https://www.propi.in/search/properties,2026-06-26,2026-06-26,Active
1701,329808236f193fb0,Moti Bhuvan,,Dadar West,South Mumbai Central,19.0238887,72.8382236,400028,,100,75,https://www.propi.in/search/properties,2026-06-26,2026-06-26,Active
1702,b4e6cb026c1b4f6b,Omkar Belleza,,Dadar West,South Mumbai Central,19.0238887,72.8382236,400028,Omkar Realtors,100,90,https://www.propi.in/search/properties,2026-06-26,2026-06-26,Active
1703,74e150bde8036cfa,Palette,,Dadar West,South Mumbai Central,19.0238887,72.8382236,400028,,100,75,https://www.propi.in/search/properties,2026-06-26,2026-06-26,Active
1704,e88d09d8a428e433,Park Mist,,Dadar West,South Mumbai Central,19.0238887,72.8382236,400028,,100,75,https://www.propi.in/search/properties,2026-06-26,2026-06-26,Active
1705,9bc59d474e88d0bd,Royal Accord,,Dadar West,South Mumbai Central,19.0238887,72.8382236,400028,,100,75,https://www.propi.in/search/properties,2026-06-26,2026-06-26,Active
1706,37f15d34f58e6801,Royal Tusk,,Dadar West,South Mumbai Central,19.0238887,72.8382236,400028,,100,75,https://www.propi.in/search/properties,2026-06-26,2026-06-26,Active
1707,7f5fb8f491ede427,Sai Siddhi,,Dadar West,South Mumbai Central,19.0238887,72.8382236,400028,,100,75,https://www.propi.in/search/properties,2026-06-26,2026-06-26,Active
1708,746ef770fc30c26e,Silver Beach Apartments,,Dadar West,South Mumbai Central,19.0238887,72.8382236,400028,,100,75,https://www.propi.in/search/properties,2026-06-26,2026-06-26,Active
1709,c3bae027b3f22e82,Sugee Akanksha,,Dadar West,South Mumbai Central,19.0238887,72.8382236,400028,Sugee Group,100,90,https://www.propi.in/search/properties,2026-06-26,2026-06-26,Active
1710,ccdb22437c87bf53,Sugee Hiranya,,Dadar West,South Mumbai Central,19.0238887,72.8382236,400028,Sugee Group,100,90,https://www.propi.in/search/properties,2026-06-26,2026-06-26,Active
1711,5310407f3ebcd87c,Sugee Sadan,,Dadar West,South Mumbai Central,19.0238887,72.8382236,400028,Sugee Group,100,90,https://www.propi.in/search/properties,2026-06-26,2026-06-26,Active
1712,f8281572407da399,Sugee Shubhada,,Dadar West,South Mumbai Central,19.0238887,72.8382236,400028,Sugee Group,100,90,https://www.propi.in/search/properties,2026-06-26,2026-06-26,Active
1713,ebd7711c14784709,Sujatha Apartment,,Dadar West,South Mumbai Central,19.0238887,72.8382236,400028,,100,75,https://www.propi.in/search/properties,2026-06-26,2026-06-26,Active
1714,8079f88b5647d5ba,Suraj Louisandra,,Dadar West,South Mumbai Central,19.0238887,72.8382236,400028,,100,75,https://www.propi.in/search/properties,2026-06-26,2026-06-26,Active
1715,5e9f03dbf5d82d57,Suraj Park View,,Dadar West,South Mumbai Central,19.0238887,72.8382236,400028,,100,75,https://www.propi.in/search/properties,2026-06-26,2026-06-26,Active
1716,b14eb2a95dc6c3a7,Suraj Vista,,Dadar West,South Mumbai Central,19.0238887,72.8382236,400028,,100,75,https://www.propi.in/search/properties,2026-06-26,2026-06-26,Active
1717,d32150916c9600f2,Crest,The Crest,Dadar West,South Mumbai Central,19.0238887,72.8382236,400028,,100,85,https://www.propi.in/search/properties,2026-06-26,2026-06-26,Active
1718,300607618683463f,Ruby,The Ruby,Dadar West,South Mumbai Central,19.0238887,72.8382236,400028,,100,85,https://www.propi.in/search/properties,2026-06-26,2026-06-26,Active
1719,5c041fd78d67146d,Vardhaman Estate,,Dadar West,South Mumbai Central,19.0238887,72.8382236,400028,,100,75,https://www.propi.in/search/properties,2026-06-26,2026-06-26,Active
1720,6ab9e3df75e67c71,Vishal Villa,,Dadar West,South Mumbai Central,19.0238887,72.8382236,400028,,100,75,https://www.propi.in/search/properties,2026-06-26,2026-06-26,Active
1721,a7f71b84dbbe87da,Wisteria,,Dadar West,South Mumbai Central,19.0238887,72.8382236,400028,,100,75,https://www.propi.in/search/properties,2026-06-26,2026-06-26,Active
1722,6608dc9b491e873c,Yash Plaza,,Dadar West,South Mumbai Central,19.0238887,72.8382236,400028,,100,75,https://www.propi.in/search/properties,2026-06-26,2026-06-26,Active
1723,78c59417af76beb9,"3️⃣ Shivalaya Apartment, Azad Nagar 2",,Dahisar East,Western Suburbs Extended,19.2486925,72.8640593,400068,,100,75,https://www.propi.in/search/properties,2026-06-26,2026-06-26,Active
1724,52662eae42a461bf,Abhimanyu,,Dahisar East,Western Suburbs Extended,19.2486925,72.8640593,400068,,100,75,https://www.propi.in/search/properties,2026-06-26,2026-06-26,Active
1725,f06ded2963794d73,Bhagtani Sapphire,,Dahisar East,Western Suburbs Extended,19.2486925,72.8640593,400068,,100,75,https://www.propi.in/search/properties,2026-06-26,2026-06-26,Active
1726,65f8f4f42b924e1d,Chandak Nishchay,,Dahisar East,Western Suburbs Extended,19.2486925,72.8640593,400068,,100,75,https://www.propi.in/search/properties,2026-06-26,2026-06-26,Active
1727,709b753909972dee,Crescent Sky Heights,,Dahisar East,Western Suburbs Extended,19.2486925,72.8640593,400068,,100,75,https://www.propi.in/search/properties,2026-06-26,2026-06-26,Active
1728,7307bd80ccf89ca8,DB Ozone,,Dahisar East,Western Suburbs Extended,19.2486925,72.8640593,400068,,100,75,https://www.propi.in/search/properties,2026-06-26,2026-06-26,Active
1729,59ec7b3b94303e18,Darvesh Horizon,,Dahisar East,Western Suburbs Extended,19.2486925,72.8640593,400068,,100,75,https://www.propi.in/search/properties,2026-06-26,2026-06-26,Active
1730,b7403ea44e0e7653,Eminente,,Dahisar East,Western Suburbs Extended,19.2486925,72.8640593,400068,,100,75,https://www.propi.in/search/properties,2026-06-26,2026-06-26,Active
1731,0055bb03bc5a2873,Grandness,,Dahisar East,Western Suburbs Extended,19.2486925,72.8640593,400068,,100,75,https://www.propi.in/search/properties,2026-06-26,2026-06-26,Active
1732,140b620c811c8be3,Lodha Aqua,,Dahisar East,Western Suburbs Extended,19.2486925,72.8640593,400068,Lodha Group,100,90,https://www.propi.in/search/properties,2026-06-26,2026-06-26,Active
1733,d4e014a5aee4833a,Lodha Casa Essenza,,Dahisar East,Western Suburbs Extended,19.2486925,72.8640593,400068,Lodha Group,100,90,https://www.propi.in/search/properties,2026-06-26,2026-06-26,Active
1734,8217c0d7d7bfea04,Northern Heights,,Dahisar East,Western Suburbs Extended,19.2486925,72.8640593,400068,,100,75,https://www.propi.in/search/properties,2026-06-26,2026-06-26,Active
1735,c551cd805b7751df,Sai Orchid,,Dahisar East,Western Suburbs Extended,19.2486925,72.8640593,400068,,100,75,https://www.propi.in/search/properties,2026-06-26,2026-06-26,Active
1736,06a1599750dbe2fb,Tanvi Eminence,,Dahisar East,Western Suburbs Extended,19.2486925,72.8640593,400068,,100,75,https://www.propi.in/search/properties,2026-06-26,2026-06-26,Active
1737,e2d6e0c6852f033e,Timber Green Park IV and V,,Dahisar East,Western Suburbs Extended,19.2486925,72.8640593,400068,,100,75,https://www.propi.in/search/properties,2026-06-26,2026-06-26,Active
1738,3733fe939b343cd1,Bhimashankar Height,,Dahisar West,,19.248875,72.852959,400068,,100,60,https://www.propi.in/search/properties,2026-06-26,2026-06-26,Active
1739,6a2d66a5f6c75651,Dahisar Sumati,,Dahisar West,,19.248875,72.852959,400068,,100,60,https://www.propi.in/search/properties,2026-06-26,2026-06-26,Active
1740,118ddb27e5eddcb4,Gagangiri Complex,,Dahisar West,,19.248875,72.852959,400068,,100,60,https://www.propi.in/search/properties,2026-06-26,2026-06-26,Active
1741,b263ed8e99d7db24,Galassia,,Dahisar West,,19.248875,72.852959,400068,,100,60,https://www.propi.in/search/properties,2026-06-26,2026-06-26,Active
1742,615605a1a63a4f61,Rustomjee Regency,,Dahisar West,,19.248875,72.852959,400068,Rustomjee Group,100,75,https://www.propi.in/search/properties,2026-06-26,2026-06-26,Active
1743,3e886b867a6d9f2e,Siddhi Samarpan,,Dahisar West,,19.248875,72.852959,400068,,100,60,https://www.propi.in/search/properties,2026-06-26,2026-06-26,Active
1744,356f4515e059992a,Viceroy Park,,Dahisar West,,19.248875,72.852959,400068,,100,60,https://www.propi.in/search/properties,2026-06-26,2026-06-26,Active
1745,3c9b2102a3da293b,Siddhivinayak Residency,,Dombivali,,,,,,100,35,https://www.propi.in/search/properties,2026-06-26,2026-06-26,Active
1746,99a4ad46d91e5bde,Signature Residency,,Dronagiri,,,,,,100,35,https://www.propi.in/search/properties,2026-06-26,2026-06-26,Active
1747,5579ca2d2397005e,Indiabulls Sky Forest,,Elphinstone,South Mumbai Central,18.9271684,72.8310962,400032,Indiabulls Real Estate,100,90,https://www.propi.in/search/properties,2026-06-26,2026-06-26,Active
1748,be0730f5c30d7751,Ararat,Ararat building,Fort,,18.9332665,72.8345146,400038,,100,70,https://www.propi.in/search/properties,2026-06-26,2026-06-26,Active
1749,019b9ed9d91fd51b,MDP House,,Fort,,18.9332665,72.8345146,400038,,100,60,https://www.propi.in/search/properties,2026-06-26,2026-06-26,Active
1750,74946e52aa1dbff6,Rajabahadur Compound,,Fort,,18.9332665,72.8345146,400038,,100,60,https://www.propi.in/search/properties,2026-06-26,2026-06-26,Active
1751,14ffbb45d2562b85,Soonawala,Soonawala Building,Fort,,18.9332665,72.8345146,400038,,100,70,https://www.propi.in/search/properties,2026-06-26,2026-06-26,Active
1752,7413fece2b024acf,Central,Central Building,Gamdevi,South Mumbai Prime,18.9584855,72.8122522,400036,,100,85,https://www.propi.in/search/properties,2026-06-26,2026-06-26,Active
1753,16bef00cd44ee213,Deepak,,Gamdevi,South Mumbai Prime,18.9584855,72.8122522,400036,,100,75,https://www.propi.in/search/properties,2026-06-26,2026-06-26,Active
1754,61ee7887984292cd,Gamdevi CHS,Gamdevi CHSL,Gamdevi,South Mumbai Prime,18.9584855,72.8122522,400036,,100,85,https://www.propi.in/search/properties,2026-06-26,2026-06-26,Active
1755,bca5aee4b655d0e8,Hari Bhavan,,Gamdevi,South Mumbai Prime,18.9584855,72.8122522,400036,,100,75,https://www.propi.in/search/properties,2026-06-26,2026-06-26,Active
1756,5da87cea3d8d701d,Laxmi Niwas,,Gamdevi,South Mumbai Prime,18.9584855,72.8122522,400036,,100,75,https://www.propi.in/search/properties,2026-06-26,2026-06-26,Active
1757,d2c27e136808193f,Panchshil Plaza,,Gamdevi,South Mumbai Prime,18.9584855,72.8122522,400036,,100,75,https://www.propi.in/search/properties,2026-06-26,2026-06-26,Active
1758,350c71b1341193bb,Shiv Tapi,,Gamdevi,South Mumbai Prime,18.9584855,72.8122522,400036,,100,75,https://www.propi.in/search/properties,2026-06-26,2026-06-26,Active
1759,4f3b6a929cde0912,Shiv Tapi – Gamdevi,,Gamdevi,South Mumbai Prime,18.9584855,72.8122522,400036,,100,75,https://www.propi.in/search/properties,2026-06-26,2026-06-26,Active
1760,a0c4c1f4f958abc3,Shivam,,Gamdevi,South Mumbai Prime,18.9584855,72.8122522,400036,,100,75,https://www.propi.in/search/properties,2026-06-26,2026-06-26,Active
1761,b3752ab56ccf02d6,Alliance One,,Ghansoli,Navi Mumbai,19.1163797,73.0069928,400701,,100,75,https://www.propi.in/search/properties,2026-06-26,2026-06-26,Active
1762,d1c07e0db8331513,Ashtavinayak,,Ghansoli,Navi Mumbai,19.1163797,73.0069928,400701,,100,75,https://www.propi.in/search/properties,2026-06-26,2026-06-26,Active
1763,087cef4065e6a1bd,Atlantis,,Ghansoli,Navi Mumbai,19.1163797,73.0069928,400701,,100,75,https://www.propi.in/search/properties,2026-06-26,2026-06-26,Active
1764,113213f68d2ca5ea,Gami Asters,,Ghansoli,Navi Mumbai,19.1163797,73.0069928,400701,,100,75,https://www.propi.in/search/properties,2026-06-26,2026-06-26,Active
1765,4be0f072df6e5ee6,Krishna Kunj,,Ghansoli,Navi Mumbai,19.1163797,73.0069928,400701,,100,75,https://www.propi.in/search/properties,2026-06-26,2026-06-26,Active
1766,8b7c1b46bab6f779,Krishna Residency,,Ghansoli,Navi Mumbai,19.1163797,73.0069928,400701,,100,75,https://www.propi.in/search/properties,2026-06-26,2026-06-26,Active
1767,78307a5ef6e29aa0,Mohsin Khan,,Ghansoli,Navi Mumbai,19.1163797,73.0069928,400701,,100,75,https://www.propi.in/search/properties,2026-06-26,2026-06-26,Active
1768,faeca9ef50284eeb,Neelkanth Height,,Ghansoli,Navi Mumbai,19.1163797,73.0069928,400701,,100,75,https://www.propi.in/search/properties,2026-06-26,2026-06-26,Active
1769,d7fabd186c2f4734,Skyline Seaview,,Ghansoli,Navi Mumbai,19.1163797,73.0069928,400701,,100,75,https://www.propi.in/search/properties,2026-06-26,2026-06-26,Active
1770,c5f78e45e8c7085f,Wadhwa,Wadhwa The Address | Wadhwa,Ghatkopar West,Eastern Suburbs,19.0856928,72.9083668,400086,Wadhwa Group,100,100,https://www.propi.in/search/properties,2026-06-26,2026-06-26,Active
1771,aab1265ce58e80c8,Kukreja Palace,,Ghatkopar East,Eastern Suburbs,19.0833438,72.9123246,400075,,100,75,https://www.propi.in/search/properties,2026-06-26,2026-06-26,Active
1772,7e536ea5b1abbccd,Neelkanth Regent,,Ghatkopar East,Eastern Suburbs,19.0833438,72.9123246,400075,,100,75,https://www.propi.in/search/properties,2026-06-26,2026-06-26,Active
1773,2117b8f186fd64c2,RNA Sagar,,Ghatkopar East,Eastern Suburbs,19.0833438,72.9123246,400075,,100,75,https://www.propi.in/search/properties,2026-06-26,2026-06-26,Active
1774,40c7fab8960d59e6,Sati Ashish,,Ghatkopar East,Eastern Suburbs,19.0833438,72.9123246,400075,,100,75,https://www.propi.in/search/properties,2026-06-26,2026-06-26,Active
1775,1c81c02bac2ff77f,Siddheshwar,,Ghatkopar East,Eastern Suburbs,19.0833438,72.9123246,400075,,100,75,https://www.propi.in/search/properties,2026-06-26,2026-06-26,Active
1776,4768289ff989a209,Legend,The Legend,Ghatkopar East,Eastern Suburbs,19.0833438,72.9123246,400075,,100,85,https://www.propi.in/search/properties,2026-06-26,2026-06-26,Active
1777,3f59cac7d810636d,Vishal CHS,,Ghatkopar East,Eastern Suburbs,19.0833438,72.9123246,400075,,100,75,https://www.propi.in/search/properties,2026-06-26,2026-06-26,Active
1778,89ba2501de5e64b7,Ajmera Sikova,,Ghatkopar West,Eastern Suburbs,19.0897439,72.9048035,400086,Ajmera Group,100,90,https://www.propi.in/search/properties,2026-06-26,2026-06-26,Active
1779,59951b9dec18f1b6,Amber Mahavir,,Ghatkopar West,Eastern Suburbs,19.0897439,72.9048035,400086,,100,75,https://www.propi.in/search/properties,2026-06-26,2026-06-26,Active
1780,21747308026246ab,D N S Tower,,Ghatkopar West,Eastern Suburbs,19.0897439,72.9048035,400086,,100,75,https://www.propi.in/search/properties,2026-06-26,2026-06-26,Active
1781,ddc206b2e63d110c,Gold Crest Business Park,,Ghatkopar West,Eastern Suburbs,19.0897439,72.9048035,400086,,100,75,https://www.propi.in/search/properties,2026-06-26,2026-06-26,Active
1782,f84e3340a15696fb,Heritage,,Ghatkopar West,Eastern Suburbs,19.0897439,72.9048035,400086,,100,75,https://www.propi.in/search/properties,2026-06-26,2026-06-26,Active
1783,49349218e6f54bc3,Kalpataru Aura,,Ghatkopar West,Eastern Suburbs,19.0897439,72.9048035,400086,Kalpataru Group,100,90,https://www.propi.in/search/properties,2026-06-26,2026-06-26,Active
1784,ddbca082d5d569f9,Lifescapes Prithvii,,Ghatkopar West,Eastern Suburbs,19.0897439,72.9048035,400086,,100,75,https://www.propi.in/search/properties,2026-06-26,2026-06-26,Active
1785,f0418a147ba8cefb,Mahindra Park,,Ghatkopar West,Eastern Suburbs,19.0897439,72.9048035,400086,Mahindra Lifespaces,100,90,https://www.propi.in/search/properties,2026-06-26,2026-06-26,Active
1786,9316f84c9868d3f1,Metropole,,Ghatkopar West,Eastern Suburbs,19.0897439,72.9048035,400086,,100,75,https://www.propi.in/search/properties,2026-06-26,2026-06-26,Active
1787,28155fd8a1de8379,Neelkanth,,Ghatkopar West,Eastern Suburbs,19.0897439,72.9048035,400086,,100,75,https://www.propi.in/search/properties,2026-06-26,2026-06-26,Active
1788,d6493ef17584c747,Nikita Natasha CHS,,Ghatkopar West,Eastern Suburbs,19.0897439,72.9048035,400086,,100,75,https://www.propi.in/search/properties,2026-06-26,2026-06-26,Active
1789,1e9c9af9bc86e27a,Rajhans Helix 3,,Ghatkopar West,Eastern Suburbs,19.0897439,72.9048035,400086,,100,75,https://www.propi.in/search/properties,2026-06-26,2026-06-26,Active
1790,72b1181308c1e5ca,Residency,,Ghatkopar West,Eastern Suburbs,19.0897439,72.9048035,400086,,100,75,https://www.propi.in/search/properties,2026-06-26,2026-06-26,Active
1791,dcbf34cbc5379d16,Runwal Orchard,Runwal Orchard Residency,Ghatkopar West,Eastern Suburbs,19.0897439,72.9048035,400086,Runwal Group,100,100,https://www.propi.in/search/properties,2026-06-26,2026-06-26,Active
1792,9eb1a017f1bda4ed,Skyline Oasis,,Ghatkopar West,Eastern Suburbs,19.0897439,72.9048035,400086,,100,75,https://www.propi.in/search/properties,2026-06-26,2026-06-26,Active
1793,1c61c67a5dc92ff2,Address - Boulevard,The Address - Boulevard,Ghatkopar West,Eastern Suburbs,19.0897439,72.9048035,400086,,100,85,https://www.propi.in/search/properties,2026-06-26,2026-06-26,Active
1794,d136a515277ed902,Address - Vista,The Address - Vista,Ghatkopar West,Eastern Suburbs,19.0897439,72.9048035,400086,,100,85,https://www.propi.in/search/properties,2026-06-26,2026-06-26,Active
1795,a5264094fb8e2e00,Orchard Residency,The Orchard Residency,Ghatkopar West,Eastern Suburbs,19.0897439,72.9048035,400086,,100,85,https://www.propi.in/search/properties,2026-06-26,2026-06-26,Active
1796,430834b5082802ca,Wadhwa Promenade,,Ghatkopar West,Eastern Suburbs,19.0897439,72.9048035,400086,Wadhwa Group,100,90,https://www.propi.in/search/properties,2026-06-26,2026-06-26,Active
1797,808acdd7dda793ce,Earth Castle,,Girgaon,South Mumbai Central,18.9543165,72.8179082,400004,,100,75,https://www.propi.in/search/properties,2026-06-26,2026-06-26,Active
1798,6347fea3195e89b7,Loyalka Apartment,,Girgaon,South Mumbai Central,18.9543165,72.8179082,400004,,100,75,https://www.propi.in/search/properties,2026-06-26,2026-06-26,Active
1799,7287a20e21503110,Sea Pearl,Sea Pearl Building,Girgaon,South Mumbai Central,18.9543165,72.8179082,400004,,100,85,https://www.propi.in/search/properties,2026-06-26,2026-06-26,Active
1800,5460fb6b1ab5f4b7,Shreepati Castle,,Girgaon,South Mumbai Central,18.9543165,72.8179082,400004,,100,75,https://www.propi.in/search/properties,2026-06-26,2026-06-26,Active
1801,9875fafd31b82a87,Shreepati Jewels,,Girgaon,South Mumbai Central,18.9543165,72.8179082,400004,,100,75,https://www.propi.in/search/properties,2026-06-26,2026-06-26,Active
1802,b2ae4227d19eda7e,Odyssey,The Odyssey,Girgaon,South Mumbai Central,18.9543165,72.8179082,400004,,100,85,https://www.propi.in/search/properties,2026-06-26,2026-06-26,Active
1803,42b5e22b8dc3ef0a,Lodha Fiorenza,,Goregaon West,Western Suburbs Extended,19.1648688,72.8495492,400062,Lodha Group,100,90,https://www.propi.in/search/properties,2026-06-26,2026-06-26,Active
1804,9a15ec6c807fdba0,Raheja Sherwood,,Goregaon West,Western Suburbs Extended,19.1648688,72.8495492,400062,K. Raheja Group,100,90,https://www.propi.in/search/properties,2026-06-26,2026-06-26,Active
1805,0cfa6715032f81c2,Accord Classic,,Goregaon East,Western Suburbs Extended,19.1692623,72.8552548,400063,,100,75,https://www.propi.in/search/properties,2026-06-26,2026-06-26,Active
1806,a1217a6bfeb3e842,Acme Amay,,Goregaon East,Western Suburbs Extended,19.1692623,72.8552548,400063,,100,75,https://www.propi.in/search/properties,2026-06-26,2026-06-26,Active
1807,b3ca72c234385864,"Acme Amay, Churiwadi",,Goregaon East,Western Suburbs Extended,19.1692623,72.8552548,400063,,100,75,https://www.propi.in/search/properties,2026-06-26,2026-06-26,Active
1808,525250e8b2239f66,Applaud 38,,Goregaon East,Western Suburbs Extended,19.1692623,72.8552548,400063,,100,75,https://www.propi.in/search/properties,2026-06-26,2026-06-26,Active
1809,57ea9fe074bd5919,Arkade Aspire,,Goregaon East,Western Suburbs Extended,19.1692623,72.8552548,400063,,100,75,https://www.propi.in/search/properties,2026-06-26,2026-06-26,Active
1810,d0c19f072a18fb0b,Ashraya Heights,,Goregaon East,Western Suburbs Extended,19.1692623,72.8552548,400063,,100,75,https://www.propi.in/search/properties,2026-06-26,2026-06-26,Active
1811,3470e32cac64360e,Aspen Garden,,Goregaon East,Western Suburbs Extended,19.1692623,72.8552548,400063,,100,75,https://www.propi.in/search/properties,2026-06-26,2026-06-26,Active
1812,1c9bddb5e396d320,Aspen Park,,Goregaon East,Western Suburbs Extended,19.1692623,72.8552548,400063,,100,75,https://www.propi.in/search/properties,2026-06-26,2026-06-26,Active
1813,9c615f04072efeaa,Aster Tower,,Goregaon East,Western Suburbs Extended,19.1692623,72.8552548,400063,,100,75,https://www.propi.in/search/properties,2026-06-26,2026-06-26,Active
1814,e1f838c2e5b68789,Avant Hillway,,Goregaon East,Western Suburbs Extended,19.1692623,72.8552548,400063,,100,75,https://www.propi.in/search/properties,2026-06-26,2026-06-26,Active
1815,5610eea0144583c2,Bhanushanti,,Goregaon East,Western Suburbs Extended,19.1692623,72.8552548,400063,,100,75,https://www.propi.in/search/properties,2026-06-26,2026-06-26,Active
1816,cdcd980d694ee58b,Bhoomi Samarth,,Goregaon East,Western Suburbs Extended,19.1692623,72.8552548,400063,,100,75,https://www.propi.in/search/properties,2026-06-26,2026-06-26,Active
1817,02f63578b4d2f528,Bla Business Park,,Goregaon East,Western Suburbs Extended,19.1692623,72.8552548,400063,,100,75,https://www.propi.in/search/properties,2026-06-26,2026-06-26,Active
1818,71390ec1c31c9796,Chandak Paloma,,Goregaon East,Western Suburbs Extended,19.1692623,72.8552548,400063,,100,75,https://www.propi.in/search/properties,2026-06-26,2026-06-26,Active
1819,75670e7b0365b4ba,Conwood Astoria,,Goregaon East,Western Suburbs Extended,19.1692623,72.8552548,400063,Conwood Group,100,90,https://www.propi.in/search/properties,2026-06-26,2026-06-26,Active
1820,f7ae6988dec6ddda,Corporate Annexe,,Goregaon East,Western Suburbs Extended,19.1692623,72.8552548,400063,,100,75,https://www.propi.in/search/properties,2026-06-26,2026-06-26,Active
1821,796da3362d090d22,Corporate Avenue,,Goregaon East,Western Suburbs Extended,19.1692623,72.8552548,400063,,100,75,https://www.propi.in/search/properties,2026-06-26,2026-06-26,Active
1822,e558d0b2abac8d69,DB Woods,,Goregaon East,Western Suburbs Extended,19.1692623,72.8552548,400063,,100,75,https://www.propi.in/search/properties,2026-06-26,2026-06-26,Active
1823,a869fdc02b438799,De Elmas,,Goregaon East,Western Suburbs Extended,19.1692623,72.8552548,400063,,100,75,https://www.propi.in/search/properties,2026-06-26,2026-06-26,Active
1824,cfc9668a5e2d2f0e,Deep Darshan,,Goregaon East,Western Suburbs Extended,19.1692623,72.8552548,400063,,100,75,https://www.propi.in/search/properties,2026-06-26,2026-06-26,Active
1825,2536e5fe96a0dc72,Dheeraj Valley,,Goregaon East,Western Suburbs Extended,19.1692623,72.8552548,400063,Dheeraj Group,100,90,https://www.propi.in/search/properties,2026-06-26,2026-06-26,Active
1826,63f8004771355f56,Dynamix Divum,,Goregaon East,Western Suburbs Extended,19.1692623,72.8552548,400063,,100,75,https://www.propi.in/search/properties,2026-06-26,2026-06-26,Active
1827,9d0e8c24e2686a8f,Eco House,,Goregaon East,Western Suburbs Extended,19.1692623,72.8552548,400063,,100,75,https://www.propi.in/search/properties,2026-06-26,2026-06-26,Active
1828,31d3ff3db5e585ce,Eco Star,,Goregaon East,Western Suburbs Extended,19.1692623,72.8552548,400063,,100,75,https://www.propi.in/search/properties,2026-06-26,2026-06-26,Active
1829,6b6e80fd9afb31a3,Gardenia Apartment,,Goregaon East,Western Suburbs Extended,19.1692623,72.8552548,400063,,100,75,https://www.propi.in/search/properties,2026-06-26,2026-06-26,Active
1830,482a7b7e6bc72dc6,Gokuldham,,Goregaon East,Western Suburbs Extended,19.1692623,72.8552548,400063,,100,75,https://www.propi.in/search/properties,2026-06-26,2026-06-26,Active
1831,3ebec712df947611,Golden Isle,,Goregaon East,Western Suburbs Extended,19.1692623,72.8552548,400063,,100,75,https://www.propi.in/search/properties,2026-06-26,2026-06-26,Active
1832,b207199a945f856b,Harmony Society,,Goregaon East,Western Suburbs Extended,19.1692623,72.8552548,400063,,100,75,https://www.propi.in/search/properties,2026-06-26,2026-06-26,Active
1833,f40f62657df35209,Ivy Tower,,Goregaon East,Western Suburbs Extended,19.1692623,72.8552548,400063,,100,75,https://www.propi.in/search/properties,2026-06-26,2026-06-26,Active
1834,cb96d51b97e4c2db,JP Deck,,Goregaon East,Western Suburbs Extended,19.1692623,72.8552548,400063,,100,75,https://www.propi.in/search/properties,2026-06-26,2026-06-26,Active
1835,8ed901c9fa8f3d2a,JP Decks,,Goregaon East,Western Suburbs Extended,19.1692623,72.8552548,400063,,100,75,https://www.propi.in/search/properties,2026-06-26,2026-06-26,Active
1836,3f231cf797d97f31,Jyoti Sukriti,,Goregaon East,Western Suburbs Extended,19.1692623,72.8552548,400063,,100,75,https://www.propi.in/search/properties,2026-06-26,2026-06-26,Active
1837,378234ff2fa9c338,Kabra Tiara,,Goregaon East,Western Suburbs Extended,19.1692623,72.8552548,400063,,100,75,https://www.propi.in/search/properties,2026-06-26,2026-06-26,Active
1838,1dcfa24c11b9da35,Lakshachandi Heights,,Goregaon East,Western Suburbs Extended,19.1692623,72.8552548,400063,,100,75,https://www.propi.in/search/properties,2026-06-26,2026-06-26,Active
1839,9019c4a58f576144,Lalani Grandeur,,Goregaon East,Western Suburbs Extended,19.1692623,72.8552548,400063,,100,75,https://www.propi.in/search/properties,2026-06-26,2026-06-26,Active
1840,2fb099f886d5cb83,Lodha Fiorenza,Lodha Fiorenza Milano,Goregaon East,Western Suburbs Extended,19.1692623,72.8552548,400063,Lodha Group,100,100,https://www.propi.in/search/properties,2026-06-26,2026-06-26,Active
1841,2a0b013a86b973e0,Lotus Corporate Park,,Goregaon East,Western Suburbs Extended,19.1692623,72.8552548,400063,,100,75,https://www.propi.in/search/properties,2026-06-26,2026-06-26,Active
1842,20897118dd716d9a,Maharaja Retreat,,Goregaon East,Western Suburbs Extended,19.1692623,72.8552548,400063,,100,75,https://www.propi.in/search/properties,2026-06-26,2026-06-26,Active
1843,5bf4f3313446be71,Mantri Serene,,Goregaon East,Western Suburbs Extended,19.1692623,72.8552548,400063,Mantri Developers,100,90,https://www.propi.in/search/properties,2026-06-26,2026-06-26,Active
1844,76f966d431023e32,Metropolis,,Goregaon East,Western Suburbs Extended,19.1692623,72.8552548,400063,,100,75,https://www.propi.in/search/properties,2026-06-26,2026-06-26,Active
1845,bfe30f9fcb14bdf8,Navnath Jayas,,Goregaon East,Western Suburbs Extended,19.1692623,72.8552548,400063,,100,75,https://www.propi.in/search/properties,2026-06-26,2026-06-26,Active
1846,f5bc330b290dfc54,Oberoi Elysian C Wing,,Goregaon East,Western Suburbs Extended,19.1692623,72.8552548,400063,Oberoi Realty,100,90,https://www.propi.in/search/properties,2026-06-26,2026-06-26,Active
1847,2e26d3f52425775e,Oberoi Esquire,,Goregaon East,Western Suburbs Extended,19.1692623,72.8552548,400063,Oberoi Realty,100,90,https://www.propi.in/search/properties,2026-06-26,2026-06-26,Active
1848,88f40f644aa3c79a,Oberoi Exquisite,,Goregaon East,Western Suburbs Extended,19.1692623,72.8552548,400063,Oberoi Realty,100,90,https://www.propi.in/search/properties,2026-06-26,2026-06-26,Active
1849,501c6e50bb11ffa8,Oberoi Garden City,,Goregaon East,Western Suburbs Extended,19.1692623,72.8552548,400063,Oberoi Realty,100,90,https://www.propi.in/search/properties,2026-06-26,2026-06-26,Active
1850,f0577c0fa6c9529f,Oberoi Woods,,Goregaon East,Western Suburbs Extended,19.1692623,72.8552548,400063,Oberoi Realty,100,90,https://www.propi.in/search/properties,2026-06-26,2026-06-26,Active
1851,78b7b7d32dbbef02,Omkar Ananta,,Goregaon East,Western Suburbs Extended,19.1692623,72.8552548,400063,Omkar Realtors,100,90,https://www.propi.in/search/properties,2026-06-26,2026-06-26,Active
1852,e2eaca06d5932702,Panchsheel,,Goregaon East,Western Suburbs Extended,19.1692623,72.8552548,400063,,100,75,https://www.propi.in/search/properties,2026-06-26,2026-06-26,Active
1853,e916bbef46d69730,Prayag Heights,,Goregaon East,Western Suburbs Extended,19.1692623,72.8552548,400063,,100,75,https://www.propi.in/search/properties,2026-06-26,2026-06-26,Active
1854,6165599217b2125e,Raag,,Goregaon East,Western Suburbs Extended,19.1692623,72.8552548,400063,,100,75,https://www.propi.in/search/properties,2026-06-26,2026-06-26,Active
1855,36d582c6d2130f9d,Raghav,,Goregaon East,Western Suburbs Extended,19.1692623,72.8552548,400063,,100,75,https://www.propi.in/search/properties,2026-06-26,2026-06-26,Active
1856,42794a0d900907d6,Raheja Heights,Raheja Heights Wing E,Goregaon East,Western Suburbs Extended,19.1692623,72.8552548,400063,K. Raheja Group,100,100,https://www.propi.in/search/properties,2026-06-26,2026-06-26,Active
1857,b858542bec5b3703,Raheja Ridgewood,,Goregaon East,Western Suburbs Extended,19.1692623,72.8552548,400063,K. Raheja Group,100,90,https://www.propi.in/search/properties,2026-06-26,2026-06-26,Active
1858,17d48d05c96f64b9,Raheja Sherwood,,Goregaon East,Western Suburbs Extended,19.1692623,72.8552548,400063,K. Raheja Group,100,90,https://www.propi.in/search/properties,2026-06-26,2026-06-26,Active
1859,4af1303396cca406,Riddhi Garden,,Goregaon East,Western Suburbs Extended,19.1692623,72.8552548,400063,,100,75,https://www.propi.in/search/properties,2026-06-26,2026-06-26,Active
1860,ccc6c3615003e87d,Romell Aether,,Goregaon East,Western Suburbs Extended,19.1692623,72.8552548,400063,,100,75,https://www.propi.in/search/properties,2026-06-26,2026-06-26,Active
1861,e692153ef6719f4b,Rushi Heights,,Goregaon East,Western Suburbs Extended,19.1692623,72.8552548,400063,,100,75,https://www.propi.in/search/properties,2026-06-26,2026-06-26,Active
1862,99a5d20a438d665f,Sadguru Complex,,Goregaon East,Western Suburbs Extended,19.1692623,72.8552548,400063,,100,75,https://www.propi.in/search/properties,2026-06-26,2026-06-26,Active
1863,4306fc600dbdf6a1,Sai Radha,,Goregaon East,Western Suburbs Extended,19.1692623,72.8552548,400063,,100,75,https://www.propi.in/search/properties,2026-06-26,2026-06-26,Active
1864,934cc63dabb399bf,Satellite Tower,,Goregaon East,Western Suburbs Extended,19.1692623,72.8552548,400063,,100,75,https://www.propi.in/search/properties,2026-06-26,2026-06-26,Active
1865,d4181be5a6b1075f,Shagun Tower,Shagun Towers,Goregaon East,Western Suburbs Extended,19.1692623,72.8552548,400063,,100,85,https://www.propi.in/search/properties,2026-06-26,2026-06-26,Active
1866,95993e6fe0881a5a,Sheetal Infinity,,Goregaon East,Western Suburbs Extended,19.1692623,72.8552548,400063,,100,75,https://www.propi.in/search/properties,2026-06-26,2026-06-26,Active
1867,e1362c81847fdb9b,Shree Shakun Heights,,Goregaon East,Western Suburbs Extended,19.1692623,72.8552548,400063,,100,75,https://www.propi.in/search/properties,2026-06-26,2026-06-26,Active
1868,9b76a874cb369556,Silver Metropolis,,Goregaon East,Western Suburbs Extended,19.1692623,72.8552548,400063,,100,75,https://www.propi.in/search/properties,2026-06-26,2026-06-26,Active
1869,41d4564d9d3d262b,Sky Villa,,Goregaon East,Western Suburbs Extended,19.1692623,72.8552548,400063,,100,75,https://www.propi.in/search/properties,2026-06-26,2026-06-26,Active
1870,1202dc89ff47c71f,Suchi Heights,,Goregaon East,Western Suburbs Extended,19.1692623,72.8552548,400063,,100,75,https://www.propi.in/search/properties,2026-06-26,2026-06-26,Active
1871,3838cf1b17672bbe,Swapnalok Tower,,Goregaon East,Western Suburbs Extended,19.1692623,72.8552548,400063,,100,75,https://www.propi.in/search/properties,2026-06-26,2026-06-26,Active
1872,4d76cd344727c438,VKG Centurion,,Goregaon East,Western Suburbs Extended,19.1692623,72.8552548,400063,,100,75,https://www.propi.in/search/properties,2026-06-26,2026-06-26,Active
1873,63539a7f87238250,Valentine Apartment,,Goregaon East,Western Suburbs Extended,19.1692623,72.8552548,400063,,100,75,https://www.propi.in/search/properties,2026-06-26,2026-06-26,Active
1874,1a68482347816b0c,Western Woods,,Goregaon East,Western Suburbs Extended,19.1692623,72.8552548,400063,,100,75,https://www.propi.in/search/properties,2026-06-26,2026-06-26,Active
1875,db64895989e73aa6,Yash Orion,,Goregaon East,Western Suburbs Extended,19.1692623,72.8552548,400063,,100,75,https://www.propi.in/search/properties,2026-06-26,2026-06-26,Active
1876,2c719ed2d3cbf026,34 Park Estate,,Goregaon West,Western Suburbs Extended,19.1633281,72.8411995,400090,,100,75,https://www.propi.in/search/properties,2026-06-26,2026-06-26,Active
1877,964c693e26912e7e,36 Allure,,Goregaon West,Western Suburbs Extended,19.1633281,72.8411995,400090,,100,75,https://www.propi.in/search/properties,2026-06-26,2026-06-26,Active
1878,1ec891740b286e1b,36 Avenue,,Goregaon West,Western Suburbs Extended,19.1633281,72.8411995,400090,,100,75,https://www.propi.in/search/properties,2026-06-26,2026-06-26,Active
1879,caf38eaa28569c75,63 Rishabraj Avenue,,Goregaon West,Western Suburbs Extended,19.1633281,72.8411995,400090,,100,75,https://www.propi.in/search/properties,2026-06-26,2026-06-26,Active
1880,ded21fe1c102b5db,Acme Complex,,Goregaon West,Western Suburbs Extended,19.1633281,72.8411995,400090,,100,75,https://www.propi.in/search/properties,2026-06-26,2026-06-26,Active
1881,b3c5784be3247bbc,Anand Vatika,,Goregaon West,Western Suburbs Extended,19.1633281,72.8411995,400090,,100,75,https://www.propi.in/search/properties,2026-06-26,2026-06-26,Active
1882,4148149fc4534d2d,Anmol Enclave,,Goregaon West,Western Suburbs Extended,19.1633281,72.8411995,400090,,100,75,https://www.propi.in/search/properties,2026-06-26,2026-06-26,Active
1883,d5f1aa99edbf7d8a,Anmol Fortune,,Goregaon West,Western Suburbs Extended,19.1633281,72.8411995,400090,,100,75,https://www.propi.in/search/properties,2026-06-26,2026-06-26,Active
1884,4621b392b7581987,Anmol Fortune Akshay Chs,,Goregaon West,Western Suburbs Extended,19.1633281,72.8411995,400090,,100,75,https://www.propi.in/search/properties,2026-06-26,2026-06-26,Active
1885,af9ed2dac984f1aa,Anmol Fortune F,,Goregaon West,Western Suburbs Extended,19.1633281,72.8411995,400090,,100,75,https://www.propi.in/search/properties,2026-06-26,2026-06-26,Active
1886,f07b7ca106b54df1,Anmol Prestige,,Goregaon West,Western Suburbs Extended,19.1633281,72.8411995,400090,Prestige Group,100,90,https://www.propi.in/search/properties,2026-06-26,2026-06-26,Active
1887,87b1f144ab0c6c0d,Anmol Pride,,Goregaon West,Western Suburbs Extended,19.1633281,72.8411995,400090,,100,75,https://www.propi.in/search/properties,2026-06-26,2026-06-26,Active
1888,7087766230426ea3,Anmol Tower,,Goregaon West,Western Suburbs Extended,19.1633281,72.8411995,400090,,100,75,https://www.propi.in/search/properties,2026-06-26,2026-06-26,Active
1889,acc62c006bfebdb9,Archana,,Goregaon West,Western Suburbs Extended,19.1633281,72.8411995,400090,,100,75,https://www.propi.in/search/properties,2026-06-26,2026-06-26,Active
1890,4bb44a3d6e3d0d6b,Ariha Vincere,,Goregaon West,Western Suburbs Extended,19.1633281,72.8411995,400090,,100,75,https://www.propi.in/search/properties,2026-06-26,2026-06-26,Active
1891,3cd6040d7aea2529,Asmi Legacy,,Goregaon West,Western Suburbs Extended,19.1633281,72.8411995,400090,,100,75,https://www.propi.in/search/properties,2026-06-26,2026-06-26,Active
1892,9834047454d8bb64,Asshna Samadhan,,Goregaon West,Western Suburbs Extended,19.1633281,72.8411995,400090,,100,75,https://www.propi.in/search/properties,2026-06-26,2026-06-26,Active
1893,6a1aa327512f9f2c,Athena,,Goregaon West,Western Suburbs Extended,19.1633281,72.8411995,400090,,100,75,https://www.propi.in/search/properties,2026-06-26,2026-06-26,Active
1894,7a885952b31bb9ea,Aurum,,Goregaon West,Western Suburbs Extended,19.1633281,72.8411995,400090,,100,75,https://www.propi.in/search/properties,2026-06-26,2026-06-26,Active
1895,7975cb224cf416df,Avalon Residency,,Goregaon West,Western Suburbs Extended,19.1633281,72.8411995,400090,,100,75,https://www.propi.in/search/properties,2026-06-26,2026-06-26,Active
1896,c6eacd4144334d6f,Bharat Arize,,Goregaon West,Western Suburbs Extended,19.1633281,72.8411995,400090,,100,75,https://www.propi.in/search/properties,2026-06-26,2026-06-26,Active
1897,28181d03a8b70a22,Bhoomi Classic,,Goregaon West,Western Suburbs Extended,19.1633281,72.8411995,400090,,100,75,https://www.propi.in/search/properties,2026-06-26,2026-06-26,Active
1898,2871e6834607b0a5,Blue Excellency,,Goregaon West,Western Suburbs Extended,19.1633281,72.8411995,400090,,100,75,https://www.propi.in/search/properties,2026-06-26,2026-06-26,Active
1899,d754e4758d594182,Chandak Stella,,Goregaon West,Western Suburbs Extended,19.1633281,72.8411995,400090,,100,75,https://www.propi.in/search/properties,2026-06-26,2026-06-26,Active
1900,c36e31fc8ccad235,DGS Sheetal Kiara,,Goregaon West,Western Suburbs Extended,19.1633281,72.8411995,400090,,100,75,https://www.propi.in/search/properties,2026-06-26,2026-06-26,Active
1901,0ba99fe625bada3c,DLH Park,,Goregaon West,Western Suburbs Extended,19.1633281,72.8411995,400090,DLH Group,100,90,https://www.propi.in/search/properties,2026-06-26,2026-06-26,Active
1902,3cec30a7b290056f,DPS Park View,,Goregaon West,Western Suburbs Extended,19.1633281,72.8411995,400090,,100,75,https://www.propi.in/search/properties,2026-06-26,2026-06-26,Active
1903,b4aae140f43d04f6,Dattani Shelter,,Goregaon West,Western Suburbs Extended,19.1633281,72.8411995,400090,,100,75,https://www.propi.in/search/properties,2026-06-26,2026-06-26,Active
1904,cf28cf30c36fb3c8,Dheeraj,Dheeraj Residency,Goregaon West,Western Suburbs Extended,19.1633281,72.8411995,400090,Dheeraj Group,100,100,https://www.propi.in/search/properties,2026-06-26,2026-06-26,Active
1905,2623182d00820187,Ekta Tripolis,,Goregaon West,Western Suburbs Extended,19.1633281,72.8411995,400090,Ekta World,100,90,https://www.propi.in/search/properties,2026-06-26,2026-06-26,Active
1906,ce94c2034d113958,Galaxy Heights,,Goregaon West,Western Suburbs Extended,19.1633281,72.8411995,400090,,100,75,https://www.propi.in/search/properties,2026-06-26,2026-06-26,Active
1907,c9df5b4578d233f3,Garden Estate,Garden Estate Tower | Garden Estates,Goregaon West,Western Suburbs Extended,19.1633281,72.8411995,400090,,100,85,https://www.propi.in/search/properties,2026-06-26,2026-06-26,Active
1908,b801e9011b65da8c,Goregaon One,,Goregaon West,Western Suburbs Extended,19.1633281,72.8411995,400090,,100,75,https://www.propi.in/search/properties,2026-06-26,2026-06-26,Active
1909,12aac19be1b74725,Gulmohar Apartment,,Goregaon West,Western Suburbs Extended,19.1633281,72.8411995,400090,,100,75,https://www.propi.in/search/properties,2026-06-26,2026-06-26,Active
1910,1f8da31d508e8300,HDIL Harmony,,Goregaon West,Western Suburbs Extended,19.1633281,72.8411995,400090,HDIL,100,90,https://www.propi.in/search/properties,2026-06-26,2026-06-26,Active
1911,f9c9c8506d3a8e6a,Happy Homes Enclave,,Goregaon West,Western Suburbs Extended,19.1633281,72.8411995,400090,,100,75,https://www.propi.in/search/properties,2026-06-26,2026-06-26,Active
1912,8157817cde081ac6,Hari Niketan,,Goregaon West,Western Suburbs Extended,19.1633281,72.8411995,400090,,100,75,https://www.propi.in/search/properties,2026-06-26,2026-06-26,Active
1913,bf4cf7a4036b617e,Harmony,Harmony CHS,Goregaon West,Western Suburbs Extended,19.1633281,72.8411995,400090,,100,85,https://www.propi.in/search/properties,2026-06-26,2026-06-26,Active
1914,6696448cb05632b7,Imperial Heights,,Goregaon West,Western Suburbs Extended,19.1633281,72.8411995,400090,,100,75,https://www.propi.in/search/properties,2026-06-26,2026-06-26,Active
1915,151cc7701eaabfa2,Kabra Aurum,,Goregaon West,Western Suburbs Extended,19.1633281,72.8411995,400090,,100,75,https://www.propi.in/search/properties,2026-06-26,2026-06-26,Active
1916,8279e43d12bcea54,Kalpataru Radiance,Kalpataru Radiance Ora,Goregaon West,Western Suburbs Extended,19.1633281,72.8411995,400090,Kalpataru Group,100,100,https://www.propi.in/search/properties,2026-06-26,2026-06-26,Active
1917,34982a91903037c6,Kalpataru Yugdharma,,Goregaon West,Western Suburbs Extended,19.1633281,72.8411995,400090,Kalpataru Group,100,90,https://www.propi.in/search/properties,2026-06-26,2026-06-26,Active
1918,ccb942c62193801d,Kapil Vastu,,Goregaon West,Western Suburbs Extended,19.1633281,72.8411995,400090,,100,75,https://www.propi.in/search/properties,2026-06-26,2026-06-26,Active
1919,e0fad65d44ac4bd4,Kapilvastu CHS Ltd,,Goregaon West,Western Suburbs Extended,19.1633281,72.8411995,400090,,100,75,https://www.propi.in/search/properties,2026-06-26,2026-06-26,Active
1920,7b5f78b691e0ec7a,Kolte Patil Verve,,Goregaon West,Western Suburbs Extended,19.1633281,72.8411995,400090,,100,75,https://www.propi.in/search/properties,2026-06-26,2026-06-26,Active
1921,1f6cd2ab0d4f5121,Konark Vaayu,,Goregaon West,Western Suburbs Extended,19.1633281,72.8411995,400090,,100,75,https://www.propi.in/search/properties,2026-06-26,2026-06-26,Active
1922,6979583b9264f28a,Laxmi Heights,,Goregaon West,Western Suburbs Extended,19.1633281,72.8411995,400090,,100,75,https://www.propi.in/search/properties,2026-06-26,2026-06-26,Active
1923,bbd18baa760689ef,Laxmi namah,,Goregaon West,Western Suburbs Extended,19.1633281,72.8411995,400090,,100,75,https://www.propi.in/search/properties,2026-06-26,2026-06-26,Active
1924,4d649a017924a081,Lotus Residency,,Goregaon West,Western Suburbs Extended,19.1633281,72.8411995,400090,,100,75,https://www.propi.in/search/properties,2026-06-26,2026-06-26,Active
1925,8cc8283f0b57637c,Madhuban Society,,Goregaon West,Western Suburbs Extended,19.1633281,72.8411995,400090,,100,75,https://www.propi.in/search/properties,2026-06-26,2026-06-26,Active
1926,fa66d7865fb73683,Mahindra Eminente,,Goregaon West,Western Suburbs Extended,19.1633281,72.8411995,400090,Mahindra Lifespaces,100,90,https://www.propi.in/search/properties,2026-06-26,2026-06-26,Active
1927,490f63b2f64c8584,Mahindra Gardens,,Goregaon West,Western Suburbs Extended,19.1633281,72.8411995,400090,Mahindra Lifespaces,100,90,https://www.propi.in/search/properties,2026-06-26,2026-06-26,Active
1928,f4e6adf4e6c08f70,Meeras Empire,,Goregaon West,Western Suburbs Extended,19.1633281,72.8411995,400090,,100,75,https://www.propi.in/search/properties,2026-06-26,2026-06-26,Active
1929,669139372bc4776a,Navrang Navkar,,Goregaon West,Western Suburbs Extended,19.1633281,72.8411995,400090,,100,75,https://www.propi.in/search/properties,2026-06-26,2026-06-26,Active
1930,459f6e8665e23601,Navrang Oasis,,Goregaon West,Western Suburbs Extended,19.1633281,72.8411995,400090,,100,75,https://www.propi.in/search/properties,2026-06-26,2026-06-26,Active
1931,ebb37aaca4ca504e,Nemi Bhavan,,Goregaon West,Western Suburbs Extended,19.1633281,72.8411995,400090,,100,75,https://www.propi.in/search/properties,2026-06-26,2026-06-26,Active
1932,63f272dd0d588890,Nirlon,,Goregaon West,Western Suburbs Extended,19.1633281,72.8411995,400090,,100,75,https://www.propi.in/search/properties,2026-06-26,2026-06-26,Active
1933,e41cc37bab2b867a,Nisha Residency,,Goregaon West,Western Suburbs Extended,19.1633281,72.8411995,400090,,100,75,https://www.propi.in/search/properties,2026-06-26,2026-06-26,Active
1934,d993b0ab33a223e4,Nutan Annex,,Goregaon West,Western Suburbs Extended,19.1633281,72.8411995,400090,,100,75,https://www.propi.in/search/properties,2026-06-26,2026-06-26,Active
1935,7e81011fe3221e76,Oshiwara Mhada,,Goregaon West,Western Suburbs Extended,19.1633281,72.8411995,400090,,100,75,https://www.propi.in/search/properties,2026-06-26,2026-06-26,Active
1936,5ea906f946d76ddd,Parekh Celeste,,Goregaon West,Western Suburbs Extended,19.1633281,72.8411995,400090,,100,75,https://www.propi.in/search/properties,2026-06-26,2026-06-26,Active
1937,1517229ebbba86d3,Pearl Classic,,Goregaon West,Western Suburbs Extended,19.1633281,72.8411995,400090,,100,75,https://www.propi.in/search/properties,2026-06-26,2026-06-26,Active
1938,433e5fd5b33cdc9c,Polaris,Polaris Tower,Goregaon West,Western Suburbs Extended,19.1633281,72.8411995,400090,,100,85,https://www.propi.in/search/properties,2026-06-26,2026-06-26,Active
1939,4ca4b22f1b3260c7,Poonam Heights,,Goregaon West,Western Suburbs Extended,19.1633281,72.8411995,400090,,100,75,https://www.propi.in/search/properties,2026-06-26,2026-06-26,Active
1940,bc441b35de2bb06b,Prabhat Co-operative Housing Society,,Goregaon West,Western Suburbs Extended,19.1633281,72.8411995,400090,,100,75,https://www.propi.in/search/properties,2026-06-26,2026-06-26,Active
1941,fa47c66f979605ae,Raheja Solitaire,,Goregaon West,Western Suburbs Extended,19.1633281,72.8411995,400090,K. Raheja Group,100,90,https://www.propi.in/search/properties,2026-06-26,2026-06-26,Active
1942,7f2b12cc431a149d,Rahul C.H.S,,Goregaon West,Western Suburbs Extended,19.1633281,72.8411995,400090,,100,75,https://www.propi.in/search/properties,2026-06-26,2026-06-26,Active
1943,f511e79f51ede75a,Raj Spaces,Raj Spaces Tower,Goregaon West,Western Suburbs Extended,19.1633281,72.8411995,400090,,100,85,https://www.propi.in/search/properties,2026-06-26,2026-06-26,Active
1944,3c037a61bd1196ce,Rexon Aura,,Goregaon West,Western Suburbs Extended,19.1633281,72.8411995,400090,,100,75,https://www.propi.in/search/properties,2026-06-26,2026-06-26,Active
1945,d14face93586a54c,Rustomjee Ozone,,Goregaon West,Western Suburbs Extended,19.1633281,72.8411995,400090,Rustomjee Group,100,90,https://www.propi.in/search/properties,2026-06-26,2026-06-26,Active
1946,bd32e9ee27e985ad,Samadhan,,Goregaon West,Western Suburbs Extended,19.1633281,72.8411995,400090,,100,75,https://www.propi.in/search/properties,2026-06-26,2026-06-26,Active
1947,e1d7f993c55ac628,Samarth,,Goregaon West,Western Suburbs Extended,19.1633281,72.8411995,400090,,100,75,https://www.propi.in/search/properties,2026-06-26,2026-06-26,Active
1948,a3fcc2002df65f83,Satyam,,Goregaon West,Western Suburbs Extended,19.1633281,72.8411995,400090,,100,75,https://www.propi.in/search/properties,2026-06-26,2026-06-26,Active
1949,fe97bd5b6b8c5f1f,Sejal Tower,,Goregaon West,Western Suburbs Extended,19.1633281,72.8411995,400090,,100,75,https://www.propi.in/search/properties,2026-06-26,2026-06-26,Active
1950,2c8f9a7884f43112,Sethia Green View,,Goregaon West,Western Suburbs Extended,19.1633281,72.8411995,400090,,100,75,https://www.propi.in/search/properties,2026-06-26,2026-06-26,Active
1951,b1e1bc9514aceb42,Sethia Link View,,Goregaon West,Western Suburbs Extended,19.1633281,72.8411995,400090,,100,75,https://www.propi.in/search/properties,2026-06-26,2026-06-26,Active
1952,6aaa21dc8aa5f8b4,Sethia Sea View,,Goregaon West,Western Suburbs Extended,19.1633281,72.8411995,400090,,100,75,https://www.propi.in/search/properties,2026-06-26,2026-06-26,Active
1953,6982384bba9c6c84,Shepherd Residency,,Goregaon West,Western Suburbs Extended,19.1633281,72.8411995,400090,,100,75,https://www.propi.in/search/properties,2026-06-26,2026-06-26,Active
1954,a2062eb7c0b68d5e,Shepherd Royal,,Goregaon West,Western Suburbs Extended,19.1633281,72.8411995,400090,,100,75,https://www.propi.in/search/properties,2026-06-26,2026-06-26,Active
1955,2f9bec015bd48c82,Shreedham Classic,,Goregaon West,Western Suburbs Extended,19.1633281,72.8411995,400090,,100,75,https://www.propi.in/search/properties,2026-06-26,2026-06-26,Active
1956,8dcbd513dfa96647,Shri Ganesh Apartment,,Goregaon West,Western Suburbs Extended,19.1633281,72.8411995,400090,,100,75,https://www.propi.in/search/properties,2026-06-26,2026-06-26,Active
1957,41cbc047251accbe,Silver Sand,Silver Sands,Goregaon West,Western Suburbs Extended,19.1633281,72.8411995,400090,,100,85,https://www.propi.in/search/properties,2026-06-26,2026-06-26,Active
1958,ce3ad3d03532c25a,Silver Serene,,Goregaon West,Western Suburbs Extended,19.1633281,72.8411995,400090,,100,75,https://www.propi.in/search/properties,2026-06-26,2026-06-26,Active
1959,bceff112aaa0f493,Skyline Heights,,Goregaon West,Western Suburbs Extended,19.1633281,72.8411995,400090,,100,75,https://www.propi.in/search/properties,2026-06-26,2026-06-26,Active
1960,fbd421c3b5b1d58d,Suntech City Avenue 2,,Goregaon West,Western Suburbs Extended,19.1633281,72.8411995,400090,,100,75,https://www.propi.in/search/properties,2026-06-26,2026-06-26,Active
1961,7445162b85960405,Sunteck 4th Avenue,,Goregaon West,Western Suburbs Extended,19.1633281,72.8411995,400090,Sunteck Realty,100,90,https://www.propi.in/search/properties,2026-06-26,2026-06-26,Active
1962,aa584d49ed080631,Sunteck City,Sunteck City Avenue,Goregaon West,Western Suburbs Extended,19.1633281,72.8411995,400090,Sunteck Realty,100,100,https://www.propi.in/search/properties,2026-06-26,2026-06-26,Active
1963,73b56573252e04fc,Sunteck Pinnacle,,Goregaon West,Western Suburbs Extended,19.1633281,72.8411995,400090,Sunteck Realty,100,90,https://www.propi.in/search/properties,2026-06-26,2026-06-26,Active
1964,1773eb6245f7bdd1,Techniplex I,,Goregaon West,Western Suburbs Extended,19.1633281,72.8411995,400090,,100,75,https://www.propi.in/search/properties,2026-06-26,2026-06-26,Active
1965,ff3ce7ca07951f13,Lion Park,The Lion Park,Goregaon West,Western Suburbs Extended,19.1633281,72.8411995,400090,,100,85,https://www.propi.in/search/properties,2026-06-26,2026-06-26,Active
1966,e964920e4ed512c7,Luxor,The Luxor,Goregaon West,Western Suburbs Extended,19.1633281,72.8411995,400090,,100,85,https://www.propi.in/search/properties,2026-06-26,2026-06-26,Active
1967,b8d0a502ffe8e636,Udaka Heights,,Goregaon West,Western Suburbs Extended,19.1633281,72.8411995,400090,,100,75,https://www.propi.in/search/properties,2026-06-26,2026-06-26,Active
1968,7b1c95328bf8f807,Udyog Bhavan,,Goregaon West,Western Suburbs Extended,19.1633281,72.8411995,400090,,100,75,https://www.propi.in/search/properties,2026-06-26,2026-06-26,Active
1969,5369366dc6a75959,Unnat Nagar Akshay CHS,,Goregaon West,Western Suburbs Extended,19.1633281,72.8411995,400090,,100,75,https://www.propi.in/search/properties,2026-06-26,2026-06-26,Active
1970,c0ca839467f7d028,VIra One,,Goregaon West,Western Suburbs Extended,19.1633281,72.8411995,400090,,100,75,https://www.propi.in/search/properties,2026-06-26,2026-06-26,Active
1971,42391efb3cf8472e,Vaibhav,,Goregaon West,Western Suburbs Extended,19.1633281,72.8411995,400090,,100,75,https://www.propi.in/search/properties,2026-06-26,2026-06-26,Active
1972,7d4e9184030c0268,Vasant Galaxy,,Goregaon West,Western Suburbs Extended,19.1633281,72.8411995,400090,,100,75,https://www.propi.in/search/properties,2026-06-26,2026-06-26,Active
1973,843e618669bb71c7,Vedant,,Goregaon West,Western Suburbs Extended,19.1633281,72.8411995,400090,,100,75,https://www.propi.in/search/properties,2026-06-26,2026-06-26,Active
1974,793446a9f6a6d201,Vivan,,Goregaon West,Western Suburbs Extended,19.1633281,72.8411995,400090,,100,75,https://www.propi.in/search/properties,2026-06-26,2026-06-26,Active
1975,476d67fca096165f,Vogue 77,,Goregaon West,Western Suburbs Extended,19.1633281,72.8411995,400090,,100,75,https://www.propi.in/search/properties,2026-06-26,2026-06-26,Active
1976,5ff6ab8a5c36534d,Washington Plaza,,Goregaon West,Western Suburbs Extended,19.1633281,72.8411995,400090,,100,75,https://www.propi.in/search/properties,2026-06-26,2026-06-26,Active
1977,cf00d0108f425630,Akruti Aditya,,Grant Road,South Mumbai Central,18.9633549,72.8158261,400036,,100,75,https://www.propi.in/search/properties,2026-06-26,2026-06-26,Active
1978,8db0543a5dcde94b,Darshan Volanzo,,Grant Road,South Mumbai Central,18.9633549,72.8158261,400036,,100,75,https://www.propi.in/search/properties,2026-06-26,2026-06-26,Active
1979,5260b47d8135d84d,Ghaswala Tower,,Grant Road,South Mumbai Central,18.9633549,72.8158261,400036,,100,75,https://www.propi.in/search/properties,2026-06-26,2026-06-26,Active
1980,f7ea9ce15de52879,Hilla Heights,,Grant Road,South Mumbai Central,18.9633549,72.8158261,400036,,100,75,https://www.propi.in/search/properties,2026-06-26,2026-06-26,Active
1981,27703b3139af96e6,Jamasji Apartment,,Grant Road,South Mumbai Central,18.9633549,72.8158261,400036,,100,75,https://www.propi.in/search/properties,2026-06-26,2026-06-26,Active
1982,837b74772a901edc,Navyug Mansion,,Grant Road,South Mumbai Central,18.9633549,72.8158261,400036,,100,75,https://www.propi.in/search/properties,2026-06-26,2026-06-26,Active
1983,a754880b9ff2e7d2,Padmavati Heights,,Grant Road,South Mumbai Central,18.9633549,72.8158261,400036,,100,75,https://www.propi.in/search/properties,2026-06-26,2026-06-26,Active
1984,9208fe3de822dc68,Rubberwala Orion,,Grant Road,South Mumbai Central,18.9633549,72.8158261,400036,,100,75,https://www.propi.in/search/properties,2026-06-26,2026-06-26,Active
1985,515eb30ed697c27c,Shreepati Arcade,,Grant Road,South Mumbai Central,18.9633549,72.8158261,400036,,100,75,https://www.propi.in/search/properties,2026-06-26,2026-06-26,Active
1986,22d50d9dd92a9d11,Siddhesh Jyoti,,Grant Road,South Mumbai Central,18.9633549,72.8158261,400036,,100,75,https://www.propi.in/search/properties,2026-06-26,2026-06-26,Active
1987,cfa84138cf0fbce8,Sunkersett Palace,,Grant Road,South Mumbai Central,18.9633549,72.8158261,400036,,100,75,https://www.propi.in/search/properties,2026-06-26,2026-06-26,Active
1988,025ac58f7805bf99,Primordial House,The Primordial House,Grant Road,South Mumbai Central,18.9633549,72.8158261,400036,,100,85,https://www.propi.in/search/properties,2026-06-26,2026-06-26,Active
1989,fd5cb3c11ead191b,Promordial House,The Promordial House,Grant Road,South Mumbai Central,18.9633549,72.8158261,400036,,100,85,https://www.propi.in/search/properties,2026-06-26,2026-06-26,Active
1990,e902d3130d32ed08,Universal Heights,,Grant Road,South Mumbai Central,18.9633549,72.8158261,400036,,100,75,https://www.propi.in/search/properties,2026-06-26,2026-06-26,Active
1991,d92d50cd6d8171c0,Heera Panna,,Haji Ali,,18.9776392,72.8090351,400026,,100,60,https://www.propi.in/search/properties,2026-06-26,2026-06-26,Active
1992,9d0921cb4337caa5,Sambhov Tirth,,Haji Ali,,18.9776392,72.8090351,400026,,100,60,https://www.propi.in/search/properties,2026-06-26,2026-06-26,Active
1993,98c70098387d7e7f,Valencia,,Hiranandani,,19.1308713,72.8133131,,,100,55,https://www.propi.in/search/properties,2026-06-26,2026-06-26,Active
1994,2c8233918d9d73e6,Dharam Palace,,Hughes Road,,18.9596627,72.8095439,400036,,100,60,https://www.propi.in/search/properties,2026-06-26,2026-06-26,Active
1995,6c416cf6ccd09490,AND,,JVPD Scheme,Western Suburbs Prime,19.1111705,72.8304076,400058,,100,75,https://www.propi.in/search/properties,2026-06-26,2026-06-26,Active
1996,2f33ee08d941c9c9,Hiranya,,JVPD Scheme,Western Suburbs Prime,19.1111705,72.8304076,400058,,100,75,https://www.propi.in/search/properties,2026-06-26,2026-06-26,Active
1997,0a9feb82d5aed663,Avant Heritage,,Jogeshwari West,Western Suburbs Mid,19.1348994,72.8488199,400060,,100,75,https://www.propi.in/search/properties,2026-06-26,2026-06-26,Active
1998,b1e59a11012fa20a,Dlf The Park Place,,Jogeshwari West,Western Suburbs Mid,19.1348994,72.8488199,400060,,100,75,https://www.propi.in/search/properties,2026-06-26,2026-06-26,Active
1999,c8e4b4c0d09b9250,Garden View Apartment,,Jogeshwari West,Western Suburbs Mid,19.1348994,72.8488199,400060,,100,75,https://www.propi.in/search/properties,2026-06-26,2026-06-26,Active
2000,ff856b839def848e,Golden Jubile,,Jogeshwari West,Western Suburbs Mid,19.1348994,72.8488199,400060,,100,75,https://www.propi.in/search/properties,2026-06-26,2026-06-26,Active
2001,d7fb9a481952ffa5,Hubtown Viva,,Jogeshwari West,Western Suburbs Mid,19.1348994,72.8488199,400060,Hubtown,100,90,https://www.propi.in/search/properties,2026-06-26,2026-06-26,Active
2002,6bf5ea7247a33da7,Jvlr 60,,Jogeshwari West,Western Suburbs Mid,19.1348994,72.8488199,400060,,100,75,https://www.propi.in/search/properties,2026-06-26,2026-06-26,Active
2003,afd65c54ac01d47e,Key Tech Park,Key Tech Park,Jogeshwari West,Western Suburbs Mid,19.1348994,72.8488199,400060,,100,85,https://www.propi.in/search/properties,2026-06-26,2026-06-26,Active
2004,13a3302e06a14c85,Lodha Bel Air,Lodha Bel Air,Jogeshwari West,Western Suburbs Mid,19.1348994,72.8488199,400060,Lodha Group,100,100,https://www.propi.in/search/properties,2026-06-26,2026-06-26,Active
2005,072040f5a4bdc232,Lodha Unica,Lodha Unica,Jogeshwari West,Western Suburbs Mid,19.1348994,72.8488199,400060,Lodha Group,100,100,https://www.propi.in/search/properties,2026-06-26,2026-06-26,Active
2006,24ae7946f5f0418b,One Jogeshwari,,Jogeshwari West,Western Suburbs Mid,19.1348994,72.8488199,400060,,100,75,https://www.propi.in/search/properties,2026-06-26,2026-06-26,Active
2007,3b1c79fd0264d755,Palazzio,,Jogeshwari West,Western Suburbs Mid,19.1348994,72.8488199,400060,,100,75,https://www.propi.in/search/properties,2026-06-26,2026-06-26,Active
2008,1af3eada4e6cacb6,Radha Residency,,Jogeshwari West,Western Suburbs Mid,19.1348994,72.8488199,400060,,100,75,https://www.propi.in/search/properties,2026-06-26,2026-06-26,Active
2009,5377afdc447745d4,Rajal Classic,,Jogeshwari West,Western Suburbs Mid,19.1348994,72.8488199,400060,,100,75,https://www.propi.in/search/properties,2026-06-26,2026-06-26,Active
2010,6a1a7c682c325376,Roswalt Zaiden,,Jogeshwari West,Western Suburbs Mid,19.1348994,72.8488199,400060,,100,75,https://www.propi.in/search/properties,2026-06-26,2026-06-26,Active
2011,94312faf64b6a1bb,SMGK Associates Residency,,Jogeshwari West,Western Suburbs Mid,19.1348994,72.8488199,400060,,100,75,https://www.propi.in/search/properties,2026-06-26,2026-06-26,Active
2012,c54183af5c117bd7,Universal Cubical,,Jogeshwari West,Western Suburbs Mid,19.1348994,72.8488199,400060,,100,75,https://www.propi.in/search/properties,2026-06-26,2026-06-26,Active
2013,c7c525af23c71fb9,Universal Garden,,Jogeshwari West,Western Suburbs Mid,19.1348994,72.8488199,400060,,100,75,https://www.propi.in/search/properties,2026-06-26,2026-06-26,Active
2014,67652bf3abbb1e30,Vision Heights,,Jogeshwari West,Western Suburbs Mid,19.1348994,72.8488199,400060,,100,75,https://www.propi.in/search/properties,2026-06-26,2026-06-26,Active
2015,5b69ad6d5ffd8f9e,Oberoi Splendor,,Jogeshwari East,Western Suburbs Mid,19.1429467,72.8551559,400060,Oberoi Realty,100,90,https://www.propi.in/search/properties,2026-06-26,2026-06-26,Active
2016,0aa2ca1a126b38a9,Lashkaria Pearl,,Jogeshwari West,Western Suburbs Mid,19.136394,72.8373817,400047,,100,75,https://www.propi.in/search/properties,2026-06-26,2026-06-26,Active
2017,21a41b0be3749d35,Mayfair Astral,,Jogeshwari West,Western Suburbs Mid,19.136394,72.8373817,400047,,100,75,https://www.propi.in/search/properties,2026-06-26,2026-06-26,Active
2018,f5805ac5683fa6a1,Universal Garden 2,,Jogeshwari West,Western Suburbs Mid,19.136394,72.8373817,400047,,100,75,https://www.propi.in/search/properties,2026-06-26,2026-06-26,Active
2019,f216673177974992,7 Jvpd,,Juhu,Western Suburbs Prime,19.1070215,72.8275275,400058,,100,75,https://www.propi.in/search/properties,2026-06-26,2026-06-26,Active
2020,ba2e57326f782c37,9 Jvpd,,Juhu,Western Suburbs Prime,19.1070215,72.8275275,400058,,100,75,https://www.propi.in/search/properties,2026-06-26,2026-06-26,Active
2021,c9459c1f298ea0b3,A G House,,Juhu,Western Suburbs Prime,19.1070215,72.8275275,400058,,100,75,https://www.propi.in/search/properties,2026-06-26,2026-06-26,Active
2022,e75b38ef5f4beea8,Aaradhya Evoq,,Juhu,Western Suburbs Prime,19.1070215,72.8275275,400058,,100,75,https://www.propi.in/search/properties,2026-06-26,2026-06-26,Active
2023,24d0f7d98e5119a4,Aashray Apartment,,Juhu,Western Suburbs Prime,19.1070215,72.8275275,400058,,100,75,https://www.propi.in/search/properties,2026-06-26,2026-06-26,Active
2024,88376aaefbe15f45,Ajmera Prive,,Juhu,Western Suburbs Prime,19.1070215,72.8275275,400058,Ajmera Group,100,90,https://www.propi.in/search/properties,2026-06-26,2026-06-26,Active
2025,73f4579c3261e27f,Alaknanda,,Juhu,Western Suburbs Prime,19.1070215,72.8275275,400058,,100,75,https://www.propi.in/search/properties,2026-06-26,2026-06-26,Active
2026,a70e60f6247bd8f8,Amar Tower,,Juhu,Western Suburbs Prime,19.1070215,72.8275275,400058,,100,75,https://www.propi.in/search/properties,2026-06-26,2026-06-26,Active
2027,a5c070bb3a4311e6,Apsara Apartment,,Juhu,Western Suburbs Prime,19.1070215,72.8275275,400058,,100,75,https://www.propi.in/search/properties,2026-06-26,2026-06-26,Active
2028,3b8d63756a9be737,Beach House,,Juhu,Western Suburbs Prime,19.1070215,72.8275275,400058,,100,75,https://www.propi.in/search/properties,2026-06-26,2026-06-26,Active
2029,e46d8600105f2b0e,Bhanu Apartment,,Juhu,Western Suburbs Prime,19.1070215,72.8275275,400058,,100,75,https://www.propi.in/search/properties,2026-06-26,2026-06-26,Active
2030,2aeccdb1cd716204,Bharat Acropolis,,Juhu,Western Suburbs Prime,19.1070215,72.8275275,400058,,100,75,https://www.propi.in/search/properties,2026-06-26,2026-06-26,Active
2031,eb9d61f0309086f0,Blue Diamond,,Juhu,Western Suburbs Prime,19.1070215,72.8275275,400058,,100,75,https://www.propi.in/search/properties,2026-06-26,2026-06-26,Active
2032,fad1423c4a1acfda,Casablanca,,Juhu,Western Suburbs Prime,19.1070215,72.8275275,400058,,100,75,https://www.propi.in/search/properties,2026-06-26,2026-06-26,Active
2033,3d0f8ef3229e8bbc,Chalet Amar,,Juhu,Western Suburbs Prime,19.1070215,72.8275275,400058,,100,75,https://www.propi.in/search/properties,2026-06-26,2026-06-26,Active
2034,d1dc4c6060dd7f1d,Chrysalis,,Juhu,Western Suburbs Prime,19.1070215,72.8275275,400058,,100,75,https://www.propi.in/search/properties,2026-06-26,2026-06-26,Active
2035,73135358559988dd,Crystal Apartments,,Juhu,Western Suburbs Prime,19.1070215,72.8275275,400058,,100,75,https://www.propi.in/search/properties,2026-06-26,2026-06-26,Active
2036,d7f22a71f2c0d7ba,DLH Legacy,,Juhu,Western Suburbs Prime,19.1070215,72.8275275,400058,DLH Group,100,90,https://www.propi.in/search/properties,2026-06-26,2026-06-26,Active
2037,17283d43ba491fdc,DLH Mamta,,Juhu,Western Suburbs Prime,19.1070215,72.8275275,400058,DLH Group,100,90,https://www.propi.in/search/properties,2026-06-26,2026-06-26,Active
2038,2054a145c920175e,Dev Park,,Juhu,Western Suburbs Prime,19.1070215,72.8275275,400058,,100,75,https://www.propi.in/search/properties,2026-06-26,2026-06-26,Active
2039,d99911c3ba29781e,Dilrag,,Juhu,Western Suburbs Prime,19.1070215,72.8275275,400058,,100,75,https://www.propi.in/search/properties,2026-06-26,2026-06-26,Active
2040,aeaa192e4899a49c,Exotica,,Juhu,Western Suburbs Prime,19.1070215,72.8275275,400058,,100,75,https://www.propi.in/search/properties,2026-06-26,2026-06-26,Active
2041,2b02cf8cf79d284c,Gada Residency,,Juhu,Western Suburbs Prime,19.1070215,72.8275275,400058,,100,75,https://www.propi.in/search/properties,2026-06-26,2026-06-26,Active
2042,14b70dc6a5a59b06,Gagandeep Apartment,,Juhu,Western Suburbs Prime,19.1070215,72.8275275,400058,,100,75,https://www.propi.in/search/properties,2026-06-26,2026-06-26,Active
2043,c671c071f29f1c37,Gokul Blossom,,Juhu,Western Suburbs Prime,19.1070215,72.8275275,400058,,100,75,https://www.propi.in/search/properties,2026-06-26,2026-06-26,Active
2044,9a5aae3be007ae9f,Gokul Darshan,,Juhu,Western Suburbs Prime,19.1070215,72.8275275,400058,,100,75,https://www.propi.in/search/properties,2026-06-26,2026-06-26,Active
2045,2e26bbc644868abc,Gold Mist,,Juhu,Western Suburbs Prime,19.1070215,72.8275275,400058,,100,75,https://www.propi.in/search/properties,2026-06-26,2026-06-26,Active
2046,327608735c5deb72,Green Acres,,Juhu,Western Suburbs Prime,19.1070215,72.8275275,400058,,100,75,https://www.propi.in/search/properties,2026-06-26,2026-06-26,Active
2047,06b6c8dcbd4c5aef,Green Field,,Juhu,Western Suburbs Prime,19.1070215,72.8275275,400058,,100,75,https://www.propi.in/search/properties,2026-06-26,2026-06-26,Active
2048,2572ffdb37c22ff4,Green Field Society,Green Fields Society,Juhu,Western Suburbs Prime,19.1070215,72.8275275,400058,,100,85,https://www.propi.in/search/properties,2026-06-26,2026-06-26,Active
2049,ee9a1c61bfe4ea6b,Gulmohar Heights,,Juhu,Western Suburbs Prime,19.1070215,72.8275275,400058,,100,75,https://www.propi.in/search/properties,2026-06-26,2026-06-26,Active
2050,d03667461f456ef8,Gurukrupa Vyom,,Juhu,Western Suburbs Prime,19.1070215,72.8275275,400058,,100,75,https://www.propi.in/search/properties,2026-06-26,2026-06-26,Active
2051,ce4949ea64da5e2c,Hari Om CHS,,Juhu,Western Suburbs Prime,19.1070215,72.8275275,400058,,100,75,https://www.propi.in/search/properties,2026-06-26,2026-06-26,Active
2052,660e75a968986168,Harsh Jyot,,Juhu,Western Suburbs Prime,19.1070215,72.8275275,400058,,100,75,https://www.propi.in/search/properties,2026-06-26,2026-06-26,Active
2053,c937d97b9a8356a9,High Tide,,Juhu,Western Suburbs Prime,19.1070215,72.8275275,400058,,100,75,https://www.propi.in/search/properties,2026-06-26,2026-06-26,Active
2054,12487865a1d0654f,Ideal Apartments,,Juhu,Western Suburbs Prime,19.1070215,72.8275275,400058,,100,75,https://www.propi.in/search/properties,2026-06-26,2026-06-26,Active
2055,ea7bce1ce7fc0911,Imperial Windsor,,Juhu,Western Suburbs Prime,19.1070215,72.8275275,400058,,100,75,https://www.propi.in/search/properties,2026-06-26,2026-06-26,Active
2056,78e6d7cc0fe5faed,Ivory Tower,,Juhu,Western Suburbs Prime,19.1070215,72.8275275,400058,,100,75,https://www.propi.in/search/properties,2026-06-26,2026-06-26,Active
2057,7b0f3baa0412a0e9,Janki Kutir,,Juhu,Western Suburbs Prime,19.1070215,72.8275275,400058,,100,75,https://www.propi.in/search/properties,2026-06-26,2026-06-26,Active
2058,5c820d4cf8cc883f,Jeevan Jyot,,Juhu,Western Suburbs Prime,19.1070215,72.8275275,400058,,100,75,https://www.propi.in/search/properties,2026-06-26,2026-06-26,Active
2059,371cbc06fd3e951f,Juhu Acropolis,,Juhu,Western Suburbs Prime,19.1070215,72.8275275,400058,,100,75,https://www.propi.in/search/properties,2026-06-26,2026-06-26,Active
2060,3bb678ca9a2650f8,Juhu Ankur,,Juhu,Western Suburbs Prime,19.1070215,72.8275275,400058,,100,75,https://www.propi.in/search/properties,2026-06-26,2026-06-26,Active
2061,bef7973b657d648f,Juhu Apartment,,Juhu,Western Suburbs Prime,19.1070215,72.8275275,400058,,100,75,https://www.propi.in/search/properties,2026-06-26,2026-06-26,Active
2062,aadd5d041e95f7f2,Juhu Ashish,,Juhu,Western Suburbs Prime,19.1070215,72.8275275,400058,,100,75,https://www.propi.in/search/properties,2026-06-26,2026-06-26,Active
2063,fa8baad0518cc5b3,Juhu Dhara Complex,,Juhu,Western Suburbs Prime,19.1070215,72.8275275,400058,,100,75,https://www.propi.in/search/properties,2026-06-26,2026-06-26,Active
2064,c83196251c75a86a,Juhu Griha Swapna,,Juhu,Western Suburbs Prime,19.1070215,72.8275275,400058,,100,75,https://www.propi.in/search/properties,2026-06-26,2026-06-26,Active
2065,0a824b17d27dd60f,Juhu Gulmohar,,Juhu,Western Suburbs Prime,19.1070215,72.8275275,400058,,100,75,https://www.propi.in/search/properties,2026-06-26,2026-06-26,Active
2066,311a443147015ccd,Juhu Harshal,,Juhu,Western Suburbs Prime,19.1070215,72.8275275,400058,,100,75,https://www.propi.in/search/properties,2026-06-26,2026-06-26,Active
2067,53189c7708354c73,Juhu Jivan,,Juhu,Western Suburbs Prime,19.1070215,72.8275275,400058,,100,75,https://www.propi.in/search/properties,2026-06-26,2026-06-26,Active
2068,2cc4d06509e01fc9,Juhu Natraj,,Juhu,Western Suburbs Prime,19.1070215,72.8275275,400058,,100,75,https://www.propi.in/search/properties,2026-06-26,2026-06-26,Active
2069,9fa4705be7653e1a,Juhu Sagar,,Juhu,Western Suburbs Prime,19.1070215,72.8275275,400058,,100,75,https://www.propi.in/search/properties,2026-06-26,2026-06-26,Active
2070,163111c4c7a3562a,Juhu Sai Darshan,,Juhu,Western Suburbs Prime,19.1070215,72.8275275,400058,,100,75,https://www.propi.in/search/properties,2026-06-26,2026-06-26,Active
2071,7e7ae9779698686b,Juhu Sameep,,Juhu,Western Suburbs Prime,19.1070215,72.8275275,400058,,100,75,https://www.propi.in/search/properties,2026-06-26,2026-06-26,Active
2072,817c26bcd8ca89f0,Juhu Sangeeta,,Juhu,Western Suburbs Prime,19.1070215,72.8275275,400058,,100,75,https://www.propi.in/search/properties,2026-06-26,2026-06-26,Active
2073,3de79240a5085d9c,Juhu Sheetal,,Juhu,Western Suburbs Prime,19.1070215,72.8275275,400058,,100,75,https://www.propi.in/search/properties,2026-06-26,2026-06-26,Active
2074,e75aade7e910ee6f,Juhu Tarang,,Juhu,Western Suburbs Prime,19.1070215,72.8275275,400058,,100,75,https://www.propi.in/search/properties,2026-06-26,2026-06-26,Active
2075,254f8482de703805,Juhu Vishal 2,,Juhu,Western Suburbs Prime,19.1070215,72.8275275,400058,,100,75,https://www.propi.in/search/properties,2026-06-26,2026-06-26,Active
2076,9833ae1e1a2ddd6f,Jyoti Sadan,,Juhu,Western Suburbs Prime,19.1070215,72.8275275,400058,,100,75,https://www.propi.in/search/properties,2026-06-26,2026-06-26,Active
2077,f7fb148215f3b87f,Kalpataru Amare,,Juhu,Western Suburbs Prime,19.1070215,72.8275275,400058,Kalpataru Group,100,90,https://www.propi.in/search/properties,2026-06-26,2026-06-26,Active
2078,56d32d8c28e3f39b,Kalpataru Solitaire,,Juhu,Western Suburbs Prime,19.1070215,72.8275275,400058,Kalpataru Group,100,90,https://www.propi.in/search/properties,2026-06-26,2026-06-26,Active
2079,d5b01f411aed184f,Kalumal Estate,,Juhu,Western Suburbs Prime,19.1070215,72.8275275,400058,,100,75,https://www.propi.in/search/properties,2026-06-26,2026-06-26,Active
2080,3e8f76ed493cf05a,Kamla Heritage,,Juhu,Western Suburbs Prime,19.1070215,72.8275275,400058,,100,75,https://www.propi.in/search/properties,2026-06-26,2026-06-26,Active
2081,22b2a105015e6c33,Kinara,,Juhu,Western Suburbs Prime,19.1070215,72.8275275,400058,,100,75,https://www.propi.in/search/properties,2026-06-26,2026-06-26,Active
2082,c2047daca7045867,Kings Apartment,Kings,Juhu,Western Suburbs Prime,19.1070215,72.8275275,400058,,100,85,https://www.propi.in/search/properties,2026-06-26,2026-06-26,Active
2083,05effc15994f71a8,Kripa Nidhi,,Juhu,Western Suburbs Prime,19.1070215,72.8275275,400058,,100,75,https://www.propi.in/search/properties,2026-06-26,2026-06-26,Active
2084,d9720970ef868a41,Kutch House,,Juhu,Western Suburbs Prime,19.1070215,72.8275275,400058,,100,75,https://www.propi.in/search/properties,2026-06-26,2026-06-26,Active
2085,5d3bded6ef492806,Lodha One,,Juhu,Western Suburbs Prime,19.1070215,72.8275275,400058,Lodha Group,100,90,https://www.propi.in/search/properties,2026-06-26,2026-06-26,Active
2086,bb08286c7502c515,Lotus Ananya,,Juhu,Western Suburbs Prime,19.1070215,72.8275275,400058,,100,75,https://www.propi.in/search/properties,2026-06-26,2026-06-26,Active
2087,f931b75c003057a3,Lotus Ayana,,Juhu,Western Suburbs Prime,19.1070215,72.8275275,400058,,100,75,https://www.propi.in/search/properties,2026-06-26,2026-06-26,Active
2088,28cf8cfec9b363ff,Mahran,,Juhu,Western Suburbs Prime,19.1070215,72.8275275,400058,,100,75,https://www.propi.in/search/properties,2026-06-26,2026-06-26,Active
2089,7b172cacb9c55fe5,Mangal Meeth,,Juhu,Western Suburbs Prime,19.1070215,72.8275275,400058,,100,75,https://www.propi.in/search/properties,2026-06-26,2026-06-26,Active
2090,dcc2b45de87369cf,Mangal Millap,,Juhu,Western Suburbs Prime,19.1070215,72.8275275,400058,,100,75,https://www.propi.in/search/properties,2026-06-26,2026-06-26,Active
2091,c98a51b8c19a7683,Mayfair Silver Beach,,Juhu,Western Suburbs Prime,19.1070215,72.8275275,400058,,100,75,https://www.propi.in/search/properties,2026-06-26,2026-06-26,Active
2092,4165fbbb3806b6d0,Megh Apartment,,Juhu,Western Suburbs Prime,19.1070215,72.8275275,400058,,100,75,https://www.propi.in/search/properties,2026-06-26,2026-06-26,Active
2093,9b876f7f87aafb28,Milton Apartment,,Juhu,Western Suburbs Prime,19.1070215,72.8275275,400058,,100,75,https://www.propi.in/search/properties,2026-06-26,2026-06-26,Active
2094,fa8879a1b05f5aeb,Mittal Park,,Juhu,Western Suburbs Prime,19.1070215,72.8275275,400058,,100,75,https://www.propi.in/search/properties,2026-06-26,2026-06-26,Active
2095,68717cc6937cc3a0,NHP Meghdoot,,Juhu,Western Suburbs Prime,19.1070215,72.8275275,400058,,100,75,https://www.propi.in/search/properties,2026-06-26,2026-06-26,Active
2096,73dfd0759e5cd49e,Navratana Apartment,,Juhu,Western Suburbs Prime,19.1070215,72.8275275,400058,,100,75,https://www.propi.in/search/properties,2026-06-26,2026-06-26,Active
2097,4ccea825ebd86bbb,New Monalisa,,Juhu,Western Suburbs Prime,19.1070215,72.8275275,400058,,100,75,https://www.propi.in/search/properties,2026-06-26,2026-06-26,Active
2098,b03cb860f30a0e74,Nidhi Tower,Nidhi Towers,Juhu,Western Suburbs Prime,19.1070215,72.8275275,400058,,100,85,https://www.propi.in/search/properties,2026-06-26,2026-06-26,Active
2099,bddd25fc2d6cb496,North Bombay Society,,Juhu,Western Suburbs Prime,19.1070215,72.8275275,400058,,100,75,https://www.propi.in/search/properties,2026-06-26,2026-06-26,Active
2100,ed2199b16fca80ee,Oyster Shell I,Oyster Shell II,Juhu,Western Suburbs Prime,19.1070215,72.8275275,400058,,100,85,https://www.propi.in/search/properties,2026-06-26,2026-06-26,Active
2101,b6a8dd04d3689f1b,Parinee 11 West,,Juhu,Western Suburbs Prime,19.1070215,72.8275275,400058,,100,75,https://www.propi.in/search/properties,2026-06-26,2026-06-26,Active
2102,70d46d25dbaa67d3,Parinee Aria,,Juhu,Western Suburbs Prime,19.1070215,72.8275275,400058,,100,75,https://www.propi.in/search/properties,2026-06-26,2026-06-26,Active
2103,55f95936633fabb0,Parinee Liva Roca,,Juhu,Western Suburbs Prime,19.1070215,72.8275275,400058,,100,75,https://www.propi.in/search/properties,2026-06-26,2026-06-26,Active
2104,00994cf6bc5b8476,Park Grandeur,,Juhu,Western Suburbs Prime,19.1070215,72.8275275,400058,,100,75,https://www.propi.in/search/properties,2026-06-26,2026-06-26,Active
2105,d94ce28ce67df813,Prabhu Krupa,,Juhu,Western Suburbs Prime,19.1070215,72.8275275,400058,,100,75,https://www.propi.in/search/properties,2026-06-26,2026-06-26,Active
2106,4b4b69775a41d69a,Prabhu Vijay,,Juhu,Western Suburbs Prime,19.1070215,72.8275275,400058,,100,75,https://www.propi.in/search/properties,2026-06-26,2026-06-26,Active
2107,b479ba0459dbe487,Queens Park,,Juhu,Western Suburbs Prime,19.1070215,72.8275275,400058,,100,75,https://www.propi.in/search/properties,2026-06-26,2026-06-26,Active
2108,591dedd9cc79d81d,Raheja,Raheja 7,Juhu,Western Suburbs Prime,19.1070215,72.8275275,400058,K. Raheja Group,100,100,https://www.propi.in/search/properties,2026-06-26,2026-06-26,Active
2109,6ce3fa0a23e51b75,Raj Rahul,,Juhu,Western Suburbs Prime,19.1070215,72.8275275,400058,,100,75,https://www.propi.in/search/properties,2026-06-26,2026-06-26,Active
2110,bb65a7e5e62606e0,Raj Vastu,,Juhu,Western Suburbs Prime,19.1070215,72.8275275,400058,,100,75,https://www.propi.in/search/properties,2026-06-26,2026-06-26,Active
2111,5237fc7751558ca5,Ramkrishna Mission,,Juhu,Western Suburbs Prime,19.1070215,72.8275275,400058,,100,75,https://www.propi.in/search/properties,2026-06-26,2026-06-26,Active
2112,ac7eaada03a0410a,Riviera,,Juhu,Western Suburbs Prime,19.1070215,72.8275275,400058,,100,75,https://www.propi.in/search/properties,2026-06-26,2026-06-26,Active
2113,cac33bcd515b1662,Row House,,Juhu,Western Suburbs Prime,19.1070215,72.8275275,400058,,100,75,https://www.propi.in/search/properties,2026-06-26,2026-06-26,Active
2114,390abfb922a51f91,Ruia Park,,Juhu,Western Suburbs Prime,19.1070215,72.8275275,400058,,100,75,https://www.propi.in/search/properties,2026-06-26,2026-06-26,Active
2115,c8fde293d87035f3,Rustomjee,Rustomjee 9 | Rustomjee Elements,Juhu,Western Suburbs Prime,19.1070215,72.8275275,400058,Rustomjee Group,100,100,https://www.propi.in/search/properties,2026-06-26,2026-06-26,Active
2116,ff810c559d0efba1,Sagar Sangeet,,Juhu,Western Suburbs Prime,19.1070215,72.8275275,400058,,100,75,https://www.propi.in/search/properties,2026-06-26,2026-06-26,Active
2117,f6de780ab8683505,Sai Juhu Tara,,Juhu,Western Suburbs Prime,19.1070215,72.8275275,400058,,100,75,https://www.propi.in/search/properties,2026-06-26,2026-06-26,Active
2118,1502ac98defb632b,Shabnam,,Juhu,Western Suburbs Prime,19.1070215,72.8275275,400058,,100,75,https://www.propi.in/search/properties,2026-06-26,2026-06-26,Active
2119,757b373da0761d21,Shanghvi Udyan,,Juhu,Western Suburbs Prime,19.1070215,72.8275275,400058,,100,75,https://www.propi.in/search/properties,2026-06-26,2026-06-26,Active
2120,9c0f67836f2a300b,Shishir,,Juhu,Western Suburbs Prime,19.1070215,72.8275275,400058,,100,75,https://www.propi.in/search/properties,2026-06-26,2026-06-26,Active
2121,dc80a573a37fea9b,Shreeji krupa,,Juhu,Western Suburbs Prime,19.1070215,72.8275275,400058,,100,75,https://www.propi.in/search/properties,2026-06-26,2026-06-26,Active
2122,b267b9ea18b80e3f,Silver Sand Bunglow,,Juhu,Western Suburbs Prime,19.1070215,72.8275275,400058,,100,75,https://www.propi.in/search/properties,2026-06-26,2026-06-26,Active
2123,c0044028364b2d02,Sukh Shanti,,Juhu,Western Suburbs Prime,19.1070215,72.8275275,400058,,100,75,https://www.propi.in/search/properties,2026-06-26,2026-06-26,Active
2124,6a50f26ff618cc2f,Sukhmani Apartment,,Juhu,Western Suburbs Prime,19.1070215,72.8275275,400058,,100,75,https://www.propi.in/search/properties,2026-06-26,2026-06-26,Active
2125,d255758b1c565d0a,Sun Villa,,Juhu,Western Suburbs Prime,19.1070215,72.8275275,400058,,100,75,https://www.propi.in/search/properties,2026-06-26,2026-06-26,Active
2126,4faae0119e584a11,Sweet Home,,Juhu,Western Suburbs Prime,19.1070215,72.8275275,400058,,100,75,https://www.propi.in/search/properties,2026-06-26,2026-06-26,Active
2127,b745dd7f625524bf,Tirupati,,Juhu,Western Suburbs Prime,19.1070215,72.8275275,400058,,100,75,https://www.propi.in/search/properties,2026-06-26,2026-06-26,Active
2128,824f59a1406f5e12,Tulsi,,Juhu,Western Suburbs Prime,19.1070215,72.8275275,400058,,100,75,https://www.propi.in/search/properties,2026-06-26,2026-06-26,Active
2129,d088527f8329ca79,Usha Kunj,,Juhu,Western Suburbs Prime,19.1070215,72.8275275,400058,,100,75,https://www.propi.in/search/properties,2026-06-26,2026-06-26,Active
2130,4eb2f75d07d66030,Vaastu,,Juhu,Western Suburbs Prime,19.1070215,72.8275275,400058,,100,75,https://www.propi.in/search/properties,2026-06-26,2026-06-26,Active
2131,ba9711d045d51983,Vaishali Shopping Centre,,Juhu,Western Suburbs Prime,19.1070215,72.8275275,400058,,100,75,https://www.propi.in/search/properties,2026-06-26,2026-06-26,Active
2132,3178c6bf45da1290,Valencia,,Juhu,Western Suburbs Prime,19.1070215,72.8275275,400058,,100,75,https://www.propi.in/search/properties,2026-06-26,2026-06-26,Active
2133,869621d923a8d9cb,Vasundhara,,Juhu,Western Suburbs Prime,19.1070215,72.8275275,400058,,100,75,https://www.propi.in/search/properties,2026-06-26,2026-06-26,Active
2134,64a5ba3e7ceef406,Vaswani Seascape,,Juhu,Western Suburbs Prime,19.1070215,72.8275275,400058,,100,75,https://www.propi.in/search/properties,2026-06-26,2026-06-26,Active
2135,2eccf2559ed97586,Vikas Park,,Juhu,Western Suburbs Prime,19.1070215,72.8275275,400058,,100,75,https://www.propi.in/search/properties,2026-06-26,2026-06-26,Active
2136,7f41b45ae5673f57,Vipank Krishaang,,Juhu,Western Suburbs Prime,19.1070215,72.8275275,400058,,100,75,https://www.propi.in/search/properties,2026-06-26,2026-06-26,Active
2137,963fcb5bad33e13d,Vyom,,Juhu,Western Suburbs Prime,19.1070215,72.8275275,400058,,100,75,https://www.propi.in/search/properties,2026-06-26,2026-06-26,Active
2138,bba55ede1ace228c,Pinnacle Heights,,Kalachowki,,18.9897271,72.8428846,,,100,55,https://www.propi.in/search/properties,2026-06-26,2026-06-26,Active
2139,ea21ca9cd4ec1987,Sapphire,,Kalamboli,Navi Mumbai,19.0235062,73.1106092,,,100,70,https://www.propi.in/search/properties,2026-06-26,2026-06-26,Active
2140,49ad8e40eb9bdb61,Valencia,,Kalamboli,Navi Mumbai,19.0235062,73.1106092,,,100,70,https://www.propi.in/search/properties,2026-06-26,2026-06-26,Active
2141,e8f04a266cddf4fb,Neptune,Neptune Tower,Kamothe,,19.0164338,73.0806552,410209,Neptune Group,100,85,https://www.propi.in/search/properties,2026-06-26,2026-06-26,Active
2142,9d41673e78c82285,Swastik Park,,Kamothe,,19.0164338,73.0806552,410209,,100,60,https://www.propi.in/search/properties,2026-06-26,2026-06-26,Active
2143,512f0edb2d543d46,Acme Oasis,,Kandivali East,Western Suburbs Extended,19.2051958,72.8626165,400101,,100,75,https://www.propi.in/search/properties,2026-06-26,2026-06-26,Active
2144,a07742cee953c4ec,Alpine,,Kandivali East,Western Suburbs Extended,19.2051958,72.8626165,400101,,100,75,https://www.propi.in/search/properties,2026-06-26,2026-06-26,Active
2145,0efc818916cb1c23,Ambica Darshan,,Kandivali East,Western Suburbs Extended,19.2051958,72.8626165,400101,,100,75,https://www.propi.in/search/properties,2026-06-26,2026-06-26,Active
2146,6eeb6d04ce396901,Anita,,Kandivali East,Western Suburbs Extended,19.2051958,72.8626165,400101,,100,75,https://www.propi.in/search/properties,2026-06-26,2026-06-26,Active
2147,84516356c0917d63,Astron,,Kandivali East,Western Suburbs Extended,19.2051958,72.8626165,400101,,100,75,https://www.propi.in/search/properties,2026-06-26,2026-06-26,Active
2148,f80daf15d9f98fa3,Auriegae Residency,Aurigae Residency,Kandivali East,Western Suburbs Extended,19.2051958,72.8626165,400101,,100,85,https://www.propi.in/search/properties,2026-06-26,2026-06-26,Active
2149,4027b9ec89c51763,Avon Plaza,,Kandivali East,Western Suburbs Extended,19.2051958,72.8626165,400101,,100,75,https://www.propi.in/search/properties,2026-06-26,2026-06-26,Active
2150,ce5c6c259034b676,Bhoomi Arcade,,Kandivali East,Western Suburbs Extended,19.2051958,72.8626165,400101,,100,75,https://www.propi.in/search/properties,2026-06-26,2026-06-26,Active
2151,63b2d6ead0411bc3,Bhoomi Elegant,,Kandivali East,Western Suburbs Extended,19.2051958,72.8626165,400101,,100,75,https://www.propi.in/search/properties,2026-06-26,2026-06-26,Active
2152,a23bd14685249d18,Bhoomi Hills,,Kandivali East,Western Suburbs Extended,19.2051958,72.8626165,400101,,100,75,https://www.propi.in/search/properties,2026-06-26,2026-06-26,Active
2153,24da7219f7e97728,Bhoomi Legend,,Kandivali East,Western Suburbs Extended,19.2051958,72.8626165,400101,,100,75,https://www.propi.in/search/properties,2026-06-26,2026-06-26,Active
2154,ec1958d397d57c95,Bhoomi Valley,,Kandivali East,Western Suburbs Extended,19.2051958,72.8626165,400101,,100,75,https://www.propi.in/search/properties,2026-06-26,2026-06-26,Active
2155,0abf0df5a49756bd,Challenger Tower,,Kandivali East,Western Suburbs Extended,19.2051958,72.8626165,400101,,100,75,https://www.propi.in/search/properties,2026-06-26,2026-06-26,Active
2156,6704f5c71c75e6aa,Dattani Park,,Kandivali East,Western Suburbs Extended,19.2051958,72.8626165,400101,,100,75,https://www.propi.in/search/properties,2026-06-26,2026-06-26,Active
2157,94bbf936fbabd865,Ekta Meadows,,Kandivali East,Western Suburbs Extended,19.2051958,72.8626165,400101,Ekta World,100,90,https://www.propi.in/search/properties,2026-06-26,2026-06-26,Active
2158,ab7bd49e551e705c,Epsilon,Epsilon Tower,Kandivali East,Western Suburbs Extended,19.2051958,72.8626165,400101,,100,85,https://www.propi.in/search/properties,2026-06-26,2026-06-26,Active
2159,1608f0808b52b621,Evershine Crown,,Kandivali East,Western Suburbs Extended,19.2051958,72.8626165,400101,,100,75,https://www.propi.in/search/properties,2026-06-26,2026-06-26,Active
2160,0ba5efb5cdff6c08,Evershine Millennium Paradise,,Kandivali East,Western Suburbs Extended,19.2051958,72.8626165,400101,,100,75,https://www.propi.in/search/properties,2026-06-26,2026-06-26,Active
2161,7127e6072c1bbd3c,Fountain Heights,,Kandivali East,Western Suburbs Extended,19.2051958,72.8626165,400101,,100,75,https://www.propi.in/search/properties,2026-06-26,2026-06-26,Active
2162,6ceaa960c7691b60,Gayatri Satsang,,Kandivali East,Western Suburbs Extended,19.2051958,72.8626165,400101,,100,75,https://www.propi.in/search/properties,2026-06-26,2026-06-26,Active
2163,e02e92bd4ba8e43f,Godrej Bliss,,Kandivali East,Western Suburbs Extended,19.2051958,72.8626165,400101,Godrej Properties,100,90,https://www.propi.in/search/properties,2026-06-26,2026-06-26,Active
2164,d92410be97cdf822,Godrej Nest,,Kandivali East,Western Suburbs Extended,19.2051958,72.8626165,400101,Godrej Properties,100,90,https://www.propi.in/search/properties,2026-06-26,2026-06-26,Active
2165,1b587ddf38db78e0,Godrej Reserve,,Kandivali East,Western Suburbs Extended,19.2051958,72.8626165,400101,Godrej Properties,100,90,https://www.propi.in/search/properties,2026-06-26,2026-06-26,Active
2166,8c0332171760cd04,Gokul Concord,,Kandivali East,Western Suburbs Extended,19.2051958,72.8626165,400101,,100,75,https://www.propi.in/search/properties,2026-06-26,2026-06-26,Active
2167,2706409587987ce0,Grande Edifice,,Kandivali East,Western Suburbs Extended,19.2051958,72.8626165,400101,,100,75,https://www.propi.in/search/properties,2026-06-26,2026-06-26,Active
2168,2c53c6fc8f915d14,Gundecha Greens,,Kandivali East,Western Suburbs Extended,19.2051958,72.8626165,400101,Gundecha Group,100,90,https://www.propi.in/search/properties,2026-06-26,2026-06-26,Active
2169,adce546c1d167ba2,Gundecha Trillium,,Kandivali East,Western Suburbs Extended,19.2051958,72.8626165,400101,Gundecha Group,100,90,https://www.propi.in/search/properties,2026-06-26,2026-06-26,Active
2170,fdaab9a00c5c6713,Gundecha Valley of Flowers,,Kandivali East,Western Suburbs Extended,19.2051958,72.8626165,400101,Gundecha Group,100,90,https://www.propi.in/search/properties,2026-06-26,2026-06-26,Active
2171,3f12d0c8be571228,Kalpataru Gardens,Kalpataru,Kandivali East,Western Suburbs Extended,19.2051958,72.8626165,400101,Kalpataru Group,100,100,https://www.propi.in/search/properties,2026-06-26,2026-06-26,Active
2172,6aa83595aac1c24a,Kanakia Challengers,,Kandivali East,Western Suburbs Extended,19.2051958,72.8626165,400101,Kanakia Group,100,90,https://www.propi.in/search/properties,2026-06-26,2026-06-26,Active
2173,49bd298fba5814d9,Kanakia Park,,Kandivali East,Western Suburbs Extended,19.2051958,72.8626165,400101,Kanakia Group,100,90,https://www.propi.in/search/properties,2026-06-26,2026-06-26,Active
2174,49dd7dbc879e73ae,Lodha Woods,,Kandivali East,Western Suburbs Extended,19.2051958,72.8626165,400101,Lodha Group,100,90,https://www.propi.in/search/properties,2026-06-26,2026-06-26,Active
2175,f1a5447f491765ea,Lokhandwala Sapphire Heights,,Kandivali East,Western Suburbs Extended,19.2051958,72.8626165,400101,,100,75,https://www.propi.in/search/properties,2026-06-26,2026-06-26,Active
2176,585508603c13828d,Mahindra Roots,,Kandivali East,Western Suburbs Extended,19.2051958,72.8626165,400101,Mahindra Lifespaces,100,90,https://www.propi.in/search/properties,2026-06-26,2026-06-26,Active
2177,b32b9f2e02a1badd,Mahindra Vista,,Kandivali East,Western Suburbs Extended,19.2051958,72.8626165,400101,Mahindra Lifespaces,100,90,https://www.propi.in/search/properties,2026-06-26,2026-06-26,Active
2178,139e734e8c371b64,N G Suncity Phase I,,Kandivali East,Western Suburbs Extended,19.2051958,72.8626165,400101,,100,75,https://www.propi.in/search/properties,2026-06-26,2026-06-26,Active
2179,bdb4873815c8e23c,Oberoi Gardens,,Kandivali East,Western Suburbs Extended,19.2051958,72.8626165,400101,Oberoi Realty,100,90,https://www.propi.in/search/properties,2026-06-26,2026-06-26,Active
2180,9ce076cc27a65979,Oberoi Park View,,Kandivali East,Western Suburbs Extended,19.2051958,72.8626165,400101,Oberoi Realty,100,90,https://www.propi.in/search/properties,2026-06-26,2026-06-26,Active
2181,7bfbcc8216a6524b,Octa Crest,,Kandivali East,Western Suburbs Extended,19.2051958,72.8626165,400101,,100,75,https://www.propi.in/search/properties,2026-06-26,2026-06-26,Active
2182,ba74ee0dc5904ac5,Octacrest,,Kandivali East,Western Suburbs Extended,19.2051958,72.8626165,400101,,100,75,https://www.propi.in/search/properties,2026-06-26,2026-06-26,Active
2183,dd687278be7b0d90,Raheja Odyssey,,Kandivali East,Western Suburbs Extended,19.2051958,72.8626165,400101,K. Raheja Group,100,90,https://www.propi.in/search/properties,2026-06-26,2026-06-26,Active
2184,24ac50241ff12a11,Raheja Reflection Eternity,,Kandivali East,Western Suburbs Extended,19.2051958,72.8626165,400101,K. Raheja Group,100,90,https://www.propi.in/search/properties,2026-06-26,2026-06-26,Active
2185,83192ecdcfbf3b57,Raheja Reflections Odyssey,,Kandivali East,Western Suburbs Extended,19.2051958,72.8626165,400101,K. Raheja Group,100,90,https://www.propi.in/search/properties,2026-06-26,2026-06-26,Active
2186,90b6fd6022900c8c,Raheja Serenity,,Kandivali East,Western Suburbs Extended,19.2051958,72.8626165,400101,K. Raheja Group,100,90,https://www.propi.in/search/properties,2026-06-26,2026-06-26,Active
2187,0104111755e9c096,Sapphire Heights I,,Kandivali East,Western Suburbs Extended,19.2051958,72.8626165,400101,,100,75,https://www.propi.in/search/properties,2026-06-26,2026-06-26,Active
2188,d43494144c850f26,Sarova,,Kandivali East,Western Suburbs Extended,19.2051958,72.8626165,400101,,100,75,https://www.propi.in/search/properties,2026-06-26,2026-06-26,Active
2189,703a90f33a69fb3b,Satyam Tower,,Kandivali East,Western Suburbs Extended,19.2051958,72.8626165,400101,,100,75,https://www.propi.in/search/properties,2026-06-26,2026-06-26,Active
2190,b4251eb9776f4c0b,Sethia Aashray,,Kandivali East,Western Suburbs Extended,19.2051958,72.8626165,400101,,100,75,https://www.propi.in/search/properties,2026-06-26,2026-06-26,Active
2191,b37284996e661836,Shantivan,,Kandivali East,Western Suburbs Extended,19.2051958,72.8626165,400101,,100,75,https://www.propi.in/search/properties,2026-06-26,2026-06-26,Active
2192,a59f916b2c149f2b,Shraddha Tower,,Kandivali East,Western Suburbs Extended,19.2051958,72.8626165,400101,,100,75,https://www.propi.in/search/properties,2026-06-26,2026-06-26,Active
2193,034f8a838c72bdfe,Siennaa,,Kandivali East,Western Suburbs Extended,19.2051958,72.8626165,400101,,100,75,https://www.propi.in/search/properties,2026-06-26,2026-06-26,Active
2194,53cbf00c0b3acea9,Silver Leaf,,Kandivali East,Western Suburbs Extended,19.2051958,72.8626165,400101,,100,75,https://www.propi.in/search/properties,2026-06-26,2026-06-26,Active
2195,da8bf40143381c34,Solitaire Edge,,Kandivali East,Western Suburbs Extended,19.2051958,72.8626165,400101,,100,75,https://www.propi.in/search/properties,2026-06-26,2026-06-26,Active
2196,dbafb5aa884c2ad4,Spring Grove,,Kandivali East,Western Suburbs Extended,19.2051958,72.8626165,400101,,100,75,https://www.propi.in/search/properties,2026-06-26,2026-06-26,Active
2197,2bae0b5e7c83cc3c,TW Gardens,,Kandivali East,Western Suburbs Extended,19.2051958,72.8626165,400101,,100,75,https://www.propi.in/search/properties,2026-06-26,2026-06-26,Active
2198,f2a08bfeaac14166,Thakur Jewel,,Kandivali East,Western Suburbs Extended,19.2051958,72.8626165,400101,,100,75,https://www.propi.in/search/properties,2026-06-26,2026-06-26,Active
2199,7034123c543908db,UK Iridium,,Kandivali East,Western Suburbs Extended,19.2051958,72.8626165,400101,,100,75,https://www.propi.in/search/properties,2026-06-26,2026-06-26,Active
2200,63763451a3bfa561,Valley of Flowers Tulip,,Kandivali East,Western Suburbs Extended,19.2051958,72.8626165,400101,,100,75,https://www.propi.in/search/properties,2026-06-26,2026-06-26,Active
2201,11fc302ec873875a,Vasant Sagar,,Kandivali East,Western Suburbs Extended,19.2051958,72.8626165,400101,,100,75,https://www.propi.in/search/properties,2026-06-26,2026-06-26,Active
2202,acf0c09c630b08b8,Vasant Utsav,,Kandivali East,Western Suburbs Extended,19.2051958,72.8626165,400101,,100,75,https://www.propi.in/search/properties,2026-06-26,2026-06-26,Active
2203,42bbfccc02052ce6,Vedic Heights,,Kandivali East,Western Suburbs Extended,19.2051958,72.8626165,400101,,100,75,https://www.propi.in/search/properties,2026-06-26,2026-06-26,Active
2204,1ec288a4fef3a2dd,Veena Saaz,,Kandivali East,Western Suburbs Extended,19.2051958,72.8626165,400101,,100,75,https://www.propi.in/search/properties,2026-06-26,2026-06-26,Active
2205,902ad3bfea2a907e,Viceroy Park CHS,,Kandivali East,Western Suburbs Extended,19.2051958,72.8626165,400101,,100,75,https://www.propi.in/search/properties,2026-06-26,2026-06-26,Active
2206,7e1813d182402833,Viceroy Prive,,Kandivali East,Western Suburbs Extended,19.2051958,72.8626165,400101,,100,75,https://www.propi.in/search/properties,2026-06-26,2026-06-26,Active
2207,69e0e7515863ac46,Viceroy Savana,,Kandivali East,Western Suburbs Extended,19.2051958,72.8626165,400101,,100,75,https://www.propi.in/search/properties,2026-06-26,2026-06-26,Active
2208,6fb345e88b4e65b3,Vishnu Shivam Tower,,Kandivali East,Western Suburbs Extended,19.2051958,72.8626165,400101,,100,75,https://www.propi.in/search/properties,2026-06-26,2026-06-26,Active
2209,dd833046e5b59f8e,Wadhwa TW Gardens,,Kandivali East,Western Suburbs Extended,19.2051958,72.8626165,400101,Wadhwa Group,100,90,https://www.propi.in/search/properties,2026-06-26,2026-06-26,Active
2210,4f38319f08de0d90,Whispering Palms Exclusive,,Kandivali East,Western Suburbs Extended,19.2051958,72.8626165,400101,,100,75,https://www.propi.in/search/properties,2026-06-26,2026-06-26,Active
2211,fb4f05eeead2d310,Whispering Palms XX-Clusives II,,Kandivali East,Western Suburbs Extended,19.2051958,72.8626165,400101,,100,75,https://www.propi.in/search/properties,2026-06-26,2026-06-26,Active
2212,65ff66c11bd7f73c,White City,,Kandivali East,Western Suburbs Extended,19.2051958,72.8626165,400101,,100,75,https://www.propi.in/search/properties,2026-06-26,2026-06-26,Active
2213,e99eff84747b6ef0,19 North,,Kandivali West,Western Suburbs Extended,19.2055321,72.8399273,400067,,100,75,https://www.propi.in/search/properties,2026-06-26,2026-06-26,Active
2214,9be9717371376846,19th North,,Kandivali West,Western Suburbs Extended,19.2055321,72.8399273,400067,,100,75,https://www.propi.in/search/properties,2026-06-26,2026-06-26,Active
2215,bf26ec5b51623138,73 East,,Kandivali West,Western Suburbs Extended,19.2055321,72.8399273,400067,,100,75,https://www.propi.in/search/properties,2026-06-26,2026-06-26,Active
2216,7d74325715aeab80,Abhilasha,,Kandivali West,Western Suburbs Extended,19.2055321,72.8399273,400067,,100,75,https://www.propi.in/search/properties,2026-06-26,2026-06-26,Active
2217,3fa44d7317e5c729,Acme Avenue,,Kandivali West,Western Suburbs Extended,19.2055321,72.8399273,400067,,100,75,https://www.propi.in/search/properties,2026-06-26,2026-06-26,Active
2218,ad5e3fc3f0158923,Agarwal Residency,,Kandivali West,Western Suburbs Extended,19.2055321,72.8399273,400067,,100,75,https://www.propi.in/search/properties,2026-06-26,2026-06-26,Active
2219,173a1770d9c3fe9b,Amann Spring,,Kandivali West,Western Suburbs Extended,19.2055321,72.8399273,400067,,100,75,https://www.propi.in/search/properties,2026-06-26,2026-06-26,Active
2220,96b987f20cc316be,Anant Tara,,Kandivali West,Western Suburbs Extended,19.2055321,72.8399273,400067,,100,75,https://www.propi.in/search/properties,2026-06-26,2026-06-26,Active
2221,623e14656f75b4c6,Arcade Bhoomi,,Kandivali West,Western Suburbs Extended,19.2055321,72.8399273,400067,,100,75,https://www.propi.in/search/properties,2026-06-26,2026-06-26,Active
2222,886dc8b5f034ad17,Arthaya,,Kandivali West,Western Suburbs Extended,19.2055321,72.8399273,400067,,100,75,https://www.propi.in/search/properties,2026-06-26,2026-06-26,Active
2223,2dc7f1dd0214bb42,Aspire,,Kandivali West,Western Suburbs Extended,19.2055321,72.8399273,400067,,100,75,https://www.propi.in/search/properties,2026-06-26,2026-06-26,Active
2224,65a4256519f7846f,Bhoomi Garden,,Kandivali West,Western Suburbs Extended,19.2055321,72.8399273,400067,,100,75,https://www.propi.in/search/properties,2026-06-26,2026-06-26,Active
2225,f9dfee74e858b830,Blue Arch,,Kandivali West,Western Suburbs Extended,19.2055321,72.8399273,400067,,100,75,https://www.propi.in/search/properties,2026-06-26,2026-06-26,Active
2226,12ece8d93dc490e5,Blue Empire Complex,,Kandivali West,Western Suburbs Extended,19.2055321,72.8399273,400067,,100,75,https://www.propi.in/search/properties,2026-06-26,2026-06-26,Active
2227,6d68100eaaa212f4,Blue Empress,,Kandivali West,Western Suburbs Extended,19.2055321,72.8399273,400067,,100,75,https://www.propi.in/search/properties,2026-06-26,2026-06-26,Active
2228,7ece68e6462a902b,Breezy Corner,Breezy Corner,Kandivali West,Western Suburbs Extended,19.2055321,72.8399273,400067,,100,85,https://www.propi.in/search/properties,2026-06-26,2026-06-26,Active
2229,6eb3f8499def2242,Chandak Breezy Corner,,Kandivali West,Western Suburbs Extended,19.2055321,72.8399273,400067,,100,75,https://www.propi.in/search/properties,2026-06-26,2026-06-26,Active
2230,2cd64b93f3733c5a,Dosti Oro,Dosti Oro 67,Kandivali West,Western Suburbs Extended,19.2055321,72.8399273,400067,Dosti Realty,100,100,https://www.propi.in/search/properties,2026-06-26,2026-06-26,Active
2231,86c87d20fd3092ac,Eden Garden,,Kandivali West,Western Suburbs Extended,19.2055321,72.8399273,400067,,100,75,https://www.propi.in/search/properties,2026-06-26,2026-06-26,Active
2232,9246f50872f5c7c1,Ekta Bhoomi,,Kandivali West,Western Suburbs Extended,19.2055321,72.8399273,400067,Ekta World,100,90,https://www.propi.in/search/properties,2026-06-26,2026-06-26,Active
2233,a3ea32f9d8f42b6a,Gaurav Garden,Gaurav Gardens,Kandivali West,Western Suburbs Extended,19.2055321,72.8399273,400067,,100,85,https://www.propi.in/search/properties,2026-06-26,2026-06-26,Active
2234,ce5730529cf078bc,Gauri Excellency,,Kandivali West,Western Suburbs Extended,19.2055321,72.8399273,400067,,100,75,https://www.propi.in/search/properties,2026-06-26,2026-06-26,Active
2235,bc9d75345ef5afd8,Gulmohar,,Kandivali West,Western Suburbs Extended,19.2055321,72.8399273,400067,,100,75,https://www.propi.in/search/properties,2026-06-26,2026-06-26,Active
2236,7946917d3ca58c1e,Heeraji Heritage,,Kandivali West,Western Suburbs Extended,19.2055321,72.8399273,400067,,100,75,https://www.propi.in/search/properties,2026-06-26,2026-06-26,Active
2237,0fa3639d3c9279c0,Hiranandani Heritage Rivona,,Kandivali West,Western Suburbs Extended,19.2055321,72.8399273,400067,Hiranandani Group,100,90,https://www.propi.in/search/properties,2026-06-26,2026-06-26,Active
2238,baf5d4a7e72469e0,Ibis,,Kandivali West,Western Suburbs Extended,19.2055321,72.8399273,400067,,100,75,https://www.propi.in/search/properties,2026-06-26,2026-06-26,Active
2239,796a4dfdf1bedcdb,Jaydev Tower,,Kandivali West,Western Suburbs Extended,19.2055321,72.8399273,400067,,100,75,https://www.propi.in/search/properties,2026-06-26,2026-06-26,Active
2240,e5156ae449887407,Jeevan Deep,Jeevandeep,Kandivali West,Western Suburbs Extended,19.2055321,72.8399273,400067,,100,85,https://www.propi.in/search/properties,2026-06-26,2026-06-26,Active
2241,c2471bb0b583c1c6,Kalpavruksh Garden,Kalpavruksh Gardens,Kandivali West,Western Suburbs Extended,19.2055321,72.8399273,400067,,100,85,https://www.propi.in/search/properties,2026-06-26,2026-06-26,Active
2242,aeac362ef0f183c9,Kalpavruksh Heights,,Kandivali West,Western Suburbs Extended,19.2055321,72.8399273,400067,,100,75,https://www.propi.in/search/properties,2026-06-26,2026-06-26,Active
2243,6f9db3ff7f39b98b,Kalpvruksh,,Kandivali West,Western Suburbs Extended,19.2055321,72.8399273,400067,,100,75,https://www.propi.in/search/properties,2026-06-26,2026-06-26,Active
2244,3b6998ddb80983ef,Leela Raj,,Kandivali West,Western Suburbs Extended,19.2055321,72.8399273,400067,,100,75,https://www.propi.in/search/properties,2026-06-26,2026-06-26,Active
2245,9ef9966dcdce45fe,Mansarovar,,Kandivali West,Western Suburbs Extended,19.2055321,72.8399273,400067,,100,75,https://www.propi.in/search/properties,2026-06-26,2026-06-26,Active
2246,6f1180d9f0e323e8,Mayfair Greens,,Kandivali West,Western Suburbs Extended,19.2055321,72.8399273,400067,,100,75,https://www.propi.in/search/properties,2026-06-26,2026-06-26,Active
2247,5fc126c3ebde0647,Nand Dham,,Kandivali West,Western Suburbs Extended,19.2055321,72.8399273,400067,,100,75,https://www.propi.in/search/properties,2026-06-26,2026-06-26,Active
2248,15965db5f29ea477,Olive,,Kandivali West,Western Suburbs Extended,19.2055321,72.8399273,400067,,100,75,https://www.propi.in/search/properties,2026-06-26,2026-06-26,Active
2249,f42da5b4ffb01d64,Orchid Suburbia,,Kandivali West,Western Suburbs Extended,19.2055321,72.8399273,400067,,100,75,https://www.propi.in/search/properties,2026-06-26,2026-06-26,Active
2250,e5cfb51657343138,Panchsheel,,Kandivali West,Western Suburbs Extended,19.2055321,72.8399273,400067,,100,75,https://www.propi.in/search/properties,2026-06-26,2026-06-26,Active
2251,5760ffb32e6bfbd1,Panchsheel Garden,,Kandivali West,Western Suburbs Extended,19.2055321,72.8399273,400067,,100,75,https://www.propi.in/search/properties,2026-06-26,2026-06-26,Active
2252,98aa8d202076e5b5,Panchsheel Height,,Kandivali West,Western Suburbs Extended,19.2055321,72.8399273,400067,,100,75,https://www.propi.in/search/properties,2026-06-26,2026-06-26,Active
2253,6ef7027fd03da1c6,Parinee Essence,,Kandivali West,Western Suburbs Extended,19.2055321,72.8399273,400067,,100,75,https://www.propi.in/search/properties,2026-06-26,2026-06-26,Active
2254,be08b8daf04eaf48,Platinum Tower,,Kandivali West,Western Suburbs Extended,19.2055321,72.8399273,400067,,100,75,https://www.propi.in/search/properties,2026-06-26,2026-06-26,Active
2255,23d71774cba61613,Praful Apartment,,Kandivali West,Western Suburbs Extended,19.2055321,72.8399273,400067,,100,75,https://www.propi.in/search/properties,2026-06-26,2026-06-26,Active
2256,8837a3b91ebbb332,RNA Regency Park,,Kandivali West,Western Suburbs Extended,19.2055321,72.8399273,400067,,100,75,https://www.propi.in/search/properties,2026-06-26,2026-06-26,Active
2257,69bf18ef77f5dffb,RNA Royale Park,,Kandivali West,Western Suburbs Extended,19.2055321,72.8399273,400067,,100,75,https://www.propi.in/search/properties,2026-06-26,2026-06-26,Active
2258,42a0fd56ec725272,Raj Heights,,Kandivali West,Western Suburbs Extended,19.2055321,72.8399273,400067,,100,75,https://www.propi.in/search/properties,2026-06-26,2026-06-26,Active
2259,e302e515c7a15514,Rajeshri Apartment,,Kandivali West,Western Suburbs Extended,19.2055321,72.8399273,400067,,100,75,https://www.propi.in/search/properties,2026-06-26,2026-06-26,Active
2260,699c54f916f9c9f1,Rishabraj Samaj Darshan,,Kandivali West,Western Suburbs Extended,19.2055321,72.8399273,400067,,100,75,https://www.propi.in/search/properties,2026-06-26,2026-06-26,Active
2261,066bec3854fe5736,Rock Enclave,,Kandivali West,Western Suburbs Extended,19.2055321,72.8399273,400067,,100,75,https://www.propi.in/search/properties,2026-06-26,2026-06-26,Active
2262,f43077c0d3ac2c2e,Rodium Xone,,Kandivali West,Western Suburbs Extended,19.2055321,72.8399273,400067,,100,75,https://www.propi.in/search/properties,2026-06-26,2026-06-26,Active
2263,f8e23ef8f38fe867,Royal Samarpan,,Kandivali West,Western Suburbs Extended,19.2055321,72.8399273,400067,,100,75,https://www.propi.in/search/properties,2026-06-26,2026-06-26,Active
2264,d5490ef86bdfc025,Ruparel Elara,,Kandivali West,Western Suburbs Extended,19.2055321,72.8399273,400067,Ruparel Group,100,90,https://www.propi.in/search/properties,2026-06-26,2026-06-26,Active
2265,585ab1d10fb3bf75,Ruparel Palacio,,Kandivali West,Western Suburbs Extended,19.2055321,72.8399273,400067,Ruparel Group,100,90,https://www.propi.in/search/properties,2026-06-26,2026-06-26,Active
2266,2da36271ede02bfd,Ruparel Sky Green,Ruparel Sky Greens,Kandivali West,Western Suburbs Extended,19.2055321,72.8399273,400067,Ruparel Group,100,100,https://www.propi.in/search/properties,2026-06-26,2026-06-26,Active
2267,292a45cafb53f218,Rustomjee Meridian,,Kandivali West,Western Suburbs Extended,19.2055321,72.8399273,400067,Rustomjee Group,100,90,https://www.propi.in/search/properties,2026-06-26,2026-06-26,Active
2268,de657e528556a36a,Saffron,,Kandivali West,Western Suburbs Extended,19.2055321,72.8399273,400067,,100,75,https://www.propi.in/search/properties,2026-06-26,2026-06-26,Active
2269,0d6d92f3240f41c9,Sahil Apartment,,Kandivali West,Western Suburbs Extended,19.2055321,72.8399273,400067,,100,75,https://www.propi.in/search/properties,2026-06-26,2026-06-26,Active
2270,a6c5ec6b2de57c7f,Sai Dham,,Kandivali West,Western Suburbs Extended,19.2055321,72.8399273,400067,,100,75,https://www.propi.in/search/properties,2026-06-26,2026-06-26,Active
2271,6149c2ffe662a86d,Sai Elegance,,Kandivali West,Western Suburbs Extended,19.2055321,72.8399273,400067,,100,75,https://www.propi.in/search/properties,2026-06-26,2026-06-26,Active
2272,86a12205e843c836,Sheth Edmont,,Kandivali West,Western Suburbs Extended,19.2055321,72.8399273,400067,Sheth Developers,100,90,https://www.propi.in/search/properties,2026-06-26,2026-06-26,Active
2273,547421e806f7e494,Shiv Parvati,,Kandivali West,Western Suburbs Extended,19.2055321,72.8399273,400067,,100,75,https://www.propi.in/search/properties,2026-06-26,2026-06-26,Active
2274,5f1e625976646e95,Shiv Shrushti,,Kandivali West,Western Suburbs Extended,19.2055321,72.8399273,400067,,100,75,https://www.propi.in/search/properties,2026-06-26,2026-06-26,Active
2275,443ca74963642d8a,Shivani Rudram,,Kandivali West,Western Suburbs Extended,19.2055321,72.8399273,400067,,100,75,https://www.propi.in/search/properties,2026-06-26,2026-06-26,Active
2276,bb4c278526c015e8,Shree Nikunj,,Kandivali West,Western Suburbs Extended,19.2055321,72.8399273,400067,,100,75,https://www.propi.in/search/properties,2026-06-26,2026-06-26,Active
2277,4f556475abece20d,Shree Vallabh Residency,,Kandivali West,Western Suburbs Extended,19.2055321,72.8399273,400067,,100,75,https://www.propi.in/search/properties,2026-06-26,2026-06-26,Active
2278,d704133d27f7309d,Shubham,,Kandivali West,Western Suburbs Extended,19.2055321,72.8399273,400067,,100,75,https://www.propi.in/search/properties,2026-06-26,2026-06-26,Active
2279,10df973509c45609,Siddha Seabrook,,Kandivali West,Western Suburbs Extended,19.2055321,72.8399273,400067,,100,75,https://www.propi.in/search/properties,2026-06-26,2026-06-26,Active
2280,7a37d2608b47d5fc,Supreme Willows,,Kandivali West,Western Suburbs Extended,19.2055321,72.8399273,400067,,100,75,https://www.propi.in/search/properties,2026-06-26,2026-06-26,Active
2281,37a43d7362b3da75,Surbhi Complex,,Kandivali West,Western Suburbs Extended,19.2055321,72.8399273,400067,,100,75,https://www.propi.in/search/properties,2026-06-26,2026-06-26,Active
2282,415bdecc5490392d,Symphony,,Kandivali West,Western Suburbs Extended,19.2055321,72.8399273,400067,,100,75,https://www.propi.in/search/properties,2026-06-26,2026-06-26,Active
2283,815c18b8787170d9,Tanna Height,,Kandivali West,Western Suburbs Extended,19.2055321,72.8399273,400067,,100,75,https://www.propi.in/search/properties,2026-06-26,2026-06-26,Active
2284,e8f2e0e5e68d7536,Trishul Heights,,Kandivali West,Western Suburbs Extended,19.2055321,72.8399273,400067,,100,75,https://www.propi.in/search/properties,2026-06-26,2026-06-26,Active
2285,14cefb1a35cd750c,Veena Santoor,,Kandivali West,Western Suburbs Extended,19.2055321,72.8399273,400067,,100,75,https://www.propi.in/search/properties,2026-06-26,2026-06-26,Active
2286,780e2cf2d85a7f3a,Veena Santoor 2,,Kandivali West,Western Suburbs Extended,19.2055321,72.8399273,400067,,100,75,https://www.propi.in/search/properties,2026-06-26,2026-06-26,Active
2287,af8d25f63a2eea03,Veena Smart Homes,,Kandivali West,Western Suburbs Extended,19.2055321,72.8399273,400067,,100,75,https://www.propi.in/search/properties,2026-06-26,2026-06-26,Active
2288,cb9b65c1fc851087,Vora Icon,,Kandivali West,Western Suburbs Extended,19.2055321,72.8399273,400067,,100,75,https://www.propi.in/search/properties,2026-06-26,2026-06-26,Active
2289,243d1ce592a274ec,Westwood,,Kandivali West,Western Suburbs Extended,19.2055321,72.8399273,400067,,100,75,https://www.propi.in/search/properties,2026-06-26,2026-06-26,Active
2290,daaf3459542c1b40,Arkade Earth,,Kanjur Marg,Eastern Suburbs,19.1286526,72.9280394,400042,,100,75,https://www.propi.in/search/properties,2026-06-26,2026-06-26,Active
2291,53d18cd82c65187c,Great Eastern Garden,,Kanjur Marg,Eastern Suburbs,19.1286526,72.9280394,400042,,100,75,https://www.propi.in/search/properties,2026-06-26,2026-06-26,Active
2292,4d2f2f232095d965,Gundecha Heights,,Kanjur Marg,Eastern Suburbs,19.1286526,72.9280394,400042,Gundecha Group,100,90,https://www.propi.in/search/properties,2026-06-26,2026-06-26,Active
2293,84ec0f99f6d0538a,Hiranandani Estate,,Kanjur Marg,Eastern Suburbs,19.1286526,72.9280394,400042,Hiranandani Group,100,90,https://www.propi.in/search/properties,2026-06-26,2026-06-26,Active
2294,53abf205f26b2d4b,Hiranandani Industrial Estate,,Kanjur Marg,Eastern Suburbs,19.1286526,72.9280394,400042,Hiranandani Group,100,90,https://www.propi.in/search/properties,2026-06-26,2026-06-26,Active
2295,bd2068d1b8fdd36f,Kanakia Zen World,,Kanjur Marg,Eastern Suburbs,19.1286526,72.9280394,400042,Kanakia Group,100,90,https://www.propi.in/search/properties,2026-06-26,2026-06-26,Active
2296,fb7f7cb3fd985caf,Lodha Aurum Grande,,Kanjur Marg,Eastern Suburbs,19.1286526,72.9280394,400042,Lodha Group,100,90,https://www.propi.in/search/properties,2026-06-26,2026-06-26,Active
2297,e195bc628724cf82,Mahavir Trinkets,,Kanjur Marg,Eastern Suburbs,19.1286526,72.9280394,400042,,100,75,https://www.propi.in/search/properties,2026-06-26,2026-06-26,Active
2298,efc056beb5600d6e,N G Royal Park,,Kanjur Marg,Eastern Suburbs,19.1286526,72.9280394,400042,,100,75,https://www.propi.in/search/properties,2026-06-26,2026-06-26,Active
2299,80467fa5af4692df,Nirvana,,Kanjur Marg,Eastern Suburbs,19.1286526,72.9280394,400042,,100,75,https://www.propi.in/search/properties,2026-06-26,2026-06-26,Active
2300,d9dd1f6a8f18be33,Runwal Bliss,Runwal Bliss - Phase,Kanjur Marg,Eastern Suburbs,19.1286526,72.9280394,400042,Runwal Group,100,100,https://www.propi.in/search/properties,2026-06-26,2026-06-26,Active
2301,90f77e6e7c4f6176,Runwal Forest,,Kanjur Marg,Eastern Suburbs,19.1286526,72.9280394,400042,Runwal Group,100,90,https://www.propi.in/search/properties,2026-06-26,2026-06-26,Active
2302,857c2101d2a122a9,Sheth Avante,,Kanjur Marg,Eastern Suburbs,19.1286526,72.9280394,400042,Sheth Developers,100,90,https://www.propi.in/search/properties,2026-06-26,2026-06-26,Active
2303,b73860c35b754fe3,Kanakia Zen World,,Kanjurmarg East,Eastern Suburbs,19.124102,72.9385562,400042,Kanakia Group,100,90,https://www.propi.in/search/properties,2026-06-26,2026-06-26,Active
2304,428c68ba89d1c70f,Lodha Signet,,Kanjurmarg East,Eastern Suburbs,19.124102,72.9385562,400042,Lodha Group,100,90,https://www.propi.in/search/properties,2026-06-26,2026-06-26,Active
2305,15874e611a6b230f,Orion Business Park,,Kapurbawdi,,,,,,100,35,https://www.propi.in/search/properties,2026-06-26,2026-06-26,Active
2306,e627ad62e2f85252,Banu Mansion,,Kemps Corner,South Mumbai Prime,18.9637535,72.8068617,400036,,100,75,https://www.propi.in/search/properties,2026-06-26,2026-06-26,Active
2307,9a333438e320d08d,Empire Estate,,Kemps Corner,South Mumbai Prime,18.9637535,72.8068617,400036,,100,75,https://www.propi.in/search/properties,2026-06-26,2026-06-26,Active
2308,9b2bdd0a523877d4,Fariyas,Fariyas Building,Kemps Corner,South Mumbai Prime,18.9637535,72.8068617,400036,,100,85,https://www.propi.in/search/properties,2026-06-26,2026-06-26,Active
2309,4c9ff9ca2306aebc,Grand Paradi,,Kemps Corner,South Mumbai Prime,18.9637535,72.8068617,400036,,100,75,https://www.propi.in/search/properties,2026-06-26,2026-06-26,Active
2310,75ddd2c80127485a,Hanuman Sharan,,Kemps Corner,South Mumbai Prime,18.9637535,72.8068617,400036,,100,75,https://www.propi.in/search/properties,2026-06-26,2026-06-26,Active
2311,6a082e7fdf09e829,India House,,Kemps Corner,South Mumbai Prime,18.9637535,72.8068617,400036,,100,75,https://www.propi.in/search/properties,2026-06-26,2026-06-26,Active
2312,686f00237813a2fc,Kalpavruksha Residency,,Kemps Corner,South Mumbai Prime,18.9637535,72.8068617,400036,,100,75,https://www.propi.in/search/properties,2026-06-26,2026-06-26,Active
2313,6df6533044fddd84,Kwality House,,Kemps Corner,South Mumbai Prime,18.9637535,72.8068617,400036,,100,75,https://www.propi.in/search/properties,2026-06-26,2026-06-26,Active
2314,fa299c9036459cde,Le Palazzo,,Kemps Corner,South Mumbai Prime,18.9637535,72.8068617,400036,,100,75,https://www.propi.in/search/properties,2026-06-26,2026-06-26,Active
2315,b90a5f3584809737,Nirmala Mahal,,Kemps Corner,South Mumbai Prime,18.9637535,72.8068617,400036,,100,75,https://www.propi.in/search/properties,2026-06-26,2026-06-26,Active
2316,3ead720df4556539,Shalimar,,Kemps Corner,South Mumbai Prime,18.9637535,72.8068617,400036,,100,75,https://www.propi.in/search/properties,2026-06-26,2026-06-26,Active
2317,dd0e9d2f5fca284d,Shalimar Apartments,,Kemps Corner,South Mumbai Prime,18.9637535,72.8068617,400036,,100,75,https://www.propi.in/search/properties,2026-06-26,2026-06-26,Active
2318,498b378ab1b68c63,Sujata Apartment,,Kemps Corner,South Mumbai Prime,18.9637535,72.8068617,400036,,100,75,https://www.propi.in/search/properties,2026-06-26,2026-06-26,Active
2319,2a8c81218bd8293f,Sukhmani,Sukhmani Building,Kemps Corner,South Mumbai Prime,18.9637535,72.8068617,400036,,100,85,https://www.propi.in/search/properties,2026-06-26,2026-06-26,Active
2320,58d96ceffccd2726,Surya Kiran,,Kemps Corner,South Mumbai Prime,18.9637535,72.8068617,400036,,100,75,https://www.propi.in/search/properties,2026-06-26,2026-06-26,Active
2321,dc9b47dd731490b6,Tej Apartment,,Kemps Corner,South Mumbai Prime,18.9637535,72.8068617,400036,,100,75,https://www.propi.in/search/properties,2026-06-26,2026-06-26,Active
2322,9a1a3218b401dc54,Turquoise,,Kemps Corner,South Mumbai Prime,18.9637535,72.8068617,400036,,100,75,https://www.propi.in/search/properties,2026-06-26,2026-06-26,Active
2323,4a2550b5068fe89d,Silver Crest,,Khandeshwar,,19.0073498,73.0952827,410206,,100,60,https://www.propi.in/search/properties,2026-06-26,2026-06-26,Active
2324,f1d570ba632e8aea,Aditaya Kutir,,Khar West,Western Suburbs Prime,19.0682411,72.8400412,400052,,100,75,https://www.propi.in/search/properties,2026-06-26,2026-06-26,Active
2325,b3ea7bac356f813b,Azumi,Azumi,Khar West,Western Suburbs Prime,19.0682411,72.8400412,400052,,100,85,https://www.propi.in/search/properties,2026-06-26,2026-06-26,Active
2326,f32529979d4a5c24,Govind Kutir,Govind Kutir,Khar West,Western Suburbs Prime,19.0682411,72.8400412,400052,,100,85,https://www.propi.in/search/properties,2026-06-26,2026-06-26,Active
2327,05417bf00f176931,Kedarnath apt,,Khar West,Western Suburbs Prime,19.0682411,72.8400412,400052,,100,75,https://www.propi.in/search/properties,2026-06-26,2026-06-26,Active
2328,851aaa7cb5e1bb25,Nivaan,,Khar West,Western Suburbs Prime,19.0682411,72.8400412,400052,,100,75,https://www.propi.in/search/properties,2026-06-26,2026-06-26,Active
2329,4aa0a93745835ea4,Rustomjee Paramount,Rustomjee Paramount,Khar West,Western Suburbs Prime,19.0682411,72.8400412,400052,Rustomjee Group,100,100,https://www.propi.in/search/properties,2026-06-26,2026-06-26,Active
2330,98f413d0897484e9,Shree Shakti,Shree Shakti,Khar West,Western Suburbs Prime,19.0682411,72.8400412,400052,,100,85,https://www.propi.in/search/properties,2026-06-26,2026-06-26,Active
2331,466934d1a21cb138,Solitaire,,Khar West,Western Suburbs Prime,19.0682411,72.8400412,400052,,100,75,https://www.propi.in/search/properties,2026-06-26,2026-06-26,Active
2332,fd15d5f2da373f20,Trinity,Trinity,Khar West,Western Suburbs Prime,19.0682411,72.8400412,400052,,100,85,https://www.propi.in/search/properties,2026-06-26,2026-06-26,Active
2333,a3cc147576b1cf42,Tulsi Apartment,Tulsi Apt,Khar West,Western Suburbs Prime,19.0682411,72.8400412,400052,,100,85,https://www.propi.in/search/properties,2026-06-26,2026-06-26,Active
2334,7f7824b85cc7fca9,259 Park Crest,,Khar West,Western Suburbs Prime,19.0687787,72.8261815,400052,,100,75,https://www.propi.in/search/properties,2026-06-26,2026-06-26,Active
2335,caca5ae15f68d838,268 Anand,,Khar West,Western Suburbs Prime,19.0687787,72.8261815,400052,,100,75,https://www.propi.in/search/properties,2026-06-26,2026-06-26,Active
2336,76c86d13b621fe6e,52 Park Avenue,,Khar West,Western Suburbs Prime,19.0687787,72.8261815,400052,,100,75,https://www.propi.in/search/properties,2026-06-26,2026-06-26,Active
2337,d7569256a91743bc,AP Florence,,Khar West,Western Suburbs Prime,19.0687787,72.8261815,400052,,100,75,https://www.propi.in/search/properties,2026-06-26,2026-06-26,Active
2338,b33f74fb0bed49c0,Aashray,,Khar West,Western Suburbs Prime,19.0687787,72.8261815,400052,,100,75,https://www.propi.in/search/properties,2026-06-26,2026-06-26,Active
2339,0c846d639b4de161,Abde Villa,,Khar West,Western Suburbs Prime,19.0687787,72.8261815,400052,,100,75,https://www.propi.in/search/properties,2026-06-26,2026-06-26,Active
2340,2f55b846e4b0df80,Aditya Kutir,,Khar West,Western Suburbs Prime,19.0687787,72.8261815,400052,,100,75,https://www.propi.in/search/properties,2026-06-26,2026-06-26,Active
2341,aafd6709d6038202,Amber Croft CHS,,Khar West,Western Suburbs Prime,19.0687787,72.8261815,400052,,100,75,https://www.propi.in/search/properties,2026-06-26,2026-06-26,Active
2342,747fe6793f006d72,Amore Edge,,Khar West,Western Suburbs Prime,19.0687787,72.8261815,400052,,100,75,https://www.propi.in/search/properties,2026-06-26,2026-06-26,Active
2343,0c22d12e9d4f7987,Anand 268,,Khar West,Western Suburbs Prime,19.0687787,72.8261815,400052,,100,75,https://www.propi.in/search/properties,2026-06-26,2026-06-26,Active
2344,f88978dbfc849aa7,Anand Apartment,,Khar West,Western Suburbs Prime,19.0687787,72.8261815,400052,,100,75,https://www.propi.in/search/properties,2026-06-26,2026-06-26,Active
2345,51786590e3e844f9,Anand Ashram,,Khar West,Western Suburbs Prime,19.0687787,72.8261815,400052,,100,75,https://www.propi.in/search/properties,2026-06-26,2026-06-26,Active
2346,3a8a78e4fe985901,Anand Sagar,,Khar West,Western Suburbs Prime,19.0687787,72.8261815,400052,,100,75,https://www.propi.in/search/properties,2026-06-26,2026-06-26,Active
2347,6fc1c1ee28688316,Apollo Heights,,Khar West,Western Suburbs Prime,19.0687787,72.8261815,400052,,100,75,https://www.propi.in/search/properties,2026-06-26,2026-06-26,Active
2348,3a341acf675d0e7c,Arihant,Arihant Apartment,Khar West,Western Suburbs Prime,19.0687787,72.8261815,400052,Arihant Group,100,100,https://www.propi.in/search/properties,2026-06-26,2026-06-26,Active
2349,ad9c432a2e3fdbda,Aroma Residency,,Khar West,Western Suburbs Prime,19.0687787,72.8261815,400052,,100,75,https://www.propi.in/search/properties,2026-06-26,2026-06-26,Active
2350,655571048b28954c,Ashiana,,Khar West,Western Suburbs Prime,19.0687787,72.8261815,400052,Ashiana Group,100,90,https://www.propi.in/search/properties,2026-06-26,2026-06-26,Active
2351,389c570f3a6e87e2,Ashmita,,Khar West,Western Suburbs Prime,19.0687787,72.8261815,400052,,100,75,https://www.propi.in/search/properties,2026-06-26,2026-06-26,Active
2352,6753ea19ae007691,Ashok Apartment,,Khar West,Western Suburbs Prime,19.0687787,72.8261815,400052,,100,75,https://www.propi.in/search/properties,2026-06-26,2026-06-26,Active
2353,e51850107940f986,Asmita,,Khar West,Western Suburbs Prime,19.0687787,72.8261815,400052,,100,75,https://www.propi.in/search/properties,2026-06-26,2026-06-26,Active
2354,6ad8f3d1ec1a36fb,Aum Nirvan,,Khar West,Western Suburbs Prime,19.0687787,72.8261815,400052,,100,75,https://www.propi.in/search/properties,2026-06-26,2026-06-26,Active
2355,3503e20064418232,Badrinath,,Khar West,Western Suburbs Prime,19.0687787,72.8261815,400052,,100,75,https://www.propi.in/search/properties,2026-06-26,2026-06-26,Active
2356,e238e23d84207cba,Bajaj Jade,,Khar West,Western Suburbs Prime,19.0687787,72.8261815,400052,,100,75,https://www.propi.in/search/properties,2026-06-26,2026-06-26,Active
2357,873708708fd5febf,Bay City,,Khar West,Western Suburbs Prime,19.0687787,72.8261815,400052,,100,75,https://www.propi.in/search/properties,2026-06-26,2026-06-26,Active
2358,44162dcdf8c23dc7,Baycity Apartments,,Khar West,Western Suburbs Prime,19.0687787,72.8261815,400052,,100,75,https://www.propi.in/search/properties,2026-06-26,2026-06-26,Active
2359,e7c222b7e5c8490a,Belleza,,Khar West,Western Suburbs Prime,19.0687787,72.8261815,400052,,100,75,https://www.propi.in/search/properties,2026-06-26,2026-06-26,Active
2360,85ab62be21857083,Belvedere,,Khar West,Western Suburbs Prime,19.0687787,72.8261815,400052,,100,75,https://www.propi.in/search/properties,2026-06-26,2026-06-26,Active
2361,e3e3a0facb485e6c,Benchmark Empresa,,Khar West,Western Suburbs Prime,19.0687787,72.8261815,400052,,100,75,https://www.propi.in/search/properties,2026-06-26,2026-06-26,Active
2362,05472c01d49a0f64,Bhagirathi Sadan,,Khar West,Western Suburbs Prime,19.0687787,72.8261815,400052,,100,75,https://www.propi.in/search/properties,2026-06-26,2026-06-26,Active
2363,3a0d8ce7c923b023,Bhagwanti Heights,,Khar West,Western Suburbs Prime,19.0687787,72.8261815,400052,,100,75,https://www.propi.in/search/properties,2026-06-26,2026-06-26,Active
2364,61e5b06a04e3730d,Bhanu Vinayak,,Khar West,Western Suburbs Prime,19.0687787,72.8261815,400052,,100,75,https://www.propi.in/search/properties,2026-06-26,2026-06-26,Active
2365,f6efb50970efc6aa,Bhavya Plaza,,Khar West,Western Suburbs Prime,19.0687787,72.8261815,400052,,100,75,https://www.propi.in/search/properties,2026-06-26,2026-06-26,Active
2366,2969f3747a7c5ac3,Bhoomi Gobind Bhavan,,Khar West,Western Suburbs Prime,19.0687787,72.8261815,400052,,100,75,https://www.propi.in/search/properties,2026-06-26,2026-06-26,Active
2367,966c4bcda1b88c27,Bina Apartment,,Khar West,Western Suburbs Prime,19.0687787,72.8261815,400052,,100,75,https://www.propi.in/search/properties,2026-06-26,2026-06-26,Active
2368,2d8a0a9bc260880d,Blue Lotus,,Khar West,Western Suburbs Prime,19.0687787,72.8261815,400052,,100,75,https://www.propi.in/search/properties,2026-06-26,2026-06-26,Active
2369,4bba98264231c216,Brisa Marina,,Khar West,Western Suburbs Prime,19.0687787,72.8261815,400052,,100,75,https://www.propi.in/search/properties,2026-06-26,2026-06-26,Active
2370,1ba8ae35990acb40,Bulbul Tarang,,Khar West,Western Suburbs Prime,19.0687787,72.8261815,400052,,100,75,https://www.propi.in/search/properties,2026-06-26,2026-06-26,Active
2371,e797edee196a1943,Chandralok,,Khar West,Western Suburbs Prime,19.0687787,72.8261815,400052,,100,75,https://www.propi.in/search/properties,2026-06-26,2026-06-26,Active
2372,a38b9b8caf595e54,Chaya,,Khar West,Western Suburbs Prime,19.0687787,72.8261815,400052,,100,75,https://www.propi.in/search/properties,2026-06-26,2026-06-26,Active
2373,9c74c805f9be5c11,Corinthian,,Khar West,Western Suburbs Prime,19.0687787,72.8261815,400052,,100,75,https://www.propi.in/search/properties,2026-06-26,2026-06-26,Active
2374,70673b43b7a63ca3,Cosmos Commercial Centre,,Khar West,Western Suburbs Prime,19.0687787,72.8261815,400052,,100,75,https://www.propi.in/search/properties,2026-06-26,2026-06-26,Active
2375,ca7dc242d8e433c3,Crescent Heritage,Crescent Heritage Apartment,Khar West,Western Suburbs Prime,19.0687787,72.8261815,400052,,100,85,https://www.propi.in/search/properties,2026-06-26,2026-06-26,Active
2376,4048817df711fb2e,Crest Link,,Khar West,Western Suburbs Prime,19.0687787,72.8261815,400052,,100,75,https://www.propi.in/search/properties,2026-06-26,2026-06-26,Active
2377,ee260fb4d9d7512a,DLH Ornate,,Khar West,Western Suburbs Prime,19.0687787,72.8261815,400052,DLH Group,100,90,https://www.propi.in/search/properties,2026-06-26,2026-06-26,Active
2378,fa2196d31d623464,Darvesh Belleza,,Khar West,Western Suburbs Prime,19.0687787,72.8261815,400052,,100,75,https://www.propi.in/search/properties,2026-06-26,2026-06-26,Active
2379,da1c5121f61adbda,Darvesh Grand,,Khar West,Western Suburbs Prime,19.0687787,72.8261815,400052,,100,75,https://www.propi.in/search/properties,2026-06-26,2026-06-26,Active
2380,40b36b0f0caeb1fe,Dev Ashish,,Khar West,Western Suburbs Prime,19.0687787,72.8261815,400052,,100,75,https://www.propi.in/search/properties,2026-06-26,2026-06-26,Active
2381,34869401ca293649,Dhairya Residency,,Khar West,Western Suburbs Prime,19.0687787,72.8261815,400052,,100,75,https://www.propi.in/search/properties,2026-06-26,2026-06-26,Active
2382,d26facba4fd3aa92,Dheeraj Celestial,,Khar West,Western Suburbs Prime,19.0687787,72.8261815,400052,Dheeraj Group,100,90,https://www.propi.in/search/properties,2026-06-26,2026-06-26,Active
2383,d9553488c890ce68,Dheeraj Izarra,,Khar West,Western Suburbs Prime,19.0687787,72.8261815,400052,Dheeraj Group,100,90,https://www.propi.in/search/properties,2026-06-26,2026-06-26,Active
2384,13f80705d37643e5,Dreamland,,Khar West,Western Suburbs Prime,19.0687787,72.8261815,400052,,100,75,https://www.propi.in/search/properties,2026-06-26,2026-06-26,Active
2385,7b5ca0d0b4a13655,Dunhill,Dunhill Apartment,Khar West,Western Suburbs Prime,19.0687787,72.8261815,400052,,100,85,https://www.propi.in/search/properties,2026-06-26,2026-06-26,Active
2386,3c9dfb6e9d425230,Ecstasy-II,,Khar West,Western Suburbs Prime,19.0687787,72.8261815,400052,,100,75,https://www.propi.in/search/properties,2026-06-26,2026-06-26,Active
2387,c65089c4d73bb94e,Ekta Empress,,Khar West,Western Suburbs Prime,19.0687787,72.8261815,400052,Ekta World,100,90,https://www.propi.in/search/properties,2026-06-26,2026-06-26,Active
2388,7d5aadd6e32df3fb,Ekta Eros,,Khar West,Western Suburbs Prime,19.0687787,72.8261815,400052,Ekta World,100,90,https://www.propi.in/search/properties,2026-06-26,2026-06-26,Active
2389,3beb4d37102f6c0f,Ekta Iris,,Khar West,Western Suburbs Prime,19.0687787,72.8261815,400052,Ekta World,100,90,https://www.propi.in/search/properties,2026-06-26,2026-06-26,Active
2390,e2307866c7010a60,Ekta Verve,,Khar West,Western Suburbs Prime,19.0687787,72.8261815,400052,Ekta World,100,90,https://www.propi.in/search/properties,2026-06-26,2026-06-26,Active
2391,beab80e3575d6c11,Elegant,,Khar West,Western Suburbs Prime,19.0687787,72.8261815,400052,,100,75,https://www.propi.in/search/properties,2026-06-26,2026-06-26,Active
2392,4c535341fc3c8485,Elite Vista,Elite Vista Apartment,Khar West,Western Suburbs Prime,19.0687787,72.8261815,400052,,100,85,https://www.propi.in/search/properties,2026-06-26,2026-06-26,Active
2393,665ffcec50a788ca,Embassy Chambers,,Khar West,Western Suburbs Prime,19.0687787,72.8261815,400052,,100,75,https://www.propi.in/search/properties,2026-06-26,2026-06-26,Active
2394,a947cde8419bcc54,Empressa,,Khar West,Western Suburbs Prime,19.0687787,72.8261815,400052,,100,75,https://www.propi.in/search/properties,2026-06-26,2026-06-26,Active
2395,f3549f83e911f265,Florence,,Khar West,Western Suburbs Prime,19.0687787,72.8261815,400052,,100,75,https://www.propi.in/search/properties,2026-06-26,2026-06-26,Active
2396,1abc13857d6835f1,Fortune Paradise,,Khar West,Western Suburbs Prime,19.0687787,72.8261815,400052,,100,75,https://www.propi.in/search/properties,2026-06-26,2026-06-26,Active
2397,72b11d62d94981e2,Ganga Jamuna,,Khar West,Western Suburbs Prime,19.0687787,72.8261815,400052,,100,75,https://www.propi.in/search/properties,2026-06-26,2026-06-26,Active
2398,bc93bf12e92e3b4f,Geetanjali Apartment,,Khar West,Western Suburbs Prime,19.0687787,72.8261815,400052,,100,75,https://www.propi.in/search/properties,2026-06-26,2026-06-26,Active
2399,208a0fb97efc22bf,Glacis Tower,,Khar West,Western Suburbs Prime,19.0687787,72.8261815,400052,,100,75,https://www.propi.in/search/properties,2026-06-26,2026-06-26,Active
2400,76d76835715d4e0b,Golden Peak,,Khar West,Western Suburbs Prime,19.0687787,72.8261815,400052,,100,75,https://www.propi.in/search/properties,2026-06-26,2026-06-26,Active
2401,0cb2cd97f7d7b194,Gulshan,,Khar West,Western Suburbs Prime,19.0687787,72.8261815,400052,,100,75,https://www.propi.in/search/properties,2026-06-26,2026-06-26,Active
2402,d78a5c13522f5f57,Gurudev Bhavan,,Khar West,Western Suburbs Prime,19.0687787,72.8261815,400052,,100,75,https://www.propi.in/search/properties,2026-06-26,2026-06-26,Active
2403,e3f64ce2e8b3f4eb,Gyan Ghar,,Khar West,Western Suburbs Prime,19.0687787,72.8261815,400052,,100,75,https://www.propi.in/search/properties,2026-06-26,2026-06-26,Active
2404,97e71434a20f6754,Hamara Ghar,,Khar West,Western Suburbs Prime,19.0687787,72.8261815,400052,,100,75,https://www.propi.in/search/properties,2026-06-26,2026-06-26,Active
2405,8f5da0bbf31a3c8d,Hamrahi,,Khar West,Western Suburbs Prime,19.0687787,72.8261815,400052,,100,75,https://www.propi.in/search/properties,2026-06-26,2026-06-26,Active
2406,459616bc903e663a,Hari Bhavan,,Khar West,Western Suburbs Prime,19.0687787,72.8261815,400052,,100,75,https://www.propi.in/search/properties,2026-06-26,2026-06-26,Active
2407,7f2c74c68e8bed27,Hari Niwas,,Khar West,Western Suburbs Prime,19.0687787,72.8261815,400052,,100,75,https://www.propi.in/search/properties,2026-06-26,2026-06-26,Active
2408,61a5ace1fec3b0ad,Himath Ghar,,Khar West,Western Suburbs Prime,19.0687787,72.8261815,400052,,100,75,https://www.propi.in/search/properties,2026-06-26,2026-06-26,Active
2409,1c1d09a266b14fe3,Indira Bhawan,,Khar West,Western Suburbs Prime,19.0687787,72.8261815,400052,,100,75,https://www.propi.in/search/properties,2026-06-26,2026-06-26,Active
2410,acccf03a4fd3d0cc,Ira Chhaya,,Khar West,Western Suburbs Prime,19.0687787,72.8261815,400052,,100,75,https://www.propi.in/search/properties,2026-06-26,2026-06-26,Active
2411,db0b221ef9f47e32,Ishaan,,Khar West,Western Suburbs Prime,19.0687787,72.8261815,400052,,100,75,https://www.propi.in/search/properties,2026-06-26,2026-06-26,Active
2412,ef96bd237c4b25a4,Jade Garden,,Khar West,Western Suburbs Prime,19.0687787,72.8261815,400052,,100,75,https://www.propi.in/search/properties,2026-06-26,2026-06-26,Active
2413,a105a232f135aafc,Jagdambe,,Khar West,Western Suburbs Prime,19.0687787,72.8261815,400052,,100,75,https://www.propi.in/search/properties,2026-06-26,2026-06-26,Active
2414,7b67c2d805193576,Jai Shankar Deep,,Khar West,Western Suburbs Prime,19.0687787,72.8261815,400052,,100,75,https://www.propi.in/search/properties,2026-06-26,2026-06-26,Active
2415,ddcc4fb1e8a8cebe,Jamnotri,,Khar West,Western Suburbs Prime,19.0687787,72.8261815,400052,,100,75,https://www.propi.in/search/properties,2026-06-26,2026-06-26,Active
2416,b8345b19a78b582a,Jastcon Heights,,Khar West,Western Suburbs Prime,19.0687787,72.8261815,400052,,100,75,https://www.propi.in/search/properties,2026-06-26,2026-06-26,Active
2417,87601e0368f7dd9c,Jaswant Heights,,Khar West,Western Suburbs Prime,19.0687787,72.8261815,400052,,100,75,https://www.propi.in/search/properties,2026-06-26,2026-06-26,Active
2418,5ee3a91b760f0cec,Jay Bharat Society Bungalow,,Khar West,Western Suburbs Prime,19.0687787,72.8261815,400052,,100,75,https://www.propi.in/search/properties,2026-06-26,2026-06-26,Active
2419,d2ec7373fd9ffee1,Jayram Sadan,,Khar West,Western Suburbs Prime,19.0687787,72.8261815,400052,,100,75,https://www.propi.in/search/properties,2026-06-26,2026-06-26,Active
2420,cb5b8a780fadff30,Jeevan Deep,,Khar West,Western Suburbs Prime,19.0687787,72.8261815,400052,,100,75,https://www.propi.in/search/properties,2026-06-26,2026-06-26,Active
2421,12aacabea6465124,Joy Legend,Joy Legend Apartment,Khar West,Western Suburbs Prime,19.0687787,72.8261815,400052,,100,85,https://www.propi.in/search/properties,2026-06-26,2026-06-26,Active
2422,26f47e4b38d2b47c,Jvpd 3rd,,Khar West,Western Suburbs Prime,19.0687787,72.8261815,400052,,100,75,https://www.propi.in/search/properties,2026-06-26,2026-06-26,Active
2423,447c551af09e224e,K L Regalia,,Khar West,Western Suburbs Prime,19.0687787,72.8261815,400052,,100,75,https://www.propi.in/search/properties,2026-06-26,2026-06-26,Active
2424,4082e35f91383102,K L Velkar Residency,,Khar West,Western Suburbs Prime,19.0687787,72.8261815,400052,,100,75,https://www.propi.in/search/properties,2026-06-26,2026-06-26,Active
2425,9a6b61df5c2502de,K52,,Khar West,Western Suburbs Prime,19.0687787,72.8261815,400052,,100,75,https://www.propi.in/search/properties,2026-06-26,2026-06-26,Active
2426,70a7797aec5341fd,KK Elegance,,Khar West,Western Suburbs Prime,19.0687787,72.8261815,400052,,100,75,https://www.propi.in/search/properties,2026-06-26,2026-06-26,Active
2427,3b366f4212454c32,KK Imperial,,Khar West,Western Suburbs Prime,19.0687787,72.8261815,400052,,100,75,https://www.propi.in/search/properties,2026-06-26,2026-06-26,Active
2428,9b958d89a3254ee1,Kakad Enclave,,Khar West,Western Suburbs Prime,19.0687787,72.8261815,400052,,100,75,https://www.propi.in/search/properties,2026-06-26,2026-06-26,Active
2429,8337cd25411c3a6f,Kalpana,Kalpana,Khar West,Western Suburbs Prime,19.0687787,72.8261815,400052,,100,85,https://www.propi.in/search/properties,2026-06-26,2026-06-26,Active
2430,fb26f37f39149d03,Kanaiya Kutir,,Khar West,Western Suburbs Prime,19.0687787,72.8261815,400052,,100,75,https://www.propi.in/search/properties,2026-06-26,2026-06-26,Active
2431,4ae9f18ec543293e,Kaniya,,Khar West,Western Suburbs Prime,19.0687787,72.8261815,400052,,100,75,https://www.propi.in/search/properties,2026-06-26,2026-06-26,Active
2432,6032c5b7f845c206,Kedarnath,,Khar West,Western Suburbs Prime,19.0687787,72.8261815,400052,,100,75,https://www.propi.in/search/properties,2026-06-26,2026-06-26,Active
2433,cf710665d84abf8e,Kesar Kripa,,Khar West,Western Suburbs Prime,19.0687787,72.8261815,400052,,100,75,https://www.propi.in/search/properties,2026-06-26,2026-06-26,Active
2434,2835df9140d37a2d,Khar Friends,,Khar West,Western Suburbs Prime,19.0687787,72.8261815,400052,,100,75,https://www.propi.in/search/properties,2026-06-26,2026-06-26,Active
2435,4abfb5e975084ae3,Khar Garden,,Khar West,Western Suburbs Prime,19.0687787,72.8261815,400052,,100,75,https://www.propi.in/search/properties,2026-06-26,2026-06-26,Active
2436,48e6cfd8048ab9ca,Kiran,,Khar West,Western Suburbs Prime,19.0687787,72.8261815,400052,,100,75,https://www.propi.in/search/properties,2026-06-26,2026-06-26,Active
2437,766346255a11d2cd,Kirti Kunj,,Khar West,Western Suburbs Prime,19.0687787,72.8261815,400052,,100,75,https://www.propi.in/search/properties,2026-06-26,2026-06-26,Active
2438,580ace0006a6ed5b,Kishni Kunj,,Khar West,Western Suburbs Prime,19.0687787,72.8261815,400052,,100,75,https://www.propi.in/search/properties,2026-06-26,2026-06-26,Active
2439,73a22101ad1ea81b,Kool Breeze,,Khar West,Western Suburbs Prime,19.0687787,72.8261815,400052,,100,75,https://www.propi.in/search/properties,2026-06-26,2026-06-26,Active
2440,d335aecc60c16194,Kripa Fabulous,,Khar West,Western Suburbs Prime,19.0687787,72.8261815,400052,,100,75,https://www.propi.in/search/properties,2026-06-26,2026-06-26,Active
2441,68e264dc6870585e,Krishna Baug,,Khar West,Western Suburbs Prime,19.0687787,72.8261815,400052,,100,75,https://www.propi.in/search/properties,2026-06-26,2026-06-26,Active
2442,486ec0a312a4a19c,Krishna Kunj,,Khar West,Western Suburbs Prime,19.0687787,72.8261815,400052,,100,75,https://www.propi.in/search/properties,2026-06-26,2026-06-26,Active
2443,79a945124f338a01,Krishna Niwas,,Khar West,Western Suburbs Prime,19.0687787,72.8261815,400052,,100,75,https://www.propi.in/search/properties,2026-06-26,2026-06-26,Active
2444,9c80792336a43d36,Kudrat,,Khar West,Western Suburbs Prime,19.0687787,72.8261815,400052,,100,75,https://www.propi.in/search/properties,2026-06-26,2026-06-26,Active
2445,f49df1fcc8fc54cd,Kumud,,Khar West,Western Suburbs Prime,19.0687787,72.8261815,400052,,100,75,https://www.propi.in/search/properties,2026-06-26,2026-06-26,Active
2446,31cc4b785824d28d,Lalani Fairmont,,Khar West,Western Suburbs Prime,19.0687787,72.8261815,400052,,100,75,https://www.propi.in/search/properties,2026-06-26,2026-06-26,Active
2447,3ee887a3cac6dcd1,Laxmi Niwas,,Khar West,Western Suburbs Prime,19.0687787,72.8261815,400052,,100,75,https://www.propi.in/search/properties,2026-06-26,2026-06-26,Active
2448,38d938bcb13ea164,Lilaram Chs,,Khar West,Western Suburbs Prime,19.0687787,72.8261815,400052,,100,75,https://www.propi.in/search/properties,2026-06-26,2026-06-26,Active
2449,414a6ba6ba18bea6,Lilian Heights,,Khar West,Western Suburbs Prime,19.0687787,72.8261815,400052,,100,75,https://www.propi.in/search/properties,2026-06-26,2026-06-26,Active
2450,24632d26fc453478,Link Apartment,,Khar West,Western Suburbs Prime,19.0687787,72.8261815,400052,,100,75,https://www.propi.in/search/properties,2026-06-26,2026-06-26,Active
2451,3334a65d9c57bde3,Linkway,,Khar West,Western Suburbs Prime,19.0687787,72.8261815,400052,,100,75,https://www.propi.in/search/properties,2026-06-26,2026-06-26,Active
2452,295bd717e358a906,Little Gift,,Khar West,Western Suburbs Prime,19.0687787,72.8261815,400052,,100,75,https://www.propi.in/search/properties,2026-06-26,2026-06-26,Active
2453,c12fbd499cfa0cf8,Lok Nirman,,Khar West,Western Suburbs Prime,19.0687787,72.8261815,400052,,100,75,https://www.propi.in/search/properties,2026-06-26,2026-06-26,Active
2454,d09c79ed49dce7ed,Madhu Kunj,,Khar West,Western Suburbs Prime,19.0687787,72.8261815,400052,,100,75,https://www.propi.in/search/properties,2026-06-26,2026-06-26,Active
2455,2d7a35a37e593100,Madhu Park,,Khar West,Western Suburbs Prime,19.0687787,72.8261815,400052,,100,75,https://www.propi.in/search/properties,2026-06-26,2026-06-26,Active
2456,4b7175aae05b4c05,Madhur Milan,,Khar West,Western Suburbs Prime,19.0687787,72.8261815,400052,,100,75,https://www.propi.in/search/properties,2026-06-26,2026-06-26,Active
2457,c0bfb47464673d56,Mahaveer,,Khar West,Western Suburbs Prime,19.0687787,72.8261815,400052,,100,75,https://www.propi.in/search/properties,2026-06-26,2026-06-26,Active
2458,a0c053b3df312d2d,Makhan Dham,,Khar West,Western Suburbs Prime,19.0687787,72.8261815,400052,,100,75,https://www.propi.in/search/properties,2026-06-26,2026-06-26,Active
2459,1652ed054ea40c49,Makhija Arcade,,Khar West,Western Suburbs Prime,19.0687787,72.8261815,400052,,100,75,https://www.propi.in/search/properties,2026-06-26,2026-06-26,Active
2460,f7a6898c7467b1a3,Manchester Heights,,Khar West,Western Suburbs Prime,19.0687787,72.8261815,400052,,100,75,https://www.propi.in/search/properties,2026-06-26,2026-06-26,Active
2461,92ab944094a2c4cc,Mangal Bhandar,,Khar West,Western Suburbs Prime,19.0687787,72.8261815,400052,,100,75,https://www.propi.in/search/properties,2026-06-26,2026-06-26,Active
2462,08c3cf06054edb45,Mangal Bhavna,,Khar West,Western Suburbs Prime,19.0687787,72.8261815,400052,,100,75,https://www.propi.in/search/properties,2026-06-26,2026-06-26,Active
2463,aba5e6ac83fe6e8e,Mangal Mahesh,,Khar West,Western Suburbs Prime,19.0687787,72.8261815,400052,,100,75,https://www.propi.in/search/properties,2026-06-26,2026-06-26,Active
2464,4c6239f4382417a8,Mansha,,Khar West,Western Suburbs Prime,19.0687787,72.8261815,400052,,100,75,https://www.propi.in/search/properties,2026-06-26,2026-06-26,Active
2465,0dea2983695adee6,Maya Mahal,,Khar West,Western Suburbs Prime,19.0687787,72.8261815,400052,,100,75,https://www.propi.in/search/properties,2026-06-26,2026-06-26,Active
2466,2cfba93e8222d022,Mayfair Apartment,,Khar West,Western Suburbs Prime,19.0687787,72.8261815,400052,,100,75,https://www.propi.in/search/properties,2026-06-26,2026-06-26,Active
2467,29d09fbb1f84314a,Mayfair Liv,,Khar West,Western Suburbs Prime,19.0687787,72.8261815,400052,,100,75,https://www.propi.in/search/properties,2026-06-26,2026-06-26,Active
2468,631436101dbd3603,Mayfair Muse,,Khar West,Western Suburbs Prime,19.0687787,72.8261815,400052,,100,75,https://www.propi.in/search/properties,2026-06-26,2026-06-26,Active
2469,0a5ea11f1f1379c7,Mayfair Villa,,Khar West,Western Suburbs Prime,19.0687787,72.8261815,400052,,100,75,https://www.propi.in/search/properties,2026-06-26,2026-06-26,Active
2470,6f4eab35ebe59b6b,Mehul,,Khar West,Western Suburbs Prime,19.0687787,72.8261815,400052,,100,75,https://www.propi.in/search/properties,2026-06-26,2026-06-26,Active
2471,0d21a3c7bc786047,Metropolis - With Balcony,,Khar West,Western Suburbs Prime,19.0687787,72.8261815,400052,,100,75,https://www.propi.in/search/properties,2026-06-26,2026-06-26,Active
2472,3260efbbb09beac4,Mohini Castel,,Khar West,Western Suburbs Prime,19.0687787,72.8261815,400052,,100,75,https://www.propi.in/search/properties,2026-06-26,2026-06-26,Active
2473,cc4ac87a7b3c57ce,Mohini Castle,,Khar West,Western Suburbs Prime,19.0687787,72.8261815,400052,,100,75,https://www.propi.in/search/properties,2026-06-26,2026-06-26,Active
2474,e2b148566a78ea6e,Mohini Heights,,Khar West,Western Suburbs Prime,19.0687787,72.8261815,400052,,100,75,https://www.propi.in/search/properties,2026-06-26,2026-06-26,Active
2475,aaa1226c2e6a5c4d,Mohini Tower,,Khar West,Western Suburbs Prime,19.0687787,72.8261815,400052,,100,75,https://www.propi.in/search/properties,2026-06-26,2026-06-26,Active
2476,5baed23a79128b0f,Mukta,,Khar West,Western Suburbs Prime,19.0687787,72.8261815,400052,,100,75,https://www.propi.in/search/properties,2026-06-26,2026-06-26,Active
2477,6f146628f0d3fc78,Murli Govind,,Khar West,Western Suburbs Prime,19.0687787,72.8261815,400052,,100,75,https://www.propi.in/search/properties,2026-06-26,2026-06-26,Active
2478,e0faaee1d0d6fa1f,Nair House,,Khar West,Western Suburbs Prime,19.0687787,72.8261815,400052,,100,75,https://www.propi.in/search/properties,2026-06-26,2026-06-26,Active
2479,933fb8d56739d6a7,Narang Mansion,,Khar West,Western Suburbs Prime,19.0687787,72.8261815,400052,,100,75,https://www.propi.in/search/properties,2026-06-26,2026-06-26,Active
2480,3ab0c9af05913a4b,Navkiran,,Khar West,Western Suburbs Prime,19.0687787,72.8261815,400052,,100,75,https://www.propi.in/search/properties,2026-06-26,2026-06-26,Active
2481,8f7b3f76c22b6e9e,Nebula Apartment,,Khar West,Western Suburbs Prime,19.0687787,72.8261815,400052,,100,75,https://www.propi.in/search/properties,2026-06-26,2026-06-26,Active
2482,08b300c4ec108d79,Neela Akash,,Khar West,Western Suburbs Prime,19.0687787,72.8261815,400052,,100,75,https://www.propi.in/search/properties,2026-06-26,2026-06-26,Active
2483,888b819864e7e907,Neera,,Khar West,Western Suburbs Prime,19.0687787,72.8261815,400052,,100,75,https://www.propi.in/search/properties,2026-06-26,2026-06-26,Active
2484,8b860360f9c3ecfd,New Light Apartments,,Khar West,Western Suburbs Prime,19.0687787,72.8261815,400052,,100,75,https://www.propi.in/search/properties,2026-06-26,2026-06-26,Active
2485,ca9fdca777f39f17,New Poonam,,Khar West,Western Suburbs Prime,19.0687787,72.8261815,400052,,100,75,https://www.propi.in/search/properties,2026-06-26,2026-06-26,Active
2486,8a0f66ff2fc66d07,Nine Aces,,Khar West,Western Suburbs Prime,19.0687787,72.8261815,400052,,100,75,https://www.propi.in/search/properties,2026-06-26,2026-06-26,Active
2487,a4a237f6d5ded3c0,Nivan,,Khar West,Western Suburbs Prime,19.0687787,72.8261815,400052,,100,75,https://www.propi.in/search/properties,2026-06-26,2026-06-26,Active
2488,a17022757c223d8e,Nivan Residency,,Khar West,Western Suburbs Prime,19.0687787,72.8261815,400052,,100,75,https://www.propi.in/search/properties,2026-06-26,2026-06-26,Active
2489,ca14fc642d253ace,Nugget,,Khar West,Western Suburbs Prime,19.0687787,72.8261815,400052,,100,75,https://www.propi.in/search/properties,2026-06-26,2026-06-26,Active
2490,4be3e6cb8402bf08,Nutan Yojana,,Khar West,Western Suburbs Prime,19.0687787,72.8261815,400052,,100,75,https://www.propi.in/search/properties,2026-06-26,2026-06-26,Active
2491,881edb15a2705df6,Oberoi Crest,,Khar West,Western Suburbs Prime,19.0687787,72.8261815,400052,Oberoi Realty,100,90,https://www.propi.in/search/properties,2026-06-26,2026-06-26,Active
2492,657be1ebb6900631,Om Shri Gurudev,,Khar West,Western Suburbs Prime,19.0687787,72.8261815,400052,,100,75,https://www.propi.in/search/properties,2026-06-26,2026-06-26,Active
2493,b36ded630d1fc887,Orion,,Khar West,Western Suburbs Prime,19.0687787,72.8261815,400052,,100,75,https://www.propi.in/search/properties,2026-06-26,2026-06-26,Active
2494,5b74e72f628f5f33,Palazzo,,Khar West,Western Suburbs Prime,19.0687787,72.8261815,400052,,100,75,https://www.propi.in/search/properties,2026-06-26,2026-06-26,Active
2495,42d359eb041110e7,Pali Vintage,,Khar West,Western Suburbs Prime,19.0687787,72.8261815,400052,,100,75,https://www.propi.in/search/properties,2026-06-26,2026-06-26,Active
2496,78279b8fbbd7bdaa,Panoramic View,,Khar West,Western Suburbs Prime,19.0687787,72.8261815,400052,,100,75,https://www.propi.in/search/properties,2026-06-26,2026-06-26,Active
2497,9b605a5c9d7b02c7,Paramount,,Khar West,Western Suburbs Prime,19.0687787,72.8261815,400052,,100,75,https://www.propi.in/search/properties,2026-06-26,2026-06-26,Active
2498,cca42162c692f3ae,Park Avenue,,Khar West,Western Suburbs Prime,19.0687787,72.8261815,400052,,100,75,https://www.propi.in/search/properties,2026-06-26,2026-06-26,Active
2499,d97d06e6a8851d70,Park Crest,,Khar West,Western Suburbs Prime,19.0687787,72.8261815,400052,,100,75,https://www.propi.in/search/properties,2026-06-26,2026-06-26,Active
2500,e43cb616cc2d42a0,Park Heights,,Khar West,Western Suburbs Prime,19.0687787,72.8261815,400052,,100,75,https://www.propi.in/search/properties,2026-06-26,2026-06-26,Active
2501,b686e4243a00e236,Park Vista,,Khar West,Western Suburbs Prime,19.0687787,72.8261815,400052,,100,75,https://www.propi.in/search/properties,2026-06-26,2026-06-26,Active
2502,387233e8e2e0d258,Pinky Paradise,,Khar West,Western Suburbs Prime,19.0687787,72.8261815,400052,,100,75,https://www.propi.in/search/properties,2026-06-26,2026-06-26,Active
2503,13fd547798470011,Pioneer Heights,,Khar West,Western Suburbs Prime,19.0687787,72.8261815,400052,,100,75,https://www.propi.in/search/properties,2026-06-26,2026-06-26,Active
2504,da11ae2356de4cdd,Prabhat Chamber,,Khar West,Western Suburbs Prime,19.0687787,72.8261815,400052,,100,75,https://www.propi.in/search/properties,2026-06-26,2026-06-26,Active
2505,68963d0ac982b147,Prasad Prakalp,,Khar West,Western Suburbs Prime,19.0687787,72.8261815,400052,,100,75,https://www.propi.in/search/properties,2026-06-26,2026-06-26,Active
2506,8fe3859223dfb8c8,Prestige Court,,Khar West,Western Suburbs Prime,19.0687787,72.8261815,400052,Prestige Group,100,90,https://www.propi.in/search/properties,2026-06-26,2026-06-26,Active
2507,276da4a9b93c8b3e,Prime Rose,,Khar West,Western Suburbs Prime,19.0687787,72.8261815,400052,,100,75,https://www.propi.in/search/properties,2026-06-26,2026-06-26,Active
2508,f71608b38edd06b6,Pushp Vatika,,Khar West,Western Suburbs Prime,19.0687787,72.8261815,400052,,100,75,https://www.propi.in/search/properties,2026-06-26,2026-06-26,Active
2509,762af557a9300107,Quantum Park,,Khar West,Western Suburbs Prime,19.0687787,72.8261815,400052,,100,75,https://www.propi.in/search/properties,2026-06-26,2026-06-26,Active
2510,cb9a7d5cc0274003,RK Apartment,,Khar West,Western Suburbs Prime,19.0687787,72.8261815,400052,,100,75,https://www.propi.in/search/properties,2026-06-26,2026-06-26,Active
2511,db053bc8b06a0b44,Radha Niwas,,Khar West,Western Suburbs Prime,19.0687787,72.8261815,400052,,100,75,https://www.propi.in/search/properties,2026-06-26,2026-06-26,Active
2512,d7654fefa4820ef0,Radhya,,Khar West,Western Suburbs Prime,19.0687787,72.8261815,400052,,100,75,https://www.propi.in/search/properties,2026-06-26,2026-06-26,Active
2513,f3bdc6041eb11af9,Rajdoot,,Khar West,Western Suburbs Prime,19.0687787,72.8261815,400052,,100,75,https://www.propi.in/search/properties,2026-06-26,2026-06-26,Active
2514,9d4a002f82ae87d1,Rajhans,,Khar West,Western Suburbs Prime,19.0687787,72.8261815,400052,,100,75,https://www.propi.in/search/properties,2026-06-26,2026-06-26,Active
2515,82f18d818d49145a,Ram Bhavan,,Khar West,Western Suburbs Prime,19.0687787,72.8261815,400052,,100,75,https://www.propi.in/search/properties,2026-06-26,2026-06-26,Active
2516,456918e128fb77a2,Ram Bhuvan,,Khar West,Western Suburbs Prime,19.0687787,72.8261815,400052,,100,75,https://www.propi.in/search/properties,2026-06-26,2026-06-26,Active
2517,dd3e8a966c00050a,Rama Krishna,,Khar West,Western Suburbs Prime,19.0687787,72.8261815,400052,,100,75,https://www.propi.in/search/properties,2026-06-26,2026-06-26,Active
2518,b4898bfdc24a3756,Red Rose Apartment,,Khar West,Western Suburbs Prime,19.0687787,72.8261815,400052,,100,75,https://www.propi.in/search/properties,2026-06-26,2026-06-26,Active
2519,76ea807e192f410d,Regency Terraces,,Khar West,Western Suburbs Prime,19.0687787,72.8261815,400052,,100,75,https://www.propi.in/search/properties,2026-06-26,2026-06-26,Active
2520,d5ea9b9ebc49753d,Rijuvalika,,Khar West,Western Suburbs Prime,19.0687787,72.8261815,400052,,100,75,https://www.propi.in/search/properties,2026-06-26,2026-06-26,Active
2521,e129f06ac1a517cf,Rishikesh,,Khar West,Western Suburbs Prime,19.0687787,72.8261815,400052,,100,75,https://www.propi.in/search/properties,2026-06-26,2026-06-26,Active
2522,70e914f3c6c13317,Rose Queen,,Khar West,Western Suburbs Prime,19.0687787,72.8261815,400052,,100,75,https://www.propi.in/search/properties,2026-06-26,2026-06-26,Active
2523,1493a5142463020d,Russel House,,Khar West,Western Suburbs Prime,19.0687787,72.8261815,400052,,100,75,https://www.propi.in/search/properties,2026-06-26,2026-06-26,Active
2524,b5eedc8ca6b0e4b0,Sadanand Classic,,Khar West,Western Suburbs Prime,19.0687787,72.8261815,400052,,100,75,https://www.propi.in/search/properties,2026-06-26,2026-06-26,Active
2525,f914144774868ba1,Sadguru Drishti,,Khar West,Western Suburbs Prime,19.0687787,72.8261815,400052,,100,75,https://www.propi.in/search/properties,2026-06-26,2026-06-26,Active
2526,32c88adc7747d74b,Sadhana Apartment,Sadhana Apt,Khar West,Western Suburbs Prime,19.0687787,72.8261815,400052,,100,85,https://www.propi.in/search/properties,2026-06-26,2026-06-26,Active
2527,712b5becfdceb771,Sagar Apartment,Sagar Apartment,Khar West,Western Suburbs Prime,19.0687787,72.8261815,400052,,100,85,https://www.propi.in/search/properties,2026-06-26,2026-06-26,Active
2528,088a6e847d675906,Sagar Darshan,,Khar West,Western Suburbs Prime,19.0687787,72.8261815,400052,,100,75,https://www.propi.in/search/properties,2026-06-26,2026-06-26,Active
2529,15e4fb0449b55f01,Sai Dham,,Khar West,Western Suburbs Prime,19.0687787,72.8261815,400052,,100,75,https://www.propi.in/search/properties,2026-06-26,2026-06-26,Active
2530,f5597db9c4a676bd,Sai Drishti,,Khar West,Western Suburbs Prime,19.0687787,72.8261815,400052,,100,75,https://www.propi.in/search/properties,2026-06-26,2026-06-26,Active
2531,fcbdcdfb671c4d83,Sai Jyoti,,Khar West,Western Suburbs Prime,19.0687787,72.8261815,400052,,100,75,https://www.propi.in/search/properties,2026-06-26,2026-06-26,Active
2532,79edfca3ce630e80,Sai Samarth,,Khar West,Western Suburbs Prime,19.0687787,72.8261815,400052,,100,75,https://www.propi.in/search/properties,2026-06-26,2026-06-26,Active
2533,c9aa657f17883c7c,Saidhan Infinity,,Khar West,Western Suburbs Prime,19.0687787,72.8261815,400052,,100,75,https://www.propi.in/search/properties,2026-06-26,2026-06-26,Active
2534,57940a07e6b0a1ba,Sailesh Apartment,,Khar West,Western Suburbs Prime,19.0687787,72.8261815,400052,,100,75,https://www.propi.in/search/properties,2026-06-26,2026-06-26,Active
2535,da78005d6aa19297,Samyakth Bliss,,Khar West,Western Suburbs Prime,19.0687787,72.8261815,400052,,100,75,https://www.propi.in/search/properties,2026-06-26,2026-06-26,Active
2536,fbcbab7efaef3ca5,Sankalpita,,Khar West,Western Suburbs Prime,19.0687787,72.8261815,400052,,100,75,https://www.propi.in/search/properties,2026-06-26,2026-06-26,Active
2537,f59878d40768e40a,Sapphire,,Khar West,Western Suburbs Prime,19.0687787,72.8261815,400052,,100,75,https://www.propi.in/search/properties,2026-06-26,2026-06-26,Active
2538,56ac090eccbcfb82,Saraswati,,Khar West,Western Suburbs Prime,19.0687787,72.8261815,400052,,100,75,https://www.propi.in/search/properties,2026-06-26,2026-06-26,Active
2539,64373c6c3888bd3d,Sarvottam,,Khar West,Western Suburbs Prime,19.0687787,72.8261815,400052,,100,75,https://www.propi.in/search/properties,2026-06-26,2026-06-26,Active
2540,b18b1885b3e63eb0,Satnam Sagar,,Khar West,Western Suburbs Prime,19.0687787,72.8261815,400052,,100,75,https://www.propi.in/search/properties,2026-06-26,2026-06-26,Active
2541,097cdb7eaf00bdff,Satra Residency,,Khar West,Western Suburbs Prime,19.0687787,72.8261815,400052,,100,75,https://www.propi.in/search/properties,2026-06-26,2026-06-26,Active
2542,c3acf2815230436c,Shailesh Apartment,,Khar West,Western Suburbs Prime,19.0687787,72.8261815,400052,,100,75,https://www.propi.in/search/properties,2026-06-26,2026-06-26,Active
2543,2eac23211f164d70,Shanti Sagar,,Khar West,Western Suburbs Prime,19.0687787,72.8261815,400052,,100,75,https://www.propi.in/search/properties,2026-06-26,2026-06-26,Active
2544,6749790350be0a3e,Sheetal Hariniketan,,Khar West,Western Suburbs Prime,19.0687787,72.8261815,400052,,100,75,https://www.propi.in/search/properties,2026-06-26,2026-06-26,Active
2545,cdc9dea370f156f5,Sheetal Vaibhav,,Khar West,Western Suburbs Prime,19.0687787,72.8261815,400052,,100,75,https://www.propi.in/search/properties,2026-06-26,2026-06-26,Active
2546,8aceccafc7dd3c7f,Shewa,,Khar West,Western Suburbs Prime,19.0687787,72.8261815,400052,,100,75,https://www.propi.in/search/properties,2026-06-26,2026-06-26,Active
2547,4aebc9e39e60dbfa,Shiv Heights,,Khar West,Western Suburbs Prime,19.0687787,72.8261815,400052,,100,75,https://www.propi.in/search/properties,2026-06-26,2026-06-26,Active
2548,071930a65a2ac983,Shiv Om,,Khar West,Western Suburbs Prime,19.0687787,72.8261815,400052,,100,75,https://www.propi.in/search/properties,2026-06-26,2026-06-26,Active
2549,14ec91f21b69487a,Shiv Omm,,Khar West,Western Suburbs Prime,19.0687787,72.8261815,400052,,100,75,https://www.propi.in/search/properties,2026-06-26,2026-06-26,Active
2550,479c58234aef3e37,Shiv Smruti,,Khar West,Western Suburbs Prime,19.0687787,72.8261815,400052,,100,75,https://www.propi.in/search/properties,2026-06-26,2026-06-26,Active
2551,7a008dcb6eb7e25a,Shiv-Dham,,Khar West,Western Suburbs Prime,19.0687787,72.8261815,400052,,100,75,https://www.propi.in/search/properties,2026-06-26,2026-06-26,Active
2552,9e0fa7e85d7125e3,Shivraj Classic,,Khar West,Western Suburbs Prime,19.0687787,72.8261815,400052,,100,75,https://www.propi.in/search/properties,2026-06-26,2026-06-26,Active
2553,adc4617ca6491f3c,Shivraj Classique Loc 12,,Khar West,Western Suburbs Prime,19.0687787,72.8261815,400052,,100,75,https://www.propi.in/search/properties,2026-06-26,2026-06-26,Active
2554,7e2c0369a97787b0,Shreenathji,,Khar West,Western Suburbs Prime,19.0687787,72.8261815,400052,,100,75,https://www.propi.in/search/properties,2026-06-26,2026-06-26,Active
2555,124683382a333454,Shreyas,,Khar West,Western Suburbs Prime,19.0687787,72.8261815,400052,,100,75,https://www.propi.in/search/properties,2026-06-26,2026-06-26,Active
2556,135bb5d20b26ac5c,Shreyas bldg,,Khar West,Western Suburbs Prime,19.0687787,72.8261815,400052,,100,75,https://www.propi.in/search/properties,2026-06-26,2026-06-26,Active
2557,dc20e53aafcb119a,Shyam Kunj,,Khar West,Western Suburbs Prime,19.0687787,72.8261815,400052,,100,75,https://www.propi.in/search/properties,2026-06-26,2026-06-26,Active
2558,bb481f3bb2c40378,Siddhi Apartment,,Khar West,Western Suburbs Prime,19.0687787,72.8261815,400052,,100,75,https://www.propi.in/search/properties,2026-06-26,2026-06-26,Active
2559,37ccc404c1209fe2,Sigma Pearl,,Khar West,Western Suburbs Prime,19.0687787,72.8261815,400052,,100,75,https://www.propi.in/search/properties,2026-06-26,2026-06-26,Active
2560,6e01a491f54dd6f9,Simran Plaza,,Khar West,Western Suburbs Prime,19.0687787,72.8261815,400052,,100,75,https://www.propi.in/search/properties,2026-06-26,2026-06-26,Active
2561,319ba62b8f7ea13f,Sita Bhavan,,Khar West,Western Suburbs Prime,19.0687787,72.8261815,400052,,100,75,https://www.propi.in/search/properties,2026-06-26,2026-06-26,Active
2562,efa4fd3e27ca4f5f,Sosar Solaris,,Khar West,Western Suburbs Prime,19.0687787,72.8261815,400052,,100,75,https://www.propi.in/search/properties,2026-06-26,2026-06-26,Active
2563,47a4b4beadd3c270,Sosar Solitaire,Sosar Solitare,Khar West,Western Suburbs Prime,19.0687787,72.8261815,400052,,100,85,https://www.propi.in/search/properties,2026-06-26,2026-06-26,Active
2564,ef8af83e8ebcba25,Sudhama Niwas,,Khar West,Western Suburbs Prime,19.0687787,72.8261815,400052,,100,75,https://www.propi.in/search/properties,2026-06-26,2026-06-26,Active
2565,62e9cbed3c25c232,Supreme Alora,,Khar West,Western Suburbs Prime,19.0687787,72.8261815,400052,,100,75,https://www.propi.in/search/properties,2026-06-26,2026-06-26,Active
2566,3bcaf16a2251d2a6,Supreme Badrinath,,Khar West,Western Suburbs Prime,19.0687787,72.8261815,400052,,100,75,https://www.propi.in/search/properties,2026-06-26,2026-06-26,Active
2567,24be14ed5b773553,Supreme Pearl,,Khar West,Western Suburbs Prime,19.0687787,72.8261815,400052,,100,75,https://www.propi.in/search/properties,2026-06-26,2026-06-26,Active
2568,414a19e927b6f808,Supreme Signet,,Khar West,Western Suburbs Prime,19.0687787,72.8261815,400052,,100,75,https://www.propi.in/search/properties,2026-06-26,2026-06-26,Active
2569,e5286e0725e395b9,Suraj Ashiana,Suraj Ashiyana Apartment,Khar West,Western Suburbs Prime,19.0687787,72.8261815,400052,Ashiana Group,100,100,https://www.propi.in/search/properties,2026-06-26,2026-06-26,Active
2570,03c7f3fd7475c2d2,Sushant,,Khar West,Western Suburbs Prime,19.0687787,72.8261815,400052,,100,75,https://www.propi.in/search/properties,2026-06-26,2026-06-26,Active
2571,4332d7401a8ae20d,Swarna Rekha,,Khar West,Western Suburbs Prime,19.0687787,72.8261815,400052,,100,75,https://www.propi.in/search/properties,2026-06-26,2026-06-26,Active
2572,e3921ff414e111f2,Symphony,,Khar West,Western Suburbs Prime,19.0687787,72.8261815,400052,,100,75,https://www.propi.in/search/properties,2026-06-26,2026-06-26,Active
2573,1e21019eb3eac6ec,Tanish,,Khar West,Western Suburbs Prime,19.0687787,72.8261815,400052,,100,75,https://www.propi.in/search/properties,2026-06-26,2026-06-26,Active
2574,6dcafc9c45678c6d,Tara Mahal,,Khar West,Western Suburbs Prime,19.0687787,72.8261815,400052,,100,75,https://www.propi.in/search/properties,2026-06-26,2026-06-26,Active
2575,7cc167b5ca36c02c,50 Seven,The 50 Seven,Khar West,Western Suburbs Prime,19.0687787,72.8261815,400052,,100,85,https://www.propi.in/search/properties,2026-06-26,2026-06-26,Active
2576,cf06f650a78df534,Designate,The Designate,Khar West,Western Suburbs Prime,19.0687787,72.8261815,400052,,100,85,https://www.propi.in/search/properties,2026-06-26,2026-06-26,Active
2577,286d56c780073493,Solaris,The Solaris,Khar West,Western Suburbs Prime,19.0687787,72.8261815,400052,,100,85,https://www.propi.in/search/properties,2026-06-26,2026-06-26,Active
2578,3dd83e193868691b,Trailokya,,Khar West,Western Suburbs Prime,19.0687787,72.8261815,400052,,100,75,https://www.propi.in/search/properties,2026-06-26,2026-06-26,Active
2579,75aa74a95fd76310,Tuscany,,Khar West,Western Suburbs Prime,19.0687787,72.8261815,400052,,100,75,https://www.propi.in/search/properties,2026-06-26,2026-06-26,Active
2580,2e0c463f720d7b54,Tushar,,Khar West,Western Suburbs Prime,19.0687787,72.8261815,400052,,100,75,https://www.propi.in/search/properties,2026-06-26,2026-06-26,Active
2581,ae19faf0aee60578,Upasana,,Khar West,Western Suburbs Prime,19.0687787,72.8261815,400052,,100,75,https://www.propi.in/search/properties,2026-06-26,2026-06-26,Active
2582,bc1651bd5152759e,Uphar,,Khar West,Western Suburbs Prime,19.0687787,72.8261815,400052,,100,75,https://www.propi.in/search/properties,2026-06-26,2026-06-26,Active
2583,bed3907f25f5fae7,Urmi,,Khar West,Western Suburbs Prime,19.0687787,72.8261815,400052,,100,75,https://www.propi.in/search/properties,2026-06-26,2026-06-26,Active
2584,c0b94751226a0d45,Urvashi,,Khar West,Western Suburbs Prime,19.0687787,72.8261815,400052,,100,75,https://www.propi.in/search/properties,2026-06-26,2026-06-26,Active
2585,e82833c6675881c7,Usha Kiran,,Khar West,Western Suburbs Prime,19.0687787,72.8261815,400052,,100,75,https://www.propi.in/search/properties,2026-06-26,2026-06-26,Active
2586,ae6dd657d2d8f432,Vaibhav,,Khar West,Western Suburbs Prime,19.0687787,72.8261815,400052,,100,75,https://www.propi.in/search/properties,2026-06-26,2026-06-26,Active
2587,bff4c81630f9652b,Valentine,,Khar West,Western Suburbs Prime,19.0687787,72.8261815,400052,,100,75,https://www.propi.in/search/properties,2026-06-26,2026-06-26,Active
2588,5d84f2da8c73face,Vasant Vihar,,Khar West,Western Suburbs Prime,19.0687787,72.8261815,400052,,100,75,https://www.propi.in/search/properties,2026-06-26,2026-06-26,Active
2589,6545a211cf821aaf,Vayuputra Trident,,Khar West,Western Suburbs Prime,19.0687787,72.8261815,400052,,100,75,https://www.propi.in/search/properties,2026-06-26,2026-06-26,Active
2590,b2319a932c5321e1,Venue 52,,Khar West,Western Suburbs Prime,19.0687787,72.8261815,400052,,100,75,https://www.propi.in/search/properties,2026-06-26,2026-06-26,Active
2591,5e890b722b86506d,Videocon Icon Apartment,Videocon Icon Apt,Khar West,Western Suburbs Prime,19.0687787,72.8261815,400052,,100,85,https://www.propi.in/search/properties,2026-06-26,2026-06-26,Active
2592,2d06ec16fc53896a,Vidhata,,Khar West,Western Suburbs Prime,19.0687787,72.8261815,400052,,100,75,https://www.propi.in/search/properties,2026-06-26,2026-06-26,Active
2593,06c565246695c1d1,Vienna,,Khar West,Western Suburbs Prime,19.0687787,72.8261815,400052,,100,75,https://www.propi.in/search/properties,2026-06-26,2026-06-26,Active
2594,a9deb2d197b917c6,Vijaydeep CHS,,Khar West,Western Suburbs Prime,19.0687787,72.8261815,400052,,100,75,https://www.propi.in/search/properties,2026-06-26,2026-06-26,Active
2595,7f25558ad51d2fe5,Vinayak Chambers,,Khar West,Western Suburbs Prime,19.0687787,72.8261815,400052,,100,75,https://www.propi.in/search/properties,2026-06-26,2026-06-26,Active
2596,362e1a953b7ed93e,Viraj Bliss,Viraj-Bliss,Khar West,Western Suburbs Prime,19.0687787,72.8261815,400052,,100,85,https://www.propi.in/search/properties,2026-06-26,2026-06-26,Active
2597,3972e0c04d67d7fe,Virgo Heights,,Khar West,Western Suburbs Prime,19.0687787,72.8261815,400052,,100,75,https://www.propi.in/search/properties,2026-06-26,2026-06-26,Active
2598,24f9366092fd6278,Vishambar Niwas,,Khar West,Western Suburbs Prime,19.0687787,72.8261815,400052,,100,75,https://www.propi.in/search/properties,2026-06-26,2026-06-26,Active
2599,8c82cb58aed3fe5b,Vishamber Niwas,,Khar West,Western Suburbs Prime,19.0687787,72.8261815,400052,,100,75,https://www.propi.in/search/properties,2026-06-26,2026-06-26,Active
2600,c6b0cba93bcc2aab,Vista,,Khar West,Western Suburbs Prime,19.0687787,72.8261815,400052,,100,75,https://www.propi.in/search/properties,2026-06-26,2026-06-26,Active
2601,52ddb8d8493ae967,Whitefield,,Khar West,Western Suburbs Prime,19.0687787,72.8261815,400052,,100,75,https://www.propi.in/search/properties,2026-06-26,2026-06-26,Active
2602,af981fc0aeda8702,Wild Teasel,,Khar West,Western Suburbs Prime,19.0687787,72.8261815,400052,,100,75,https://www.propi.in/search/properties,2026-06-26,2026-06-26,Active
2603,051bc96fc5c009f6,Wishram,,Khar West,Western Suburbs Prime,19.0687787,72.8261815,400052,,100,75,https://www.propi.in/search/properties,2026-06-26,2026-06-26,Active
2604,20dd48a880b0f15b,Woodstock,,Khar West,Western Suburbs Prime,19.0687787,72.8261815,400052,,100,75,https://www.propi.in/search/properties,2026-06-26,2026-06-26,Active
2605,62e030140a5b0f72,Woodstock Apartments,,Khar West,Western Suburbs Prime,19.0687787,72.8261815,400052,,100,75,https://www.propi.in/search/properties,2026-06-26,2026-06-26,Active
2606,bb4eea90710948d6,XVI Avenue,,Khar West,Western Suburbs Prime,19.0687787,72.8261815,400052,,100,75,https://www.propi.in/search/properties,2026-06-26,2026-06-26,Active
2607,0b3106bfa9ebdcbb,Yogi Sea,,Khar West,Western Suburbs Prime,19.0687787,72.8261815,400052,,100,75,https://www.propi.in/search/properties,2026-06-26,2026-06-26,Active
2608,99e3754968d9a303,Zindagi,Zindagi CHS,Khar West,Western Suburbs Prime,19.0687787,72.8261815,400052,,100,85,https://www.propi.in/search/properties,2026-06-26,2026-06-26,Active
2609,0b8900773ec1ce4a,Akashdeep CHS,,Kharghar,Navi Mumbai,19.025773,73.0591845,410210,,100,75,https://www.propi.in/search/properties,2026-06-26,2026-06-26,Active
2610,98f88597ee9addca,Asian Galaxy,,Kharghar,Navi Mumbai,19.025773,73.0591845,410210,,100,75,https://www.propi.in/search/properties,2026-06-26,2026-06-26,Active
2611,3953ac4a8022b54e,Galaxy Nebula,,Kharghar,Navi Mumbai,19.025773,73.0591845,410210,,100,75,https://www.propi.in/search/properties,2026-06-26,2026-06-26,Active
2612,e7b3ecbb2014f7bb,Hyde Park,,Kharghar,Navi Mumbai,19.025773,73.0591845,410210,,100,75,https://www.propi.in/search/properties,2026-06-26,2026-06-26,Active
2613,bb7e54205ce05494,Kasturi,,Kharghar,Navi Mumbai,19.025773,73.0591845,410210,,100,75,https://www.propi.in/search/properties,2026-06-26,2026-06-26,Active
2614,155b81b4b0821688,Land Breeze,,Kharghar,Navi Mumbai,19.025773,73.0591845,410210,,100,75,https://www.propi.in/search/properties,2026-06-26,2026-06-26,Active
2615,5ebabd33389e4102,Monarch Ambience,,Kharghar,Navi Mumbai,19.025773,73.0591845,410210,,100,75,https://www.propi.in/search/properties,2026-06-26,2026-06-26,Active
2616,42778e23f5c23415,Om Apartment,,Kharghar,Navi Mumbai,19.025773,73.0591845,410210,,100,75,https://www.propi.in/search/properties,2026-06-26,2026-06-26,Active
2617,f0e3e22cf7f83183,Payal Riddhi,,Kharghar,Navi Mumbai,19.025773,73.0591845,410210,,100,75,https://www.propi.in/search/properties,2026-06-26,2026-06-26,Active
2618,cd672b6fb61ac43d,R S Residency,,Kharghar,Navi Mumbai,19.025773,73.0591845,410210,,100,75,https://www.propi.in/search/properties,2026-06-26,2026-06-26,Active
2619,f28d80d46de9d7f7,Residency Park,,Kharghar,Navi Mumbai,19.025773,73.0591845,410210,,100,75,https://www.propi.in/search/properties,2026-06-26,2026-06-26,Active
2620,2bd7e0d7ce6e5053,Riddhi Siddhi,Riddhi Siddhi Apartment,Kharghar,Navi Mumbai,19.025773,73.0591845,410210,,100,85,https://www.propi.in/search/properties,2026-06-26,2026-06-26,Active
2621,77f14e7cec6614bf,Royal Residency,,Kharghar,Navi Mumbai,19.025773,73.0591845,410210,,100,75,https://www.propi.in/search/properties,2026-06-26,2026-06-26,Active
2622,8a70b0501f687e90,SM Residency,,Kharghar,Navi Mumbai,19.025773,73.0591845,410210,,100,75,https://www.propi.in/search/properties,2026-06-26,2026-06-26,Active
2623,fffd9088d5f82a96,Sai Symphony,,Kharghar,Navi Mumbai,19.025773,73.0591845,410210,,100,75,https://www.propi.in/search/properties,2026-06-26,2026-06-26,Active
2624,c3f0fbba2f82eeb7,Sai World Empire,,Kharghar,Navi Mumbai,19.025773,73.0591845,410210,,100,75,https://www.propi.in/search/properties,2026-06-26,2026-06-26,Active
2625,e97a6c4da9e8ff37,Shah Corner,,Kharghar,Navi Mumbai,19.025773,73.0591845,410210,,100,75,https://www.propi.in/search/properties,2026-06-26,2026-06-26,Active
2626,01f2218761245b26,Shree Sai,,Kharghar,Navi Mumbai,19.025773,73.0591845,410210,,100,75,https://www.propi.in/search/properties,2026-06-26,2026-06-26,Active
2627,6b205d8f63c6b9e1,Shubharambh,,Kharghar,Navi Mumbai,19.025773,73.0591845,410210,,100,75,https://www.propi.in/search/properties,2026-06-26,2026-06-26,Active
2628,b2af3f25c2771c84,Tiara,,Kharghar,Navi Mumbai,19.025773,73.0591845,410210,,100,75,https://www.propi.in/search/properties,2026-06-26,2026-06-26,Active
2629,24d1a0bd81db5544,Progressive Crown,,Koparkhairne,,19.1033183,73.0112881,400709,,100,60,https://www.propi.in/search/properties,2026-06-26,2026-06-26,Active
2630,50793673941df1f5,Rupa Solitaire Millennium Business Park,,Koparkhairne,,19.1033183,73.0112881,400709,,100,60,https://www.propi.in/search/properties,2026-06-26,2026-06-26,Active
2631,09b9451af2db634d,Sai Bhakti,,Koparkhairne,,19.1033183,73.0112881,400709,,100,60,https://www.propi.in/search/properties,2026-06-26,2026-06-26,Active
2632,87872103bd15243e,Sai Veera,,Koparkhairne,,19.1033183,73.0112881,400709,,100,60,https://www.propi.in/search/properties,2026-06-26,2026-06-26,Active
2633,36e4c6eea5abfe45,Shikha,,Koparkhairne,,19.1033183,73.0112881,400709,,100,60,https://www.propi.in/search/properties,2026-06-26,2026-06-26,Active
2634,d2cfe8eabe34f81c,Suyash Tower,,Koparkhairne,,19.1033183,73.0112881,400709,,100,60,https://www.propi.in/search/properties,2026-06-26,2026-06-26,Active
2635,86e429cceaecb5ae,Art Guild House,,Kurla,Eastern Suburbs,19.0652797,72.8793805,400024,,100,75,https://www.propi.in/search/properties,2026-06-26,2026-06-26,Active
2636,01904a34839f972f,Kanakia Zillion,,Kurla,Eastern Suburbs,19.0652797,72.8793805,400024,Kanakia Group,100,90,https://www.propi.in/search/properties,2026-06-26,2026-06-26,Active
2637,61506fed5073cfcf,Kohinoor City,,Kurla,Eastern Suburbs,19.0652797,72.8793805,400024,Kohinoor Group,100,90,https://www.propi.in/search/properties,2026-06-26,2026-06-26,Active
2638,1e1c62e959bec16f,Omkar Meridia,,Kurla,Eastern Suburbs,19.0652797,72.8793805,400024,Omkar Realtors,100,90,https://www.propi.in/search/properties,2026-06-26,2026-06-26,Active
2639,fceb54352691bfba,Omkar Vive,,Kurla,Eastern Suburbs,19.0652797,72.8793805,400024,Omkar Realtors,100,90,https://www.propi.in/search/properties,2026-06-26,2026-06-26,Active
2640,e042dc5398daae81,Phoenix Marketcity,,Kurla,Eastern Suburbs,19.0652797,72.8793805,400024,,100,75,https://www.propi.in/search/properties,2026-06-26,2026-06-26,Active
2641,c6f3d5b760c17cc1,Premier Residences,,Kurla,Eastern Suburbs,19.0652797,72.8793805,400024,,100,75,https://www.propi.in/search/properties,2026-06-26,2026-06-26,Active
2642,272ef1ff69d15c7f,SKG Eastern Winds,,Kurla,Eastern Suburbs,19.0652797,72.8793805,400024,,100,75,https://www.propi.in/search/properties,2026-06-26,2026-06-26,Active
2643,26a547559284ea11,Ivy Homes,,Kurla West,,19.0686026,72.876583,400024,,100,60,https://www.propi.in/search/properties,2026-06-26,2026-06-26,Active
2644,ab6accfcc525c420,Kanakia Zillion,,LBS Marg,Eastern Suburbs,19.084469,72.8846352,400070,Kanakia Group,100,90,https://www.propi.in/search/properties,2026-06-26,2026-06-26,Active
2645,8c4790a44aff762f,Lake Florence,Lake Florence,Powai,Eastern Suburbs,19.1165361,72.8965357,,,100,80,https://www.propi.in/search/properties,2026-06-26,2026-06-26,Active
2646,6e38efaf14d14043,Royal Residency,,Lalbaug,South Mumbai Central,18.9914237,72.8364587,400011,,100,75,https://www.propi.in/search/properties,2026-06-26,2026-06-26,Active
2647,984eb8ff6217fc36,Sri Vijaya Residency,,Lalbaug,South Mumbai Central,18.9914237,72.8364587,400011,,100,75,https://www.propi.in/search/properties,2026-06-26,2026-06-26,Active
2648,bce2fde73007a1ed,Vardhaman Estate,,Lalbaug,South Mumbai Central,18.9914237,72.8364587,400011,,100,75,https://www.propi.in/search/properties,2026-06-26,2026-06-26,Active
2649,6e542099b72c8937,Vardhaman Heights,,Lalbaug,South Mumbai Central,18.9914237,72.8364587,400011,,100,75,https://www.propi.in/search/properties,2026-06-26,2026-06-26,Active
2650,865f92ab3dcf4a05,Golden Charriot,,Lokhandwala,Western Suburbs Mid,19.1430985,72.8246055,,,100,70,https://www.propi.in/search/properties,2026-06-26,2026-06-26,Active
2651,ce6cc6922502e244,Manju Tower CHS,,Lokhandwala,Western Suburbs Mid,19.1430985,72.8246055,,,100,70,https://www.propi.in/search/properties,2026-06-26,2026-06-26,Active
2652,7648ce887bd057f4,Meghdoot,Meghdoot Apartment,Lokhandwala,Western Suburbs Mid,19.1430985,72.8246055,,,100,80,https://www.propi.in/search/properties,2026-06-26,2026-06-26,Active
2653,a295c2ea28da36cf,Neptune,,Lokhandwala,Western Suburbs Mid,19.1430985,72.8246055,,Neptune Group,100,85,https://www.propi.in/search/properties,2026-06-26,2026-06-26,Active
2654,6ad201f736ababf4,New Mhada,,Lokhandwala,Western Suburbs Mid,19.1430985,72.8246055,,,100,70,https://www.propi.in/search/properties,2026-06-26,2026-06-26,Active
2655,96436c035e517531,Oberoi Spring,,Lokhandwala,Western Suburbs Mid,19.1430985,72.8246055,,Oberoi Realty,100,85,https://www.propi.in/search/properties,2026-06-26,2026-06-26,Active
2656,06acaaa85bedafe2,Parijat,,Lokhandwala,Western Suburbs Mid,19.1430985,72.8246055,,,100,70,https://www.propi.in/search/properties,2026-06-26,2026-06-26,Active
2657,3092a8338d153057,Raheja Classic,,Lokhandwala,Western Suburbs Mid,19.1430985,72.8246055,,K. Raheja Group,100,85,https://www.propi.in/search/properties,2026-06-26,2026-06-26,Active
2658,f4e8ff455319a22f,Runwal Elegante,,Lokhandwala,Western Suburbs Mid,19.1430985,72.8246055,,Runwal Group,100,85,https://www.propi.in/search/properties,2026-06-26,2026-06-26,Active
2659,9cebd4e72e248954,Samartha Siddhi,,Lokhandwala,Western Suburbs Mid,19.1430985,72.8246055,,,100,70,https://www.propi.in/search/properties,2026-06-26,2026-06-26,Active
2660,f75055a83169f4f3,Sweet Home,,Lokhandwala,Western Suburbs Mid,19.1430985,72.8246055,,,100,70,https://www.propi.in/search/properties,2026-06-26,2026-06-26,Active
2661,30f0ad4020b6ece7,Woodrose,,Lokhandwala,Western Suburbs Mid,19.1430985,72.8246055,,,100,70,https://www.propi.in/search/properties,2026-06-26,2026-06-26,Active
2662,56fcce9e2e3d8b25,Aum Saheel Tower,,Lower Parel,South Mumbai Central,18.99568,72.8302756,400013,,100,75,https://www.propi.in/search/properties,2026-06-26,2026-06-26,Active
2663,15a80768ba07e255,Auro,Auro,Lower Parel,South Mumbai Central,18.99568,72.8302756,400013,,100,85,https://www.propi.in/search/properties,2026-06-26,2026-06-26,Active
2664,a94165de8f268045,Avighna,,Lower Parel,South Mumbai Central,18.99568,72.8302756,400013,,100,75,https://www.propi.in/search/properties,2026-06-26,2026-06-26,Active
2665,4c18d9a036259197,Avighna 9,,Lower Parel,South Mumbai Central,18.99568,72.8302756,400013,,100,75,https://www.propi.in/search/properties,2026-06-26,2026-06-26,Active
2666,5a419dc609c37ab3,Baya Central,Baya Central,Lower Parel,South Mumbai Central,18.99568,72.8302756,400013,,100,85,https://www.propi.in/search/properties,2026-06-26,2026-06-26,Active
2667,97b9130e4947aaf2,Casa Grande,,Lower Parel,South Mumbai Central,18.99568,72.8302756,400013,,100,75,https://www.propi.in/search/properties,2026-06-26,2026-06-26,Active
2668,57466774087d499f,Colo Rise,,Lower Parel,South Mumbai Central,18.99568,72.8302756,400013,,100,75,https://www.propi.in/search/properties,2026-06-26,2026-06-26,Active
2669,444dc425992d1c90,Creative Industrial Estate,,Lower Parel,South Mumbai Central,18.99568,72.8302756,400013,,100,75,https://www.propi.in/search/properties,2026-06-26,2026-06-26,Active
2670,bfdae5a8b99cd04d,DSK Trilok,,Lower Parel,South Mumbai Central,18.99568,72.8302756,400013,,100,75,https://www.propi.in/search/properties,2026-06-26,2026-06-26,Active
2671,958e1f2478e31464,Darshan Ricco,Darshan Rico,Lower Parel,South Mumbai Central,18.99568,72.8302756,400013,,100,85,https://www.propi.in/search/properties,2026-06-26,2026-06-26,Active
2672,59f0f419ae7d6388,Falcon Castle,,Lower Parel,South Mumbai Central,18.99568,72.8302756,400013,,100,75,https://www.propi.in/search/properties,2026-06-26,2026-06-26,Active
2673,a46820997b7c7f18,Fortuna Blue,,Lower Parel,South Mumbai Central,18.99568,72.8302756,400013,,100,75,https://www.propi.in/search/properties,2026-06-26,2026-06-26,Active
2674,be781fdf7ef3665f,Greenfield,,Lower Parel,South Mumbai Central,18.99568,72.8302756,400013,,100,75,https://www.propi.in/search/properties,2026-06-26,2026-06-26,Active
2675,b6bea369db2a9d45,Indiabulls Sky,Indiabulls Sky Forest | Indiabulls Sky Forest Prabhadevi A3,Lower Parel,South Mumbai Central,18.99568,72.8302756,400013,Indiabulls Real Estate,100,100,https://www.propi.in/search/properties,2026-06-26,2026-06-26,Active
2676,512e3f03bc79f845,Kamla Trade World,,Lower Parel,South Mumbai Central,18.99568,72.8302756,400013,,100,75,https://www.propi.in/search/properties,2026-06-26,2026-06-26,Active
2677,843b40184a879b30,Lifescapes Ambar,,Lower Parel,South Mumbai Central,18.99568,72.8302756,400013,,100,75,https://www.propi.in/search/properties,2026-06-26,2026-06-26,Active
2678,c862782c661be013,Lodha Adrina,,Lower Parel,South Mumbai Central,18.99568,72.8302756,400013,Lodha Group,100,90,https://www.propi.in/search/properties,2026-06-26,2026-06-26,Active
2679,9d9143d836aaa86d,Lodha Allura,,Lower Parel,South Mumbai Central,18.99568,72.8302756,400013,Lodha Group,100,90,https://www.propi.in/search/properties,2026-06-26,2026-06-26,Active
2680,e2d97e17a98827e8,Lodha Ciel,,Lower Parel,South Mumbai Central,18.99568,72.8302756,400013,Lodha Group,100,90,https://www.propi.in/search/properties,2026-06-26,2026-06-26,Active
2681,df1c68fc7f9f034c,Lodha Park,Lodha Parkside,Lower Parel,South Mumbai Central,18.99568,72.8302756,400013,Lodha Group,100,100,https://www.propi.in/search/properties,2026-06-26,2026-06-26,Active
2682,ff5a6031d26ccaab,Lodha Primero,,Lower Parel,South Mumbai Central,18.99568,72.8302756,400013,Lodha Group,100,90,https://www.propi.in/search/properties,2026-06-26,2026-06-26,Active
2683,b1943cc0acf4ee78,Lodha Signet,,Lower Parel,South Mumbai Central,18.99568,72.8302756,400013,Lodha Group,100,90,https://www.propi.in/search/properties,2026-06-26,2026-06-26,Active
2684,a53218514f747b16,Lodha Supremus,,Lower Parel,South Mumbai Central,18.99568,72.8302756,400013,Lodha Group,100,90,https://www.propi.in/search/properties,2026-06-26,2026-06-26,Active
2685,a851a94e107cc9ef,Lodha Trump,Lodha Trump Tower,Lower Parel,South Mumbai Central,18.99568,72.8302756,400013,Lodha Group,100,100,https://www.propi.in/search/properties,2026-06-26,2026-06-26,Active
2686,fcca3960bfafa402,Lodha Vista,,Lower Parel,South Mumbai Central,18.99568,72.8302756,400013,Lodha Group,100,90,https://www.propi.in/search/properties,2026-06-26,2026-06-26,Active
2687,a280311aa1ef42ab,Lodha World Ciel Villa,Lodha World,Lower Parel,South Mumbai Central,18.99568,72.8302756,400013,Lodha Group,100,100,https://www.propi.in/search/properties,2026-06-26,2026-06-26,Active
2688,329194d859af6bac,Lodha World Crest,Lodha World,Lower Parel,South Mumbai Central,18.99568,72.8302756,400013,Lodha Group,100,100,https://www.propi.in/search/properties,2026-06-26,2026-06-26,Active
2689,dc642ac9342c2508,Lodha World One,Lodha World,Lower Parel,South Mumbai Central,18.99568,72.8302756,400013,Lodha Group,100,100,https://www.propi.in/search/properties,2026-06-26,2026-06-26,Active
2690,96d6e82b534cb11f,Lotus Enpar,,Lower Parel,South Mumbai Central,18.99568,72.8302756,400013,,100,75,https://www.propi.in/search/properties,2026-06-26,2026-06-26,Active
2691,2769082c958af791,Lotus Enpar - Worli,,Lower Parel,South Mumbai Central,18.99568,72.8302756,400013,,100,75,https://www.propi.in/search/properties,2026-06-26,2026-06-26,Active
2692,21c9fa02f72b39be,Mafatlal Chambers,,Lower Parel,South Mumbai Central,18.99568,72.8302756,400013,,100,75,https://www.propi.in/search/properties,2026-06-26,2026-06-26,Active
2693,907f1af4c75a4fd5,Mahavir Darshan,,Lower Parel,South Mumbai Central,18.99568,72.8302756,400013,,100,75,https://www.propi.in/search/properties,2026-06-26,2026-06-26,Active
2694,b04db973ea8cb8fd,Marathon Era,,Lower Parel,South Mumbai Central,18.99568,72.8302756,400013,Marathon Group,100,90,https://www.propi.in/search/properties,2026-06-26,2026-06-26,Active
2695,de79b9bb8b9f927b,Marathon Futurex,,Lower Parel,South Mumbai Central,18.99568,72.8302756,400013,Marathon Group,100,90,https://www.propi.in/search/properties,2026-06-26,2026-06-26,Active
2696,c940afbd48e6bdc3,Marathon Height,,Lower Parel,South Mumbai Central,18.99568,72.8302756,400013,Marathon Group,100,90,https://www.propi.in/search/properties,2026-06-26,2026-06-26,Active
2697,8651c13884290461,Marathon Icon,,Lower Parel,South Mumbai Central,18.99568,72.8302756,400013,Marathon Group,100,90,https://www.propi.in/search/properties,2026-06-26,2026-06-26,Active
2698,ec663d76a2efa20d,Marathon Innova,,Lower Parel,South Mumbai Central,18.99568,72.8302756,400013,Marathon Group,100,90,https://www.propi.in/search/properties,2026-06-26,2026-06-26,Active
2699,d73192f10ca1f8d0,Marathon Next Gen Era,,Lower Parel,South Mumbai Central,18.99568,72.8302756,400013,Marathon Group,100,90,https://www.propi.in/search/properties,2026-06-26,2026-06-26,Active
2700,ac552fb7cca7010c,Marathon Next Gen Innova,,Lower Parel,South Mumbai Central,18.99568,72.8302756,400013,Marathon Group,100,90,https://www.propi.in/search/properties,2026-06-26,2026-06-26,Active
2701,8b813c169659e789,Mathuradas Mill Compound,,Lower Parel,South Mumbai Central,18.99568,72.8302756,400013,,100,75,https://www.propi.in/search/properties,2026-06-26,2026-06-26,Active
2702,58a7ab1ba3fc5e33,Mermit Tower,Mermit Tower,Lower Parel,South Mumbai Central,18.99568,72.8302756,400013,,100,85,https://www.propi.in/search/properties,2026-06-26,2026-06-26,Active
2703,47d7de3788fc99f9,Naman Midtown,,Lower Parel,South Mumbai Central,18.99568,72.8302756,400013,Naman Group,100,90,https://www.propi.in/search/properties,2026-06-26,2026-06-26,Active
2704,ec57bbc567c728ef,Nestle,,Lower Parel,South Mumbai Central,18.99568,72.8302756,400013,,100,75,https://www.propi.in/search/properties,2026-06-26,2026-06-26,Active
2705,6709b4c6bc47da03,Neumec Elegance,,Lower Parel,South Mumbai Central,18.99568,72.8302756,400013,,100,75,https://www.propi.in/search/properties,2026-06-26,2026-06-26,Active
2706,6017cb8c7978b4f4,Next Gen Era,,Lower Parel,South Mumbai Central,18.99568,72.8302756,400013,,100,75,https://www.propi.in/search/properties,2026-06-26,2026-06-26,Active
2707,5b8a0fb26709d377,One Avighna Park,,Lower Parel,South Mumbai Central,18.99568,72.8302756,400013,,100,75,https://www.propi.in/search/properties,2026-06-26,2026-06-26,Active
2708,6c748bba5c0e5ce1,One Lodha Place,,Lower Parel,South Mumbai Central,18.99568,72.8302756,400013,Lodha Group,100,90,https://www.propi.in/search/properties,2026-06-26,2026-06-26,Active
2709,f4dd03e873c06306,One World Centre,,Lower Parel,South Mumbai Central,18.99568,72.8302756,400013,,100,75,https://www.propi.in/search/properties,2026-06-26,2026-06-26,Active
2710,d586b07227f6e5e0,Orbit Eternia,,Lower Parel,South Mumbai Central,18.99568,72.8302756,400013,,100,75,https://www.propi.in/search/properties,2026-06-26,2026-06-26,Active
2711,0b47896a545636fa,Orbit Grand,,Lower Parel,South Mumbai Central,18.99568,72.8302756,400013,,100,75,https://www.propi.in/search/properties,2026-06-26,2026-06-26,Active
2712,bda05cd0070d37bc,Orbit Terraces,,Lower Parel,South Mumbai Central,18.99568,72.8302756,400013,,100,75,https://www.propi.in/search/properties,2026-06-26,2026-06-26,Active
2713,09768aa658f0624d,Orbit Tower,,Lower Parel,South Mumbai Central,18.99568,72.8302756,400013,,100,75,https://www.propi.in/search/properties,2026-06-26,2026-06-26,Active
2714,581314f0fc540332,Peninsula Business Park,,Lower Parel,South Mumbai Central,18.99568,72.8302756,400013,Peninsula Group,100,90,https://www.propi.in/search/properties,2026-06-26,2026-06-26,Active
2715,c8ed941110979536,Peninsula,Peninsula Tower,Lower Parel,South Mumbai Central,18.99568,72.8302756,400013,Peninsula Group,100,100,https://www.propi.in/search/properties,2026-06-26,2026-06-26,Active
2716,b909128988713bbc,Phoenix Tower,Phoenix Tower,Lower Parel,South Mumbai Central,18.99568,72.8302756,400013,,100,85,https://www.propi.in/search/properties,2026-06-26,2026-06-26,Active
2717,5220ce623757a8fc,Plus Art,,Lower Parel,South Mumbai Central,18.99568,72.8302756,400013,,100,75,https://www.propi.in/search/properties,2026-06-26,2026-06-26,Active
2718,bbebb37fb76bc01c,Pragati Industrial Estate,,Lower Parel,South Mumbai Central,18.99568,72.8302756,400013,,100,75,https://www.propi.in/search/properties,2026-06-26,2026-06-26,Active
2719,12a6d6c02a0d28cf,Raghuvanshi Mills,,Lower Parel,South Mumbai Central,18.99568,72.8302756,400013,,100,75,https://www.propi.in/search/properties,2026-06-26,2026-06-26,Active
2720,0378e65629b8f2e3,Raheja Atlantis,,Lower Parel,South Mumbai Central,18.99568,72.8302756,400013,K. Raheja Group,100,90,https://www.propi.in/search/properties,2026-06-26,2026-06-26,Active
2721,39e9c2a6126869a2,Sarvesh One,,Lower Parel,South Mumbai Central,18.99568,72.8302756,400013,,100,75,https://www.propi.in/search/properties,2026-06-26,2026-06-26,Active
2722,fbf1554fa7eca117,Shah and Nahar Industrial Estate,,Lower Parel,South Mumbai Central,18.99568,72.8302756,400013,,100,75,https://www.propi.in/search/properties,2026-06-26,2026-06-26,Active
2723,d88c2b8f231b0406,Shilp Tower,,Lower Parel,South Mumbai Central,18.99568,72.8302756,400013,,100,75,https://www.propi.in/search/properties,2026-06-26,2026-06-26,Active
2724,b9567010917c2f25,Shilp Tower ( Lower Parel,,Lower Parel,South Mumbai Central,18.99568,72.8302756,400013,,100,75,https://www.propi.in/search/properties,2026-06-26,2026-06-26,Active
2725,1590b6363063d401,Siddharth Enclave,,Lower Parel,South Mumbai Central,18.99568,72.8302756,400013,,100,75,https://www.propi.in/search/properties,2026-06-26,2026-06-26,Active
2726,afbb9c2125899a80,Siroya Florence,,Lower Parel,South Mumbai Central,18.99568,72.8302756,400013,,100,75,https://www.propi.in/search/properties,2026-06-26,2026-06-26,Active
2727,6fafe4746499bbb7,Sun Mill Compound,,Lower Parel,South Mumbai Central,18.99568,72.8302756,400013,,100,75,https://www.propi.in/search/properties,2026-06-26,2026-06-26,Active
2728,406a6df7fc0d5f1e,Sun Palazzo,,Lower Parel,South Mumbai Central,18.99568,72.8302756,400013,,100,75,https://www.propi.in/search/properties,2026-06-26,2026-06-26,Active
2729,9c7d6fb8f0478d35,Tantia Jogani Industrial Estate,,Lower Parel,South Mumbai Central,18.99568,72.8302756,400013,,100,75,https://www.propi.in/search/properties,2026-06-26,2026-06-26,Active
2730,76206df27032531c,World Villa,The World Villa,Lower Parel,South Mumbai Central,18.99568,72.8302756,400013,,100,85,https://www.propi.in/search/properties,2026-06-26,2026-06-26,Active
2731,2a853214ce615ae5,Todi Estate,,Lower Parel,South Mumbai Central,18.99568,72.8302756,400013,,100,75,https://www.propi.in/search/properties,2026-06-26,2026-06-26,Active
2732,53f5b46d4b00f4c6,Trade world,,Lower Parel,South Mumbai Central,18.99568,72.8302756,400013,,100,75,https://www.propi.in/search/properties,2026-06-26,2026-06-26,Active
2733,78aea6395ce663a8,Unity Tower,,Lower Parel,South Mumbai Central,18.99568,72.8302756,400013,,100,75,https://www.propi.in/search/properties,2026-06-26,2026-06-26,Active
2734,6fd507196374c625,World Crest,,Lower Parel,South Mumbai Central,18.99568,72.8302756,400013,,100,75,https://www.propi.in/search/properties,2026-06-26,2026-06-26,Active
2735,c550115eb855a99d,World Tower,World Towers,Lower Parel,South Mumbai Central,18.99568,72.8302756,400013,,100,85,https://www.propi.in/search/properties,2026-06-26,2026-06-26,Active
2736,a14adb830d5b0790,World View,,Lower Parel,South Mumbai Central,18.99568,72.8302756,400013,,100,75,https://www.propi.in/search/properties,2026-06-26,2026-06-26,Active
2737,35a5241637dca3c4,25 Downtown,,Mahalakshmi,South Mumbai Central,18.9892129,72.8186798,400018,,100,75,https://www.propi.in/search/properties,2026-06-26,2026-06-26,Active
2738,2da3a02dce157105,Almas Apartment,,Mahalakshmi,South Mumbai Central,18.9892129,72.8186798,400018,,100,75,https://www.propi.in/search/properties,2026-06-26,2026-06-26,Active
2739,9f2bdac89da54820,Belvedere Court,,Mahalakshmi,South Mumbai Central,18.9892129,72.8186798,400018,,100,75,https://www.propi.in/search/properties,2026-06-26,2026-06-26,Active
2740,7ce895c33c4d5701,Fortune Mignas,,Mahalakshmi,South Mumbai Central,18.9892129,72.8186798,400018,,100,75,https://www.propi.in/search/properties,2026-06-26,2026-06-26,Active
2741,c83b9639d01320bc,Godrej Avenue Eleven B,,Mahalakshmi,South Mumbai Central,18.9892129,72.8186798,400018,Godrej Properties,100,90,https://www.propi.in/search/properties,2026-06-26,2026-06-26,Active
2742,75f8d54410c47373,Ion House,,Mahalakshmi,South Mumbai Central,18.9892129,72.8186798,400018,,100,75,https://www.propi.in/search/properties,2026-06-26,2026-06-26,Active
2743,1f42db763f48b6fa,Kalpataru Heights,,Mahalakshmi,South Mumbai Central,18.9892129,72.8186798,400018,Kalpataru Group,100,90,https://www.propi.in/search/properties,2026-06-26,2026-06-26,Active
2744,ac514b2934a68b04,Kinjal Tower,,Mahalakshmi,South Mumbai Central,18.9892129,72.8186798,400018,,100,75,https://www.propi.in/search/properties,2026-06-26,2026-06-26,Active
2745,eae4d55fbd1e5bbe,La View,,Mahalakshmi,South Mumbai Central,18.9892129,72.8186798,400018,,100,75,https://www.propi.in/search/properties,2026-06-26,2026-06-26,Active
2746,c5a93b7b3dc41b25,Lodha Bellevue,,Mahalakshmi,South Mumbai Central,18.9892129,72.8186798,400018,Lodha Group,100,90,https://www.propi.in/search/properties,2026-06-26,2026-06-26,Active
2747,b23593db554de243,Lodha Bellissimo,,Mahalakshmi,South Mumbai Central,18.9892129,72.8186798,400018,Lodha Group,100,90,https://www.propi.in/search/properties,2026-06-26,2026-06-26,Active
2748,04a1840d7aa92929,Lodha Excelus,,Mahalakshmi,South Mumbai Central,18.9892129,72.8186798,400018,Lodha Group,100,90,https://www.propi.in/search/properties,2026-06-26,2026-06-26,Active
2749,8e438e1a69883313,Lodha Primero,Lodha Primero - Mahalaxmi,Mahalakshmi,South Mumbai Central,18.9892129,72.8186798,400018,Lodha Group,100,100,https://www.propi.in/search/properties,2026-06-26,2026-06-26,Active
2750,a53156f9f5c060ac,Lokhandwala Minerva,,Mahalakshmi,South Mumbai Central,18.9892129,72.8186798,400018,,100,75,https://www.propi.in/search/properties,2026-06-26,2026-06-26,Active
2751,68da70023ce11907,Mahalaxmi Height,,Mahalakshmi,South Mumbai Central,18.9892129,72.8186798,400018,,100,75,https://www.propi.in/search/properties,2026-06-26,2026-06-26,Active
2752,ad984b5288f97dcb,Mahalaxmi Prestige Jasdan Classic,,Mahalakshmi,South Mumbai Central,18.9892129,72.8186798,400018,Prestige Group,100,90,https://www.propi.in/search/properties,2026-06-26,2026-06-26,Active
2753,8277aa17dfeced2f,Minerva,Minerva Tower,Mahalakshmi,South Mumbai Central,18.9892129,72.8186798,400018,,100,85,https://www.propi.in/search/properties,2026-06-26,2026-06-26,Active
2754,9d2ff2c92ce2ba2d,Model Residency,,Mahalakshmi,South Mumbai Central,18.9892129,72.8186798,400018,,100,75,https://www.propi.in/search/properties,2026-06-26,2026-06-26,Active
2755,71b8b47d7301f834,Nirman Kendra,,Mahalakshmi,South Mumbai Central,18.9892129,72.8186798,400018,,100,75,https://www.propi.in/search/properties,2026-06-26,2026-06-26,Active
2756,790564afb8116584,Piramal Mahalaxmi,Piramal Mahalaxmi Central | Piramal Mahalaxmi North | Piramal Mahalaxmi South,Mahalakshmi,South Mumbai Central,18.9892129,72.8186798,400018,Piramal Realty,100,100,https://www.propi.in/search/properties,2026-06-26,2026-06-26,Active
2757,b58aa7de8f2d0b1b,Planet Godrej,,Mahalakshmi,South Mumbai Central,18.9892129,72.8186798,400018,Godrej Properties,100,90,https://www.propi.in/search/properties,2026-06-26,2026-06-26,Active
2758,eeac1d0b8fef9498,Prestige Jasdan,Prestige Jasdan Classic,Mahalakshmi,South Mumbai Central,18.9892129,72.8186798,400018,Prestige Group,100,100,https://www.propi.in/search/properties,2026-06-26,2026-06-26,Active
2759,524b222035a8c022,Prestige Turf,Prestige Turf,Mahalakshmi,South Mumbai Central,18.9892129,72.8186798,400018,Prestige Group,100,100,https://www.propi.in/search/properties,2026-06-26,2026-06-26,Active
2760,57a2fc76bca96863,Raheja Vivarea,Raheja Vivarea Tower E,Mahalakshmi,South Mumbai Central,18.9892129,72.8186798,400018,K. Raheja Group,100,100,https://www.propi.in/search/properties,2026-06-26,2026-06-26,Active
2761,30d112d90ac34611,Runwal 7 Mahalaxmi,,Mahalakshmi,South Mumbai Central,18.9892129,72.8186798,400018,Runwal Group,100,90,https://www.propi.in/search/properties,2026-06-26,2026-06-26,Active
2762,6aac8886b8b1c0fb,Siddhivinayak Darshan,,Mahalakshmi,South Mumbai Central,18.9892129,72.8186798,400018,,100,75,https://www.propi.in/search/properties,2026-06-26,2026-06-26,Active
2763,cf7ccfe12c6d0d4c,Thanks and Regards,Thanks & Regards,Mahalakshmi,South Mumbai Central,18.9892129,72.8186798,400018,,100,85,https://www.propi.in/search/properties,2026-06-26,2026-06-26,Active
2764,da28eeba9a50133f,Aditya Elegance,,Mahim,,19.0423145,72.8398344,400016,,100,60,https://www.propi.in/search/properties,2026-06-26,2026-06-26,Active
2765,58eeacf5d95c53a7,Belmonte,,Mahim,,19.0423145,72.8398344,400016,,100,60,https://www.propi.in/search/properties,2026-06-26,2026-06-26,Active
2766,d761c6e245b3c87d,Evershine Meadows,,Mahim,,19.0423145,72.8398344,400016,,100,60,https://www.propi.in/search/properties,2026-06-26,2026-06-26,Active
2767,de332d78bcda9ef5,Gokul Niwas,,Mahim,,19.0423145,72.8398344,400016,,100,60,https://www.propi.in/search/properties,2026-06-26,2026-06-26,Active
2768,6a619903216686b6,Inez Tower,,Mahim,,19.0423145,72.8398344,400016,,100,60,https://www.propi.in/search/properties,2026-06-26,2026-06-26,Active
2769,a3fb9efd74361ece,Island Cove,,Mahim,,19.0423145,72.8398344,400016,,100,60,https://www.propi.in/search/properties,2026-06-26,2026-06-26,Active
2770,dde6287b3acf0184,Kanakia Miami,,Mahim,,19.0423145,72.8398344,400016,Kanakia Group,100,75,https://www.propi.in/search/properties,2026-06-26,2026-06-26,Active
2771,7e1546122851da41,Keer Tower,Keer Towers,Mahim,,19.0423145,72.8398344,400016,,100,70,https://www.propi.in/search/properties,2026-06-26,2026-06-26,Active
2772,546e46e0fb7e6e31,La Rose,,Mahim,,19.0423145,72.8398344,400016,,100,60,https://www.propi.in/search/properties,2026-06-26,2026-06-26,Active
2773,54826dc30523d23a,Manikya,,Mahim,,19.0423145,72.8398344,400016,,100,60,https://www.propi.in/search/properties,2026-06-26,2026-06-26,Active
2774,9981d768376a59ee,Midtown Bay,,Mahim,,19.0423145,72.8398344,400016,,100,60,https://www.propi.in/search/properties,2026-06-26,2026-06-26,Active
2775,14695d682e8800c4,Neel Tarang,,Mahim,,19.0423145,72.8398344,400016,,100,60,https://www.propi.in/search/properties,2026-06-26,2026-06-26,Active
2776,fe8dec7ea8772704,Sumeet Sadan,,Mahim,,19.0423145,72.8398344,400016,,100,60,https://www.propi.in/search/properties,2026-06-26,2026-06-26,Active
2777,6f069802c2bff5a7,Suraj Eterna,,Mahim,,19.0423145,72.8398344,400016,,100,60,https://www.propi.in/search/properties,2026-06-26,2026-06-26,Active
2778,519b816fcbe1d843,Suraj Vitalis,,Mahim,,19.0423145,72.8398344,400016,,100,60,https://www.propi.in/search/properties,2026-06-26,2026-06-26,Active
2779,9e114f89c2513580,White Rose Apartment,,Mahim,,19.0423145,72.8398344,400016,,100,60,https://www.propi.in/search/properties,2026-06-26,2026-06-26,Active
2780,e980094bb8eda87e,Rajendra Apartments,,Mahim West,,19.0390722,72.8501829,400016,,100,60,https://www.propi.in/search/properties,2026-06-26,2026-06-26,Active
2781,d2220a12951f97d3,Loyalka Apartment,,Malabar Hill,South Mumbai Prime,18.9581616,72.8033665,400036,,100,75,https://www.propi.in/search/properties,2026-06-26,2026-06-26,Active
2782,677a1fda3b795fca,Nishant,,Malabar Hill,South Mumbai Prime,18.9581616,72.8033665,400036,,100,75,https://www.propi.in/search/properties,2026-06-26,2026-06-26,Active
2783,2ad7861cf4becc3a,Nishat,Nishat,Malabar Hill,South Mumbai Prime,18.9581616,72.8033665,400036,,100,85,https://www.propi.in/search/properties,2026-06-26,2026-06-26,Active
2784,7b07084e09f1aa5f,Auris Serenity,Auris Serenity,Malad West,Western Suburbs Extended,19.1867193,72.8485884,400064,,100,85,https://www.propi.in/search/properties,2026-06-26,2026-06-26,Active
2785,3a03f3c976721a47,Alta Monte,,Malad East,Western Suburbs Extended,19.1860219,72.8563181,400097,,100,75,https://www.propi.in/search/properties,2026-06-26,2026-06-26,Active
2786,e02514f961b7b64d,Alta Monte Tower B,,Malad East,Western Suburbs Extended,19.1860219,72.8563181,400097,,100,75,https://www.propi.in/search/properties,2026-06-26,2026-06-26,Active
2787,889d42f652dc039c,Altamonte,,Malad East,Western Suburbs Extended,19.1860219,72.8563181,400097,,100,75,https://www.propi.in/search/properties,2026-06-26,2026-06-26,Active
2788,d58e6139aa440aee,Bhoomi Gokul,,Malad East,Western Suburbs Extended,19.1860219,72.8563181,400097,,100,75,https://www.propi.in/search/properties,2026-06-26,2026-06-26,Active
2789,681387fca289e46e,Blue Mountain,Blue Mountains,Malad East,Western Suburbs Extended,19.1860219,72.8563181,400097,,100,85,https://www.propi.in/search/properties,2026-06-26,2026-06-26,Active
2790,e8de593e0e9b99d9,Boulevard 15,,Malad East,Western Suburbs Extended,19.1860219,72.8563181,400097,,100,75,https://www.propi.in/search/properties,2026-06-26,2026-06-26,Active
2791,ed1114553b84c7e1,DEM Phoenix,,Malad East,Western Suburbs Extended,19.1860219,72.8563181,400097,,100,75,https://www.propi.in/search/properties,2026-06-26,2026-06-26,Active
2792,a22bc013e7c26def,DGS Sheetal Ekta,,Malad East,Western Suburbs Extended,19.1860219,72.8563181,400097,Ekta World,100,90,https://www.propi.in/search/properties,2026-06-26,2026-06-26,Active
2793,fba40eea1398567e,Express Zone,,Malad East,Western Suburbs Extended,19.1860219,72.8563181,400097,,100,75,https://www.propi.in/search/properties,2026-06-26,2026-06-26,Active
2794,65a42ffd640c6040,F Residences,,Malad East,Western Suburbs Extended,19.1860219,72.8563181,400097,,100,75,https://www.propi.in/search/properties,2026-06-26,2026-06-26,Active
2795,da2873e475902e56,F Residency,,Malad East,Western Suburbs Extended,19.1860219,72.8563181,400097,,100,75,https://www.propi.in/search/properties,2026-06-26,2026-06-26,Active
2796,79905bd680e3bdd5,Fressia Rani Bello,,Malad East,Western Suburbs Extended,19.1860219,72.8563181,400097,,100,75,https://www.propi.in/search/properties,2026-06-26,2026-06-26,Active
2797,55b8e227b6b2b3d1,Geetanjali CHS,,Malad East,Western Suburbs Extended,19.1860219,72.8563181,400097,,100,75,https://www.propi.in/search/properties,2026-06-26,2026-06-26,Active
2798,81a83505a04ddc10,Kanakia Levels,,Malad East,Western Suburbs Extended,19.1860219,72.8563181,400097,Kanakia Group,100,90,https://www.propi.in/search/properties,2026-06-26,2026-06-26,Active
2799,206d7f8451eb84af,Lemont,,Malad East,Western Suburbs Extended,19.1860219,72.8563181,400097,,100,75,https://www.propi.in/search/properties,2026-06-26,2026-06-26,Active
2800,59c8f765546cd461,Mauli Pride,,Malad East,Western Suburbs Extended,19.1860219,72.8563181,400097,,100,75,https://www.propi.in/search/properties,2026-06-26,2026-06-26,Active
2801,8f97b5a2c0151d3a,Mohan Mahal,,Malad East,Western Suburbs Extended,19.1860219,72.8563181,400097,,100,75,https://www.propi.in/search/properties,2026-06-26,2026-06-26,Active
2802,c2da450b62ce1e96,Neev Galaxy Tower,,Malad East,Western Suburbs Extended,19.1860219,72.8563181,400097,,100,75,https://www.propi.in/search/properties,2026-06-26,2026-06-26,Active
2803,90a599c0cdfbe6e0,Om Trimurti,,Malad East,Western Suburbs Extended,19.1860219,72.8563181,400097,,100,75,https://www.propi.in/search/properties,2026-06-26,2026-06-26,Active
2804,12ec8b809264c28e,Omkar Alta Monte,Omkar Alta Monte Tower A,Malad East,Western Suburbs Extended,19.1860219,72.8563181,400097,Omkar Realtors,100,100,https://www.propi.in/search/properties,2026-06-26,2026-06-26,Active
2805,f24fa180ee4010ed,Omkar Signet,,Malad East,Western Suburbs Extended,19.1860219,72.8563181,400097,Omkar Realtors,100,90,https://www.propi.in/search/properties,2026-06-26,2026-06-26,Active
2806,8b5f422733cc399c,Raheja,Raheja Residency | Raheja Township,Malad East,Western Suburbs Extended,19.1860219,72.8563181,400097,K. Raheja Group,100,100,https://www.propi.in/search/properties,2026-06-26,2026-06-26,Active
2807,b28e27e3ae98a2f2,Raheja Residency Tower T,,Malad East,Western Suburbs Extended,19.1860219,72.8563181,400097,K. Raheja Group,100,90,https://www.propi.in/search/properties,2026-06-26,2026-06-26,Active
2808,29462a1d0cd61575,Rishabraj Sujai,,Malad East,Western Suburbs Extended,19.1860219,72.8563181,400097,,100,75,https://www.propi.in/search/properties,2026-06-26,2026-06-26,Active
2809,a7c2c6603024757d,Rizvi Cedar,,Malad East,Western Suburbs Extended,19.1860219,72.8563181,400097,,100,75,https://www.propi.in/search/properties,2026-06-26,2026-06-26,Active
2810,1dee017ed3854089,Rizvi Oak,,Malad East,Western Suburbs Extended,19.1860219,72.8563181,400097,,100,75,https://www.propi.in/search/properties,2026-06-26,2026-06-26,Active
2811,2dfe4d23dc919d37,Serenity,,Malad East,Western Suburbs Extended,19.1860219,72.8563181,400097,,100,75,https://www.propi.in/search/properties,2026-06-26,2026-06-26,Active
2812,9604716d432f9990,Sethia Imperial Avenue,,Malad East,Western Suburbs Extended,19.1860219,72.8563181,400097,,100,75,https://www.propi.in/search/properties,2026-06-26,2026-06-26,Active
2813,b8e131661bfda03d,Shah Arcade,,Malad East,Western Suburbs Extended,19.1860219,72.8563181,400097,,100,75,https://www.propi.in/search/properties,2026-06-26,2026-06-26,Active
2814,731dd77cb0e17e3e,Shah Arcade 2,,Malad East,Western Suburbs Extended,19.1860219,72.8563181,400097,,100,75,https://www.propi.in/search/properties,2026-06-26,2026-06-26,Active
2815,a92dcd0e4c7bc5d6,Sheetal Dwar,,Malad East,Western Suburbs Extended,19.1860219,72.8563181,400097,,100,75,https://www.propi.in/search/properties,2026-06-26,2026-06-26,Active
2816,4c620dd139ab692a,Sheetal Tapovan,,Malad East,Western Suburbs Extended,19.1860219,72.8563181,400097,,100,75,https://www.propi.in/search/properties,2026-06-26,2026-06-26,Active
2817,8bed276db6ba634c,Shree Ram Nivas,,Malad East,Western Suburbs Extended,19.1860219,72.8563181,400097,,100,75,https://www.propi.in/search/properties,2026-06-26,2026-06-26,Active
2818,151f7848e242269f,Sumit Pramukh Enclave,,Malad East,Western Suburbs Extended,19.1860219,72.8563181,400097,,100,75,https://www.propi.in/search/properties,2026-06-26,2026-06-26,Active
2819,366d6097f50d1e66,Park Residence,The Park Residence,Malad East,Western Suburbs Extended,19.1860219,72.8563181,400097,,100,85,https://www.propi.in/search/properties,2026-06-26,2026-06-26,Active
2820,bcf0b95d7b951f01,Tower 28,,Malad East,Western Suburbs Extended,19.1860219,72.8563181,400097,,100,75,https://www.propi.in/search/properties,2026-06-26,2026-06-26,Active
2821,09a94770ca60e1a8,Upper 97 East,,Malad East,Western Suburbs Extended,19.1860219,72.8563181,400097,,100,75,https://www.propi.in/search/properties,2026-06-26,2026-06-26,Active
2822,c6bd8c29ff54104c,Upper East 97,,Malad East,Western Suburbs Extended,19.1860219,72.8563181,400097,,100,75,https://www.propi.in/search/properties,2026-06-26,2026-06-26,Active
2823,4776d90f973e594c,Velentine Apartment,,Malad East,Western Suburbs Extended,19.1860219,72.8563181,400097,,100,75,https://www.propi.in/search/properties,2026-06-26,2026-06-26,Active
2824,f4980fb8dc0596ca,Vrindavan Apartment,,Malad East,Western Suburbs Extended,19.1860219,72.8563181,400097,,100,75,https://www.propi.in/search/properties,2026-06-26,2026-06-26,Active
2825,7147d93b50b4a4f0,9 Business Bay,,Malad West,Western Suburbs Extended,19.1852851,72.8358611,400064,,100,75,https://www.propi.in/search/properties,2026-06-26,2026-06-26,Active
2826,c436194e860f83dd,Abhimanyu,,Malad West,Western Suburbs Extended,19.1852851,72.8358611,400064,,100,75,https://www.propi.in/search/properties,2026-06-26,2026-06-26,Active
2827,741d3c2c025627ed,Abrol Vastu Park,,Malad West,Western Suburbs Extended,19.1852851,72.8358611,400064,,100,75,https://www.propi.in/search/properties,2026-06-26,2026-06-26,Active
2828,6087aac4d13727f5,Accord Nidhi,,Malad West,Western Suburbs Extended,19.1852851,72.8358611,400064,,100,75,https://www.propi.in/search/properties,2026-06-26,2026-06-26,Active
2829,4622a54666126712,Acme Enclave,,Malad West,Western Suburbs Extended,19.1852851,72.8358611,400064,,100,75,https://www.propi.in/search/properties,2026-06-26,2026-06-26,Active
2830,794a35d2007af43f,Adarsh Regal,,Malad West,Western Suburbs Extended,19.1852851,72.8358611,400064,,100,75,https://www.propi.in/search/properties,2026-06-26,2026-06-26,Active
2831,ff2cb75e2b1423d2,Aditya Heritage,,Malad West,Western Suburbs Extended,19.1852851,72.8358611,400064,,100,75,https://www.propi.in/search/properties,2026-06-26,2026-06-26,Active
2832,243810ad535b04b4,Ahimsa Tower,,Malad West,Western Suburbs Extended,19.1852851,72.8358611,400064,,100,75,https://www.propi.in/search/properties,2026-06-26,2026-06-26,Active
2833,0c2718c0e8484d3b,Ajmera Boulevard,,Malad West,Western Suburbs Extended,19.1852851,72.8358611,400064,Ajmera Group,100,90,https://www.propi.in/search/properties,2026-06-26,2026-06-26,Active
2834,1382a306cd4946dc,Anand,,Malad West,Western Suburbs Extended,19.1852851,72.8358611,400064,,100,75,https://www.propi.in/search/properties,2026-06-26,2026-06-26,Active
2835,7ac14389eb23b6a6,Ankur,,Malad West,Western Suburbs Extended,19.1852851,72.8358611,400064,,100,75,https://www.propi.in/search/properties,2026-06-26,2026-06-26,Active
2836,b44d9c8a2fd24e91,Arista Orlem Highrise,,Malad West,Western Suburbs Extended,19.1852851,72.8358611,400064,,100,75,https://www.propi.in/search/properties,2026-06-26,2026-06-26,Active
2837,5ec48d41fd3828a4,Arkade Eden,,Malad West,Western Suburbs Extended,19.1852851,72.8358611,400064,,100,75,https://www.propi.in/search/properties,2026-06-26,2026-06-26,Active
2838,65c01f78fd6a48b8,Arkade Serene,,Malad West,Western Suburbs Extended,19.1852851,72.8358611,400064,,100,75,https://www.propi.in/search/properties,2026-06-26,2026-06-26,Active
2839,4136d2d4455a5b07,Ascend Tower,,Malad West,Western Suburbs Extended,19.1852851,72.8358611,400064,,100,75,https://www.propi.in/search/properties,2026-06-26,2026-06-26,Active
2840,04ff4d4e576b1ac1,Ashirwad,,Malad West,Western Suburbs Extended,19.1852851,72.8358611,400064,,100,75,https://www.propi.in/search/properties,2026-06-26,2026-06-26,Active
2841,a5f7c78bf27b05b3,Ashok Enclave,,Malad West,Western Suburbs Extended,19.1852851,72.8358611,400064,,100,75,https://www.propi.in/search/properties,2026-06-26,2026-06-26,Active
2842,d07587540eb27c29,Auris Bliss,,Malad West,Western Suburbs Extended,19.1852851,72.8358611,400064,,100,75,https://www.propi.in/search/properties,2026-06-26,2026-06-26,Active
2843,3e3261214c061390,Auris Clara,,Malad West,Western Suburbs Extended,19.1852851,72.8358611,400064,,100,75,https://www.propi.in/search/properties,2026-06-26,2026-06-26,Active
2844,acf165ac0d293029,Auris Galleria,,Malad West,Western Suburbs Extended,19.1852851,72.8358611,400064,,100,75,https://www.propi.in/search/properties,2026-06-26,2026-06-26,Active
2845,d82820faec1d03c2,Auris Serenity 3,,Malad West,Western Suburbs Extended,19.1852851,72.8358611,400064,,100,75,https://www.propi.in/search/properties,2026-06-26,2026-06-26,Active
2846,d48611e4c9520e87,Auris Serenity Tower 2,,Malad West,Western Suburbs Extended,19.1852851,72.8358611,400064,,100,75,https://www.propi.in/search/properties,2026-06-26,2026-06-26,Active
2847,31a33084b59a6a6b,Auris Serinity,,Malad West,Western Suburbs Extended,19.1852851,72.8358611,400064,,100,75,https://www.propi.in/search/properties,2026-06-26,2026-06-26,Active
2848,ad6c66dd08978a10,Avalon Paradise,,Malad West,Western Suburbs Extended,19.1852851,72.8358611,400064,,100,75,https://www.propi.in/search/properties,2026-06-26,2026-06-26,Active
2849,945c08212a992c20,Avirahi Heights,,Malad West,Western Suburbs Extended,19.1852851,72.8358611,400064,,100,75,https://www.propi.in/search/properties,2026-06-26,2026-06-26,Active
2850,27fdbe60b071269b,Bay Vue,,Malad West,Western Suburbs Extended,19.1852851,72.8358611,400064,,100,75,https://www.propi.in/search/properties,2026-06-26,2026-06-26,Active
2851,3ffe5aa242b2d92e,Bhagat Grandeur,,Malad West,Western Suburbs Extended,19.1852851,72.8358611,400064,,100,75,https://www.propi.in/search/properties,2026-06-26,2026-06-26,Active
2852,f76c6ec2eb6a451f,Bhoomi Celestia,,Malad West,Western Suburbs Extended,19.1852851,72.8358611,400064,,100,75,https://www.propi.in/search/properties,2026-06-26,2026-06-26,Active
2853,028eeef6cd8dd544,Bhoomi Park,,Malad West,Western Suburbs Extended,19.1852851,72.8358611,400064,,100,75,https://www.propi.in/search/properties,2026-06-26,2026-06-26,Active
2854,4233de117eb88ec8,Bhumi Celestia,,Malad West,Western Suburbs Extended,19.1852851,72.8358611,400064,,100,75,https://www.propi.in/search/properties,2026-06-26,2026-06-26,Active
2855,0ce5afa968ea1756,Blu Horizon,Blue Horizon,Malad West,Western Suburbs Extended,19.1852851,72.8358611,400064,,100,85,https://www.propi.in/search/properties,2026-06-26,2026-06-26,Active
2856,96f8f17f80fe6dde,Blue Orbit,,Malad West,Western Suburbs Extended,19.1852851,72.8358611,400064,,100,75,https://www.propi.in/search/properties,2026-06-26,2026-06-26,Active
2857,a85031c874b1982e,Blue Orbit 3,,Malad West,Western Suburbs Extended,19.1852851,72.8358611,400064,,100,75,https://www.propi.in/search/properties,2026-06-26,2026-06-26,Active
2858,d55a86357117abf6,Chetna Kunj,,Malad West,Western Suburbs Extended,19.1852851,72.8358611,400064,,100,75,https://www.propi.in/search/properties,2026-06-26,2026-06-26,Active
2859,8248b3b47dd4b9d2,DLH Pride,,Malad West,Western Suburbs Extended,19.1852851,72.8358611,400064,DLH Group,100,90,https://www.propi.in/search/properties,2026-06-26,2026-06-26,Active
2860,716a680369ef8842,Dharti Pressidio,,Malad West,Western Suburbs Extended,19.1852851,72.8358611,400064,,100,75,https://www.propi.in/search/properties,2026-06-26,2026-06-26,Active
2861,7556b774ec6a2c5f,Dheeraj Diamond,,Malad West,Western Suburbs Extended,19.1852851,72.8358611,400064,Dheeraj Group,100,90,https://www.propi.in/search/properties,2026-06-26,2026-06-26,Active
2862,2695487dd78e5edf,Dheeraj Jamuna,,Malad West,Western Suburbs Extended,19.1852851,72.8358611,400064,Dheeraj Group,100,90,https://www.propi.in/search/properties,2026-06-26,2026-06-26,Active
2863,cbb0c147deda1d7f,Dheeraj Solitaire,,Malad West,Western Suburbs Extended,19.1852851,72.8358611,400064,Dheeraj Group,100,90,https://www.propi.in/search/properties,2026-06-26,2026-06-26,Active
2864,c2587438fe6723c3,Ekta Tripolis,,Malad West,Western Suburbs Extended,19.1852851,72.8358611,400064,Ekta World,100,90,https://www.propi.in/search/properties,2026-06-26,2026-06-26,Active
2865,a4538e4e42fe1219,Evershine Grandeur,,Malad West,Western Suburbs Extended,19.1852851,72.8358611,400064,,100,75,https://www.propi.in/search/properties,2026-06-26,2026-06-26,Active
2866,67814633155a41a1,Girdhar Park,,Malad West,Western Suburbs Extended,19.1852851,72.8358611,400064,,100,75,https://www.propi.in/search/properties,2026-06-26,2026-06-26,Active
2867,ee62091cb1c525d1,Heritage,,Malad West,Western Suburbs Extended,19.1852851,72.8358611,400064,,100,75,https://www.propi.in/search/properties,2026-06-26,2026-06-26,Active
2868,a4940cfeb8d3f162,Interface 7,,Malad West,Western Suburbs Extended,19.1852851,72.8358611,400064,,100,75,https://www.propi.in/search/properties,2026-06-26,2026-06-26,Active
2869,f47f4e776874c531,Interface Heights,,Malad West,Western Suburbs Extended,19.1852851,72.8358611,400064,,100,75,https://www.propi.in/search/properties,2026-06-26,2026-06-26,Active
2870,ae15abc8db76d81c,Irene,,Malad West,Western Suburbs Extended,19.1852851,72.8358611,400064,,100,75,https://www.propi.in/search/properties,2026-06-26,2026-06-26,Active
2871,472cd4393f7f5c47,Jaswanti Allied Business Centre,,Malad West,Western Suburbs Extended,19.1852851,72.8358611,400064,,100,75,https://www.propi.in/search/properties,2026-06-26,2026-06-26,Active
2872,a9b7867812cd22ed,Jay Nagar,,Malad West,Western Suburbs Extended,19.1852851,72.8358611,400064,,100,75,https://www.propi.in/search/properties,2026-06-26,2026-06-26,Active
2873,57211eb1bba127be,Jayshree,,Malad West,Western Suburbs Extended,19.1852851,72.8358611,400064,,100,75,https://www.propi.in/search/properties,2026-06-26,2026-06-26,Active
2874,06832ca9a24eb2e6,Kalpataru Pinnacle,,Malad West,Western Suburbs Extended,19.1852851,72.8358611,400064,Kalpataru Group,100,90,https://www.propi.in/search/properties,2026-06-26,2026-06-26,Active
2875,3feaad729de3306f,Kalpataru Radiance,,Malad West,Western Suburbs Extended,19.1852851,72.8358611,400064,Kalpataru Group,100,90,https://www.propi.in/search/properties,2026-06-26,2026-06-26,Active
2876,5d7de2184af731f6,Keval Tower,,Malad West,Western Suburbs Extended,19.1852851,72.8358611,400064,,100,75,https://www.propi.in/search/properties,2026-06-26,2026-06-26,Active
2877,94fcca2cf7cf9679,Kingston Palace,,Malad West,Western Suburbs Extended,19.1852851,72.8358611,400064,,100,75,https://www.propi.in/search/properties,2026-06-26,2026-06-26,Active
2878,acfec86685a6dd9a,Kingston Tower,,Malad West,Western Suburbs Extended,19.1852851,72.8358611,400064,,100,75,https://www.propi.in/search/properties,2026-06-26,2026-06-26,Active
2879,a29c2909a7d8aee8,Knox Plaza,,Malad West,Western Suburbs Extended,19.1852851,72.8358611,400064,,100,75,https://www.propi.in/search/properties,2026-06-26,2026-06-26,Active
2880,44bec1160a0bbb25,Krishna Balaji,,Malad West,Western Suburbs Extended,19.1852851,72.8358611,400064,,100,75,https://www.propi.in/search/properties,2026-06-26,2026-06-26,Active
2881,a4682e760c13711c,Lodha Raj Infinia,,Malad West,Western Suburbs Extended,19.1852851,72.8358611,400064,Lodha Group,100,90,https://www.propi.in/search/properties,2026-06-26,2026-06-26,Active
2882,eccc32bef660f715,Lotus,,Malad West,Western Suburbs Extended,19.1852851,72.8358611,400064,,100,75,https://www.propi.in/search/properties,2026-06-26,2026-06-26,Active
2883,bdd174218c94e389,Lotus Link Square,,Malad West,Western Suburbs Extended,19.1852851,72.8358611,400064,,100,75,https://www.propi.in/search/properties,2026-06-26,2026-06-26,Active
2884,5ac3c09fd2198427,Lotus Sky Gardens,,Malad West,Western Suburbs Extended,19.1852851,72.8358611,400064,,100,75,https://www.propi.in/search/properties,2026-06-26,2026-06-26,Active
2885,cc9aa1d68cd8f47e,Malad Swing,,Malad West,Western Suburbs Extended,19.1852851,72.8358611,400064,,100,75,https://www.propi.in/search/properties,2026-06-26,2026-06-26,Active
2886,d51e732ba46a7d3a,Malad West – Gurukrupa Marina Enclave,,Malad West,Western Suburbs Extended,19.1852851,72.8358611,400064,,100,75,https://www.propi.in/search/properties,2026-06-26,2026-06-26,Active
2887,887d7bca7e1b79e9,Manavsthal,,Malad West,Western Suburbs Extended,19.1852851,72.8358611,400064,,100,75,https://www.propi.in/search/properties,2026-06-26,2026-06-26,Active
2888,c847a531445a78d8,Marina Enclave,,Malad West,Western Suburbs Extended,19.1852851,72.8358611,400064,,100,75,https://www.propi.in/search/properties,2026-06-26,2026-06-26,Active
2889,b8ca64a21b8b4e46,Marquis Residences,,Malad West,Western Suburbs Extended,19.1852851,72.8358611,400064,,100,75,https://www.propi.in/search/properties,2026-06-26,2026-06-26,Active
2890,0a08428b3c83bcdb,Mashayakh Tower,,Malad West,Western Suburbs Extended,19.1852851,72.8358611,400064,,100,75,https://www.propi.in/search/properties,2026-06-26,2026-06-26,Active
2891,f04ce1c07ad53066,Mayfair Marvel,,Malad West,Western Suburbs Extended,19.1852851,72.8358611,400064,,100,75,https://www.propi.in/search/properties,2026-06-26,2026-06-26,Active
2892,319145758e8744ec,Metro Millenium,Metro Millennium,Malad West,Western Suburbs Extended,19.1852851,72.8358611,400064,,100,85,https://www.propi.in/search/properties,2026-06-26,2026-06-26,Active
2893,c74865274409cb3e,Montreal,,Malad West,Western Suburbs Extended,19.1852851,72.8358611,400064,,100,75,https://www.propi.in/search/properties,2026-06-26,2026-06-26,Active
2894,b1aa7bcb68c90e1c,Nakul Raj,,Malad West,Western Suburbs Extended,19.1852851,72.8358611,400064,,100,75,https://www.propi.in/search/properties,2026-06-26,2026-06-26,Active
2895,e78fadd703456836,Narang Vivenda,,Malad West,Western Suburbs Extended,19.1852851,72.8358611,400064,,100,75,https://www.propi.in/search/properties,2026-06-26,2026-06-26,Active
2896,488cddf07866f033,New Simit Apartment,,Malad West,Western Suburbs Extended,19.1852851,72.8358611,400064,,100,75,https://www.propi.in/search/properties,2026-06-26,2026-06-26,Active
2897,2ec40aac92f21812,Nirman,,Malad West,Western Suburbs Extended,19.1852851,72.8358611,400064,,100,75,https://www.propi.in/search/properties,2026-06-26,2026-06-26,Active
2898,1ff1cb289e8f0313,One World,,Malad West,Western Suburbs Extended,19.1852851,72.8358611,400064,,100,75,https://www.propi.in/search/properties,2026-06-26,2026-06-26,Active
2899,f371321a797a7df4,Optimus,,Malad West,Western Suburbs Extended,19.1852851,72.8358611,400064,,100,75,https://www.propi.in/search/properties,2026-06-26,2026-06-26,Active
2900,2eae85e97e0259a4,Palm Springs,,Malad West,Western Suburbs Extended,19.1852851,72.8358611,400064,,100,75,https://www.propi.in/search/properties,2026-06-26,2026-06-26,Active
2901,7d4d2383fa824153,Pratap Cress,,Malad West,Western Suburbs Extended,19.1852851,72.8358611,400064,,100,75,https://www.propi.in/search/properties,2026-06-26,2026-06-26,Active
2902,7a3fc49d00cd5cad,Quantum Tower,Quantum Towers,Malad West,Western Suburbs Extended,19.1852851,72.8358611,400064,,100,85,https://www.propi.in/search/properties,2026-06-26,2026-06-26,Active
2903,8cfd9e81ef839cce,Quiescent Heights,,Malad West,Western Suburbs Extended,19.1852851,72.8358611,400064,,100,75,https://www.propi.in/search/properties,2026-06-26,2026-06-26,Active
2904,89a003dd2907dd1b,Raheja Exotica,Raheja Exotica Cyprus | Raheja Exotica Sorento,Malad West,Western Suburbs Extended,19.1852851,72.8358611,400064,K. Raheja Group,100,100,https://www.propi.in/search/properties,2026-06-26,2026-06-26,Active
2905,e96a127564baa6af,Raheja Interface,Raheja Interface Heights,Malad West,Western Suburbs Extended,19.1852851,72.8358611,400064,K. Raheja Group,100,100,https://www.propi.in/search/properties,2026-06-26,2026-06-26,Active
2906,4f2dc08841b69e7c,Raj Infina,Raj Infinia,Malad West,Western Suburbs Extended,19.1852851,72.8358611,400064,,100,85,https://www.propi.in/search/properties,2026-06-26,2026-06-26,Active
2907,65732a60a30963d6,Raj Shiv Ganga,,Malad West,Western Suburbs Extended,19.1852851,72.8358611,400064,,100,75,https://www.propi.in/search/properties,2026-06-26,2026-06-26,Active
2908,dfca86747041b65a,Regent Galaxy,,Malad West,Western Suburbs Extended,19.1852851,72.8358611,400064,,100,75,https://www.propi.in/search/properties,2026-06-26,2026-06-26,Active
2909,b8bac2f2a937cccf,Rishikesh Chs,,Malad West,Western Suburbs Extended,19.1852851,72.8358611,400064,,100,75,https://www.propi.in/search/properties,2026-06-26,2026-06-26,Active
2910,c8ed86b717002626,Rohit Tower,,Malad West,Western Suburbs Extended,19.1852851,72.8358611,400064,,100,75,https://www.propi.in/search/properties,2026-06-26,2026-06-26,Active
2911,4551ef61fe44237d,Romell Diva,,Malad West,Western Suburbs Extended,19.1852851,72.8358611,400064,,100,75,https://www.propi.in/search/properties,2026-06-26,2026-06-26,Active
2912,a840fa4ad271ff60,Romell Rhythm,,Malad West,Western Suburbs Extended,19.1852851,72.8358611,400064,,100,75,https://www.propi.in/search/properties,2026-06-26,2026-06-26,Active
2913,ebaff4c0fee7615e,Royal Oasis,,Malad West,Western Suburbs Extended,19.1852851,72.8358611,400064,,100,75,https://www.propi.in/search/properties,2026-06-26,2026-06-26,Active
2914,1f633179042624fe,Runwal Auris,,Malad West,Western Suburbs Extended,19.1852851,72.8358611,400064,Runwal Group,100,90,https://www.propi.in/search/properties,2026-06-26,2026-06-26,Active
2915,b4ea73a5b074d707,Ruparel Stardom,,Malad West,Western Suburbs Extended,19.1852851,72.8358611,400064,Ruparel Group,100,90,https://www.propi.in/search/properties,2026-06-26,2026-06-26,Active
2916,8e0205bb6640413e,Rustomjee Adarsh Excellency,,Malad West,Western Suburbs Extended,19.1852851,72.8358611,400064,Rustomjee Group,100,90,https://www.propi.in/search/properties,2026-06-26,2026-06-26,Active
2917,37d21b150052eba8,Rustomjee Elanza,,Malad West,Western Suburbs Extended,19.1852851,72.8358611,400064,Rustomjee Group,100,90,https://www.propi.in/search/properties,2026-06-26,2026-06-26,Active
2918,b2cb99e9b5222cc3,Rustomjee Riviera,,Malad West,Western Suburbs Extended,19.1852851,72.8358611,400064,Rustomjee Group,100,90,https://www.propi.in/search/properties,2026-06-26,2026-06-26,Active
2919,0ddcddf89d4102e6,Sand Dunes,,Malad West,Western Suburbs Extended,19.1852851,72.8358611,400064,,100,75,https://www.propi.in/search/properties,2026-06-26,2026-06-26,Active
2920,33321308419caba1,Saptaratna Tower,,Malad West,Western Suburbs Extended,19.1852851,72.8358611,400064,,100,75,https://www.propi.in/search/properties,2026-06-26,2026-06-26,Active
2921,38be1b5c9a7b4cc8,Sati Darshan,,Malad West,Western Suburbs Extended,19.1852851,72.8358611,400064,,100,75,https://www.propi.in/search/properties,2026-06-26,2026-06-26,Active
2922,be24446ff9a6f9e9,Serenity Heights,,Malad West,Western Suburbs Extended,19.1852851,72.8358611,400064,,100,75,https://www.propi.in/search/properties,2026-06-26,2026-06-26,Active
2923,dac3133aa041a8e0,Shakti Enclave,,Malad West,Western Suburbs Extended,19.1852851,72.8358611,400064,,100,75,https://www.propi.in/search/properties,2026-06-26,2026-06-26,Active
2924,51c52c5b13983cb8,Shakti Tower,,Malad West,Western Suburbs Extended,19.1852851,72.8358611,400064,,100,75,https://www.propi.in/search/properties,2026-06-26,2026-06-26,Active
2925,d8b33fe5ac84c382,Sheth Irene,,Malad West,Western Suburbs Extended,19.1852851,72.8358611,400064,Sheth Developers,100,90,https://www.propi.in/search/properties,2026-06-26,2026-06-26,Active
2926,5e9e1db9b339615d,Shree Ahimsa Dham,,Malad West,Western Suburbs Extended,19.1852851,72.8358611,400064,,100,75,https://www.propi.in/search/properties,2026-06-26,2026-06-26,Active
2927,3550db769f4ed0f4,Shree Balaji Aashirwad,,Malad West,Western Suburbs Extended,19.1852851,72.8358611,400064,,100,75,https://www.propi.in/search/properties,2026-06-26,2026-06-26,Active
2928,af81808042cf9d2c,Shree Vallabh Tower,,Malad West,Western Suburbs Extended,19.1852851,72.8358611,400064,,100,75,https://www.propi.in/search/properties,2026-06-26,2026-06-26,Active
2929,b1815f897aabbe85,Shreeji Aspire,,Malad West,Western Suburbs Extended,19.1852851,72.8358611,400064,,100,75,https://www.propi.in/search/properties,2026-06-26,2026-06-26,Active
2930,cd3d13cfc78a11fe,Shreeji Atlantis,,Malad West,Western Suburbs Extended,19.1852851,72.8358611,400064,,100,75,https://www.propi.in/search/properties,2026-06-26,2026-06-26,Active
2931,aa131b7c3698db43,Shreeji Eternity,,Malad West,Western Suburbs Extended,19.1852851,72.8358611,400064,,100,75,https://www.propi.in/search/properties,2026-06-26,2026-06-26,Active
2932,5fdfd5d1fbeeac7c,Shreeji Nakshatra,,Malad West,Western Suburbs Extended,19.1852851,72.8358611,400064,,100,75,https://www.propi.in/search/properties,2026-06-26,2026-06-26,Active
2933,f51c3f8430a7fbeb,Shri Balaji Ashirwad,,Malad West,Western Suburbs Extended,19.1852851,72.8358611,400064,,100,75,https://www.propi.in/search/properties,2026-06-26,2026-06-26,Active
2934,25a307dcc00293f8,Shri Balaji Enclave,,Malad West,Western Suburbs Extended,19.1852851,72.8358611,400064,,100,75,https://www.propi.in/search/properties,2026-06-26,2026-06-26,Active
2935,a21bb686e659aaf8,Silicon Park,,Malad West,Western Suburbs Extended,19.1852851,72.8358611,400064,,100,75,https://www.propi.in/search/properties,2026-06-26,2026-06-26,Active
2936,b7da44a34bb54d57,Silicon Park 3,,Malad West,Western Suburbs Extended,19.1852851,72.8358611,400064,,100,75,https://www.propi.in/search/properties,2026-06-26,2026-06-26,Active
2937,c5b5cee2d86ef163,Solitaire Heights,,Malad West,Western Suburbs Extended,19.1852851,72.8358611,400064,,100,75,https://www.propi.in/search/properties,2026-06-26,2026-06-26,Active
2938,edd156270181dea7,Sonata,,Malad West,Western Suburbs Extended,19.1852851,72.8358611,400064,,100,75,https://www.propi.in/search/properties,2026-06-26,2026-06-26,Active
2939,772cea3dd8ed58f7,Treesourous,,Malad West,Western Suburbs Extended,19.1852851,72.8358611,400064,,100,75,https://www.propi.in/search/properties,2026-06-26,2026-06-26,Active
2940,1d5bed61b16b453d,VIR Paradise,,Malad West,Western Suburbs Extended,19.1852851,72.8358611,400064,,100,75,https://www.propi.in/search/properties,2026-06-26,2026-06-26,Active
2941,a16c56d46b7ae9d6,Vastu Park,,Malad West,Western Suburbs Extended,19.1852851,72.8358611,400064,,100,75,https://www.propi.in/search/properties,2026-06-26,2026-06-26,Active
2942,17fa416d3aea0d7f,Vikas Park,Vikas Park Tower,Malad West,Western Suburbs Extended,19.1852851,72.8358611,400064,,100,85,https://www.propi.in/search/properties,2026-06-26,2026-06-26,Active
2943,276a0d6636256940,Vineet Tower,,Malad West,Western Suburbs Extended,19.1852851,72.8358611,400064,,100,75,https://www.propi.in/search/properties,2026-06-26,2026-06-26,Active
2944,0071448012b9843a,Vini Tower,,Malad West,Western Suburbs Extended,19.1852851,72.8358611,400064,,100,75,https://www.propi.in/search/properties,2026-06-26,2026-06-26,Active
2945,925ba7ead57c671a,Whispering Heights,,Malad West,Western Suburbs Extended,19.1852851,72.8358611,400064,,100,75,https://www.propi.in/search/properties,2026-06-26,2026-06-26,Active
2946,edbb6eca5cd9697d,World One,,Malad West,Western Suburbs Extended,19.1852851,72.8358611,400064,,100,75,https://www.propi.in/search/properties,2026-06-26,2026-06-26,Active
2947,aae2202aeb07b56e,Ajmera Midtown,,Marine Drive,South Mumbai Prime,18.9498157,72.8188148,400020,Ajmera Group,100,90,https://www.propi.in/search/properties,2026-06-26,2026-06-26,Active
2948,23fde14d0e7e0d78,Bharat Mahal,,Marine Drive,South Mumbai Prime,18.9498157,72.8188148,400020,,100,75,https://www.propi.in/search/properties,2026-06-26,2026-06-26,Active
2949,609e74fd5ae3b911,Krishna Mahal,,Marine Drive,South Mumbai Prime,18.9498157,72.8188148,400020,,100,75,https://www.propi.in/search/properties,2026-06-26,2026-06-26,Active
2950,f24cec1354d8af7a,Mistry Court,,Marine Drive,South Mumbai Prime,18.9498157,72.8188148,400020,,100,75,https://www.propi.in/search/properties,2026-06-26,2026-06-26,Active
2951,5e19a6693db48066,Niranjan,,Marine Drive,South Mumbai Prime,18.9498157,72.8188148,400020,,100,75,https://www.propi.in/search/properties,2026-06-26,2026-06-26,Active
2952,4951b377e2091cff,Shanti Niketan,,Marine Drive,South Mumbai Prime,18.9498157,72.8188148,400020,,100,75,https://www.propi.in/search/properties,2026-06-26,2026-06-26,Active
2953,692d8b2cfc4381a1,Shyam Sadan,,Marine Drive,South Mumbai Prime,18.9498157,72.8188148,400020,,100,75,https://www.propi.in/search/properties,2026-06-26,2026-06-26,Active
2954,72e7fb2feccea4e8,Vijay Mahal,,Marine Drive,South Mumbai Prime,18.9498157,72.8188148,400020,,100,75,https://www.propi.in/search/properties,2026-06-26,2026-06-26,Active
2955,f686033fc67251af,Churchgate Chambers,,Marine Lines,,18.945764,72.8237193,400020,,100,60,https://www.propi.in/search/properties,2026-06-26,2026-06-26,Active
2956,cddf2da02b40f3f7,Dalamal Chambers,,Marine Lines,,18.945764,72.8237193,400020,,100,60,https://www.propi.in/search/properties,2026-06-26,2026-06-26,Active
2957,d8b43336471b87d1,Engineer,Engineer Building,Marine Lines,,18.945764,72.8237193,400020,,100,70,https://www.propi.in/search/properties,2026-06-26,2026-06-26,Active
2958,68d4d9b24fc575b8,Jolly Bhavan No. 2,,Marine Lines,,18.945764,72.8237193,400020,,100,60,https://www.propi.in/search/properties,2026-06-26,2026-06-26,Active
2959,3a7fe0221bdbee68,Marine Palace,,Marine Lines,,18.945764,72.8237193,400020,,100,60,https://www.propi.in/search/properties,2026-06-26,2026-06-26,Active
2960,b0383e0b3f4c4437,One Marina,,Marine Lines,,18.945764,72.8237193,400020,,100,60,https://www.propi.in/search/properties,2026-06-26,2026-06-26,Active
2961,2fc5fbd2617b125e,Pearl mansion,,Marine Lines,,18.945764,72.8237193,400020,,100,60,https://www.propi.in/search/properties,2026-06-26,2026-06-26,Active
2962,10d8b4205d55bac2,Pil Court,,Marine Lines,,18.945764,72.8237193,400020,,100,60,https://www.propi.in/search/properties,2026-06-26,2026-06-26,Active
2963,bbe4165ecef63b3e,Prestige Ocean,Prestige Ocean Towers,Marine Lines,,18.945764,72.8237193,400020,Prestige Group,100,85,https://www.propi.in/search/properties,2026-06-26,2026-06-26,Active
2964,8566bb265e6ab455,Rewa Chambers,,Marine Lines,,18.945764,72.8237193,400020,,100,60,https://www.propi.in/search/properties,2026-06-26,2026-06-26,Active
2965,1b5e42f9731c030e,Standard House,,Marine Lines,,18.945764,72.8237193,400020,,100,60,https://www.propi.in/search/properties,2026-06-26,2026-06-26,Active
2966,972820789491a024,Aangan,,Matunga,Central Suburbs,19.0274356,72.8501467,400019,,100,75,https://www.propi.in/search/properties,2026-06-26,2026-06-26,Active
2967,c6b35684c5cb8831,Ajay Shopping Centre,,Matunga,Central Suburbs,19.0274356,72.8501467,400019,,100,75,https://www.propi.in/search/properties,2026-06-26,2026-06-26,Active
2968,3804a2ff34546d4f,Cote De Orient,,Matunga,Central Suburbs,19.0274356,72.8501467,400019,,100,75,https://www.propi.in/search/properties,2026-06-26,2026-06-26,Active
2969,afa4cc3d82180053,Dwarkamai Tower,,Matunga,Central Suburbs,19.0274356,72.8501467,400019,,100,75,https://www.propi.in/search/properties,2026-06-26,2026-06-26,Active
2970,a9799a7d977f1dcf,Hubtown Harmony,,Matunga,Central Suburbs,19.0274356,72.8501467,400019,Hubtown,100,90,https://www.propi.in/search/properties,2026-06-26,2026-06-26,Active
2971,9dd9583909cf6932,Hubtown Heavens,,Matunga,Central Suburbs,19.0274356,72.8501467,400019,Hubtown,100,90,https://www.propi.in/search/properties,2026-06-26,2026-06-26,Active
2972,d45d2525a33f4337,Kesar Horizon,,Matunga,Central Suburbs,19.0274356,72.8501467,400019,,100,75,https://www.propi.in/search/properties,2026-06-26,2026-06-26,Active
2973,5c3e3abb2a94ddae,Lifescapes Mirage,,Matunga,Central Suburbs,19.0274356,72.8501467,400019,,100,75,https://www.propi.in/search/properties,2026-06-26,2026-06-26,Active
2974,b1b533a8785a758b,Lifespaces Mirage,,Matunga,Central Suburbs,19.0274356,72.8501467,400019,,100,75,https://www.propi.in/search/properties,2026-06-26,2026-06-26,Active
2975,56738dc4b05b57d9,Lodha Signet,,Matunga,Central Suburbs,19.0274356,72.8501467,400019,Lodha Group,100,90,https://www.propi.in/search/properties,2026-06-26,2026-06-26,Active
2976,38f98527f61a9d07,Mahavir Ville,,Matunga,Central Suburbs,19.0274356,72.8501467,400019,,100,75,https://www.propi.in/search/properties,2026-06-26,2026-06-26,Active
2977,b232911722d0a0ca,Modi Kunj,,Matunga,Central Suburbs,19.0274356,72.8501467,400019,,100,75,https://www.propi.in/search/properties,2026-06-26,2026-06-26,Active
2978,415c360f5b3e40a0,Pinnacle,,Matunga,Central Suburbs,19.0274356,72.8501467,400019,,100,75,https://www.propi.in/search/properties,2026-06-26,2026-06-26,Active
2979,18f17dacdcdb8590,Pratibha,,Matunga,Central Suburbs,19.0274356,72.8501467,400019,,100,75,https://www.propi.in/search/properties,2026-06-26,2026-06-26,Active
2980,b1f2ed8fc937fbeb,Ruparel Iris,,Matunga,Central Suburbs,19.0274356,72.8501467,400019,Ruparel Group,100,90,https://www.propi.in/search/properties,2026-06-26,2026-06-26,Active
2981,58f21d7897a01dcf,Rupji Swapnapurti,,Matunga,Central Suburbs,19.0274356,72.8501467,400019,,100,75,https://www.propi.in/search/properties,2026-06-26,2026-06-26,Active
2982,ba454600b33430a8,Rustomjee 180 Bayview,,Matunga,Central Suburbs,19.0274356,72.8501467,400019,Rustomjee Group,100,90,https://www.propi.in/search/properties,2026-06-26,2026-06-26,Active
2983,41d507f9ba2bdedd,Siddhachal,,Matunga,Central Suburbs,19.0274356,72.8501467,400019,,100,75,https://www.propi.in/search/properties,2026-06-26,2026-06-26,Active
2984,459439930c304c3b,Tridhaatu Aaroha,,Matunga,Central Suburbs,19.0274356,72.8501467,400019,,100,75,https://www.propi.in/search/properties,2026-06-26,2026-06-26,Active
2985,86d56da21de43450,Venus,,Matunga,Central Suburbs,19.0274356,72.8501467,400019,,100,75,https://www.propi.in/search/properties,2026-06-26,2026-06-26,Active
2986,1cef347c2423847c,W54,,Matunga,Central Suburbs,19.0274356,72.8501467,400019,,100,75,https://www.propi.in/search/properties,2026-06-26,2026-06-26,Active
2987,eeba86c578e3d27d,Wadhwa Pristine,,Matunga,Central Suburbs,19.0274356,72.8501467,400019,Wadhwa Group,100,90,https://www.propi.in/search/properties,2026-06-26,2026-06-26,Active
2988,daaaf342bd292a3e,Hubtown Harmony,,Matunga East,Central Suburbs,19.0261579,72.8520846,400019,Hubtown,100,90,https://www.propi.in/search/properties,2026-06-26,2026-06-26,Active
2989,00c944e470e0e034,Manav Heights,,Matunga East,Central Suburbs,19.0261579,72.8520846,400019,,100,75,https://www.propi.in/search/properties,2026-06-26,2026-06-26,Active
2990,a67ff22fba68b46a,Aaditya Elegance,,Matunga West,,19.0317259,72.8433917,400016,,100,60,https://www.propi.in/search/properties,2026-06-26,2026-06-26,Active
2991,2b3e93a93fd91d7d,Infinity,,Mazgaon,,18.9697337,72.8406201,200008,,100,60,https://www.propi.in/search/properties,2026-06-26,2026-06-26,Active
2992,e9c86fd2013332bf,Aangan Avalon,,Mira Road,Western Suburbs Far,19.1878962,72.8365955,400601,,100,75,https://www.propi.in/search/properties,2026-06-26,2026-06-26,Active
2993,b0b5609912fe935e,Antariksh,,Mira Road,Western Suburbs Far,19.1878962,72.8365955,400601,,100,75,https://www.propi.in/search/properties,2026-06-26,2026-06-26,Active
2994,9579f02897995d0b,Arch Garden,,Mira Road,Western Suburbs Far,19.1878962,72.8365955,400601,,100,75,https://www.propi.in/search/properties,2026-06-26,2026-06-26,Active
2995,00c8a181bb213b0a,Arena,,Mira Road,Western Suburbs Far,19.1878962,72.8365955,400601,,100,75,https://www.propi.in/search/properties,2026-06-26,2026-06-26,Active
2996,ed483cc23c95ed5a,Arkade Art,,Mira Road,Western Suburbs Far,19.1878962,72.8365955,400601,,100,75,https://www.propi.in/search/properties,2026-06-26,2026-06-26,Active
2997,bfc54cb6e6ed63b4,Avant Garde,,Mira Road,Western Suburbs Far,19.1878962,72.8365955,400601,,100,75,https://www.propi.in/search/properties,2026-06-26,2026-06-26,Active
2998,5cb5476f43f1e882,Beverly Park,,Mira Road,Western Suburbs Far,19.1878962,72.8365955,400601,,100,75,https://www.propi.in/search/properties,2026-06-26,2026-06-26,Active
2999,e6af464b780cc288,Bhairav Residency,,Mira Road,Western Suburbs Far,19.1878962,72.8365955,400601,,100,75,https://www.propi.in/search/properties,2026-06-26,2026-06-26,Active
3000,ca384ded129dc599,Cluster,,Mira Road,Western Suburbs Far,19.1878962,72.8365955,400601,,100,75,https://www.propi.in/search/properties,2026-06-26,2026-06-26,Active
3001,96caaf54a94b517f,Delta Vrindavan,,Mira Road,Western Suburbs Far,19.1878962,72.8365955,400601,,100,75,https://www.propi.in/search/properties,2026-06-26,2026-06-26,Active
3002,e5d1e3331ba24cab,Delta Woods,,Mira Road,Western Suburbs Far,19.1878962,72.8365955,400601,,100,75,https://www.propi.in/search/properties,2026-06-26,2026-06-26,Active
3003,b5042893439ee3d8,Dev Paradise,,Mira Road,Western Suburbs Far,19.1878962,72.8365955,400601,,100,75,https://www.propi.in/search/properties,2026-06-26,2026-06-26,Active
3004,847c664e70b53bb6,Evershine Woods,,Mira Road,Western Suburbs Far,19.1878962,72.8365955,400601,,100,75,https://www.propi.in/search/properties,2026-06-26,2026-06-26,Active
3005,05112481643d35df,Gaurav Avishkar,,Mira Road,Western Suburbs Far,19.1878962,72.8365955,400601,,100,75,https://www.propi.in/search/properties,2026-06-26,2026-06-26,Active
3006,b74af03a2d94c532,Gaurav Chintan,,Mira Road,Western Suburbs Far,19.1878962,72.8365955,400601,,100,75,https://www.propi.in/search/properties,2026-06-26,2026-06-26,Active
3007,31cb1f3bc46e70b0,Gaurav Excellency,,Mira Road,Western Suburbs Far,19.1878962,72.8365955,400601,,100,75,https://www.propi.in/search/properties,2026-06-26,2026-06-26,Active
3008,82dbc5e1a44a65fd,Gaurav Greens,,Mira Road,Western Suburbs Far,19.1878962,72.8365955,400601,,100,75,https://www.propi.in/search/properties,2026-06-26,2026-06-26,Active
3009,1e09cc9b980ea474,Gaurav Regency,,Mira Road,Western Suburbs Far,19.1878962,72.8365955,400601,,100,75,https://www.propi.in/search/properties,2026-06-26,2026-06-26,Active
3010,80e3cb17d57a4172,Gaurav Samruddhi,,Mira Road,Western Suburbs Far,19.1878962,72.8365955,400601,,100,75,https://www.propi.in/search/properties,2026-06-26,2026-06-26,Active
3011,9f98261d7fc821b0,Gaurav Woods,,Mira Road,Western Suburbs Far,19.1878962,72.8365955,400601,,100,75,https://www.propi.in/search/properties,2026-06-26,2026-06-26,Active
3012,065a127d1d3678a9,Heena Presidency,,Mira Road,Western Suburbs Far,19.1878962,72.8365955,400601,,100,75,https://www.propi.in/search/properties,2026-06-26,2026-06-26,Active
3013,47a2bfbdbdb8cf80,Hetal Park,,Mira Road,Western Suburbs Far,19.1878962,72.8365955,400601,,100,75,https://www.propi.in/search/properties,2026-06-26,2026-06-26,Active
3014,560704696f0b78b6,Hubtown Gardenia,,Mira Road,Western Suburbs Far,19.1878962,72.8365955,400601,Hubtown,100,90,https://www.propi.in/search/properties,2026-06-26,2026-06-26,Active
3015,ebda93d60af22733,Hubtown Iris,,Mira Road,Western Suburbs Far,19.1878962,72.8365955,400601,Hubtown,100,90,https://www.propi.in/search/properties,2026-06-26,2026-06-26,Active
3016,cf026406f3753454,JK Iris,,Mira Road,Western Suburbs Far,19.1878962,72.8365955,400601,,100,75,https://www.propi.in/search/properties,2026-06-26,2026-06-26,Active
3017,4a76077a40409a16,JP North,,Mira Road,Western Suburbs Far,19.1878962,72.8365955,400601,,100,75,https://www.propi.in/search/properties,2026-06-26,2026-06-26,Active
3018,0e77246ac1c141bf,JP North Garden City,,Mira Road,Western Suburbs Far,19.1878962,72.8365955,400601,,100,75,https://www.propi.in/search/properties,2026-06-26,2026-06-26,Active
3019,a361351d93925430,Kakad Paradise,,Mira Road,Western Suburbs Far,19.1878962,72.8365955,400601,,100,75,https://www.propi.in/search/properties,2026-06-26,2026-06-26,Active
3020,7235bca572a6ff5e,Kalpataru Srishti Namaah,,Mira Road,Western Suburbs Far,19.1878962,72.8365955,400601,Kalpataru Group,100,90,https://www.propi.in/search/properties,2026-06-26,2026-06-26,Active
3021,916de34593877890,Kasturi Heights,,Mira Road,Western Suburbs Far,19.1878962,72.8365955,400601,,100,75,https://www.propi.in/search/properties,2026-06-26,2026-06-26,Active
3022,0e154fa22012b232,Laxmi Paradise,,Mira Road,Western Suburbs Far,19.1878962,72.8365955,400601,,100,75,https://www.propi.in/search/properties,2026-06-26,2026-06-26,Active
3023,2ad85243744efa7c,Lodha Aqua Artica,,Mira Road,Western Suburbs Far,19.1878962,72.8365955,400601,Lodha Group,100,90,https://www.propi.in/search/properties,2026-06-26,2026-06-26,Active
3024,3d4db594d554bd51,Mahadev Complex,,Mira Road,Western Suburbs Far,19.1878962,72.8365955,400601,,100,75,https://www.propi.in/search/properties,2026-06-26,2026-06-26,Active
3025,f41ef39c03b0f808,Man Opus,,Mira Road,Western Suburbs Far,19.1878962,72.8365955,400601,,100,75,https://www.propi.in/search/properties,2026-06-26,2026-06-26,Active
3026,281d67f3b59e0b97,Mira Sagar,,Mira Road,Western Suburbs Far,19.1878962,72.8365955,400601,,100,75,https://www.propi.in/search/properties,2026-06-26,2026-06-26,Active
3027,e3676a8567a98652,N G Shelter,,Mira Road,Western Suburbs Far,19.1878962,72.8365955,400601,,100,75,https://www.propi.in/search/properties,2026-06-26,2026-06-26,Active
3028,806d8876bfaa88d6,N.G.Galaxy,,Mira Road,Western Suburbs Far,19.1878962,72.8365955,400601,,100,75,https://www.propi.in/search/properties,2026-06-26,2026-06-26,Active
3029,15198befd5ae8741,N.G.Palms,,Mira Road,Western Suburbs Far,19.1878962,72.8365955,400601,,100,75,https://www.propi.in/search/properties,2026-06-26,2026-06-26,Active
3030,7e30578e89c4a17c,N.G.Vedant,,Mira Road,Western Suburbs Far,19.1878962,72.8365955,400601,,100,75,https://www.propi.in/search/properties,2026-06-26,2026-06-26,Active
3031,1ba833a6810de7bc,Nakshatra Tower,,Mira Road,Western Suburbs Far,19.1878962,72.8365955,400601,,100,75,https://www.propi.in/search/properties,2026-06-26,2026-06-26,Active
3032,9997564490382a69,Neminath Heights,,Mira Road,Western Suburbs Far,19.1878962,72.8365955,400601,,100,75,https://www.propi.in/search/properties,2026-06-26,2026-06-26,Active
3033,ca8d5b86b78953b7,Om Tower,,Mira Road,Western Suburbs Far,19.1878962,72.8365955,400601,,100,75,https://www.propi.in/search/properties,2026-06-26,2026-06-26,Active
3034,40a95835d350e089,Ostwal Orbit,,Mira Road,Western Suburbs Far,19.1878962,72.8365955,400601,,100,75,https://www.propi.in/search/properties,2026-06-26,2026-06-26,Active
3035,75e3d149dad6ae58,Ostwal Orchid,,Mira Road,Western Suburbs Far,19.1878962,72.8365955,400601,,100,75,https://www.propi.in/search/properties,2026-06-26,2026-06-26,Active
3036,559cddfdea8d21a2,Ostwal Point,,Mira Road,Western Suburbs Far,19.1878962,72.8365955,400601,,100,75,https://www.propi.in/search/properties,2026-06-26,2026-06-26,Active
3037,840e3dada6bbf6e8,Pinnacolo,,Mira Road,Western Suburbs Far,19.1878962,72.8365955,400601,,100,75,https://www.propi.in/search/properties,2026-06-26,2026-06-26,Active
3038,c0de9bb881f7f1dc,Poonam Orbit,,Mira Road,Western Suburbs Far,19.1878962,72.8365955,400601,,100,75,https://www.propi.in/search/properties,2026-06-26,2026-06-26,Active
3039,0e8044fc978608b2,RNA Courtyard,,Mira Road,Western Suburbs Far,19.1878962,72.8365955,400601,,100,75,https://www.propi.in/search/properties,2026-06-26,2026-06-26,Active
3040,c8b7c65d53b238ee,Raj Exotica,,Mira Road,Western Suburbs Far,19.1878962,72.8365955,400601,,100,75,https://www.propi.in/search/properties,2026-06-26,2026-06-26,Active
3041,ee1ee7abfe52febd,Raj Horizon,,Mira Road,Western Suburbs Far,19.1878962,72.8365955,400601,,100,75,https://www.propi.in/search/properties,2026-06-26,2026-06-26,Active
3042,c5e26c6cf1f78282,Raj Mandir Complex,,Mira Road,Western Suburbs Far,19.1878962,72.8365955,400601,,100,75,https://www.propi.in/search/properties,2026-06-26,2026-06-26,Active
3043,21705bf806610091,Rashmi Hetal,,Mira Road,Western Suburbs Far,19.1878962,72.8365955,400601,,100,75,https://www.propi.in/search/properties,2026-06-26,2026-06-26,Active
3044,ad0a32180e2b8617,Rashmi Prime Corner,,Mira Road,Western Suburbs Far,19.1878962,72.8365955,400601,,100,75,https://www.propi.in/search/properties,2026-06-26,2026-06-26,Active
3045,dbd641510aaf4083,Raviraj Spring,,Mira Road,Western Suburbs Far,19.1878962,72.8365955,400601,,100,75,https://www.propi.in/search/properties,2026-06-26,2026-06-26,Active
3046,40dff5a40975aa5e,S.K. Imperial Height,,Mira Road,Western Suburbs Far,19.1878962,72.8365955,400601,,100,75,https://www.propi.in/search/properties,2026-06-26,2026-06-26,Active
3047,e95841685abad17e,Sadguru Complex,,Mira Road,Western Suburbs Far,19.1878962,72.8365955,400601,,100,75,https://www.propi.in/search/properties,2026-06-26,2026-06-26,Active
3048,bdc645b3c011a335,Salasar Aashirwad,,Mira Road,Western Suburbs Far,19.1878962,72.8365955,400601,,100,75,https://www.propi.in/search/properties,2026-06-26,2026-06-26,Active
3049,9592a0e86c1dc7c0,Sandstone,,Mira Road,Western Suburbs Far,19.1878962,72.8365955,400601,,100,75,https://www.propi.in/search/properties,2026-06-26,2026-06-26,Active
3050,179b45b4b254ab95,Sanghvi Complex,,Mira Road,Western Suburbs Far,19.1878962,72.8365955,400601,,100,75,https://www.propi.in/search/properties,2026-06-26,2026-06-26,Active
3051,24a9201be106d905,Sanghvi Ecocity,,Mira Road,Western Suburbs Far,19.1878962,72.8365955,400601,,100,75,https://www.propi.in/search/properties,2026-06-26,2026-06-26,Active
3052,5087d1b3e42522b4,Sanghvi Nagar,,Mira Road,Western Suburbs Far,19.1878962,72.8365955,400601,,100,75,https://www.propi.in/search/properties,2026-06-26,2026-06-26,Active
3053,8cddc51bf0189235,Shanti Garden,,Mira Road,Western Suburbs Far,19.1878962,72.8365955,400601,,100,75,https://www.propi.in/search/properties,2026-06-26,2026-06-26,Active
3054,81470f7a9d2eef88,Srishti,,Mira Road,Western Suburbs Far,19.1878962,72.8365955,400601,,100,75,https://www.propi.in/search/properties,2026-06-26,2026-06-26,Active
3055,ba5ddc3ab7843674,Sunder Aagan,,Mira Road,Western Suburbs Far,19.1878962,72.8365955,400601,,100,75,https://www.propi.in/search/properties,2026-06-26,2026-06-26,Active
3056,fdcd8516a98e8991,Swarna,,Mira Road,Western Suburbs Far,19.1878962,72.8365955,400601,,100,75,https://www.propi.in/search/properties,2026-06-26,2026-06-26,Active
3057,f618e6a1db27f9e8,Swayam,,Mira Road,Western Suburbs Far,19.1878962,72.8365955,400601,,100,75,https://www.propi.in/search/properties,2026-06-26,2026-06-26,Active
3058,6c3aed920f0b84e9,Unique Aurum,,Mira Road,Western Suburbs Far,19.1878962,72.8365955,400601,,100,75,https://www.propi.in/search/properties,2026-06-26,2026-06-26,Active
3059,a49464e73de61dd6,Unique Signature,,Mira Road,Western Suburbs Far,19.1878962,72.8365955,400601,,100,75,https://www.propi.in/search/properties,2026-06-26,2026-06-26,Active
3060,cdd79a689ad208b6,Vasudev Planet,,Mira Road,Western Suburbs Far,19.1878962,72.8365955,400601,,100,75,https://www.propi.in/search/properties,2026-06-26,2026-06-26,Active
3061,c404bff53fbdfd78,Vrindavan Tower,,Mira Road,Western Suburbs Far,19.1878962,72.8365955,400601,,100,75,https://www.propi.in/search/properties,2026-06-26,2026-06-26,Active
3062,021fbba64040cc01,Beverly Park,,Mira Road East,Western Suburbs Far,,,,,100,50,https://www.propi.in/search/properties,2026-06-26,2026-06-26,Active
3063,c3d18fc6da54968c,Kalpataru Elitus,Kalpataru Elitus,Mulund West,Eastern Suburbs,19.1721366,72.9566971,400081,Kalpataru Group,100,100,https://www.propi.in/search/properties,2026-06-26,2026-06-26,Active
3064,c5957a16f4289513,Arihant Darpan,,Mulund East,Eastern Suburbs,19.1704719,72.9610447,400081,Arihant Group,100,90,https://www.propi.in/search/properties,2026-06-26,2026-06-26,Active
3065,0d46ab16fcbc3010,Sanskar,,Mulund East,Eastern Suburbs,19.1704719,72.9610447,400081,,100,75,https://www.propi.in/search/properties,2026-06-26,2026-06-26,Active
3066,393bfca6c218a64b,Shree Ram,,Mulund East,Eastern Suburbs,19.1704719,72.9610447,400081,,100,75,https://www.propi.in/search/properties,2026-06-26,2026-06-26,Active
3067,37aeedf1474e2427,Asha Apartment,,Mulund West,Eastern Suburbs,19.1719717,72.9511956,400080,,100,75,https://www.propi.in/search/properties,2026-06-26,2026-06-26,Active
3068,12cd5fac5a17f8f3,Ashford Royale,,Mulund West,Eastern Suburbs,19.1719717,72.9511956,400080,,100,75,https://www.propi.in/search/properties,2026-06-26,2026-06-26,Active
3069,03ab252858a537cb,Ashwa Platinum,,Mulund West,Eastern Suburbs,19.1719717,72.9511956,400080,,100,75,https://www.propi.in/search/properties,2026-06-26,2026-06-26,Active
3070,d118ba5dd1b0cd58,Atmosphere,,Mulund West,Eastern Suburbs,19.1719717,72.9511956,400080,,100,75,https://www.propi.in/search/properties,2026-06-26,2026-06-26,Active
3071,e5b5caeefd77f995,Atmosphere 02,,Mulund West,Eastern Suburbs,19.1719717,72.9511956,400080,,100,75,https://www.propi.in/search/properties,2026-06-26,2026-06-26,Active
3072,2ecec25f9564bc56,City Of Joy,,Mulund West,Eastern Suburbs,19.1719717,72.9511956,400080,,100,75,https://www.propi.in/search/properties,2026-06-26,2026-06-26,Active
3073,748de5067e784111,City Of Joy II,,Mulund West,Eastern Suburbs,19.1719717,72.9511956,400080,,100,75,https://www.propi.in/search/properties,2026-06-26,2026-06-26,Active
3074,f3bf2a825fd88df6,Golden Willows,,Mulund West,Eastern Suburbs,19.1719717,72.9511956,400080,,100,75,https://www.propi.in/search/properties,2026-06-26,2026-06-26,Active
3075,5c31b7e1a708c4ea,Kalpataru Elitus Mulund West,Kalpataru Elitus Mulund Weast,Mulund West,Eastern Suburbs,19.1719717,72.9511956,400080,Kalpataru Group,100,100,https://www.propi.in/search/properties,2026-06-26,2026-06-26,Active
3076,cb1baac9c0d6c087,Kalpataru Summit,,Mulund West,Eastern Suburbs,19.1719717,72.9511956,400080,Kalpataru Group,100,90,https://www.propi.in/search/properties,2026-06-26,2026-06-26,Active
3077,0f66c5593d256b76,Kingston,,Mulund West,Eastern Suburbs,19.1719717,72.9511956,400080,,100,75,https://www.propi.in/search/properties,2026-06-26,2026-06-26,Active
3078,7b7350f0f01e2cc7,LandT Rejuve,L&T Rejuve 360,Mulund West,Eastern Suburbs,19.1719717,72.9511956,400080,L&T Realty,100,100,https://www.propi.in/search/properties,2026-06-26,2026-06-26,Active
3079,0b1d07256e2b707b,Lok Everest,,Mulund West,Eastern Suburbs,19.1719717,72.9511956,400080,,100,75,https://www.propi.in/search/properties,2026-06-26,2026-06-26,Active
3080,1ac8aa2beaa303ab,Maple Heights,,Mulund West,Eastern Suburbs,19.1719717,72.9511956,400080,,100,75,https://www.propi.in/search/properties,2026-06-26,2026-06-26,Active
3081,7e4d0cd6ef3ea247,Marathon Cosmos,,Mulund West,Eastern Suburbs,19.1719717,72.9511956,400080,Marathon Group,100,90,https://www.propi.in/search/properties,2026-06-26,2026-06-26,Active
3082,a0d61862f290cb56,Marathon Millennia,,Mulund West,Eastern Suburbs,19.1719717,72.9511956,400080,Marathon Group,100,90,https://www.propi.in/search/properties,2026-06-26,2026-06-26,Active
3083,b80d4011c861c0d3,Maxima,,Mulund West,Eastern Suburbs,19.1719717,72.9511956,400080,,100,75,https://www.propi.in/search/properties,2026-06-26,2026-06-26,Active
3084,98b7428e2c88586d,Oberoi Enigma,,Mulund West,Eastern Suburbs,19.1719717,72.9511956,400080,Oberoi Realty,100,90,https://www.propi.in/search/properties,2026-06-26,2026-06-26,Active
3085,b1979c129d348fd3,Oberoi Eternia,,Mulund West,Eastern Suburbs,19.1719717,72.9511956,400080,Oberoi Realty,100,90,https://www.propi.in/search/properties,2026-06-26,2026-06-26,Active
3086,6a4d592ec59ef665,Om Shivam,,Mulund West,Eastern Suburbs,19.1719717,72.9511956,400080,,100,75,https://www.propi.in/search/properties,2026-06-26,2026-06-26,Active
3087,8f95863fa2c88194,Park Royale,,Mulund West,Eastern Suburbs,19.1719717,72.9511956,400080,,100,75,https://www.propi.in/search/properties,2026-06-26,2026-06-26,Active
3088,3a928be3db5d0fa2,Piramal Revanta,,Mulund West,Eastern Suburbs,19.1719717,72.9511956,400080,Piramal Realty,100,90,https://www.propi.in/search/properties,2026-06-26,2026-06-26,Active
3089,39e8af5b441ce855,Prestige Forest Hills,,Mulund West,Eastern Suburbs,19.1719717,72.9511956,400080,Prestige Group,100,90,https://www.propi.in/search/properties,2026-06-26,2026-06-26,Active
3090,04d9acac9968546a,Prestige Siesta,,Mulund West,Eastern Suburbs,19.1719717,72.9511956,400080,Prestige Group,100,90,https://www.propi.in/search/properties,2026-06-26,2026-06-26,Active
3091,19bb2f5e2905769e,Rejuve 360,,Mulund West,Eastern Suburbs,19.1719717,72.9511956,400080,,100,75,https://www.propi.in/search/properties,2026-06-26,2026-06-26,Active
3092,9ab439e52dadcf8f,Runwal Anthurium,,Mulund West,Eastern Suburbs,19.1719717,72.9511956,400080,Runwal Group,100,90,https://www.propi.in/search/properties,2026-06-26,2026-06-26,Active
3093,660dcf50042e5ce0,Runwal Chestnut,Runwal,Mulund West,Eastern Suburbs,19.1719717,72.9511956,400080,Runwal Group,100,100,https://www.propi.in/search/properties,2026-06-26,2026-06-26,Active
3094,9670e583ec1a79d8,Runwal Greens,Runwal,Mulund West,Eastern Suburbs,19.1719717,72.9511956,400080,Runwal Group,100,100,https://www.propi.in/search/properties,2026-06-26,2026-06-26,Active
3095,2a34c2f805c7e149,Runwal Pinnacle,Runwal,Mulund West,Eastern Suburbs,19.1719717,72.9511956,400080,Runwal Group,100,100,https://www.propi.in/search/properties,2026-06-26,2026-06-26,Active
3096,5eb66a4a1354e1ea,Runwal Sanctuary,,Mulund West,Eastern Suburbs,19.1719717,72.9511956,400080,Runwal Group,100,90,https://www.propi.in/search/properties,2026-06-26,2026-06-26,Active
3097,b76f9a693629ccd8,Ruparel Premia,,Mulund West,Eastern Suburbs,19.1719717,72.9511956,400080,Ruparel Group,100,90,https://www.propi.in/search/properties,2026-06-26,2026-06-26,Active
3098,7690c80dd6d3634a,Sheth Montana,,Mulund West,Eastern Suburbs,19.1719717,72.9511956,400080,Sheth Developers,100,90,https://www.propi.in/search/properties,2026-06-26,2026-06-26,Active
3099,7a5be4bb0dea5012,Shreenath Tower,,Mulund West,Eastern Suburbs,19.1719717,72.9511956,400080,,100,75,https://www.propi.in/search/properties,2026-06-26,2026-06-26,Active
3100,684b7f15d16fc4f1,Silver Park,,Mulund West,Eastern Suburbs,19.1719717,72.9511956,400080,,100,75,https://www.propi.in/search/properties,2026-06-26,2026-06-26,Active
3101,9c9dd5b3c31f2c0c,Blue Diamond,The Blue Diamond,Mulund West,Eastern Suburbs,19.1719717,72.9511956,400080,,100,85,https://www.propi.in/search/properties,2026-06-26,2026-06-26,Active
3102,03ef122f7fc3b530,Gateway,The Gateway,Mulund West,Eastern Suburbs,19.1719717,72.9511956,400080,,100,85,https://www.propi.in/search/properties,2026-06-26,2026-06-26,Active
3103,37c6693b5beb554e,Vasant Oscar,,Mulund West,Eastern Suburbs,19.1719717,72.9511956,400080,,100,75,https://www.propi.in/search/properties,2026-06-26,2026-06-26,Active
3104,8ff5e186b59d0ce5,Wadhwa Atmosphere,Wadhwa Atmosphere O2,Mulund West,Eastern Suburbs,19.1719717,72.9511956,400080,Wadhwa Group,100,100,https://www.propi.in/search/properties,2026-06-26,2026-06-26,Active
3105,12725bd985b757c5,World Homes,,Mulund West,Eastern Suburbs,19.1719717,72.9511956,400080,,100,75,https://www.propi.in/search/properties,2026-06-26,2026-06-26,Active
3106,eea44f36fd92ab97,Yogi Hills,,Mulund West,Eastern Suburbs,19.1719717,72.9511956,400080,,100,75,https://www.propi.in/search/properties,2026-06-26,2026-06-26,Active
3107,78acf18dc1d8989c,Aqua Pearl,,Mumbai Central,South Mumbai Central,18.9695855,72.8193152,400004,,100,75,https://www.propi.in/search/properties,2026-06-26,2026-06-26,Active
3108,d0730bfd34240514,Bismillah Castle,,Mumbai Central,South Mumbai Central,18.9695855,72.8193152,400004,,100,75,https://www.propi.in/search/properties,2026-06-26,2026-06-26,Active
3109,f68f10ecf52f1b09,Dudhwala Complex,,Mumbai Central,South Mumbai Central,18.9695855,72.8193152,400004,,100,75,https://www.propi.in/search/properties,2026-06-26,2026-06-26,Active
3110,30847230e7aaa165,KSA Palms,,Mumbai Central,South Mumbai Central,18.9695855,72.8193152,400004,,100,75,https://www.propi.in/search/properties,2026-06-26,2026-06-26,Active
3111,f19b7093902bd0d0,Nathani Heights,,Mumbai Central,South Mumbai Central,18.9695855,72.8193152,400004,,100,75,https://www.propi.in/search/properties,2026-06-26,2026-06-26,Active
3112,d77a7d9a831a16df,Navjeevan Society,,Mumbai Central,South Mumbai Central,18.9695855,72.8193152,400004,,100,75,https://www.propi.in/search/properties,2026-06-26,2026-06-26,Active
3113,5c1c2bd99927fbf0,Navjivan Society,,Mumbai Central,South Mumbai Central,18.9695855,72.8193152,400004,,100,75,https://www.propi.in/search/properties,2026-06-26,2026-06-26,Active
3114,d3056584b7e05027,Orchid Enclave,,Mumbai Central,South Mumbai Central,18.9695855,72.8193152,400004,,100,75,https://www.propi.in/search/properties,2026-06-26,2026-06-26,Active
3115,90d854a9bf17c8f5,Aditya Akruti,,Nana Chowk,South Mumbai Prime,18.9620987,72.8123371,400036,,100,75,https://www.propi.in/search/properties,2026-06-26,2026-06-26,Active
3116,eb89d8f5d4cc829d,Orbit Heights,,Nana Chowk,South Mumbai Prime,18.9620987,72.8123371,400036,,100,75,https://www.propi.in/search/properties,2026-06-26,2026-06-26,Active
3117,810a82e969a37431,Advent,,Nariman Point,South Mumbai Prime,18.927089,72.8235859,400021,,100,75,https://www.propi.in/search/properties,2026-06-26,2026-06-26,Active
3118,79b0d91419eefba4,Atlanta,,Nariman Point,South Mumbai Prime,18.927089,72.8235859,400021,,100,75,https://www.propi.in/search/properties,2026-06-26,2026-06-26,Active
3119,96ccba77b6a31580,Bajaj Bhavan,,Nariman Point,South Mumbai Prime,18.927089,72.8235859,400021,,100,75,https://www.propi.in/search/properties,2026-06-26,2026-06-26,Active
3120,7e315eeaa464a990,Dalamal Tower,Dalamal Tower,Nariman Point,South Mumbai Prime,18.927089,72.8235859,400021,,100,85,https://www.propi.in/search/properties,2026-06-26,2026-06-26,Active
3121,ece9a3ea5e537d7e,Earnest House,,Nariman Point,South Mumbai Prime,18.927089,72.8235859,400021,,100,75,https://www.propi.in/search/properties,2026-06-26,2026-06-26,Active
3122,5806bf137e439af1,Embassy Centre,,Nariman Point,South Mumbai Prime,18.927089,72.8235859,400021,,100,75,https://www.propi.in/search/properties,2026-06-26,2026-06-26,Active
3123,be9d7eeb4452c165,Maker Chamber 3,,Nariman Point,South Mumbai Prime,18.927089,72.8235859,400021,,100,75,https://www.propi.in/search/properties,2026-06-26,2026-06-26,Active
3124,08cccf908bbe67c7,Mittal Court,,Nariman Point,South Mumbai Prime,18.927089,72.8235859,400021,,100,75,https://www.propi.in/search/properties,2026-06-26,2026-06-26,Active
3125,0319ecd3e38ebc19,Mittal Tower,Mittal Tower,Nariman Point,South Mumbai Prime,18.927089,72.8235859,400021,,100,85,https://www.propi.in/search/properties,2026-06-26,2026-06-26,Active
3126,10dc8c6f611dbd3c,NCPA Apartments,,Nariman Point,South Mumbai Prime,18.927089,72.8235859,400021,,100,75,https://www.propi.in/search/properties,2026-06-26,2026-06-26,Active
3127,4abe225f7daf61da,Nariman Bhavan,,Nariman Point,South Mumbai Prime,18.927089,72.8235859,400021,,100,75,https://www.propi.in/search/properties,2026-06-26,2026-06-26,Active
3128,292ea3f8c22e5ef7,Raheja Centre,,Nariman Point,South Mumbai Prime,18.927089,72.8235859,400021,K. Raheja Group,100,90,https://www.propi.in/search/properties,2026-06-26,2026-06-26,Active
3129,40665c45c14af5b7,Shreyas CHS,,Nariman Point,South Mumbai Prime,18.927089,72.8235859,400021,,100,75,https://www.propi.in/search/properties,2026-06-26,2026-06-26,Active
3130,3ad20b8404b334bc,Sita Kunj,,Nariman Point,South Mumbai Prime,18.927089,72.8235859,400021,,100,75,https://www.propi.in/search/properties,2026-06-26,2026-06-26,Active
3131,9fd44710fe095331,Tulsiani Chambers,,Nariman Point,South Mumbai Prime,18.927089,72.8235859,400021,,100,75,https://www.propi.in/search/properties,2026-06-26,2026-06-26,Active
3132,c13da73cbf16d2cb,Delta Wood,,Near Thakur Mall Highway,,,,,,100,35,https://www.propi.in/search/properties,2026-06-26,2026-06-26,Active
3133,0d2fe3bcdae4810d,"1️⃣ Gitanjali Apartment, Seven Bungalows",,Nepean Sea Road,South Mumbai Prime,18.9590583,72.8035239,400036,,100,75,https://www.propi.in/search/properties,2026-06-26,2026-06-26,Active
3134,b0660c28318995c2,Apurva,,Nepean Sea Road,South Mumbai Prime,18.9590583,72.8035239,400036,,100,75,https://www.propi.in/search/properties,2026-06-26,2026-06-26,Active
3135,aa391e73f9e56315,Arun,Arun Building,Nepean Sea Road,South Mumbai Prime,18.9590583,72.8035239,400036,,100,85,https://www.propi.in/search/properties,2026-06-26,2026-06-26,Active
3136,a76cd816e152e61f,Aryavarta,,Nepean Sea Road,South Mumbai Prime,18.9590583,72.8035239,400036,,100,75,https://www.propi.in/search/properties,2026-06-26,2026-06-26,Active
3137,2f7fe6b6020d2425,Ashutosh,,Nepean Sea Road,South Mumbai Prime,18.9590583,72.8035239,400036,,100,75,https://www.propi.in/search/properties,2026-06-26,2026-06-26,Active
3138,23819245c99004c4,Belmont,,Nepean Sea Road,South Mumbai Prime,18.9590583,72.8035239,400036,,100,75,https://www.propi.in/search/properties,2026-06-26,2026-06-26,Active
3139,0c466202e6475855,Bhaktawar Annexe,,Nepean Sea Road,South Mumbai Prime,18.9590583,72.8035239,400036,,100,75,https://www.propi.in/search/properties,2026-06-26,2026-06-26,Active
3140,6a88cbbafdd17f90,Brighton,,Nepean Sea Road,South Mumbai Prime,18.9590583,72.8035239,400036,,100,75,https://www.propi.in/search/properties,2026-06-26,2026-06-26,Active
3141,12cee69bca6aeffb,Brij Kutir,,Nepean Sea Road,South Mumbai Prime,18.9590583,72.8035239,400036,,100,75,https://www.propi.in/search/properties,2026-06-26,2026-06-26,Active
3142,3e2e49ccf8a5d644,Chandralok,,Nepean Sea Road,South Mumbai Prime,18.9590583,72.8035239,400036,,100,75,https://www.propi.in/search/properties,2026-06-26,2026-06-26,Active
3143,83368d32fd40ea6f,Dariya Mahal,,Nepean Sea Road,South Mumbai Prime,18.9590583,72.8035239,400036,,100,75,https://www.propi.in/search/properties,2026-06-26,2026-06-26,Active
3144,20c701f018802b9c,Diamond Court,,Nepean Sea Road,South Mumbai Prime,18.9590583,72.8035239,400036,,100,75,https://www.propi.in/search/properties,2026-06-26,2026-06-26,Active
3145,54bb8fcb312d8e9b,"Eden Wood, Shastri",,Nepean Sea Road,South Mumbai Prime,18.9590583,72.8035239,400036,,100,75,https://www.propi.in/search/properties,2026-06-26,2026-06-26,Active
3146,9c762d3348497b0e,Embassy Apartments,,Nepean Sea Road,South Mumbai Prime,18.9590583,72.8035239,400036,,100,75,https://www.propi.in/search/properties,2026-06-26,2026-06-26,Active
3147,9dd5716b53947c36,Gulmarg,,Nepean Sea Road,South Mumbai Prime,18.9590583,72.8035239,400036,,100,75,https://www.propi.in/search/properties,2026-06-26,2026-06-26,Active
3148,c8b4866c12cd2e8c,Kalpataru Kshitij,,Nepean Sea Road,South Mumbai Prime,18.9590583,72.8035239,400036,Kalpataru Group,100,90,https://www.propi.in/search/properties,2026-06-26,2026-06-26,Active
3149,cea2c9829c5a4e3c,Kshitij,,Nepean Sea Road,South Mumbai Prime,18.9590583,72.8035239,400036,,100,75,https://www.propi.in/search/properties,2026-06-26,2026-06-26,Active
3150,2fe11f47cd15b7d6,Laxmi Vilas,,Nepean Sea Road,South Mumbai Prime,18.9590583,72.8035239,400036,,100,75,https://www.propi.in/search/properties,2026-06-26,2026-06-26,Active
3151,add1eb47b7d8199e,Lodha Costiera,,Nepean Sea Road,South Mumbai Prime,18.9590583,72.8035239,400036,Lodha Group,100,90,https://www.propi.in/search/properties,2026-06-26,2026-06-26,Active
3152,270a328db26cbdd8,Malabar Apartment,,Nepean Sea Road,South Mumbai Prime,18.9590583,72.8035239,400036,,100,75,https://www.propi.in/search/properties,2026-06-26,2026-06-26,Active
3153,8085f5f286ef110f,Matru Ashish,,Nepean Sea Road,South Mumbai Prime,18.9590583,72.8035239,400036,,100,75,https://www.propi.in/search/properties,2026-06-26,2026-06-26,Active
3154,34c68d119454de1b,Monolith,,Nepean Sea Road,South Mumbai Prime,18.9590583,72.8035239,400036,,100,75,https://www.propi.in/search/properties,2026-06-26,2026-06-26,Active
3155,0740dadcb32fc776,Nepean House,,Nepean Sea Road,South Mumbai Prime,18.9590583,72.8035239,400036,,100,75,https://www.propi.in/search/properties,2026-06-26,2026-06-26,Active
3156,b3bf1e2fd652a07c,Om Dariya Mahal,,Nepean Sea Road,South Mumbai Prime,18.9590583,72.8035239,400036,,100,75,https://www.propi.in/search/properties,2026-06-26,2026-06-26,Active
3157,9268d00c3dfd886e,Orbit Arya,,Nepean Sea Road,South Mumbai Prime,18.9590583,72.8035239,400036,,100,75,https://www.propi.in/search/properties,2026-06-26,2026-06-26,Active
3158,c8530291a6896372,Punam,,Nepean Sea Road,South Mumbai Prime,18.9590583,72.8035239,400036,,100,75,https://www.propi.in/search/properties,2026-06-26,2026-06-26,Active
3159,faef4c39e42a7502,Raheja Regale,,Nepean Sea Road,South Mumbai Prime,18.9590583,72.8035239,400036,K. Raheja Group,100,90,https://www.propi.in/search/properties,2026-06-26,2026-06-26,Active
3160,18a95af01a464726,Raj Mala,,Nepean Sea Road,South Mumbai Prime,18.9590583,72.8035239,400036,,100,75,https://www.propi.in/search/properties,2026-06-26,2026-06-26,Active
3161,e9f0aeaa2961a2eb,Rubans,,Nepean Sea Road,South Mumbai Prime,18.9590583,72.8035239,400036,,100,75,https://www.propi.in/search/properties,2026-06-26,2026-06-26,Active
3162,e5129ba2da06a2f0,Runwal Residence,,Nepean Sea Road,South Mumbai Prime,18.9590583,72.8035239,400036,Runwal Group,100,90,https://www.propi.in/search/properties,2026-06-26,2026-06-26,Active
3163,08233d128b2a8906,Sagar Kunj,,Nepean Sea Road,South Mumbai Prime,18.9590583,72.8035239,400036,,100,75,https://www.propi.in/search/properties,2026-06-26,2026-06-26,Active
3164,4ddcd976fbb985a8,Shanti Nagar,,Nepean Sea Road,South Mumbai Prime,18.9590583,72.8035239,400036,,100,75,https://www.propi.in/search/properties,2026-06-26,2026-06-26,Active
3165,c5f489edfd7b2d84,Shripal Nagar,Shripal Nagar Building,Nepean Sea Road,South Mumbai Prime,18.9590583,72.8035239,400036,,100,85,https://www.propi.in/search/properties,2026-06-26,2026-06-26,Active
3166,da46b54b8e781e9a,Tahnee Heights,,Nepean Sea Road,South Mumbai Prime,18.9590583,72.8035239,400036,,100,75,https://www.propi.in/search/properties,2026-06-26,2026-06-26,Active
3167,396592a5cf5df105,Videocon House,,Nepean Sea Road,South Mumbai Prime,18.9590583,72.8035239,400036,,100,75,https://www.propi.in/search/properties,2026-06-26,2026-06-26,Active
3168,111adde9656020aa,Beverly Park,,Nerul,Navi Mumbai,19.0335938,73.018164,400706,,100,75,https://www.propi.in/search/properties,2026-06-26,2026-06-26,Active
3169,4a06f7cd6c694f71,Neptune,,Nerul,Navi Mumbai,19.0335938,73.018164,400706,Neptune Group,100,90,https://www.propi.in/search/properties,2026-06-26,2026-06-26,Active
3170,4b8098ff268091d7,Shagun,,Nerul,Navi Mumbai,19.0335938,73.018164,400706,,100,75,https://www.propi.in/search/properties,2026-06-26,2026-06-26,Active
3171,3658b8202b412abf,Shree Krishna,,Nerul,Navi Mumbai,19.0335938,73.018164,400706,,100,75,https://www.propi.in/search/properties,2026-06-26,2026-06-26,Active
3172,86d3193f462edb6d,Signature,The Signature,Nerul,Navi Mumbai,19.0335938,73.018164,400706,,100,85,https://www.propi.in/search/properties,2026-06-26,2026-06-26,Active
3173,782de33547442750,Kakad House,,New Marine Lines,,18.9335732,72.8284093,400020,,100,60,https://www.propi.in/search/properties,2026-06-26,2026-06-26,Active
3174,11025b3713687cef,Siddhivinayak,,New Panvel,Navi Mumbai,18.9982037,73.1236641,410206,,100,75,https://www.propi.in/search/properties,2026-06-26,2026-06-26,Active
3175,9c8669502520d73d,Opera House,,Opera House,,18.9560477,72.8155711,400004,,100,60,https://www.propi.in/search/properties,2026-06-26,2026-06-26,Active
3176,9910846489deedb4,Panchratna,Panchratna Building,Opera House,,18.9560477,72.8155711,400004,,100,70,https://www.propi.in/search/properties,2026-06-26,2026-06-26,Active
3177,11ead83235039bbd,Prasad Chambers,,Opera House,,18.9560477,72.8155711,400004,,100,60,https://www.propi.in/search/properties,2026-06-26,2026-06-26,Active
3178,46f0d3dc461122b5,Indra Darshan,Indradarshan,Oshiwara,Western Suburbs Mid,19.1502437,72.8342294,400102,,100,85,https://www.propi.in/search/properties,2026-06-26,2026-06-26,Active
3179,35d09630785c7ccc,Kohinoor Apartment,,Oshiwara,Western Suburbs Mid,19.1502437,72.8342294,400102,Kohinoor Group,100,90,https://www.propi.in/search/properties,2026-06-26,2026-06-26,Active
3180,fa6a8a6075d2ca41,Reliable Business Centre,,Oshiwara,Western Suburbs Mid,19.1502437,72.8342294,400102,,100,75,https://www.propi.in/search/properties,2026-06-26,2026-06-26,Active
3181,32523badfdbef6c0,Samarth Aangan,,Oshiwara,Western Suburbs Mid,19.1502437,72.8342294,400102,,100,75,https://www.propi.in/search/properties,2026-06-26,2026-06-26,Active
3182,327796301cbd466a,Serenity Complex,,Oshiwara,Western Suburbs Mid,19.1502437,72.8342294,400102,,100,75,https://www.propi.in/search/properties,2026-06-26,2026-06-26,Active
3183,20f2cc76a25ff411,Shiv Shivam Tower,,Oshiwara,Western Suburbs Mid,19.1502437,72.8342294,400102,,100,75,https://www.propi.in/search/properties,2026-06-26,2026-06-26,Active
3184,29cef49bf7189351,Surabhi CHS,,Oshiwara,Western Suburbs Mid,19.1502437,72.8342294,400102,,100,75,https://www.propi.in/search/properties,2026-06-26,2026-06-26,Active
3185,69eed689015e173e,Surabhi CHS – Oshiwara,,Oshiwara,Western Suburbs Mid,19.1502437,72.8342294,400102,,100,75,https://www.propi.in/search/properties,2026-06-26,2026-06-26,Active
3186,7838ff4e913d336f,Tarapore Garden,,Oshiwara,Western Suburbs Mid,19.1502437,72.8342294,400102,,100,75,https://www.propi.in/search/properties,2026-06-26,2026-06-26,Active
3187,266394a85b370be9,Indradarshan II,,Oshiwara Andheri West,,19.1482697,72.8316484,400102,,100,60,https://www.propi.in/search/properties,2026-06-26,2026-06-26,Active
3188,d7c2f7ede8ceb2c3,Dunhill Apartment,,Pali Hill,Western Suburbs Prime,19.0649126,72.8270326,400050,,100,75,https://www.propi.in/search/properties,2026-06-26,2026-06-26,Active
3189,74039f6617277854,Parishram Rustomjee,,Pali Hill,Western Suburbs Prime,19.0649126,72.8270326,400050,Rustomjee Group,100,90,https://www.propi.in/search/properties,2026-06-26,2026-06-26,Active
3190,bfa7839e00c2b5f7,Shubham,,Pant Nagar,Eastern Suburbs,19.0833305,72.9115042,400075,,100,75,https://www.propi.in/search/properties,2026-06-26,2026-06-26,Active
3191,3801f2e85206d6a4,Anchor Victorian,,Parel,South Mumbai Central,19.0084268,72.842505,400028,,100,75,https://www.propi.in/search/properties,2026-06-26,2026-06-26,Active
3192,0dadd13c8fe65964,Arihant Apartment,Arihant,Parel,South Mumbai Central,19.0084268,72.842505,400028,Arihant Group,100,100,https://www.propi.in/search/properties,2026-06-26,2026-06-26,Active
3193,59c9cf651b005728,Ashok Tower,Ashok Tower,Parel,South Mumbai Central,19.0084268,72.842505,400028,,100,85,https://www.propi.in/search/properties,2026-06-26,2026-06-26,Active
3194,24bebc4fe7463cbf,Bhavya Supreme,,Parel,South Mumbai Central,19.0084268,72.842505,400028,,100,75,https://www.propi.in/search/properties,2026-06-26,2026-06-26,Active
3195,707c846b9709f04a,Crescent Bay Tower 3,,Parel,South Mumbai Central,19.0084268,72.842505,400028,,100,75,https://www.propi.in/search/properties,2026-06-26,2026-06-26,Active
3196,acf4ca0767134456,Crescent Tower 6,,Parel,South Mumbai Central,19.0084268,72.842505,400028,,100,75,https://www.propi.in/search/properties,2026-06-26,2026-06-26,Active
3197,8f5add5c073067e2,Crystal Tower,,Parel,South Mumbai Central,19.0084268,72.842505,400028,,100,75,https://www.propi.in/search/properties,2026-06-26,2026-06-26,Active
3198,c3aaddb5852abe8b,Deep Residency,,Parel,South Mumbai Central,19.0084268,72.842505,400028,,100,75,https://www.propi.in/search/properties,2026-06-26,2026-06-26,Active
3199,4b4f56e6124a8d14,Dosti Belleza,,Parel,South Mumbai Central,19.0084268,72.842505,400028,Dosti Realty,100,90,https://www.propi.in/search/properties,2026-06-26,2026-06-26,Active
3200,f96d003abe44bed9,Dosti Flamingos,,Parel,South Mumbai Central,19.0084268,72.842505,400028,Dosti Realty,100,90,https://www.propi.in/search/properties,2026-06-26,2026-06-26,Active
3201,c267dd0f0d6ee635,Evita Empress,,Parel,South Mumbai Central,19.0084268,72.842505,400028,,100,75,https://www.propi.in/search/properties,2026-06-26,2026-06-26,Active
3202,881c40cbd1f78698,Falcon Crest,,Parel,South Mumbai Central,19.0084268,72.842505,400028,,100,75,https://www.propi.in/search/properties,2026-06-26,2026-06-26,Active
3203,ac83f4831b4b5701,Glen Eagle,,Parel,South Mumbai Central,19.0084268,72.842505,400028,,100,75,https://www.propi.in/search/properties,2026-06-26,2026-06-26,Active
3204,0c50ae34d2d1736c,K K Tower,,Parel,South Mumbai Central,19.0084268,72.842505,400028,,100,75,https://www.propi.in/search/properties,2026-06-26,2026-06-26,Active
3205,9b229a37df25d8b1,Kalpataru Avana,,Parel,South Mumbai Central,19.0084268,72.842505,400028,Kalpataru Group,100,90,https://www.propi.in/search/properties,2026-06-26,2026-06-26,Active
3206,b93e8e4a0ed735cb,Kalpataru Habitat,,Parel,South Mumbai Central,19.0084268,72.842505,400028,Kalpataru Group,100,90,https://www.propi.in/search/properties,2026-06-26,2026-06-26,Active
3207,ba562d5db2c2253c,Kingston Tower,,Parel,South Mumbai Central,19.0084268,72.842505,400028,,100,75,https://www.propi.in/search/properties,2026-06-26,2026-06-26,Active
3208,0bfd8e87ddb1eebe,"L , Type Balcony",,Parel,South Mumbai Central,19.0084268,72.842505,400028,,100,75,https://www.propi.in/search/properties,2026-06-26,2026-06-26,Active
3209,0f3c30672d860884,LandT Crescent Bay,"L&T Crescent Bay | LandT Crescent Bay, Parel",Parel,South Mumbai Central,19.0084268,72.842505,400028,L&T Realty,100,100,https://www.propi.in/search/properties,2026-06-26,2026-06-26,Active
3210,5caaccd40e834e4e,Lodha Aria,,Parel,South Mumbai Central,19.0084268,72.842505,400028,Lodha Group,100,90,https://www.propi.in/search/properties,2026-06-26,2026-06-26,Active
3211,786390ff1b48dd75,Lodha Azzuro,,Parel,South Mumbai Central,19.0084268,72.842505,400028,Lodha Group,100,90,https://www.propi.in/search/properties,2026-06-26,2026-06-26,Active
3212,5dc4c21daf157dc5,Lodha Primo,,Parel,South Mumbai Central,19.0084268,72.842505,400028,Lodha Group,100,90,https://www.propi.in/search/properties,2026-06-26,2026-06-26,Active
3213,230d2062fd4b314f,Lodha Venezia,,Parel,South Mumbai Central,19.0084268,72.842505,400028,Lodha Group,100,90,https://www.propi.in/search/properties,2026-06-26,2026-06-26,Active
3214,98ca80f6db149fce,Magnum Tower,,Parel,South Mumbai Central,19.0084268,72.842505,400028,,100,75,https://www.propi.in/search/properties,2026-06-26,2026-06-26,Active
3215,d7ea7adaccc97cf3,Matoshree Pride,,Parel,South Mumbai Central,19.0084268,72.842505,400028,,100,75,https://www.propi.in/search/properties,2026-06-26,2026-06-26,Active
3216,96325c1cfe43529d,Mittal Aristo,,Parel,South Mumbai Central,19.0084268,72.842505,400028,,100,75,https://www.propi.in/search/properties,2026-06-26,2026-06-26,Active
3217,ae2c0efa37f98d30,Om Residency,,Parel,South Mumbai Central,19.0084268,72.842505,400028,,100,75,https://www.propi.in/search/properties,2026-06-26,2026-06-26,Active
3218,e2ed30c3ef518ae6,Omkar Veda,,Parel,South Mumbai Central,19.0084268,72.842505,400028,Omkar Realtors,100,90,https://www.propi.in/search/properties,2026-06-26,2026-06-26,Active
3219,3f43408ad567c7b4,One Avighna Park,,Parel,South Mumbai Central,19.0084268,72.842505,400028,,100,75,https://www.propi.in/search/properties,2026-06-26,2026-06-26,Active
3220,226585bb019b359b,Prarthana Heights,Prathana Heights,Parel,South Mumbai Central,19.0084268,72.842505,400028,,100,85,https://www.propi.in/search/properties,2026-06-26,2026-06-26,Active
3221,af695ba6b9a1dec8,Publicis House,,Parel,South Mumbai Central,19.0084268,72.842505,400028,,100,75,https://www.propi.in/search/properties,2026-06-26,2026-06-26,Active
3222,2a78a4f455547edc,Raj Kamal Park,,Parel,South Mumbai Central,19.0084268,72.842505,400028,,100,75,https://www.propi.in/search/properties,2026-06-26,2026-06-26,Active
3223,528a7bdd6b96d6ac,Rajkamal Heights,,Parel,South Mumbai Central,19.0084268,72.842505,400028,,100,75,https://www.propi.in/search/properties,2026-06-26,2026-06-26,Active
3224,2b0cb29d83c99ecb,Ratan Central,,Parel,South Mumbai Central,19.0084268,72.842505,400028,,100,75,https://www.propi.in/search/properties,2026-06-26,2026-06-26,Active
3225,d55de7c2cdbe1619,Rishabh Tower,,Parel,South Mumbai Central,19.0084268,72.842505,400028,,100,75,https://www.propi.in/search/properties,2026-06-26,2026-06-26,Active
3226,782de977f9152db5,Royale Imperia,,Parel,South Mumbai Central,19.0084268,72.842505,400028,,100,75,https://www.propi.in/search/properties,2026-06-26,2026-06-26,Active
3227,a3ac93e01f750d7a,Runwal Nirvana,Runwal Nirwana,Parel,South Mumbai Central,19.0084268,72.842505,400028,Runwal Group,100,100,https://www.propi.in/search/properties,2026-06-26,2026-06-26,Active
3228,f9436c3d9b4a99f2,Ruparel Ariana,,Parel,South Mumbai Central,19.0084268,72.842505,400028,Ruparel Group,100,90,https://www.propi.in/search/properties,2026-06-26,2026-06-26,Active
3229,2b3e5247d8898184,Ruparel Jewel,,Parel,South Mumbai Central,19.0084268,72.842505,400028,Ruparel Group,100,90,https://www.propi.in/search/properties,2026-06-26,2026-06-26,Active
3230,a66aefe025c607fe,Ruparel Nova,,Parel,South Mumbai Central,19.0084268,72.842505,400028,Ruparel Group,100,90,https://www.propi.in/search/properties,2026-06-26,2026-06-26,Active
3231,af3077b97cf7190d,Rupji Castle,,Parel,South Mumbai Central,19.0084268,72.842505,400028,,100,75,https://www.propi.in/search/properties,2026-06-26,2026-06-26,Active
3232,81366f411e599de9,Shree Vijaya Residency,,Parel,South Mumbai Central,19.0084268,72.842505,400028,,100,75,https://www.propi.in/search/properties,2026-06-26,2026-06-26,Active
3233,1056e2ecaa10bafc,Siddhivinayak Vastu,,Parel,South Mumbai Central,19.0084268,72.842505,400028,,100,75,https://www.propi.in/search/properties,2026-06-26,2026-06-26,Active
3234,3d39ccaa56eb4fda,Sky Flama,,Parel,South Mumbai Central,19.0084268,72.842505,400028,,100,75,https://www.propi.in/search/properties,2026-06-26,2026-06-26,Active
3235,304c053ceb265db5,Sun Tower,,Parel,South Mumbai Central,19.0084268,72.842505,400028,,100,75,https://www.propi.in/search/properties,2026-06-26,2026-06-26,Active
3236,e2f129f2c837f8ef,Vardhaman Estate,Vardhman Estate,Parel,South Mumbai Central,19.0084268,72.842505,400028,,100,85,https://www.propi.in/search/properties,2026-06-26,2026-06-26,Active
3237,ff8efe1b858a0f0b,Venezia,,Parel,South Mumbai Central,19.0084268,72.842505,400028,,100,75,https://www.propi.in/search/properties,2026-06-26,2026-06-26,Active
3238,61cf533b294b4267,Ajanta Apartments,,Peddar Road,South Mumbai Prime,18.9764005,72.8090657,400026,,100,75,https://www.propi.in/search/properties,2026-06-26,2026-06-26,Active
3239,ea3676f03fdeb56b,Alpana,Alpana,Peddar Road,South Mumbai Prime,18.9764005,72.8090657,400026,,100,85,https://www.propi.in/search/properties,2026-06-26,2026-06-26,Active
3240,dc236685f2180a4e,Anand Darshan,,Peddar Road,South Mumbai Prime,18.9764005,72.8090657,400026,,100,75,https://www.propi.in/search/properties,2026-06-26,2026-06-26,Active
3241,76c76ed46c12fe4b,Asha Mahal,,Peddar Road,South Mumbai Prime,18.9764005,72.8090657,400026,,100,75,https://www.propi.in/search/properties,2026-06-26,2026-06-26,Active
3242,05e1cb26d31bf62e,Bhagwati Bhuvan,,Peddar Road,South Mumbai Prime,18.9764005,72.8090657,400026,,100,75,https://www.propi.in/search/properties,2026-06-26,2026-06-26,Active
3243,bca1fbfd689cd0f1,Chandan,,Peddar Road,South Mumbai Prime,18.9764005,72.8090657,400026,,100,75,https://www.propi.in/search/properties,2026-06-26,2026-06-26,Active
3244,c1a366f818375e24,Eddie House,,Peddar Road,South Mumbai Prime,18.9764005,72.8090657,400026,,100,75,https://www.propi.in/search/properties,2026-06-26,2026-06-26,Active
3245,fa86e15b0cd2c0c1,Kailash Mahal,,Peddar Road,South Mumbai Prime,18.9764005,72.8090657,400026,,100,75,https://www.propi.in/search/properties,2026-06-26,2026-06-26,Active
3246,6eccf5ad1871d589,Maheshwari Niketan,,Peddar Road,South Mumbai Prime,18.9764005,72.8090657,400026,,100,75,https://www.propi.in/search/properties,2026-06-26,2026-06-26,Active
3247,d027007d3b0764c4,Marlboro House,,Peddar Road,South Mumbai Prime,18.9764005,72.8090657,400026,,100,75,https://www.propi.in/search/properties,2026-06-26,2026-06-26,Active
3248,7fe45d49b1978d8a,Nalanda,,Peddar Road,South Mumbai Prime,18.9764005,72.8090657,400026,,100,75,https://www.propi.in/search/properties,2026-06-26,2026-06-26,Active
3249,9484c0067214fdc0,Neelambar Annex,,Peddar Road,South Mumbai Prime,18.9764005,72.8090657,400026,,100,75,https://www.propi.in/search/properties,2026-06-26,2026-06-26,Active
3250,f1d6cb40ab6c3109,Padam,,Peddar Road,South Mumbai Prime,18.9764005,72.8090657,400026,,100,75,https://www.propi.in/search/properties,2026-06-26,2026-06-26,Active
3251,e2143f0a8d80c31f,Pentacle,,Peddar Road,South Mumbai Prime,18.9764005,72.8090657,400026,,100,75,https://www.propi.in/search/properties,2026-06-26,2026-06-26,Active
3252,393156f6bec4ddda,Poonam Apartment,,Peddar Road,South Mumbai Prime,18.9764005,72.8090657,400026,,100,75,https://www.propi.in/search/properties,2026-06-26,2026-06-26,Active
3253,6c080f0b259dcdbc,Poornima Apartment,,Peddar Road,South Mumbai Prime,18.9764005,72.8090657,400026,,100,75,https://www.propi.in/search/properties,2026-06-26,2026-06-26,Active
3254,dbba97a6f9bd715a,Prabhu Kunj,,Peddar Road,South Mumbai Prime,18.9764005,72.8090657,400026,,100,75,https://www.propi.in/search/properties,2026-06-26,2026-06-26,Active
3255,80bc9c1f094558f0,Prem Court @ Peddar Road,,Peddar Road,South Mumbai Prime,18.9764005,72.8090657,400026,,100,75,https://www.propi.in/search/properties,2026-06-26,2026-06-26,Active
3256,e2b770217fc4779c,Rijhumal Mansion,,Peddar Road,South Mumbai Prime,18.9764005,72.8090657,400026,,100,75,https://www.propi.in/search/properties,2026-06-26,2026-06-26,Active
3257,dba5356268a67b37,Sadhna,,Peddar Road,South Mumbai Prime,18.9764005,72.8090657,400026,,100,75,https://www.propi.in/search/properties,2026-06-26,2026-06-26,Active
3258,1e6b0f28b12d10d8,Shiv Tirth,,Peddar Road,South Mumbai Prime,18.9764005,72.8090657,400026,,100,75,https://www.propi.in/search/properties,2026-06-26,2026-06-26,Active
3259,0a5f6fea397a4630,Sonarica,,Peddar Road,South Mumbai Prime,18.9764005,72.8090657,400026,,100,75,https://www.propi.in/search/properties,2026-06-26,2026-06-26,Active
3260,f1cb32bc02099a7f,Sukh Shanti,,Peddar Road,South Mumbai Prime,18.9764005,72.8090657,400026,,100,75,https://www.propi.in/search/properties,2026-06-26,2026-06-26,Active
3261,b7535cb7be6bff12,Sunbeam,,Peddar Road,South Mumbai Prime,18.9764005,72.8090657,400026,,100,75,https://www.propi.in/search/properties,2026-06-26,2026-06-26,Active
3262,38cac80a73358102,Vasant Apartments,,Peddar Road,South Mumbai Prime,18.9764005,72.8090657,400026,,100,75,https://www.propi.in/search/properties,2026-06-26,2026-06-26,Active
3263,ce9fa49e51202007,Vimla Mahal,,Peddar Road,South Mumbai Prime,18.9764005,72.8090657,400026,,100,75,https://www.propi.in/search/properties,2026-06-26,2026-06-26,Active
3264,1652aafb01aebecb,Woodlands,,Peddar Road,South Mumbai Prime,18.9764005,72.8090657,400026,,100,75,https://www.propi.in/search/properties,2026-06-26,2026-06-26,Active
3265,81ab17d6a96088dc,ATL Corporate Park,,Powai,Eastern Suburbs,19.1187195,72.9073476,400076,,100,75,https://www.propi.in/search/properties,2026-06-26,2026-06-26,Active
3266,5bfb8f5d406702b2,Adityavardhan,,Powai,Eastern Suburbs,19.1187195,72.9073476,400076,,100,75,https://www.propi.in/search/properties,2026-06-26,2026-06-26,Active
3267,c5ea683bf4eac5b2,Amaryllis,,Powai,Eastern Suburbs,19.1187195,72.9073476,400076,,100,75,https://www.propi.in/search/properties,2026-06-26,2026-06-26,Active
3268,e3a9452a2b434c80,Ambrosia,,Powai,Eastern Suburbs,19.1187195,72.9073476,400076,,100,75,https://www.propi.in/search/properties,2026-06-26,2026-06-26,Active
3269,4659eb05cce7ccc1,Atlantis,,Powai,Eastern Suburbs,19.1187195,72.9073476,400076,,100,75,https://www.propi.in/search/properties,2026-06-26,2026-06-26,Active
3270,ea626bf66c680f09,Avalon,,Powai,Eastern Suburbs,19.1187195,72.9073476,400076,,100,75,https://www.propi.in/search/properties,2026-06-26,2026-06-26,Active
3271,c5ad454c3ef9a1f7,Birchwood,,Powai,Eastern Suburbs,19.1187195,72.9073476,400076,,100,75,https://www.propi.in/search/properties,2026-06-26,2026-06-26,Active
3272,96ab3b6eacad6350,Blue Heaven,,Powai,Eastern Suburbs,19.1187195,72.9073476,400076,,100,75,https://www.propi.in/search/properties,2026-06-26,2026-06-26,Active
3273,ff61325febc26c63,Boomerang,,Powai,Eastern Suburbs,19.1187195,72.9073476,400076,,100,75,https://www.propi.in/search/properties,2026-06-26,2026-06-26,Active
3274,a660a5c8d57de4d9,Brentwood,,Powai,Eastern Suburbs,19.1187195,72.9073476,400076,,100,75,https://www.propi.in/search/properties,2026-06-26,2026-06-26,Active
3275,f74c2e8c8390a0f3,Canna,,Powai,Eastern Suburbs,19.1187195,72.9073476,400076,,100,75,https://www.propi.in/search/properties,2026-06-26,2026-06-26,Active
3276,9351f83f8535e6e5,Castle Rock,,Powai,Eastern Suburbs,19.1187195,72.9073476,400076,,100,75,https://www.propi.in/search/properties,2026-06-26,2026-06-26,Active
3277,61e0efd2052b11cb,Castle Rock Hiranandani,,Powai,Eastern Suburbs,19.1187195,72.9073476,400076,Hiranandani Group,100,90,https://www.propi.in/search/properties,2026-06-26,2026-06-26,Active
3278,a25d037573da1fe0,Chittaranjan Tower,,Powai,Eastern Suburbs,19.1187195,72.9073476,400076,,100,75,https://www.propi.in/search/properties,2026-06-26,2026-06-26,Active
3279,e2b888dd48148d2a,Cosmopolitan,,Powai,Eastern Suburbs,19.1187195,72.9073476,400076,,100,75,https://www.propi.in/search/properties,2026-06-26,2026-06-26,Active
3280,43ff4fc0379f82b4,Crescent Silverwoods,,Powai,Eastern Suburbs,19.1187195,72.9073476,400076,,100,75,https://www.propi.in/search/properties,2026-06-26,2026-06-26,Active
3281,307156e11d83adc6,Daffodil,,Powai,Eastern Suburbs,19.1187195,72.9073476,400076,,100,75,https://www.propi.in/search/properties,2026-06-26,2026-06-26,Active
3282,33a051d4d94c6850,Delta,,Powai,Eastern Suburbs,19.1187195,72.9073476,400076,,100,75,https://www.propi.in/search/properties,2026-06-26,2026-06-26,Active
3283,8633702a58715ee2,Dilkap Grandeur,,Powai,Eastern Suburbs,19.1187195,72.9073476,400076,,100,75,https://www.propi.in/search/properties,2026-06-26,2026-06-26,Active
3284,5fd0036ec61230e2,Eden,Eden Building,Powai,Eastern Suburbs,19.1187195,72.9073476,400076,,100,85,https://www.propi.in/search/properties,2026-06-26,2026-06-26,Active
3285,86a10391690df571,Eden IV,,Powai,Eastern Suburbs,19.1187195,72.9073476,400076,,100,75,https://www.propi.in/search/properties,2026-06-26,2026-06-26,Active
3286,d643a2c306896a0b,Eldora,,Powai,Eastern Suburbs,19.1187195,72.9073476,400076,,100,75,https://www.propi.in/search/properties,2026-06-26,2026-06-26,Active
3287,830f712171e192fd,Eldora Hiranandani,,Powai,Eastern Suburbs,19.1187195,72.9073476,400076,Hiranandani Group,100,90,https://www.propi.in/search/properties,2026-06-26,2026-06-26,Active
3288,6e5b7d768eaad980,Elixir Reserve,,Powai,Eastern Suburbs,19.1187195,72.9073476,400076,,100,75,https://www.propi.in/search/properties,2026-06-26,2026-06-26,Active
3289,fcefa1b03784947a,Emerald Isle,,Powai,Eastern Suburbs,19.1187195,72.9073476,400076,,100,75,https://www.propi.in/search/properties,2026-06-26,2026-06-26,Active
3290,ff9d8d283f21c6ae,Emerald Park,,Powai,Eastern Suburbs,19.1187195,72.9073476,400076,,100,75,https://www.propi.in/search/properties,2026-06-26,2026-06-26,Active
3291,38d77657fbe35254,Evening Glory,,Powai,Eastern Suburbs,19.1187195,72.9073476,400076,,100,75,https://www.propi.in/search/properties,2026-06-26,2026-06-26,Active
3292,4179bc3890039ae3,Evening Star,,Powai,Eastern Suburbs,19.1187195,72.9073476,400076,,100,75,https://www.propi.in/search/properties,2026-06-26,2026-06-26,Active
3293,c9c57e02a7bf8a85,Evershine Sapphire,,Powai,Eastern Suburbs,19.1187195,72.9073476,400076,,100,75,https://www.propi.in/search/properties,2026-06-26,2026-06-26,Active
3294,f360c7edfcfc6f14,Excel Tower,,Powai,Eastern Suburbs,19.1187195,72.9073476,400076,,100,75,https://www.propi.in/search/properties,2026-06-26,2026-06-26,Active
3295,553499936bac4a35,Florentine,,Powai,Eastern Suburbs,19.1187195,72.9073476,400076,,100,75,https://www.propi.in/search/properties,2026-06-26,2026-06-26,Active
3296,f1ee0fc7311016f9,Frangipani,,Powai,Eastern Suburbs,19.1187195,72.9073476,400076,,100,75,https://www.propi.in/search/properties,2026-06-26,2026-06-26,Active
3297,ac4d8922ec7b8acb,Galleria Mall,,Powai,Eastern Suburbs,19.1187195,72.9073476,400076,,100,75,https://www.propi.in/search/properties,2026-06-26,2026-06-26,Active
3298,0360ee0067107eea,Gateway Plaza,,Powai,Eastern Suburbs,19.1187195,72.9073476,400076,,100,75,https://www.propi.in/search/properties,2026-06-26,2026-06-26,Active
3299,5f538f6e196a3555,Glen Gate,,Powai,Eastern Suburbs,19.1187195,72.9073476,400076,,100,75,https://www.propi.in/search/properties,2026-06-26,2026-06-26,Active
3300,c39c0314a74915c6,Glen Heights,,Powai,Eastern Suburbs,19.1187195,72.9073476,400076,,100,75,https://www.propi.in/search/properties,2026-06-26,2026-06-26,Active
3301,d4685d374b01b438,Glen Ridge,,Powai,Eastern Suburbs,19.1187195,72.9073476,400076,,100,75,https://www.propi.in/search/properties,2026-06-26,2026-06-26,Active
3302,779b3f7bc37f948d,Godrej Urban Park,,Powai,Eastern Suburbs,19.1187195,72.9073476,400076,Godrej Properties,100,90,https://www.propi.in/search/properties,2026-06-26,2026-06-26,Active
3303,bdea59a60d3f8a2c,Golden Oak,,Powai,Eastern Suburbs,19.1187195,72.9073476,400076,,100,75,https://www.propi.in/search/properties,2026-06-26,2026-06-26,Active
3304,394552b17a3837e7,Gundecha Hills,,Powai,Eastern Suburbs,19.1187195,72.9073476,400076,Gundecha Group,100,90,https://www.propi.in/search/properties,2026-06-26,2026-06-26,Active
3305,598eb1df6fd2563a,Harmony,,Powai,Eastern Suburbs,19.1187195,72.9073476,400076,,100,75,https://www.propi.in/search/properties,2026-06-26,2026-06-26,Active
3306,0acde976fc7c9831,Harshvardhan CHS,,Powai,Eastern Suburbs,19.1187195,72.9073476,400076,,100,75,https://www.propi.in/search/properties,2026-06-26,2026-06-26,Active
3307,5dc0f9e6b23263eb,Harshwardhan,,Powai,Eastern Suburbs,19.1187195,72.9073476,400076,,100,75,https://www.propi.in/search/properties,2026-06-26,2026-06-26,Active
3308,0e4447e363a58d95,Highland,,Powai,Eastern Suburbs,19.1187195,72.9073476,400076,,100,75,https://www.propi.in/search/properties,2026-06-26,2026-06-26,Active
3309,a53b731cc6650f39,Hiranandani Atlantis,,Powai,Eastern Suburbs,19.1187195,72.9073476,400076,Hiranandani Group,100,90,https://www.propi.in/search/properties,2026-06-26,2026-06-26,Active
3310,c0dc916b3e8a549c,Hiranandani Business Park,,Powai,Eastern Suburbs,19.1187195,72.9073476,400076,Hiranandani Group,100,90,https://www.propi.in/search/properties,2026-06-26,2026-06-26,Active
3311,222b8656a137703e,Hiranandani Castle Rock,,Powai,Eastern Suburbs,19.1187195,72.9073476,400076,Hiranandani Group,100,90,https://www.propi.in/search/properties,2026-06-26,2026-06-26,Active
3312,9fb4782fd98f7062,Hiranandani Empress Hill,,Powai,Eastern Suburbs,19.1187195,72.9073476,400076,Hiranandani Group,100,90,https://www.propi.in/search/properties,2026-06-26,2026-06-26,Active
3313,bfab1828b24ac27d,Hiranandani Heritage,,Powai,Eastern Suburbs,19.1187195,72.9073476,400076,Hiranandani Group,100,90,https://www.propi.in/search/properties,2026-06-26,2026-06-26,Active
3314,e142a6407f13e9e1,Hiranandani Highland,,Powai,Eastern Suburbs,19.1187195,72.9073476,400076,Hiranandani Group,100,90,https://www.propi.in/search/properties,2026-06-26,2026-06-26,Active
3315,13b94035adc4d36e,Hiranandani Lighthall,,Powai,Eastern Suburbs,19.1187195,72.9073476,400076,Hiranandani Group,100,90,https://www.propi.in/search/properties,2026-06-26,2026-06-26,Active
3316,eb427c82131955ae,Hiranandani Octavius,,Powai,Eastern Suburbs,19.1187195,72.9073476,400076,Hiranandani Group,100,90,https://www.propi.in/search/properties,2026-06-26,2026-06-26,Active
3317,3d103c3aced46801,Hiranandani Regent Hill,,Powai,Eastern Suburbs,19.1187195,72.9073476,400076,Hiranandani Group,100,90,https://www.propi.in/search/properties,2026-06-26,2026-06-26,Active
3318,74793da190c4d8d6,Hiranandani Solitaire,,Powai,Eastern Suburbs,19.1187195,72.9073476,400076,Hiranandani Group,100,90,https://www.propi.in/search/properties,2026-06-26,2026-06-26,Active
3319,561e6ced558deea6,Hiranandani Zen Maple,,Powai,Eastern Suburbs,19.1187195,72.9073476,400076,Hiranandani Group,100,90,https://www.propi.in/search/properties,2026-06-26,2026-06-26,Active
3320,79a76d3a3ebf8e34,Horizon,,Powai,Eastern Suburbs,19.1187195,72.9073476,400076,,100,75,https://www.propi.in/search/properties,2026-06-26,2026-06-26,Active
3321,3357c0e991574c35,Jal Vayu Vihar,,Powai,Eastern Suburbs,19.1187195,72.9073476,400076,,100,75,https://www.propi.in/search/properties,2026-06-26,2026-06-26,Active
3322,1f99fd81f65b15fc,Jamaica,,Powai,Eastern Suburbs,19.1187195,72.9073476,400076,,100,75,https://www.propi.in/search/properties,2026-06-26,2026-06-26,Active
3323,b7fb7104679be757,Jonquille and Jamaica,,Powai,Eastern Suburbs,19.1187195,72.9073476,400076,,100,75,https://www.propi.in/search/properties,2026-06-26,2026-06-26,Active
3324,892281792b88ff6e,Kalpataru Woodsville,,Powai,Eastern Suburbs,19.1187195,72.9073476,400076,Kalpataru Group,100,90,https://www.propi.in/search/properties,2026-06-26,2026-06-26,Active
3325,8f4de7ee61f41c94,Kanakia Silicon Valley,Kanakia Silicon Valley Tower-C,Powai,Eastern Suburbs,19.1187195,72.9073476,400076,Kanakia Group,100,100,https://www.propi.in/search/properties,2026-06-26,2026-06-26,Active
3326,f11c7729f5bb6f33,Kanakia Zillion,,Powai,Eastern Suburbs,19.1187195,72.9073476,400076,Kanakia Group,100,90,https://www.propi.in/search/properties,2026-06-26,2026-06-26,Active
3327,e93709b48caaed3e,Kingston,,Powai,Eastern Suburbs,19.1187195,72.9073476,400076,,100,75,https://www.propi.in/search/properties,2026-06-26,2026-06-26,Active
3328,f4b3f95a201a3055,LandT Elixir Reserve,L&T Elixir Reserve,Powai,Eastern Suburbs,19.1187195,72.9073476,400076,L&T Realty,100,100,https://www.propi.in/search/properties,2026-06-26,2026-06-26,Active
3329,b020acbad9b41109,LandT Emerald Isle,L&T Emerald Isle | LandT Emerald Isle,Powai,Eastern Suburbs,19.1187195,72.9073476,400076,L&T Realty,100,100,https://www.propi.in/search/properties,2026-06-26,2026-06-26,Active
3330,a281355e1a43ac67,LandT Veridian,L&T Veridian | LandT Veridian Powai,Powai,Eastern Suburbs,19.1187195,72.9073476,400076,L&T Realty,100,100,https://www.propi.in/search/properties,2026-06-26,2026-06-26,Active
3331,0a2be080d51d9390,Lake Castle,,Powai,Eastern Suburbs,19.1187195,72.9073476,400076,,100,75,https://www.propi.in/search/properties,2026-06-26,2026-06-26,Active
3332,86a47479464f3fec,Lake Lucerne,,Powai,Eastern Suburbs,19.1187195,72.9073476,400076,,100,75,https://www.propi.in/search/properties,2026-06-26,2026-06-26,Active
3333,59c46c47d115f51e,Lake Pleasant,,Powai,Eastern Suburbs,19.1187195,72.9073476,400076,,100,75,https://www.propi.in/search/properties,2026-06-26,2026-06-26,Active
3334,900211c887deed3f,Lake Primrose,,Powai,Eastern Suburbs,19.1187195,72.9073476,400076,,100,75,https://www.propi.in/search/properties,2026-06-26,2026-06-26,Active
3335,7fd0280c47a41501,Lake Side,,Powai,Eastern Suburbs,19.1187195,72.9073476,400076,,100,75,https://www.propi.in/search/properties,2026-06-26,2026-06-26,Active
3336,63c0b2f25a8fa7d8,Lake Superior,,Powai,Eastern Suburbs,19.1187195,72.9073476,400076,,100,75,https://www.propi.in/search/properties,2026-06-26,2026-06-26,Active
3337,161f9618da823274,Lantana,,Powai,Eastern Suburbs,19.1187195,72.9073476,400076,,100,75,https://www.propi.in/search/properties,2026-06-26,2026-06-26,Active
3338,d82ed5905671e4bc,Laurel and Lilac,,Powai,Eastern Suburbs,19.1187195,72.9073476,400076,,100,75,https://www.propi.in/search/properties,2026-06-26,2026-06-26,Active
3339,c567d1965c1f0256,"Lnt Emerald Isle and Vedician, Powai","Lnt Emerald Isle & Vedician, Powai",Powai,Eastern Suburbs,19.1187195,72.9073476,400076,,100,85,https://www.propi.in/search/properties,2026-06-26,2026-06-26,Active
3340,0f31bd392d340dd7,Lodha Bellagio,Lodha Bellagio Tower C,Powai,Eastern Suburbs,19.1187195,72.9073476,400076,Lodha Group,100,100,https://www.propi.in/search/properties,2026-06-26,2026-06-26,Active
3341,6bbe5b8c6529c8b2,Lodha Supremus,,Powai,Eastern Suburbs,19.1187195,72.9073476,400076,Lodha Group,100,90,https://www.propi.in/search/properties,2026-06-26,2026-06-26,Active
3342,83f5cf97b49a28be,Lok Milan,,Powai,Eastern Suburbs,19.1187195,72.9073476,400076,,100,75,https://www.propi.in/search/properties,2026-06-26,2026-06-26,Active
3343,3df02eb01787492d,Mahavir Classik,,Powai,Eastern Suburbs,19.1187195,72.9073476,400076,,100,75,https://www.propi.in/search/properties,2026-06-26,2026-06-26,Active
3344,ed582f2ca53c128c,Mahindra Alcove,,Powai,Eastern Suburbs,19.1187195,72.9073476,400076,Mahindra Lifespaces,100,90,https://www.propi.in/search/properties,2026-06-26,2026-06-26,Active
3345,22b9e636698ba5f3,Maple Leaf,,Powai,Eastern Suburbs,19.1187195,72.9073476,400076,,100,75,https://www.propi.in/search/properties,2026-06-26,2026-06-26,Active
3346,9338ee9deb5db189,Minal Apartment,,Powai,Eastern Suburbs,19.1187195,72.9073476,400076,,100,75,https://www.propi.in/search/properties,2026-06-26,2026-06-26,Active
3347,c1896fc146432a78,Nahar Barberry and Bryony,,Powai,Eastern Suburbs,19.1187195,72.9073476,400076,,100,75,https://www.propi.in/search/properties,2026-06-26,2026-06-26,Active
3348,31d71300ce9069c8,Nahar Cayenne,,Powai,Eastern Suburbs,19.1187195,72.9073476,400076,,100,75,https://www.propi.in/search/properties,2026-06-26,2026-06-26,Active
3349,4350bf2940482fe0,Nahar Lilium Lantana,,Powai,Eastern Suburbs,19.1187195,72.9073476,400076,,100,75,https://www.propi.in/search/properties,2026-06-26,2026-06-26,Active
3350,d161b2070f7dcf4c,Octavius,,Powai,Eastern Suburbs,19.1187195,72.9073476,400076,,100,75,https://www.propi.in/search/properties,2026-06-26,2026-06-26,Active
3351,f589ab859eebdb74,Olivia,,Powai,Eastern Suburbs,19.1187195,72.9073476,400076,,100,75,https://www.propi.in/search/properties,2026-06-26,2026-06-26,Active
3352,fd7433a32b68734b,Orchid Enclave,,Powai,Eastern Suburbs,19.1187195,72.9073476,400076,,100,75,https://www.propi.in/search/properties,2026-06-26,2026-06-26,Active
3353,19205086168a7082,Palatial Heights,,Powai,Eastern Suburbs,19.1187195,72.9073476,400076,,100,75,https://www.propi.in/search/properties,2026-06-26,2026-06-26,Active
3354,735fc8ed658fcab7,Panch Leela,,Powai,Eastern Suburbs,19.1187195,72.9073476,400076,,100,75,https://www.propi.in/search/properties,2026-06-26,2026-06-26,Active
3355,f5dcb74ca5ba718e,Panch Mahal,,Powai,Eastern Suburbs,19.1187195,72.9073476,400076,,100,75,https://www.propi.in/search/properties,2026-06-26,2026-06-26,Active
3356,5a563d7ec410fc87,Panch Srishti Complex,,Powai,Eastern Suburbs,19.1187195,72.9073476,400076,,100,75,https://www.propi.in/search/properties,2026-06-26,2026-06-26,Active
3357,1f297675675c0566,Panch Vati,,Powai,Eastern Suburbs,19.1187195,72.9073476,400076,,100,75,https://www.propi.in/search/properties,2026-06-26,2026-06-26,Active
3358,ca5c12c57e55f734,Pluto,,Powai,Eastern Suburbs,19.1187195,72.9073476,400076,,100,75,https://www.propi.in/search/properties,2026-06-26,2026-06-26,Active
3359,b6f9d1f88a74fbe6,Powai Cosmopolitan Society,,Powai,Eastern Suburbs,19.1187195,72.9073476,400076,,100,75,https://www.propi.in/search/properties,2026-06-26,2026-06-26,Active
3360,0591d5e4d597ab78,Powai Park,,Powai,Eastern Suburbs,19.1187195,72.9073476,400076,,100,75,https://www.propi.in/search/properties,2026-06-26,2026-06-26,Active
3361,114843a6dbb5792f,Powai Vihar,,Powai,Eastern Suburbs,19.1187195,72.9073476,400076,,100,75,https://www.propi.in/search/properties,2026-06-26,2026-06-26,Active
3362,0db75b915fd52597,Powai Vihar Complex,,Powai,Eastern Suburbs,19.1187195,72.9073476,400076,,100,75,https://www.propi.in/search/properties,2026-06-26,2026-06-26,Active
3363,f222b41fa77cc4af,Princeton,,Powai,Eastern Suburbs,19.1187195,72.9073476,400076,,100,75,https://www.propi.in/search/properties,2026-06-26,2026-06-26,Active
3364,25eafe9753c23ba4,Raheja Ascencio,Raheja Ascensio,Powai,Eastern Suburbs,19.1187195,72.9073476,400076,K. Raheja Group,100,100,https://www.propi.in/search/properties,2026-06-26,2026-06-26,Active
3365,cec3d45d5c2a99f1,Raheja Nest,,Powai,Eastern Suburbs,19.1187195,72.9073476,400076,K. Raheja Group,100,90,https://www.propi.in/search/properties,2026-06-26,2026-06-26,Active
3366,f10b5bfaf68e8579,Raheja Vihar,,Powai,Eastern Suburbs,19.1187195,72.9073476,400076,K. Raheja Group,100,90,https://www.propi.in/search/properties,2026-06-26,2026-06-26,Active
3367,d2d76225c4e42bec,Raheja Vistas,,Powai,Eastern Suburbs,19.1187195,72.9073476,400076,K. Raheja Group,100,90,https://www.propi.in/search/properties,2026-06-26,2026-06-26,Active
3368,a6a17084944dc731,Rainbow,,Powai,Eastern Suburbs,19.1187195,72.9073476,400076,,100,75,https://www.propi.in/search/properties,2026-06-26,2026-06-26,Active
3369,2428cf23bf8ca01c,Raj Grandeur,,Powai,Eastern Suburbs,19.1187195,72.9073476,400076,,100,75,https://www.propi.in/search/properties,2026-06-26,2026-06-26,Active
3370,ebe88d3fa069853c,Ramesh Divekar,,Powai,Eastern Suburbs,19.1187195,72.9073476,400076,,100,75,https://www.propi.in/search/properties,2026-06-26,2026-06-26,Active
3371,a8b1b2ba5fef909e,Regency Park,,Powai,Eastern Suburbs,19.1187195,72.9073476,400076,,100,75,https://www.propi.in/search/properties,2026-06-26,2026-06-26,Active
3372,aadec91ba0941495,Regent Hill,,Powai,Eastern Suburbs,19.1187195,72.9073476,400076,,100,75,https://www.propi.in/search/properties,2026-06-26,2026-06-26,Active
3373,04b0bfccc503133d,Richmond,,Powai,Eastern Suburbs,19.1187195,72.9073476,400076,,100,75,https://www.propi.in/search/properties,2026-06-26,2026-06-26,Active
3374,3d7faf686fc8d5f8,Rosa Alba,,Powai,Eastern Suburbs,19.1187195,72.9073476,400076,,100,75,https://www.propi.in/search/properties,2026-06-26,2026-06-26,Active
3375,7cd4485e8ca7c27d,Sahil Exotica,,Powai,Eastern Suburbs,19.1187195,72.9073476,400076,,100,75,https://www.propi.in/search/properties,2026-06-26,2026-06-26,Active
3376,44e30ae169cdfcd0,Sahil Exotica Chandivali,Sahil Exotica – Chandivali,Powai,Eastern Suburbs,19.1187195,72.9073476,400076,,100,85,https://www.propi.in/search/properties,2026-06-26,2026-06-26,Active
3377,7043ca9e17dd941f,Sapphire Lakeside,,Powai,Eastern Suburbs,19.1187195,72.9073476,400076,,100,75,https://www.propi.in/search/properties,2026-06-26,2026-06-26,Active
3378,c0f2b0397a129099,Shiv Om Tower,,Powai,Eastern Suburbs,19.1187195,72.9073476,400076,,100,75,https://www.propi.in/search/properties,2026-06-26,2026-06-26,Active
3379,c92751f72a493aac,Shree Krishna,,Powai,Eastern Suburbs,19.1187195,72.9073476,400076,,100,75,https://www.propi.in/search/properties,2026-06-26,2026-06-26,Active
3380,391cd9ef5bdc2042,Silicon Valley,,Powai,Eastern Suburbs,19.1187195,72.9073476,400076,,100,75,https://www.propi.in/search/properties,2026-06-26,2026-06-26,Active
3381,0c08859eb378542e,Silver Oak,,Powai,Eastern Suburbs,19.1187195,72.9073476,400076,,100,75,https://www.propi.in/search/properties,2026-06-26,2026-06-26,Active
3382,2960a1a0169bbc99,Somerset,,Powai,Eastern Suburbs,19.1187195,72.9073476,400076,,100,75,https://www.propi.in/search/properties,2026-06-26,2026-06-26,Active
3383,9a22dc95bc534e23,Sun Glory,,Powai,Eastern Suburbs,19.1187195,72.9073476,400076,,100,75,https://www.propi.in/search/properties,2026-06-26,2026-06-26,Active
3384,c62913ba5f3ffe13,Sun Heights,,Powai,Eastern Suburbs,19.1187195,72.9073476,400076,,100,75,https://www.propi.in/search/properties,2026-06-26,2026-06-26,Active
3385,75f9c35df300e9b5,Suncity Complex,,Powai,Eastern Suburbs,19.1187195,72.9073476,400076,,100,75,https://www.propi.in/search/properties,2026-06-26,2026-06-26,Active
3386,07338ac0f066eebd,Synchronicity,,Powai,Eastern Suburbs,19.1187195,72.9073476,400076,,100,75,https://www.propi.in/search/properties,2026-06-26,2026-06-26,Active
3387,c4a21c4509f1e3f7,Tata Symphony,,Powai,Eastern Suburbs,19.1187195,72.9073476,400076,Tata Housing,100,90,https://www.propi.in/search/properties,2026-06-26,2026-06-26,Active
3388,acf3435792bb5022,Torino,,Powai,Eastern Suburbs,19.1187195,72.9073476,400076,,100,75,https://www.propi.in/search/properties,2026-06-26,2026-06-26,Active
3389,5cd4a580caa839dc,Towards D-mart Side,,Powai,Eastern Suburbs,19.1187195,72.9073476,400076,,100,75,https://www.propi.in/search/properties,2026-06-26,2026-06-26,Active
3390,0d8cef97283fff35,Trinity,,Powai,Eastern Suburbs,19.1187195,72.9073476,400076,,100,75,https://www.propi.in/search/properties,2026-06-26,2026-06-26,Active
3391,a9f7f0ba5e154130,Tulip,,Powai,Eastern Suburbs,19.1187195,72.9073476,400076,,100,75,https://www.propi.in/search/properties,2026-06-26,2026-06-26,Active
3392,dbc6e52cff6de827,Tulipia and Tilia,,Powai,Eastern Suburbs,19.1187195,72.9073476,400076,,100,75,https://www.propi.in/search/properties,2026-06-26,2026-06-26,Active
3393,95d58daa8cf12249,Twilight,,Powai,Eastern Suburbs,19.1187195,72.9073476,400076,,100,75,https://www.propi.in/search/properties,2026-06-26,2026-06-26,Active
3394,ec64ec2614df85fa,Valencia,,Powai,Eastern Suburbs,19.1187195,72.9073476,400076,,100,75,https://www.propi.in/search/properties,2026-06-26,2026-06-26,Active
3395,2e80013d2e1a019f,Vasukamal,,Powai,Eastern Suburbs,19.1187195,72.9073476,400076,,100,75,https://www.propi.in/search/properties,2026-06-26,2026-06-26,Active
3396,fc0b7edde6872773,Veridian,,Powai,Eastern Suburbs,19.1187195,72.9073476,400076,,100,75,https://www.propi.in/search/properties,2026-06-26,2026-06-26,Active
3397,53cb8b8768ef6e6b,Veridian at Emerald Isle,,Powai,Eastern Suburbs,19.1187195,72.9073476,400076,,100,75,https://www.propi.in/search/properties,2026-06-26,2026-06-26,Active
3398,75790683b455433d,Verona,,Powai,Eastern Suburbs,19.1187195,72.9073476,400076,,100,75,https://www.propi.in/search/properties,2026-06-26,2026-06-26,Active
3399,6a008cee8db7c0e8,Vicinia,,Powai,Eastern Suburbs,19.1187195,72.9073476,400076,,100,75,https://www.propi.in/search/properties,2026-06-26,2026-06-26,Active
3400,e09e80bae831c7ce,Wadhwa Solitaire,,Powai,Eastern Suburbs,19.1187195,72.9073476,400076,Wadhwa Group,100,90,https://www.propi.in/search/properties,2026-06-26,2026-06-26,Active
3401,97a84f3eb70cdb71,Water Lily and White Lily,Water Lily & White Lily,Powai,Eastern Suburbs,19.1187195,72.9073476,400076,,100,85,https://www.propi.in/search/properties,2026-06-26,2026-06-26,Active
3402,72c9441d0909c776,Whispering Woods,,Powai,Eastern Suburbs,19.1187195,72.9073476,400076,,100,75,https://www.propi.in/search/properties,2026-06-26,2026-06-26,Active
3403,1b6ba0442870e7c4,Woodland Heights,,Powai,Eastern Suburbs,19.1187195,72.9073476,400076,,100,75,https://www.propi.in/search/properties,2026-06-26,2026-06-26,Active
3404,f63dd13f2216146e,Yarrow,,Powai,Eastern Suburbs,19.1187195,72.9073476,400076,,100,75,https://www.propi.in/search/properties,2026-06-26,2026-06-26,Active
3405,62c4ca79fe0ff95a,Zen Atlantis,,Powai,Eastern Suburbs,19.1187195,72.9073476,400076,,100,75,https://www.propi.in/search/properties,2026-06-26,2026-06-26,Active
3406,715066f759c8c65c,Zinnia,,Powai,Eastern Suburbs,19.1187195,72.9073476,400076,,100,75,https://www.propi.in/search/properties,2026-06-26,2026-06-26,Active
3407,e5b3a2e046675fa6,1515 Moneco,,Prabhadevi,South Mumbai Central,19.0074717,72.8358965,400013,,100,75,https://www.propi.in/search/properties,2026-06-26,2026-06-26,Active
3408,5af52f559f39b8f1,25 South,25 South Tower,Prabhadevi,South Mumbai Central,19.0074717,72.8358965,400013,,100,85,https://www.propi.in/search/properties,2026-06-26,2026-06-26,Active
3409,bc60cf42a6675cff,Ahuja Tower,,Prabhadevi,South Mumbai Central,19.0074717,72.8358965,400013,,100,75,https://www.propi.in/search/properties,2026-06-26,2026-06-26,Active
3410,5679ad54e86873a0,Asteria Height,,Prabhadevi,South Mumbai Central,19.0074717,72.8358965,400013,,100,75,https://www.propi.in/search/properties,2026-06-26,2026-06-26,Active
3411,6cca350fbc3bbd85,Atlanta,,Prabhadevi,South Mumbai Central,19.0074717,72.8358965,400013,,100,75,https://www.propi.in/search/properties,2026-06-26,2026-06-26,Active
3412,0d102f8dcc53701c,Atlanta Heights,,Prabhadevi,South Mumbai Central,19.0074717,72.8358965,400013,,100,75,https://www.propi.in/search/properties,2026-06-26,2026-06-26,Active
3413,160ca6541d660c47,Avershakhar Shrusti,,Prabhadevi,South Mumbai Central,19.0074717,72.8358965,400013,,100,75,https://www.propi.in/search/properties,2026-06-26,2026-06-26,Active
3414,68f2fb777206b859,Bay View Terraces,Bayview Terraces,Prabhadevi,South Mumbai Central,19.0074717,72.8358965,400013,,100,85,https://www.propi.in/search/properties,2026-06-26,2026-06-26,Active
3415,e9ba6720c625ac6d,Beaumonde,,Prabhadevi,South Mumbai Central,19.0074717,72.8358965,400013,,100,75,https://www.propi.in/search/properties,2026-06-26,2026-06-26,Active
3416,93e3bdcd7a094f0e,Bhagyashree CHS,,Prabhadevi,South Mumbai Central,19.0074717,72.8358965,400013,,100,75,https://www.propi.in/search/properties,2026-06-26,2026-06-26,Active
3417,ccd3ee991ef50dde,Bussa Industrial Estate,,Prabhadevi,South Mumbai Central,19.0074717,72.8358965,400013,,100,75,https://www.propi.in/search/properties,2026-06-26,2026-06-26,Active
3418,46880e0f89c69f73,Cadel Plaza,,Prabhadevi,South Mumbai Central,19.0074717,72.8358965,400013,,100,75,https://www.propi.in/search/properties,2026-06-26,2026-06-26,Active
3419,55d53df11714ebd0,Chaitanya Tower,Chaitanya Tower,Prabhadevi,South Mumbai Central,19.0074717,72.8358965,400013,,100,85,https://www.propi.in/search/properties,2026-06-26,2026-06-26,Active
3420,b14fbe5c9201a93a,Classique Heights,,Prabhadevi,South Mumbai Central,19.0074717,72.8358965,400013,,100,75,https://www.propi.in/search/properties,2026-06-26,2026-06-26,Active
3421,1c1cad60b51e5d56,Cnergy,,Prabhadevi,South Mumbai Central,19.0074717,72.8358965,400013,,100,75,https://www.propi.in/search/properties,2026-06-26,2026-06-26,Active
3422,b939082d518bcb26,Cosmo Majestic,Cosmos Majestic,Prabhadevi,South Mumbai Central,19.0074717,72.8358965,400013,,100,85,https://www.propi.in/search/properties,2026-06-26,2026-06-26,Active
3423,6d5b09ee544640c8,El Dorado,,Prabhadevi,South Mumbai Central,19.0074717,72.8358965,400013,,100,75,https://www.propi.in/search/properties,2026-06-26,2026-06-26,Active
3424,25f5c4c5581f5581,El-Dorado,,Prabhadevi,South Mumbai Central,19.0074717,72.8358965,400013,,100,75,https://www.propi.in/search/properties,2026-06-26,2026-06-26,Active
3425,f6020fc83229431b,Elanza,,Prabhadevi,South Mumbai Central,19.0074717,72.8358965,400013,,100,75,https://www.propi.in/search/properties,2026-06-26,2026-06-26,Active
3426,294eb53d334345f0,Eon One,,Prabhadevi,South Mumbai Central,19.0074717,72.8358965,400013,,100,75,https://www.propi.in/search/properties,2026-06-26,2026-06-26,Active
3427,9ed341cdfc892f47,Gandhar Tower,,Prabhadevi,South Mumbai Central,19.0074717,72.8358965,400013,,100,75,https://www.propi.in/search/properties,2026-06-26,2026-06-26,Active
3428,573a49e128929839,Grace Orchid,,Prabhadevi,South Mumbai Central,19.0074717,72.8358965,400013,,100,75,https://www.propi.in/search/properties,2026-06-26,2026-06-26,Active
3429,ee2c0c843f89750c,Hrishikesh Apartment,,Prabhadevi,South Mumbai Central,19.0074717,72.8358965,400013,,100,75,https://www.propi.in/search/properties,2026-06-26,2026-06-26,Active
3430,8ae3ad7ab14110db,Indiabulls Sky Forest,,Prabhadevi,South Mumbai Central,19.0074717,72.8358965,400013,Indiabulls Real Estate,100,90,https://www.propi.in/search/properties,2026-06-26,2026-06-26,Active
3431,c0e9d2be7e006d77,Ivory Tower,,Prabhadevi,South Mumbai Central,19.0074717,72.8358965,400013,,100,75,https://www.propi.in/search/properties,2026-06-26,2026-06-26,Active
3432,aa699de481e60357,Jahangir,,Prabhadevi,South Mumbai Central,19.0074717,72.8358965,400013,,100,75,https://www.propi.in/search/properties,2026-06-26,2026-06-26,Active
3433,649e091dffc4dbe5,Jayant Apartment,,Prabhadevi,South Mumbai Central,19.0074717,72.8358965,400013,,100,75,https://www.propi.in/search/properties,2026-06-26,2026-06-26,Active
3434,deff319ce7c6de40,Jayant Sapphire,,Prabhadevi,South Mumbai Central,19.0074717,72.8358965,400013,,100,75,https://www.propi.in/search/properties,2026-06-26,2026-06-26,Active
3435,83d1a7f52b82365c,Kalpataru Oceana,,Prabhadevi,South Mumbai Central,19.0074717,72.8358965,400013,Kalpataru Group,100,90,https://www.propi.in/search/properties,2026-06-26,2026-06-26,Active
3436,e8d35ddddce06dba,Kamana Apartment,,Prabhadevi,South Mumbai Central,19.0074717,72.8358965,400013,,100,75,https://www.propi.in/search/properties,2026-06-26,2026-06-26,Active
3437,c11bcda2ba0dd547,Krypton Tower,,Prabhadevi,South Mumbai Central,19.0074717,72.8358965,400013,,100,75,https://www.propi.in/search/properties,2026-06-26,2026-06-26,Active
3438,0543afff5a7779c5,Kuber Tower,Kuber Tower,Prabhadevi,South Mumbai Central,19.0074717,72.8358965,400013,,100,85,https://www.propi.in/search/properties,2026-06-26,2026-06-26,Active
3439,929c0b089babf6ce,Laxmi Gopal,,Prabhadevi,South Mumbai Central,19.0074717,72.8358965,400013,,100,75,https://www.propi.in/search/properties,2026-06-26,2026-06-26,Active
3440,d003b54c67fc8687,Lifescapes Aquino,,Prabhadevi,South Mumbai Central,19.0074717,72.8358965,400013,,100,75,https://www.propi.in/search/properties,2026-06-26,2026-06-26,Active
3441,2a1a2d843bc57c83,Lodha Grandeur,,Prabhadevi,South Mumbai Central,19.0074717,72.8358965,400013,Lodha Group,100,90,https://www.propi.in/search/properties,2026-06-26,2026-06-26,Active
3442,32728388f2d403ea,MAK Mariano,,Prabhadevi,South Mumbai Central,19.0074717,72.8358965,400013,,100,75,https://www.propi.in/search/properties,2026-06-26,2026-06-26,Active
3443,cbd1aab2154832c9,Madhukunj Apartment,,Prabhadevi,South Mumbai Central,19.0074717,72.8358965,400013,,100,75,https://www.propi.in/search/properties,2026-06-26,2026-06-26,Active
3444,a9142b75f5f71b72,Maimoon Apartment,,Prabhadevi,South Mumbai Central,19.0074717,72.8358965,400013,,100,75,https://www.propi.in/search/properties,2026-06-26,2026-06-26,Active
3445,cbc4fb24c630e383,Majestic Tower,Majestic,Prabhadevi,South Mumbai Central,19.0074717,72.8358965,400013,,100,85,https://www.propi.in/search/properties,2026-06-26,2026-06-26,Active
3446,63850f2c08ea845b,Mamta,Mamta Apartment,Prabhadevi,South Mumbai Central,19.0074717,72.8358965,400013,,100,85,https://www.propi.in/search/properties,2026-06-26,2026-06-26,Active
3447,8f1dda9f886f49c0,Moon Reach,,Prabhadevi,South Mumbai Central,19.0074717,72.8358965,400013,,100,75,https://www.propi.in/search/properties,2026-06-26,2026-06-26,Active
3448,6f07f5d786c4862b,Naman Midtown,,Prabhadevi,South Mumbai Central,19.0074717,72.8358965,400013,Naman Group,100,90,https://www.propi.in/search/properties,2026-06-26,2026-06-26,Active
3449,fd4effb3db019e60,Neel Sagar,,Prabhadevi,South Mumbai Central,19.0074717,72.8358965,400013,,100,75,https://www.propi.in/search/properties,2026-06-26,2026-06-26,Active
3450,bc0cd1fce924e786,Ocean Gold,,Prabhadevi,South Mumbai Central,19.0074717,72.8358965,400013,,100,75,https://www.propi.in/search/properties,2026-06-26,2026-06-26,Active
3451,3bd84b093b26a9fc,Ocean Star,,Prabhadevi,South Mumbai Central,19.0074717,72.8358965,400013,,100,75,https://www.propi.in/search/properties,2026-06-26,2026-06-26,Active
3452,024fd0ed549a6ac6,Omega Luxuria,,Prabhadevi,South Mumbai Central,19.0074717,72.8358965,400013,,100,75,https://www.propi.in/search/properties,2026-06-26,2026-06-26,Active
3453,82b0e8033247bee8,Orbit Plaza,,Prabhadevi,South Mumbai Central,19.0074717,72.8358965,400013,,100,75,https://www.propi.in/search/properties,2026-06-26,2026-06-26,Active
3454,ce349d48b4829559,Paschim Apartment,,Prabhadevi,South Mumbai Central,19.0074717,72.8358965,400013,,100,75,https://www.propi.in/search/properties,2026-06-26,2026-06-26,Active
3455,98f505317b5dfbc8,Pearl Residency,,Prabhadevi,South Mumbai Central,19.0074717,72.8358965,400013,,100,75,https://www.propi.in/search/properties,2026-06-26,2026-06-26,Active
3456,9765d148834f2479,"Pearl Residency , Prabhadevi",,Prabhadevi,South Mumbai Central,19.0074717,72.8358965,400013,,100,75,https://www.propi.in/search/properties,2026-06-26,2026-06-26,Active
3457,102638841e5d6de6,Prabhadevi Industrial Estate,,Prabhadevi,South Mumbai Central,19.0074717,72.8358965,400013,,100,75,https://www.propi.in/search/properties,2026-06-26,2026-06-26,Active
3458,e74548436f4462d3,Prestige Heights,,Prabhadevi,South Mumbai Central,19.0074717,72.8358965,400013,Prestige Group,100,90,https://www.propi.in/search/properties,2026-06-26,2026-06-26,Active
3459,0bd311e78587cb6d,Prithvi Emperor,,Prabhadevi,South Mumbai Central,19.0074717,72.8358965,400013,,100,75,https://www.propi.in/search/properties,2026-06-26,2026-06-26,Active
3460,2c6a65bd05585c0d,Purshottam Tower,,Prabhadevi,South Mumbai Central,19.0074717,72.8358965,400013,,100,75,https://www.propi.in/search/properties,2026-06-26,2026-06-26,Active
3461,a48910936c7e42e5,Raheja Empress,,Prabhadevi,South Mumbai Central,19.0074717,72.8358965,400013,K. Raheja Group,100,90,https://www.propi.in/search/properties,2026-06-26,2026-06-26,Active
3462,c03bbc352ee15fbf,Raheja Princess,,Prabhadevi,South Mumbai Central,19.0074717,72.8358965,400013,K. Raheja Group,100,90,https://www.propi.in/search/properties,2026-06-26,2026-06-26,Active
3463,123c7b868dfbb62b,Rameshwaram Apartment,,Prabhadevi,South Mumbai Central,19.0074717,72.8358965,400013,,100,75,https://www.propi.in/search/properties,2026-06-26,2026-06-26,Active
3464,8b5c0c37119b10a2,Rishabh Tower,,Prabhadevi,South Mumbai Central,19.0074717,72.8358965,400013,,100,75,https://www.propi.in/search/properties,2026-06-26,2026-06-26,Active
3465,33efc13fea61b1ed,Royal Accord,,Prabhadevi,South Mumbai Central,19.0074717,72.8358965,400013,,100,75,https://www.propi.in/search/properties,2026-06-26,2026-06-26,Active
3466,1d6bc6f2a41a42d4,Rustom,,Prabhadevi,South Mumbai Central,19.0074717,72.8358965,400013,,100,75,https://www.propi.in/search/properties,2026-06-26,2026-06-26,Active
3467,020811bc1417d54a,Rustomjee Crown,Rustomjee Crown Tower A | Rustomjee Crown Tower B | Rustomjee Crown Tower C,Prabhadevi,South Mumbai Central,19.0074717,72.8358965,400013,Rustomjee Group,100,100,https://www.propi.in/search/properties,2026-06-26,2026-06-26,Active
3468,f957098298cf1287,Sanghi Residency,,Prabhadevi,South Mumbai Central,19.0074717,72.8358965,400013,,100,75,https://www.propi.in/search/properties,2026-06-26,2026-06-26,Active
3469,61033987c1de0243,Sanjay CHS,,Prabhadevi,South Mumbai Central,19.0074717,72.8358965,400013,,100,75,https://www.propi.in/search/properties,2026-06-26,2026-06-26,Active
3470,dc99b3682a690874,Sanskruti,,Prabhadevi,South Mumbai Central,19.0074717,72.8358965,400013,,100,75,https://www.propi.in/search/properties,2026-06-26,2026-06-26,Active
3471,5ad04baa4fcf97f0,Sea Sequence,,Prabhadevi,South Mumbai Central,19.0074717,72.8358965,400013,,100,75,https://www.propi.in/search/properties,2026-06-26,2026-06-26,Active
3472,3061f1fd5b44ec78,Shaan Apartment,,Prabhadevi,South Mumbai Central,19.0074717,72.8358965,400013,,100,75,https://www.propi.in/search/properties,2026-06-26,2026-06-26,Active
3473,ae469c21edf25a6d,Siddhivinayak Grandeur,,Prabhadevi,South Mumbai Central,19.0074717,72.8358965,400013,,100,75,https://www.propi.in/search/properties,2026-06-26,2026-06-26,Active
3474,33a33c45bed03fda,Siddhivinayak Horizon,,Prabhadevi,South Mumbai Central,19.0074717,72.8358965,400013,,100,75,https://www.propi.in/search/properties,2026-06-26,2026-06-26,Active
3475,4eed7c94c730e884,Silver Apartment,,Prabhadevi,South Mumbai Central,19.0074717,72.8358965,400013,,100,75,https://www.propi.in/search/properties,2026-06-26,2026-06-26,Active
3476,8e3e08598f1b2974,Silver Dune,,Prabhadevi,South Mumbai Central,19.0074717,72.8358965,400013,,100,75,https://www.propi.in/search/properties,2026-06-26,2026-06-26,Active
3477,c8d8a14e5d6f7fee,Star Apartment,,Prabhadevi,South Mumbai Central,19.0074717,72.8358965,400013,,100,75,https://www.propi.in/search/properties,2026-06-26,2026-06-26,Active
3478,04bd5535cf763573,Sugee Atharva,,Prabhadevi,South Mumbai Central,19.0074717,72.8358965,400013,Sugee Group,100,90,https://www.propi.in/search/properties,2026-06-26,2026-06-26,Active
3479,1e7bb13ac7cc5157,Sumer Apartment,,Prabhadevi,South Mumbai Central,19.0074717,72.8358965,400013,,100,75,https://www.propi.in/search/properties,2026-06-26,2026-06-26,Active
3480,0fadad0e7d69eaac,Sumer Trinity,Summer Trinity,Prabhadevi,South Mumbai Central,19.0074717,72.8358965,400013,,100,85,https://www.propi.in/search/properties,2026-06-26,2026-06-26,Active
3481,b7092fa8d551ddd9,Sumer Trinity Vertical,,Prabhadevi,South Mumbai Central,19.0074717,72.8358965,400013,,100,75,https://www.propi.in/search/properties,2026-06-26,2026-06-26,Active
3482,8384077f529279bc,Sunset heights,,Prabhadevi,South Mumbai Central,19.0074717,72.8358965,400013,,100,75,https://www.propi.in/search/properties,2026-06-26,2026-06-26,Active
3483,a319c0f3ebaf9d4c,Suraj Tranquil Bay,,Prabhadevi,South Mumbai Central,19.0074717,72.8358965,400013,,100,75,https://www.propi.in/search/properties,2026-06-26,2026-06-26,Active
3484,524a79311252b279,Suvidha Emerald,,Prabhadevi,South Mumbai Central,19.0074717,72.8358965,400013,,100,75,https://www.propi.in/search/properties,2026-06-26,2026-06-26,Active
3485,5323c6575ddc73c2,Tanna Residency,,Prabhadevi,South Mumbai Central,19.0074717,72.8358965,400013,,100,75,https://www.propi.in/search/properties,2026-06-26,2026-06-26,Active
3486,a87270cb4af534bf,Tranquil Bay,,Prabhadevi,South Mumbai Central,19.0074717,72.8358965,400013,,100,75,https://www.propi.in/search/properties,2026-06-26,2026-06-26,Active
3487,dba9bc854db62633,Trevadia Vue Point,,Prabhadevi,South Mumbai Central,19.0074717,72.8358965,400013,,100,75,https://www.propi.in/search/properties,2026-06-26,2026-06-26,Active
3488,2270ca8e550bdc81,Trivedia Vue Point,,Prabhadevi,South Mumbai Central,19.0074717,72.8358965,400013,,100,75,https://www.propi.in/search/properties,2026-06-26,2026-06-26,Active
3489,efbd3f65571028d5,Twin Tower,Twin Tower,Prabhadevi,South Mumbai Central,19.0074717,72.8358965,400013,,100,85,https://www.propi.in/search/properties,2026-06-26,2026-06-26,Active
3490,8a72f6124ec27e4d,Udhyan Darshan,Udyan Darshan,Prabhadevi,South Mumbai Central,19.0074717,72.8358965,400013,,100,85,https://www.propi.in/search/properties,2026-06-26,2026-06-26,Active
3491,7ba822d892cdb226,Utkarsh,,Prabhadevi,South Mumbai Central,19.0074717,72.8358965,400013,,100,75,https://www.propi.in/search/properties,2026-06-26,2026-06-26,Active
3492,9a82881e2e129f9d,Vaibhav Apartment,,Prabhadevi,South Mumbai Central,19.0074717,72.8358965,400013,,100,75,https://www.propi.in/search/properties,2026-06-26,2026-06-26,Active
3493,d4dc87f5a99a9bb5,Vaibhav Apartments,,Prabhadevi,South Mumbai Central,19.0074717,72.8358965,400013,,100,75,https://www.propi.in/search/properties,2026-06-26,2026-06-26,Active
3494,cbd36d71cb4c65a7,Vinayak Angan,,Prabhadevi,South Mumbai Central,19.0074717,72.8358965,400013,,100,75,https://www.propi.in/search/properties,2026-06-26,2026-06-26,Active
3495,db02873ac57397e7,Vision Crest,,Prabhadevi,South Mumbai Central,19.0074717,72.8358965,400013,,100,75,https://www.propi.in/search/properties,2026-06-26,2026-06-26,Active
3496,2c0ce6ff04e60233,Wadhwa 25 South,,Prabhadevi,South Mumbai Central,19.0074717,72.8358965,400013,Wadhwa Group,100,90,https://www.propi.in/search/properties,2026-06-26,2026-06-26,Active
3497,19b0da641e344b20,Harmony,,Raheja Vihar,,19.1191663,72.8951234,,,100,55,https://www.propi.in/search/properties,2026-06-26,2026-06-26,Active
3498,b576bab557869655,Lotus Residency,,Ram Mandir,Western Suburbs Extended,19.151023,72.8501467,400104,,100,75,https://www.propi.in/search/properties,2026-06-26,2026-06-26,Active
3499,84515d9358d62ae5,Aishwarya,,Samartha Nagar,Eastern Suburbs,19.1456612,72.8291065,,,100,70,https://www.propi.in/search/properties,2026-06-26,2026-06-26,Active
3500,c3c4e99a4e8d9f72,Bhoomi Paradise,,Sanpada,Navi Mumbai,19.0659774,73.0095329,400706,,100,75,https://www.propi.in/search/properties,2026-06-26,2026-06-26,Active
3501,ce5d9f15ed0cec9f,Goodwill Unity,,Sanpada,Navi Mumbai,19.0659774,73.0095329,400706,,100,75,https://www.propi.in/search/properties,2026-06-26,2026-06-26,Active
3502,916533fa5aad3597,Tricity Skyline,,Sanpada,Navi Mumbai,19.0659774,73.0095329,400706,,100,75,https://www.propi.in/search/properties,2026-06-26,2026-06-26,Active
3503,114c22b0db973f44,Vivant,,Sanpada,Navi Mumbai,19.0659774,73.0095329,400706,,100,75,https://www.propi.in/search/properties,2026-06-26,2026-06-26,Active
3504,25c1e3274c7bd57e,AP Ekam,AP Ekam,Santacruz West,Western Suburbs Prime,19.0796105,72.8470573,400055,,100,85,https://www.propi.in/search/properties,2026-06-26,2026-06-26,Active
3505,821b6985146ecfec,Chitra,Chitra,Santacruz West,Western Suburbs Prime,19.0796105,72.8470573,400055,,100,85,https://www.propi.in/search/properties,2026-06-26,2026-06-26,Active
3506,75208d606b419369,Shalaka,Shalaka,Santacruz West,Western Suburbs Prime,19.0796105,72.8470573,400055,,100,85,https://www.propi.in/search/properties,2026-06-26,2026-06-26,Active
3507,9b459117dcd3a5b0,White Lotus,White Lotus,Santacruz West,Western Suburbs Prime,19.0796105,72.8470573,400055,,100,85,https://www.propi.in/search/properties,2026-06-26,2026-06-26,Active
3508,ba9e6f3aea75dec8,A.G Park,,Santacruz East,Western Suburbs Prime,19.0781806,72.8677752,400029,,100,75,https://www.propi.in/search/properties,2026-06-26,2026-06-26,Active
3509,a385ec68acded4cd,Alpine Vistara,,Santacruz East,Western Suburbs Prime,19.0781806,72.8677752,400029,,100,75,https://www.propi.in/search/properties,2026-06-26,2026-06-26,Active
3510,3738a6d8fec61004,Ambit Vista,,Santacruz East,Western Suburbs Prime,19.0781806,72.8677752,400029,,100,75,https://www.propi.in/search/properties,2026-06-26,2026-06-26,Active
3511,4be24e38a9aa6d0d,Amity Apartments,,Santacruz East,Western Suburbs Prime,19.0781806,72.8677752,400029,,100,75,https://www.propi.in/search/properties,2026-06-26,2026-06-26,Active
3512,55f8adcd273775ac,Atmiya Centria,,Santacruz East,Western Suburbs Prime,19.0781806,72.8677752,400029,,100,75,https://www.propi.in/search/properties,2026-06-26,2026-06-26,Active
3513,1b1bde5a20387b32,Bougainvillea,,Santacruz East,Western Suburbs Prime,19.0781806,72.8677752,400029,,100,75,https://www.propi.in/search/properties,2026-06-26,2026-06-26,Active
3514,c0e99cd08263786a,Conwood Astoria,,Santacruz East,Western Suburbs Prime,19.0781806,72.8677752,400029,Conwood Group,100,90,https://www.propi.in/search/properties,2026-06-26,2026-06-26,Active
3515,62885f3dba27c512,Dani Corporate Park,,Santacruz East,Western Suburbs Prime,19.0781806,72.8677752,400029,,100,75,https://www.propi.in/search/properties,2026-06-26,2026-06-26,Active
3516,a2c99a8239c3fad6,Dheeraj Insignia,,Santacruz East,Western Suburbs Prime,19.0781806,72.8677752,400029,Dheeraj Group,100,90,https://www.propi.in/search/properties,2026-06-26,2026-06-26,Active
3517,9267c26b5b48efe8,Dunhill Corner,,Santacruz East,Western Suburbs Prime,19.0781806,72.8677752,400029,,100,75,https://www.propi.in/search/properties,2026-06-26,2026-06-26,Active
3518,37f7b67e9d61d652,Emerald,,Santacruz East,Western Suburbs Prime,19.0781806,72.8677752,400029,,100,75,https://www.propi.in/search/properties,2026-06-26,2026-06-26,Active
3519,2ec1e8c482a17096,Florence,,Santacruz East,Western Suburbs Prime,19.0781806,72.8677752,400029,,100,75,https://www.propi.in/search/properties,2026-06-26,2026-06-26,Active
3520,bdf27d2265f37eba,Golden Square,,Santacruz East,Western Suburbs Prime,19.0781806,72.8677752,400029,,100,75,https://www.propi.in/search/properties,2026-06-26,2026-06-26,Active
3521,43f2a006cdaeed61,Harmony Apartment,,Santacruz East,Western Suburbs Prime,19.0781806,72.8677752,400029,,100,75,https://www.propi.in/search/properties,2026-06-26,2026-06-26,Active
3522,acf6ab262444801b,Insignia,,Santacruz East,Western Suburbs Prime,19.0781806,72.8677752,400029,,100,75,https://www.propi.in/search/properties,2026-06-26,2026-06-26,Active
3523,56863d3f1246a7b2,Kabra Centroid,,Santacruz East,Western Suburbs Prime,19.0781806,72.8677752,400029,,100,75,https://www.propi.in/search/properties,2026-06-26,2026-06-26,Active
3524,c57da83895f5c5ed,Kalpataru Bliss,,Santacruz East,Western Suburbs Prime,19.0781806,72.8677752,400029,Kalpataru Group,100,90,https://www.propi.in/search/properties,2026-06-26,2026-06-26,Active
3525,3b44b534f846a7a0,Kalpataru Primus,,Santacruz East,Western Suburbs Prime,19.0781806,72.8677752,400029,Kalpataru Group,100,90,https://www.propi.in/search/properties,2026-06-26,2026-06-26,Active
3526,d6d5cbd609c51b75,Kings,,Santacruz East,Western Suburbs Prime,19.0781806,72.8677752,400029,,100,75,https://www.propi.in/search/properties,2026-06-26,2026-06-26,Active
3527,bd6cf82c174a66f7,Krishna Regency,,Santacruz East,Western Suburbs Prime,19.0781806,72.8677752,400029,,100,75,https://www.propi.in/search/properties,2026-06-26,2026-06-26,Active
3528,9987674a5778ce2e,Legend,,Santacruz East,Western Suburbs Prime,19.0781806,72.8677752,400029,,100,75,https://www.propi.in/search/properties,2026-06-26,2026-06-26,Active
3529,0e26424baa0a027a,Legend Apartments,,Santacruz East,Western Suburbs Prime,19.0781806,72.8677752,400029,,100,75,https://www.propi.in/search/properties,2026-06-26,2026-06-26,Active
3530,cece666320700dbb,MS H20,,Santacruz East,Western Suburbs Prime,19.0781806,72.8677752,400029,,100,75,https://www.propi.in/search/properties,2026-06-26,2026-06-26,Active
3531,599970a4ff3508b2,Morya Crystal,,Santacruz East,Western Suburbs Prime,19.0781806,72.8677752,400029,,100,75,https://www.propi.in/search/properties,2026-06-26,2026-06-26,Active
3532,8f29243a7266343a,New Vinay,,Santacruz East,Western Suburbs Prime,19.0781806,72.8677752,400029,,100,75,https://www.propi.in/search/properties,2026-06-26,2026-06-26,Active
3533,e31b0f70626034a8,Olive,,Santacruz East,Western Suburbs Prime,19.0781806,72.8677752,400029,,100,75,https://www.propi.in/search/properties,2026-06-26,2026-06-26,Active
3534,c17302b3b17be76d,Palazzo,,Santacruz East,Western Suburbs Prime,19.0781806,72.8677752,400029,,100,75,https://www.propi.in/search/properties,2026-06-26,2026-06-26,Active
3535,9d21ac977fdbfd34,Prabhat Residency,,Santacruz East,Western Suburbs Prime,19.0781806,72.8677752,400029,,100,75,https://www.propi.in/search/properties,2026-06-26,2026-06-26,Active
3536,fca2e94dd5489782,Prasanna Ashiana CHS,Prasanna Ashiana Chsl,Santacruz East,Western Suburbs Prime,19.0781806,72.8677752,400029,Ashiana Group,100,100,https://www.propi.in/search/properties,2026-06-26,2026-06-26,Active
3537,0671395ce78a854c,Primus Residences,,Santacruz East,Western Suburbs Prime,19.0781806,72.8677752,400029,,100,75,https://www.propi.in/search/properties,2026-06-26,2026-06-26,Active
3538,655fc78ea79751e1,Runwal Symphony,,Santacruz East,Western Suburbs Prime,19.0781806,72.8677752,400029,Runwal Group,100,90,https://www.propi.in/search/properties,2026-06-26,2026-06-26,Active
3539,06ca1fa45caba921,Sagar Avenue,,Santacruz East,Western Suburbs Prime,19.0781806,72.8677752,400029,,100,75,https://www.propi.in/search/properties,2026-06-26,2026-06-26,Active
3540,e88e1647be726571,Sagar Avenue II,,Santacruz East,Western Suburbs Prime,19.0781806,72.8677752,400029,,100,75,https://www.propi.in/search/properties,2026-06-26,2026-06-26,Active
3541,4b6497f30588d0ea,Sanghvi Aria,,Santacruz East,Western Suburbs Prime,19.0781806,72.8677752,400029,,100,75,https://www.propi.in/search/properties,2026-06-26,2026-06-26,Active
3542,82ee822607e893cf,Sheetal Airwings,,Santacruz East,Western Suburbs Prime,19.0781806,72.8677752,400029,,100,75,https://www.propi.in/search/properties,2026-06-26,2026-06-26,Active
3543,334b53f9d7804cc0,Sheil Estate,,Santacruz East,Western Suburbs Prime,19.0781806,72.8677752,400029,,100,75,https://www.propi.in/search/properties,2026-06-26,2026-06-26,Active
3544,87bbd1334c24d635,Silver Nook,,Santacruz East,Western Suburbs Prime,19.0781806,72.8677752,400029,,100,75,https://www.propi.in/search/properties,2026-06-26,2026-06-26,Active
3545,f962e267c0093f88,Spring Time,,Santacruz East,Western Suburbs Prime,19.0781806,72.8677752,400029,,100,75,https://www.propi.in/search/properties,2026-06-26,2026-06-26,Active
3546,6249c97bfef98d26,Sumit Artista,,Santacruz East,Western Suburbs Prime,19.0781806,72.8677752,400029,,100,75,https://www.propi.in/search/properties,2026-06-26,2026-06-26,Active
3547,697a55d4e9bb41bf,Sunshine Heights,,Santacruz East,Western Suburbs Prime,19.0781806,72.8677752,400029,,100,75,https://www.propi.in/search/properties,2026-06-26,2026-06-26,Active
3548,8ba7a8db114997f5,Vaibhav Paradise,,Santacruz East,Western Suburbs Prime,19.0781806,72.8677752,400029,,100,75,https://www.propi.in/search/properties,2026-06-26,2026-06-26,Active
3549,40ac04175add0c42,Windsor,,Santacruz East,Western Suburbs Prime,19.0781806,72.8677752,400029,,100,75,https://www.propi.in/search/properties,2026-06-26,2026-06-26,Active
3550,07260913867203d1,64 Greens,,Santacruz West,Western Suburbs Prime,19.0844004,72.8372899,400054,,100,75,https://www.propi.in/search/properties,2026-06-26,2026-06-26,Active
3551,a55b2c04e53b6925,81 Crest,,Santacruz West,Western Suburbs Prime,19.0844004,72.8372899,400054,,100,75,https://www.propi.in/search/properties,2026-06-26,2026-06-26,Active
3552,ea1579733d4b186e,AP Cosmos,,Santacruz West,Western Suburbs Prime,19.0844004,72.8372899,400054,,100,75,https://www.propi.in/search/properties,2026-06-26,2026-06-26,Active
3553,84cfc298c967bc25,Acharat Baug,,Santacruz West,Western Suburbs Prime,19.0844004,72.8372899,400054,,100,75,https://www.propi.in/search/properties,2026-06-26,2026-06-26,Active
3554,1406aa3206aa3ac9,Anand Bhavan,,Santacruz West,Western Suburbs Prime,19.0844004,72.8372899,400054,,100,75,https://www.propi.in/search/properties,2026-06-26,2026-06-26,Active
3555,af3991cbcecd45f1,Anand Bhuvan,,Santacruz West,Western Suburbs Prime,19.0844004,72.8372899,400054,,100,75,https://www.propi.in/search/properties,2026-06-26,2026-06-26,Active
3556,81ff39a928059044,Anand Bhuwan,,Santacruz West,Western Suburbs Prime,19.0844004,72.8372899,400054,,100,75,https://www.propi.in/search/properties,2026-06-26,2026-06-26,Active
3557,48b36da2c215ab82,Anand Villa,,Santacruz West,Western Suburbs Prime,19.0844004,72.8372899,400054,,100,75,https://www.propi.in/search/properties,2026-06-26,2026-06-26,Active
3558,a854f4f35b857686,Ariisto Sapphire,Aristo Sapphire,Santacruz West,Western Suburbs Prime,19.0844004,72.8372899,400054,,100,85,https://www.propi.in/search/properties,2026-06-26,2026-06-26,Active
3559,75c45ab4b8c097cb,Arkade Aura,,Santacruz West,Western Suburbs Prime,19.0844004,72.8372899,400054,,100,75,https://www.propi.in/search/properties,2026-06-26,2026-06-26,Active
3560,77fc364ba1ed75b6,Arsha Villa,,Santacruz West,Western Suburbs Prime,19.0844004,72.8372899,400054,,100,75,https://www.propi.in/search/properties,2026-06-26,2026-06-26,Active
3561,54b224f1bd6086d1,Artteza,,Santacruz West,Western Suburbs Prime,19.0844004,72.8372899,400054,,100,75,https://www.propi.in/search/properties,2026-06-26,2026-06-26,Active
3562,f83e94c80c40f076,Arvasu,,Santacruz West,Western Suburbs Prime,19.0844004,72.8372899,400054,,100,75,https://www.propi.in/search/properties,2026-06-26,2026-06-26,Active
3563,f09de93b5a57ab74,Ashiana,,Santacruz West,Western Suburbs Prime,19.0844004,72.8372899,400054,Ashiana Group,100,90,https://www.propi.in/search/properties,2026-06-26,2026-06-26,Active
3564,370070444c859d7f,Atlanta,,Santacruz West,Western Suburbs Prime,19.0844004,72.8372899,400054,,100,75,https://www.propi.in/search/properties,2026-06-26,2026-06-26,Active
3565,82981d18316d54f8,Aum Sequoia,,Santacruz West,Western Suburbs Prime,19.0844004,72.8372899,400054,,100,75,https://www.propi.in/search/properties,2026-06-26,2026-06-26,Active
3566,0044a2b56dc3f2e4,Avanti,,Santacruz West,Western Suburbs Prime,19.0844004,72.8372899,400054,,100,75,https://www.propi.in/search/properties,2026-06-26,2026-06-26,Active
3567,1f04349f01061c4a,Avanti Society,,Santacruz West,Western Suburbs Prime,19.0844004,72.8372899,400054,,100,75,https://www.propi.in/search/properties,2026-06-26,2026-06-26,Active
3568,ab22d13620c5e65d,Ave Maria,,Santacruz West,Western Suburbs Prime,19.0844004,72.8372899,400054,,100,75,https://www.propi.in/search/properties,2026-06-26,2026-06-26,Active
3569,0032fbb597e6e7ac,Avenue 14 For Lease At Dadar East,,Santacruz West,Western Suburbs Prime,19.0844004,72.8372899,400054,,100,75,https://www.propi.in/search/properties,2026-06-26,2026-06-26,Active
3570,22998d80184413bd,Balaji Tower,,Santacruz West,Western Suburbs Prime,19.0844004,72.8372899,400054,,100,75,https://www.propi.in/search/properties,2026-06-26,2026-06-26,Active
3571,6b8d45c9c19d6f29,Balkrishna Apartment,,Santacruz West,Western Suburbs Prime,19.0844004,72.8372899,400054,,100,75,https://www.propi.in/search/properties,2026-06-26,2026-06-26,Active
3572,4029193a21d061ed,Beacon,,Santacruz West,Western Suburbs Prime,19.0844004,72.8372899,400054,,100,75,https://www.propi.in/search/properties,2026-06-26,2026-06-26,Active
3573,b1c6130befb584bc,Bhagtani Pearl,,Santacruz West,Western Suburbs Prime,19.0844004,72.8372899,400054,,100,75,https://www.propi.in/search/properties,2026-06-26,2026-06-26,Active
3574,ba290b66137a0620,Bombino Apartments,,Santacruz West,Western Suburbs Prime,19.0844004,72.8372899,400054,,100,75,https://www.propi.in/search/properties,2026-06-26,2026-06-26,Active
3575,164d1cff341dfb52,Business Suites 9,Business Suites 9,Santacruz West,Western Suburbs Prime,19.0844004,72.8372899,400054,,100,85,https://www.propi.in/search/properties,2026-06-26,2026-06-26,Active
3576,898e8e341dc4e2fe,Casa Bianca,,Santacruz West,Western Suburbs Prime,19.0844004,72.8372899,400054,,100,75,https://www.propi.in/search/properties,2026-06-26,2026-06-26,Active
3577,191c679fd633c3f0,Casablanca,,Santacruz West,Western Suburbs Prime,19.0844004,72.8372899,400054,,100,75,https://www.propi.in/search/properties,2026-06-26,2026-06-26,Active
3578,6a52769df6b6ed81,Central Avenue,,Santacruz West,Western Suburbs Prime,19.0844004,72.8372899,400054,,100,75,https://www.propi.in/search/properties,2026-06-26,2026-06-26,Active
3579,2108b090c32bf4f4,Chamunda Niwas,,Santacruz West,Western Suburbs Prime,19.0844004,72.8372899,400054,,100,75,https://www.propi.in/search/properties,2026-06-26,2026-06-26,Active
3580,b940b5eb858b8df3,Chandak 69,,Santacruz West,Western Suburbs Prime,19.0844004,72.8372899,400054,,100,75,https://www.propi.in/search/properties,2026-06-26,2026-06-26,Active
3581,588ecdc0236abf14,Chitra Apartments,,Santacruz West,Western Suburbs Prime,19.0844004,72.8372899,400054,,100,75,https://www.propi.in/search/properties,2026-06-26,2026-06-26,Active
3582,f9e80d9370020aa4,Commerz 54,,Santacruz West,Western Suburbs Prime,19.0844004,72.8372899,400054,,100,75,https://www.propi.in/search/properties,2026-06-26,2026-06-26,Active
3583,ca1b57af8d462e5f,Cosmos,,Santacruz West,Western Suburbs Prime,19.0844004,72.8372899,400054,,100,75,https://www.propi.in/search/properties,2026-06-26,2026-06-26,Active
3584,6745bd33d2b59289,DLH Dawn,,Santacruz West,Western Suburbs Prime,19.0844004,72.8372899,400054,DLH Group,100,90,https://www.propi.in/search/properties,2026-06-26,2026-06-26,Active
3585,6b333912487f77ac,Darshan Smruti,,Santacruz West,Western Suburbs Prime,19.0844004,72.8372899,400054,,100,75,https://www.propi.in/search/properties,2026-06-26,2026-06-26,Active
3586,72439e2bcd146908,Del House,,Santacruz West,Western Suburbs Prime,19.0844004,72.8372899,400054,,100,75,https://www.propi.in/search/properties,2026-06-26,2026-06-26,Active
3587,42a5abbece341c69,Dheeraj Heritage,Dheeraj Heritage,Santacruz West,Western Suburbs Prime,19.0844004,72.8372899,400054,Dheeraj Group,100,100,https://www.propi.in/search/properties,2026-06-26,2026-06-26,Active
3588,0bff316af00de4af,Dheeraj Serenity,,Santacruz West,Western Suburbs Prime,19.0844004,72.8372899,400054,Dheeraj Group,100,90,https://www.propi.in/search/properties,2026-06-26,2026-06-26,Active
3589,fad5635b062d605c,Diamond Palace,,Santacruz West,Western Suburbs Prime,19.0844004,72.8372899,400054,,100,75,https://www.propi.in/search/properties,2026-06-26,2026-06-26,Active
3590,12ab3787d69f2b8e,Dream Queen,,Santacruz West,Western Suburbs Prime,19.0844004,72.8372899,400054,,100,75,https://www.propi.in/search/properties,2026-06-26,2026-06-26,Active
3591,abe810dbc1c20090,Dwarka,Dwarka Building,Santacruz West,Western Suburbs Prime,19.0844004,72.8372899,400054,,100,85,https://www.propi.in/search/properties,2026-06-26,2026-06-26,Active
3592,fe55aeb930e2e773,Ekam,,Santacruz West,Western Suburbs Prime,19.0844004,72.8372899,400054,,100,75,https://www.propi.in/search/properties,2026-06-26,2026-06-26,Active
3593,8fc377bcf22ec255,Ekta Trinity,,Santacruz West,Western Suburbs Prime,19.0844004,72.8372899,400054,Ekta World,100,90,https://www.propi.in/search/properties,2026-06-26,2026-06-26,Active
3594,2bd17c3c70b19dcf,Elite Simran,,Santacruz West,Western Suburbs Prime,19.0844004,72.8372899,400054,,100,75,https://www.propi.in/search/properties,2026-06-26,2026-06-26,Active
3595,3354666c5f5eb32b,Exclusive,,Santacruz West,Western Suburbs Prime,19.0844004,72.8372899,400054,,100,75,https://www.propi.in/search/properties,2026-06-26,2026-06-26,Active
3596,3ad2e7aa4d9c80fa,Fairwinds,,Santacruz West,Western Suburbs Prime,19.0844004,72.8372899,400054,,100,75,https://www.propi.in/search/properties,2026-06-26,2026-06-26,Active
3597,74b7b602bfe1d8b9,Fernvel,,Santacruz West,Western Suburbs Prime,19.0844004,72.8372899,400054,,100,75,https://www.propi.in/search/properties,2026-06-26,2026-06-26,Active
3598,4671bd7022a9e8bd,Garden King,,Santacruz West,Western Suburbs Prime,19.0844004,72.8372899,400054,,100,75,https://www.propi.in/search/properties,2026-06-26,2026-06-26,Active
3599,4b25a66fcde20667,Geetanjali,,Santacruz West,Western Suburbs Prime,19.0844004,72.8372899,400054,,100,75,https://www.propi.in/search/properties,2026-06-26,2026-06-26,Active
3600,cc351b4b77869fb2,Girnar Society,,Santacruz West,Western Suburbs Prime,19.0844004,72.8372899,400054,,100,75,https://www.propi.in/search/properties,2026-06-26,2026-06-26,Active
3601,c5cbedce6370de66,Gladhurst,,Santacruz West,Western Suburbs Prime,19.0844004,72.8372899,400054,,100,75,https://www.propi.in/search/properties,2026-06-26,2026-06-26,Active
3602,c7a2bfbfb0b90d9e,Goghari Mansion,,Santacruz West,Western Suburbs Prime,19.0844004,72.8372899,400054,,100,75,https://www.propi.in/search/properties,2026-06-26,2026-06-26,Active
3603,0d0f7a439b1270bc,Gokul Mohan,,Santacruz West,Western Suburbs Prime,19.0844004,72.8372899,400054,,100,75,https://www.propi.in/search/properties,2026-06-26,2026-06-26,Active
3604,6db2bf7fb18a2a20,Gokul Sangeet,,Santacruz West,Western Suburbs Prime,19.0844004,72.8372899,400054,,100,75,https://www.propi.in/search/properties,2026-06-26,2026-06-26,Active
3605,589d7ec51e1cd6ee,Gokul Shushma,Gokul Sushma,Santacruz West,Western Suburbs Prime,19.0844004,72.8372899,400054,,100,85,https://www.propi.in/search/properties,2026-06-26,2026-06-26,Active
3606,f136229dbb5f250e,Grandeur,,Santacruz West,Western Suburbs Prime,19.0844004,72.8372899,400054,,100,75,https://www.propi.in/search/properties,2026-06-26,2026-06-26,Active
3607,a36141d469c4bcb7,Greenfield,,Santacruz West,Western Suburbs Prime,19.0844004,72.8372899,400054,,100,75,https://www.propi.in/search/properties,2026-06-26,2026-06-26,Active
3608,022497d6f582b0ef,Haripreet,,Santacruz West,Western Suburbs Prime,19.0844004,72.8372899,400054,,100,75,https://www.propi.in/search/properties,2026-06-26,2026-06-26,Active
3609,db2da01ea6d0ac06,Heimat,,Santacruz West,Western Suburbs Prime,19.0844004,72.8372899,400054,,100,75,https://www.propi.in/search/properties,2026-06-26,2026-06-26,Active
3610,11f883615ddd7dfd,Holly Hock,,Santacruz West,Western Suburbs Prime,19.0844004,72.8372899,400054,,100,75,https://www.propi.in/search/properties,2026-06-26,2026-06-26,Active
3611,c6e2d9f994e9890c,Jai View,,Santacruz West,Western Suburbs Prime,19.0844004,72.8372899,400054,,100,75,https://www.propi.in/search/properties,2026-06-26,2026-06-26,Active
3612,56555812fc6ccf2a,Jeevan Sona,,Santacruz West,Western Suburbs Prime,19.0844004,72.8372899,400054,,100,75,https://www.propi.in/search/properties,2026-06-26,2026-06-26,Active
3613,ddc59da039abe78e,Juhu Breeze CHS,,Santacruz West,Western Suburbs Prime,19.0844004,72.8372899,400054,,100,75,https://www.propi.in/search/properties,2026-06-26,2026-06-26,Active
3614,748e140e596757ba,Jyoti,,Santacruz West,Western Suburbs Prime,19.0844004,72.8372899,400054,,100,75,https://www.propi.in/search/properties,2026-06-26,2026-06-26,Active
3615,b7ff4c856b66c3b4,K L Mehrise,,Santacruz West,Western Suburbs Prime,19.0844004,72.8372899,400054,,100,75,https://www.propi.in/search/properties,2026-06-26,2026-06-26,Active
3616,9791f3d3e09815d8,Kakad Mansion,,Santacruz West,Western Suburbs Prime,19.0844004,72.8372899,400054,,100,75,https://www.propi.in/search/properties,2026-06-26,2026-06-26,Active
3617,335ec0c135c33a78,Kala Kunj CHS Ltd,,Santacruz West,Western Suburbs Prime,19.0844004,72.8372899,400054,,100,75,https://www.propi.in/search/properties,2026-06-26,2026-06-26,Active
3618,e020a73bec8d2acb,Kalpana,,Santacruz West,Western Suburbs Prime,19.0844004,72.8372899,400054,,100,75,https://www.propi.in/search/properties,2026-06-26,2026-06-26,Active
3619,837279e6d92e88bc,Kalpataru Imperia,,Santacruz West,Western Suburbs Prime,19.0844004,72.8372899,400054,Kalpataru Group,100,90,https://www.propi.in/search/properties,2026-06-26,2026-06-26,Active
3620,a8114fc6d7e7073e,Kamla Space,,Santacruz West,Western Suburbs Prime,19.0844004,72.8372899,400054,,100,75,https://www.propi.in/search/properties,2026-06-26,2026-06-26,Active
3621,0f59989b21abb7a7,Kamleshwar,,Santacruz West,Western Suburbs Prime,19.0844004,72.8372899,400054,,100,75,https://www.propi.in/search/properties,2026-06-26,2026-06-26,Active
3622,e5701945223f8dbb,Khira Nagar,,Santacruz West,Western Suburbs Prime,19.0844004,72.8372899,400054,,100,75,https://www.propi.in/search/properties,2026-06-26,2026-06-26,Active
3623,168503382348cf0e,Krimson Aurum,,Santacruz West,Western Suburbs Prime,19.0844004,72.8372899,400054,,100,75,https://www.propi.in/search/properties,2026-06-26,2026-06-26,Active
3624,68e93ea15f56c340,Krishna Heritage,,Santacruz West,Western Suburbs Prime,19.0844004,72.8372899,400054,,100,75,https://www.propi.in/search/properties,2026-06-26,2026-06-26,Active
3625,0079fcbfcc3c2b5f,Landmark,,Santacruz West,Western Suburbs Prime,19.0844004,72.8372899,400054,,100,75,https://www.propi.in/search/properties,2026-06-26,2026-06-26,Active
3626,36a1df4a143f5d34,Laxmi Narayan,,Santacruz West,Western Suburbs Prime,19.0844004,72.8372899,400054,,100,75,https://www.propi.in/search/properties,2026-06-26,2026-06-26,Active
3627,0a2891a02cc811f0,Le Chateau,,Santacruz West,Western Suburbs Prime,19.0844004,72.8372899,400054,,100,75,https://www.propi.in/search/properties,2026-06-26,2026-06-26,Active
3628,c2bfef2ed590a374,Le Repos,,Santacruz West,Western Suburbs Prime,19.0844004,72.8372899,400054,,100,75,https://www.propi.in/search/properties,2026-06-26,2026-06-26,Active
3629,3c40000a17abcb7c,Leocadia,,Santacruz West,Western Suburbs Prime,19.0844004,72.8372899,400054,,100,75,https://www.propi.in/search/properties,2026-06-26,2026-06-26,Active
3630,ac441bdf7b7ba8d9,Link Palace,,Santacruz West,Western Suburbs Prime,19.0844004,72.8372899,400054,,100,75,https://www.propi.in/search/properties,2026-06-26,2026-06-26,Active
3631,afc5d9fabc448f48,Little Star,,Santacruz West,Western Suburbs Prime,19.0844004,72.8372899,400054,,100,75,https://www.propi.in/search/properties,2026-06-26,2026-06-26,Active
3632,a90175495c26a5ac,Louisiana Apartments,,Santacruz West,Western Suburbs Prime,19.0844004,72.8372899,400054,,100,75,https://www.propi.in/search/properties,2026-06-26,2026-06-26,Active
3633,80996e2914ab45e5,Madhuvan,,Santacruz West,Western Suburbs Prime,19.0844004,72.8372899,400054,,100,75,https://www.propi.in/search/properties,2026-06-26,2026-06-26,Active
3634,e265a9b20da70485,Maheshwar Darshan,,Santacruz West,Western Suburbs Prime,19.0844004,72.8372899,400054,,100,75,https://www.propi.in/search/properties,2026-06-26,2026-06-26,Active
3635,0ae98d0bf8835a6f,Maheshwar Prakash II,,Santacruz West,Western Suburbs Prime,19.0844004,72.8372899,400054,,100,75,https://www.propi.in/search/properties,2026-06-26,2026-06-26,Active
3636,3239b5f796681dbd,Maheshwar Shikhar,,Santacruz West,Western Suburbs Prime,19.0844004,72.8372899,400054,,100,75,https://www.propi.in/search/properties,2026-06-26,2026-06-26,Active
3637,166b73952ac16cf1,Manas Rangoli,,Santacruz West,Western Suburbs Prime,19.0844004,72.8372899,400054,,100,75,https://www.propi.in/search/properties,2026-06-26,2026-06-26,Active
3638,8bb5e2b6b1679909,Manas Rangoli Residency,,Santacruz West,Western Suburbs Prime,19.0844004,72.8372899,400054,,100,75,https://www.propi.in/search/properties,2026-06-26,2026-06-26,Active
3639,db56f1ab6bc453a9,Manek,,Santacruz West,Western Suburbs Prime,19.0844004,72.8372899,400054,,100,75,https://www.propi.in/search/properties,2026-06-26,2026-06-26,Active
3640,29457d437535bd17,Mangal Kripa,,Santacruz West,Western Suburbs Prime,19.0844004,72.8372899,400054,,100,75,https://www.propi.in/search/properties,2026-06-26,2026-06-26,Active
3641,6f3e6e0bf0d3a22d,Mangesh Darshan,,Santacruz West,Western Suburbs Prime,19.0844004,72.8372899,400054,,100,75,https://www.propi.in/search/properties,2026-06-26,2026-06-26,Active
3642,a48ff85b735e4393,Mantri Parijat,,Santacruz West,Western Suburbs Prime,19.0844004,72.8372899,400054,Mantri Developers,100,90,https://www.propi.in/search/properties,2026-06-26,2026-06-26,Active
3643,beeada649a8d6d07,Mantri Sujata,,Santacruz West,Western Suburbs Prime,19.0844004,72.8372899,400054,Mantri Developers,100,90,https://www.propi.in/search/properties,2026-06-26,2026-06-26,Active
3644,abbaaa69617a9a8f,Marble Arch,,Santacruz West,Western Suburbs Prime,19.0844004,72.8372899,400054,,100,75,https://www.propi.in/search/properties,2026-06-26,2026-06-26,Active
3645,d69084670f7b33d3,Mayfair Boulevard,,Santacruz West,Western Suburbs Prime,19.0844004,72.8372899,400054,,100,75,https://www.propi.in/search/properties,2026-06-26,2026-06-26,Active
3646,039a5a18314455d4,Mayfair Liv,,Santacruz West,Western Suburbs Prime,19.0844004,72.8372899,400054,,100,75,https://www.propi.in/search/properties,2026-06-26,2026-06-26,Active
3647,bbb92fbecde64082,Meera,,Santacruz West,Western Suburbs Prime,19.0844004,72.8372899,400054,,100,75,https://www.propi.in/search/properties,2026-06-26,2026-06-26,Active
3648,ca9486b07e70ac97,Mehrise,,Santacruz West,Western Suburbs Prime,19.0844004,72.8372899,400054,,100,75,https://www.propi.in/search/properties,2026-06-26,2026-06-26,Active
3649,494e5f1ce1d553bc,Midsummer,,Santacruz West,Western Suburbs Prime,19.0844004,72.8372899,400054,,100,75,https://www.propi.in/search/properties,2026-06-26,2026-06-26,Active
3650,79eb49ff4b45dc9b,Mirchandani Triton,,Santacruz West,Western Suburbs Prime,19.0844004,72.8372899,400054,,100,75,https://www.propi.in/search/properties,2026-06-26,2026-06-26,Active
3651,c128f1b8826d5c54,Modern Silver Moon,,Santacruz West,Western Suburbs Prime,19.0844004,72.8372899,400054,,100,75,https://www.propi.in/search/properties,2026-06-26,2026-06-26,Active
3652,8c764978cdfe1614,Monarch Westview,,Santacruz West,Western Suburbs Prime,19.0844004,72.8372899,400054,,100,75,https://www.propi.in/search/properties,2026-06-26,2026-06-26,Active
3653,4c714f9fc91b6582,More Bunglow,,Santacruz West,Western Suburbs Prime,19.0844004,72.8372899,400054,,100,75,https://www.propi.in/search/properties,2026-06-26,2026-06-26,Active
3654,8a0d8a236e94403d,Mystique Rose Apartment,,Santacruz West,Western Suburbs Prime,19.0844004,72.8372899,400054,,100,75,https://www.propi.in/search/properties,2026-06-26,2026-06-26,Active
3655,72379a8c3009cecf,Nav Chetna,,Santacruz West,Western Suburbs Prime,19.0844004,72.8372899,400054,,100,75,https://www.propi.in/search/properties,2026-06-26,2026-06-26,Active
3656,35fbc566fa1c854c,Nav Natraj,,Santacruz West,Western Suburbs Prime,19.0844004,72.8372899,400054,,100,75,https://www.propi.in/search/properties,2026-06-26,2026-06-26,Active
3657,19b49a5612d0c101,New Diamond Palace,New Diamond Palace Building,Santacruz West,Western Suburbs Prime,19.0844004,72.8372899,400054,,100,85,https://www.propi.in/search/properties,2026-06-26,2026-06-26,Active
3658,16702c7db3debdec,New Ratnadeep,,Santacruz West,Western Suburbs Prime,19.0844004,72.8372899,400054,,100,75,https://www.propi.in/search/properties,2026-06-26,2026-06-26,Active
3659,f7c12c14f7982e6e,New Saket,,Santacruz West,Western Suburbs Prime,19.0844004,72.8372899,400054,,100,75,https://www.propi.in/search/properties,2026-06-26,2026-06-26,Active
3660,c2bb1e285587658e,North 19,,Santacruz West,Western Suburbs Prime,19.0844004,72.8372899,400054,,100,75,https://www.propi.in/search/properties,2026-06-26,2026-06-26,Active
3661,3d26611291c815dd,Nutex,,Santacruz West,Western Suburbs Prime,19.0844004,72.8372899,400054,,100,75,https://www.propi.in/search/properties,2026-06-26,2026-06-26,Active
3662,1ba42b88441d052f,Odina,,Santacruz West,Western Suburbs Prime,19.0844004,72.8372899,400054,,100,75,https://www.propi.in/search/properties,2026-06-26,2026-06-26,Active
3663,a204d87769039df0,Omkar,,Santacruz West,Western Suburbs Prime,19.0844004,72.8372899,400054,Omkar Realtors,100,90,https://www.propi.in/search/properties,2026-06-26,2026-06-26,Active
3664,3a4ba50d9b8ead43,Options World,,Santacruz West,Western Suburbs Prime,19.0844004,72.8372899,400054,,100,75,https://www.propi.in/search/properties,2026-06-26,2026-06-26,Active
3665,66a972f03644eb57,Orchid Elegance,,Santacruz West,Western Suburbs Prime,19.0844004,72.8372899,400054,,100,75,https://www.propi.in/search/properties,2026-06-26,2026-06-26,Active
3666,6f9b7bc6c79a4f61,Orchid Pride,,Santacruz West,Western Suburbs Prime,19.0844004,72.8372899,400054,,100,75,https://www.propi.in/search/properties,2026-06-26,2026-06-26,Active
3667,bb309a05be272097,Orchid Vasundhara,,Santacruz West,Western Suburbs Prime,19.0844004,72.8372899,400054,,100,75,https://www.propi.in/search/properties,2026-06-26,2026-06-26,Active
3668,10a3a7243e3d59a3,Orion,,Santacruz West,Western Suburbs Prime,19.0844004,72.8372899,400054,,100,75,https://www.propi.in/search/properties,2026-06-26,2026-06-26,Active
3669,f9744d6270e6d1bf,Orion West,,Santacruz West,Western Suburbs Prime,19.0844004,72.8372899,400054,,100,75,https://www.propi.in/search/properties,2026-06-26,2026-06-26,Active
3670,2e56fbba9188dd44,Palacimo,,Santacruz West,Western Suburbs Prime,19.0844004,72.8372899,400054,,100,75,https://www.propi.in/search/properties,2026-06-26,2026-06-26,Active
3671,a4b9f003e79bff76,Palazzo Opulence,,Santacruz West,Western Suburbs Prime,19.0844004,72.8372899,400054,,100,75,https://www.propi.in/search/properties,2026-06-26,2026-06-26,Active
3672,57df1b9671a08cfe,Palm Grove,,Santacruz West,Western Suburbs Prime,19.0844004,72.8372899,400054,,100,75,https://www.propi.in/search/properties,2026-06-26,2026-06-26,Active
3673,4566282c48f25306,Panchsheel Society,,Santacruz West,Western Suburbs Prime,19.0844004,72.8372899,400054,,100,75,https://www.propi.in/search/properties,2026-06-26,2026-06-26,Active
3674,48834fb615dedeb8,Panorama,,Santacruz West,Western Suburbs Prime,19.0844004,72.8372899,400054,,100,75,https://www.propi.in/search/properties,2026-06-26,2026-06-26,Active
3675,b7c2becfd3905685,Paradigm Vogue,,Santacruz West,Western Suburbs Prime,19.0844004,72.8372899,400054,,100,75,https://www.propi.in/search/properties,2026-06-26,2026-06-26,Active
3676,53453015aec6bb3f,Parishram,,Santacruz West,Western Suburbs Prime,19.0844004,72.8372899,400054,,100,75,https://www.propi.in/search/properties,2026-06-26,2026-06-26,Active
3677,3cfad47252d4a162,Pebbles Marina,,Santacruz West,Western Suburbs Prime,19.0844004,72.8372899,400054,,100,75,https://www.propi.in/search/properties,2026-06-26,2026-06-26,Active
3678,cce05c3ba35764e6,Pegasus,,Santacruz West,Western Suburbs Prime,19.0844004,72.8372899,400054,,100,75,https://www.propi.in/search/properties,2026-06-26,2026-06-26,Active
3679,3556823a0f6ebe9a,Phalguni,,Santacruz West,Western Suburbs Prime,19.0844004,72.8372899,400054,,100,75,https://www.propi.in/search/properties,2026-06-26,2026-06-26,Active
3680,96899da1823b227c,Pioneer Heritage Residency,,Santacruz West,Western Suburbs Prime,19.0844004,72.8372899,400054,,100,75,https://www.propi.in/search/properties,2026-06-26,2026-06-26,Active
3681,00163ad2d4e6b7e8,Platina,,Santacruz West,Western Suburbs Prime,19.0844004,72.8372899,400054,,100,75,https://www.propi.in/search/properties,2026-06-26,2026-06-26,Active
3682,fbdbc8d3589b1814,Prakash,Prakash Building,Santacruz West,Western Suburbs Prime,19.0844004,72.8372899,400054,,100,85,https://www.propi.in/search/properties,2026-06-26,2026-06-26,Active
3683,538355617b6f275c,Prakash Villa,,Santacruz West,Western Suburbs Prime,19.0844004,72.8372899,400054,,100,75,https://www.propi.in/search/properties,2026-06-26,2026-06-26,Active
3684,d7c71eb3858ee425,Prayushi,,Santacruz West,Western Suburbs Prime,19.0844004,72.8372899,400054,,100,75,https://www.propi.in/search/properties,2026-06-26,2026-06-26,Active
3685,d9bff19d6c27f30a,Preetika Apartment,,Santacruz West,Western Suburbs Prime,19.0844004,72.8372899,400054,,100,75,https://www.propi.in/search/properties,2026-06-26,2026-06-26,Active
3686,d161fd14a9998fe8,Prem Sagar,Prem Sagar,Santacruz West,Western Suburbs Prime,19.0844004,72.8372899,400054,,100,85,https://www.propi.in/search/properties,2026-06-26,2026-06-26,Active
3687,22c7887552e8f5b4,Prime Centre,,Santacruz West,Western Suburbs Prime,19.0844004,72.8372899,400054,,100,75,https://www.propi.in/search/properties,2026-06-26,2026-06-26,Active
3688,537cda8b1db2ecc5,Prime Plaza,,Santacruz West,Western Suburbs Prime,19.0844004,72.8372899,400054,,100,75,https://www.propi.in/search/properties,2026-06-26,2026-06-26,Active
3689,2b4ec5a0d6034729,Pushpa Vatika,,Santacruz West,Western Suburbs Prime,19.0844004,72.8372899,400054,,100,75,https://www.propi.in/search/properties,2026-06-26,2026-06-26,Active
3690,0fdf27bf3bcbb253,"Pushpa Vatika, Poddar",,Santacruz West,Western Suburbs Prime,19.0844004,72.8372899,400054,Poddar Housing,100,90,https://www.propi.in/search/properties,2026-06-26,2026-06-26,Active
3691,0d243517a75b30b3,RNA Aurovilla,,Santacruz West,Western Suburbs Prime,19.0844004,72.8372899,400054,,100,75,https://www.propi.in/search/properties,2026-06-26,2026-06-26,Active
3692,2236112cfbd6bc0a,RNA Auroville,,Santacruz West,Western Suburbs Prime,19.0844004,72.8372899,400054,,100,75,https://www.propi.in/search/properties,2026-06-26,2026-06-26,Active
3693,c826c65072f3a189,Raheja Sapphire,,Santacruz West,Western Suburbs Prime,19.0844004,72.8372899,400054,K. Raheja Group,100,90,https://www.propi.in/search/properties,2026-06-26,2026-06-26,Active
3694,868b74af55a8243b,Raj Kamal,,Santacruz West,Western Suburbs Prime,19.0844004,72.8372899,400054,,100,75,https://www.propi.in/search/properties,2026-06-26,2026-06-26,Active
3695,1f5e1665db37e5cf,Rajhans Otium,,Santacruz West,Western Suburbs Prime,19.0844004,72.8372899,400054,,100,75,https://www.propi.in/search/properties,2026-06-26,2026-06-26,Active
3696,8cabc37edd91dbc3,Rajnigandha CHS,,Santacruz West,Western Suburbs Prime,19.0844004,72.8372899,400054,,100,75,https://www.propi.in/search/properties,2026-06-26,2026-06-26,Active
3697,f7d3fb52df023304,Regal,,Santacruz West,Western Suburbs Prime,19.0844004,72.8372899,400054,,100,75,https://www.propi.in/search/properties,2026-06-26,2026-06-26,Active
3698,dfc9401673c21115,Rehana Heights,,Santacruz West,Western Suburbs Prime,19.0844004,72.8372899,400054,,100,75,https://www.propi.in/search/properties,2026-06-26,2026-06-26,Active
3699,5f3796ae1901cf19,Retreat II,,Santacruz West,Western Suburbs Prime,19.0844004,72.8372899,400054,,100,75,https://www.propi.in/search/properties,2026-06-26,2026-06-26,Active
3700,b285d73bca2c1b0b,Rishabraj Blue Lotus,,Santacruz West,Western Suburbs Prime,19.0844004,72.8372899,400054,,100,75,https://www.propi.in/search/properties,2026-06-26,2026-06-26,Active
3701,f1ed3b322b945fb4,Rishabraj Mangal Varsha,,Santacruz West,Western Suburbs Prime,19.0844004,72.8372899,400054,,100,75,https://www.propi.in/search/properties,2026-06-26,2026-06-26,Active
3702,d987b0ee59bc5b8d,Rosie Apartment,,Santacruz West,Western Suburbs Prime,19.0844004,72.8372899,400054,,100,75,https://www.propi.in/search/properties,2026-06-26,2026-06-26,Active
3703,62ea0a06e93f9a41,Ruparel Panache,,Santacruz West,Western Suburbs Prime,19.0844004,72.8372899,400054,Ruparel Group,100,90,https://www.propi.in/search/properties,2026-06-26,2026-06-26,Active
3704,bc3c1b880cbf0585,Sagar Darshan,,Santacruz West,Western Suburbs Prime,19.0844004,72.8372899,400054,,100,75,https://www.propi.in/search/properties,2026-06-26,2026-06-26,Active
3705,57f5e1d8403ebff1,Sailesh,Sailesh Building,Santacruz West,Western Suburbs Prime,19.0844004,72.8372899,400054,,100,85,https://www.propi.in/search/properties,2026-06-26,2026-06-26,Active
3706,99ab7f9d67572769,Sainara,,Santacruz West,Western Suburbs Prime,19.0844004,72.8372899,400054,,100,75,https://www.propi.in/search/properties,2026-06-26,2026-06-26,Active
3707,71cbc2bd4c1c089c,Salmona Ville,,Santacruz West,Western Suburbs Prime,19.0844004,72.8372899,400054,,100,75,https://www.propi.in/search/properties,2026-06-26,2026-06-26,Active
3708,443d5ce1a5395040,Sangam Apartment,,Santacruz West,Western Suburbs Prime,19.0844004,72.8372899,400054,,100,75,https://www.propi.in/search/properties,2026-06-26,2026-06-26,Active
3709,0befb302a3261fff,Sangeeta,,Santacruz West,Western Suburbs Prime,19.0844004,72.8372899,400054,,100,75,https://www.propi.in/search/properties,2026-06-26,2026-06-26,Active
3710,9a9f3ec69ecd3183,Sapphire,,Santacruz West,Western Suburbs Prime,19.0844004,72.8372899,400054,,100,75,https://www.propi.in/search/properties,2026-06-26,2026-06-26,Active
3711,a770e0621e0bf192,Saraswat Colony,,Santacruz West,Western Suburbs Prime,19.0844004,72.8372899,400054,,100,75,https://www.propi.in/search/properties,2026-06-26,2026-06-26,Active
3712,984b17cd45522843,Sarkar Avenue,,Santacruz West,Western Suburbs Prime,19.0844004,72.8372899,400054,,100,75,https://www.propi.in/search/properties,2026-06-26,2026-06-26,Active
3713,a636aab190898479,Saryu,,Santacruz West,Western Suburbs Prime,19.0844004,72.8372899,400054,,100,75,https://www.propi.in/search/properties,2026-06-26,2026-06-26,Active
3714,156a4c291b201d6e,Satguru Tower,,Santacruz West,Western Suburbs Prime,19.0844004,72.8372899,400054,,100,75,https://www.propi.in/search/properties,2026-06-26,2026-06-26,Active
3715,288f5a2b259fc305,Saturn,,Santacruz West,Western Suburbs Prime,19.0844004,72.8372899,400054,,100,75,https://www.propi.in/search/properties,2026-06-26,2026-06-26,Active
3716,1e984f763fda2eea,Saurabh,,Santacruz West,Western Suburbs Prime,19.0844004,72.8372899,400054,,100,75,https://www.propi.in/search/properties,2026-06-26,2026-06-26,Active
3717,81982b067918bf4e,Savoy Chambers,,Santacruz West,Western Suburbs Prime,19.0844004,72.8372899,400054,,100,75,https://www.propi.in/search/properties,2026-06-26,2026-06-26,Active
3718,2b2eba3c012fdfc5,Seasons Residency,,Santacruz West,Western Suburbs Prime,19.0844004,72.8372899,400054,,100,75,https://www.propi.in/search/properties,2026-06-26,2026-06-26,Active
3719,5803318222d532af,Seasons Trimurti,,Santacruz West,Western Suburbs Prime,19.0844004,72.8372899,400054,,100,75,https://www.propi.in/search/properties,2026-06-26,2026-06-26,Active
3720,de32e103f1cc0f32,Sequoia,,Santacruz West,Western Suburbs Prime,19.0844004,72.8372899,400054,,100,75,https://www.propi.in/search/properties,2026-06-26,2026-06-26,Active
3721,9ebe7ea7467c56a4,Serenity Tower,Serenity Tower,Santacruz West,Western Suburbs Prime,19.0844004,72.8372899,400054,,100,85,https://www.propi.in/search/properties,2026-06-26,2026-06-26,Active
3722,147a4a582af1f7ed,Shalimar,,Santacruz West,Western Suburbs Prime,19.0844004,72.8372899,400054,,100,75,https://www.propi.in/search/properties,2026-06-26,2026-06-26,Active
3723,354e73255cae82b1,Shalimar Apartments,,Santacruz West,Western Suburbs Prime,19.0844004,72.8372899,400054,,100,75,https://www.propi.in/search/properties,2026-06-26,2026-06-26,Active
3724,8e475d2773807fef,Shankardeep,,Santacruz West,Western Suburbs Prime,19.0844004,72.8372899,400054,,100,75,https://www.propi.in/search/properties,2026-06-26,2026-06-26,Active
3725,30c5aa2b962ddaf8,Shikhar,,Santacruz West,Western Suburbs Prime,19.0844004,72.8372899,400054,,100,75,https://www.propi.in/search/properties,2026-06-26,2026-06-26,Active
3726,e5da84ca4fb70670,Shilpa Apartment,,Santacruz West,Western Suburbs Prime,19.0844004,72.8372899,400054,,100,75,https://www.propi.in/search/properties,2026-06-26,2026-06-26,Active
3727,d75b3e13216b3dde,Shiv Laj,,Santacruz West,Western Suburbs Prime,19.0844004,72.8372899,400054,,100,75,https://www.propi.in/search/properties,2026-06-26,2026-06-26,Active
3728,4ac5644ad63744fb,Shivdham,,Santacruz West,Western Suburbs Prime,19.0844004,72.8372899,400054,,100,75,https://www.propi.in/search/properties,2026-06-26,2026-06-26,Active
3729,9cd369a5403d3023,Shreyas Residency,,Santacruz West,Western Suburbs Prime,19.0844004,72.8372899,400054,,100,75,https://www.propi.in/search/properties,2026-06-26,2026-06-26,Active
3730,5efa4f7b2890a35b,Silicon Valley,,Santacruz West,Western Suburbs Prime,19.0844004,72.8372899,400054,,100,75,https://www.propi.in/search/properties,2026-06-26,2026-06-26,Active
3731,00c46bb678b710c2,Sorrento,,Santacruz West,Western Suburbs Prime,19.0844004,72.8372899,400054,,100,75,https://www.propi.in/search/properties,2026-06-26,2026-06-26,Active
3732,ac8dd73de3eaea38,Span Centre,,Santacruz West,Western Suburbs Prime,19.0844004,72.8372899,400054,,100,75,https://www.propi.in/search/properties,2026-06-26,2026-06-26,Active
3733,83f6f9319d6a449a,Sujal Apartments,,Santacruz West,Western Suburbs Prime,19.0844004,72.8372899,400054,,100,75,https://www.propi.in/search/properties,2026-06-26,2026-06-26,Active
3734,85e6bb72d89a128d,Sunaina,,Santacruz West,Western Suburbs Prime,19.0844004,72.8372899,400054,,100,75,https://www.propi.in/search/properties,2026-06-26,2026-06-26,Active
3735,534b5f3ca19d5e6f,Suraj Apartments,,Santacruz West,Western Suburbs Prime,19.0844004,72.8372899,400054,,100,75,https://www.propi.in/search/properties,2026-06-26,2026-06-26,Active
3736,325ae1b85d1344ce,Suvarna Apartment,,Santacruz West,Western Suburbs Prime,19.0844004,72.8372899,400054,,100,75,https://www.propi.in/search/properties,2026-06-26,2026-06-26,Active
3737,5b65ff5246566a11,Tapovan,,Santacruz West,Western Suburbs Prime,19.0844004,72.8372899,400054,,100,75,https://www.propi.in/search/properties,2026-06-26,2026-06-26,Active
3738,24a8f5cd82f38d94,Designate,The Designate,Santacruz West,Western Suburbs Prime,19.0844004,72.8372899,400054,,100,85,https://www.propi.in/search/properties,2026-06-26,2026-06-26,Active
3739,08f9c2371934e274,Unique Aura,,Santacruz West,Western Suburbs Prime,19.0844004,72.8372899,400054,,100,75,https://www.propi.in/search/properties,2026-06-26,2026-06-26,Active
3740,6e6b498e4c8c8a9c,Usha Villa,,Santacruz West,Western Suburbs Prime,19.0844004,72.8372899,400054,,100,75,https://www.propi.in/search/properties,2026-06-26,2026-06-26,Active
3741,51cb6c4134e755bd,Valencia,,Santacruz West,Western Suburbs Prime,19.0844004,72.8372899,400054,,100,75,https://www.propi.in/search/properties,2026-06-26,2026-06-26,Active
3742,189ea39e035ad4de,Vasant Kunj,,Santacruz West,Western Suburbs Prime,19.0844004,72.8372899,400054,,100,75,https://www.propi.in/search/properties,2026-06-26,2026-06-26,Active
3743,266e7a0b55bc8921,Vasundhara,,Santacruz West,Western Suburbs Prime,19.0844004,72.8372899,400054,,100,75,https://www.propi.in/search/properties,2026-06-26,2026-06-26,Active
3744,47ad1cb5fe8fdfd0,Veena Solace,,Santacruz West,Western Suburbs Prime,19.0844004,72.8372899,400054,,100,75,https://www.propi.in/search/properties,2026-06-26,2026-06-26,Active
3745,0002ec984884362a,Victoria,,Santacruz West,Western Suburbs Prime,19.0844004,72.8372899,400054,,100,75,https://www.propi.in/search/properties,2026-06-26,2026-06-26,Active
3746,b3ad97061ce2c2fd,Vikas Center,,Santacruz West,Western Suburbs Prime,19.0844004,72.8372899,400054,,100,75,https://www.propi.in/search/properties,2026-06-26,2026-06-26,Active
3747,c166026dc5e26f60,Villa Capri,,Santacruz West,Western Suburbs Prime,19.0844004,72.8372899,400054,,100,75,https://www.propi.in/search/properties,2026-06-26,2026-06-26,Active
3748,95d958b2c0c34aa5,Violet Villa,,Santacruz West,Western Suburbs Prime,19.0844004,72.8372899,400054,,100,75,https://www.propi.in/search/properties,2026-06-26,2026-06-26,Active
3749,45ef896e760d7346,Vogue,,Santacruz West,Western Suburbs Prime,19.0844004,72.8372899,400054,,100,75,https://www.propi.in/search/properties,2026-06-26,2026-06-26,Active
3750,49b7931a3ba07864,Well Finished With Srtb,,Santacruz West,Western Suburbs Prime,19.0844004,72.8372899,400054,,100,75,https://www.propi.in/search/properties,2026-06-26,2026-06-26,Active
3751,c439409afed492f9,West View,,Santacruz West,Western Suburbs Prime,19.0844004,72.8372899,400054,,100,75,https://www.propi.in/search/properties,2026-06-26,2026-06-26,Active
3752,a0d4ebab57abf02c,Winderme,,Santacruz West,Western Suburbs Prime,19.0844004,72.8372899,400054,,100,75,https://www.propi.in/search/properties,2026-06-26,2026-06-26,Active
3753,f1ca9f18e271143a,Windermere,,Santacruz West,Western Suburbs Prime,19.0844004,72.8372899,400054,,100,75,https://www.propi.in/search/properties,2026-06-26,2026-06-26,Active
3754,c268f22f29f90424,Woodstock,,Santacruz West,Western Suburbs Prime,19.0844004,72.8372899,400054,,100,75,https://www.propi.in/search/properties,2026-06-26,2026-06-26,Active
3755,c527fe93099892fa,Woodstock Garden,Woodstock Gardens,Santacruz West,Western Suburbs Prime,19.0844004,72.8372899,400054,,100,85,https://www.propi.in/search/properties,2026-06-26,2026-06-26,Active
3756,14a31a461fd7b9f6,Yogniti,,Santacruz West,Western Suburbs Prime,19.0844004,72.8372899,400054,,100,75,https://www.propi.in/search/properties,2026-06-26,2026-06-26,Active
3757,8524bffb7bd61922,Hubtown Premier,,Seven Bungalow,Western Suburbs Mid,,,,Hubtown,100,65,https://www.propi.in/search/properties,2026-06-26,2026-06-26,Active
3758,fb0d4ba3936d653a,Ashok Gardens,,Sewri,Central Suburbs,18.9987796,72.8544218,400015,,100,75,https://www.propi.in/search/properties,2026-06-26,2026-06-26,Active
3759,a15ee1dc5658a80f,Celestia Space,Celestia Spaces,Sewri,Central Suburbs,18.9987796,72.8544218,400015,,100,85,https://www.propi.in/search/properties,2026-06-26,2026-06-26,Active
3760,28398b73980e3317,Dosti Flamingos,,Sewri,Central Suburbs,18.9987796,72.8544218,400015,Dosti Realty,100,90,https://www.propi.in/search/properties,2026-06-26,2026-06-26,Active
3761,9d5d8717cce87429,Kingston Tower,,Sewri,Central Suburbs,18.9987796,72.8544218,400015,,100,75,https://www.propi.in/search/properties,2026-06-26,2026-06-26,Active
3762,0bf6a7d52fd951ac,Krypton Tower,,Sewri,Central Suburbs,18.9987796,72.8544218,400015,,100,75,https://www.propi.in/search/properties,2026-06-26,2026-06-26,Active
3763,e21bc375d0dfe898,LandT Crescent Bay,L&T Crescent Bay,Sewri,Central Suburbs,18.9987796,72.8544218,400015,L&T Realty,100,100,https://www.propi.in/search/properties,2026-06-26,2026-06-26,Active
3764,226199f169513ec0,Metropolis,,Sewri,Central Suburbs,18.9987796,72.8544218,400015,,100,75,https://www.propi.in/search/properties,2026-06-26,2026-06-26,Active
3765,1eb254feeaa06d8c,Prarthana Grand,,Sewri,Central Suburbs,18.9987796,72.8544218,400015,,100,75,https://www.propi.in/search/properties,2026-06-26,2026-06-26,Active
3766,4494b615a3e7caf9,Regal Industrial Estate,,Sewri,Central Suburbs,18.9987796,72.8544218,400015,,100,75,https://www.propi.in/search/properties,2026-06-26,2026-06-26,Active
3767,9411429d35abe61a,Rushab Tower,,Sewri,Central Suburbs,18.9987796,72.8544218,400015,,100,75,https://www.propi.in/search/properties,2026-06-26,2026-06-26,Active
3768,cc94f1a9ddd80904,Rushabh Tower,,Sewri,Central Suburbs,18.9987796,72.8544218,400015,,100,75,https://www.propi.in/search/properties,2026-06-26,2026-06-26,Active
3769,359df2365302fbfe,Hiranya CHS,,Shivaji Park,,19.0272788,72.8383977,400028,,100,60,https://www.propi.in/search/properties,2026-06-26,2026-06-26,Active
3770,43d62907e2c953e9,Arihant,Arihant Residency,Sion,Central Suburbs,19.0465213,72.8632834,400051,Arihant Group,100,100,https://www.propi.in/search/properties,2026-06-26,2026-06-26,Active
3771,a5999f91a00591ec,Dosti Elite,,Sion,Central Suburbs,19.0465213,72.8632834,400051,Dosti Realty,100,90,https://www.propi.in/search/properties,2026-06-26,2026-06-26,Active
3772,03877a3c41927dc7,Dosti Mezzo,Dosti Mezzo 22,Sion,Central Suburbs,19.0465213,72.8632834,400051,Dosti Realty,100,100,https://www.propi.in/search/properties,2026-06-26,2026-06-26,Active
3773,22ae789769bffa36,Hubtown Vedant,,Sion,Central Suburbs,19.0465213,72.8632834,400051,Hubtown,100,90,https://www.propi.in/search/properties,2026-06-26,2026-06-26,Active
3774,646b5f0664edbdc3,Kalpataru,Kalpataru Residency,Sion,Central Suburbs,19.0465213,72.8632834,400051,Kalpataru Group,100,100,https://www.propi.in/search/properties,2026-06-26,2026-06-26,Active
3775,1014c7b32046d282,Raheja Amaltis,,Sion,Central Suburbs,19.0465213,72.8632834,400051,K. Raheja Group,100,90,https://www.propi.in/search/properties,2026-06-26,2026-06-26,Active
3776,1d7f5c95361ee217,Raheja Regency,,Sion,Central Suburbs,19.0465213,72.8632834,400051,K. Raheja Group,100,90,https://www.propi.in/search/properties,2026-06-26,2026-06-26,Active
3777,c9d5bc765fa8cb42,Rustomjee Aspiree,,Sion,Central Suburbs,19.0465213,72.8632834,400051,Rustomjee Group,100,90,https://www.propi.in/search/properties,2026-06-26,2026-06-26,Active
3778,866d813a80b1143e,Shikara Heights,,Sion,Central Suburbs,19.0465213,72.8632834,400051,,100,75,https://www.propi.in/search/properties,2026-06-26,2026-06-26,Active
3779,7159c6b2cc3eb0da,Temple Hill,,Sion,Central Suburbs,19.0465213,72.8632834,400051,,100,75,https://www.propi.in/search/properties,2026-06-26,2026-06-26,Active
3780,0116c603f6f34e15,Sheth Beaumonte,,Sion East,,19.0428153,72.8653563,400022,Sheth Developers,100,75,https://www.propi.in/search/properties,2026-06-26,2026-06-26,Active
3781,1302a3df94e5ebe7,Aaradhya Avaan,,Tardeo,South Mumbai Prime,18.9722351,72.8203423,400026,,100,75,https://www.propi.in/search/properties,2026-06-26,2026-06-26,Active
3782,31ee408d115ed233,Aarti,Aarti Building,Tardeo,South Mumbai Prime,18.9722351,72.8203423,400026,,100,85,https://www.propi.in/search/properties,2026-06-26,2026-06-26,Active
3783,9dab27fb1b08c6df,Adinath,,Tardeo,South Mumbai Prime,18.9722351,72.8203423,400026,,100,75,https://www.propi.in/search/properties,2026-06-26,2026-06-26,Active
3784,7e1c81b57ce5ccd8,Adinath Apartments,,Tardeo,South Mumbai Prime,18.9722351,72.8203423,400026,,100,75,https://www.propi.in/search/properties,2026-06-26,2026-06-26,Active
3785,c33200781f9c2b70,Aditya Heights,,Tardeo,South Mumbai Prime,18.9722351,72.8203423,400026,,100,75,https://www.propi.in/search/properties,2026-06-26,2026-06-26,Active
3786,81aefaeb41e9a5d6,Arun Chambers,,Tardeo,South Mumbai Prime,18.9722351,72.8203423,400026,,100,75,https://www.propi.in/search/properties,2026-06-26,2026-06-26,Active
3787,252ed45916b66704,Crescent Aria,,Tardeo,South Mumbai Prime,18.9722351,72.8203423,400026,,100,75,https://www.propi.in/search/properties,2026-06-26,2026-06-26,Active
3788,237ff3b6d23c9860,Crescent Heights,,Tardeo,South Mumbai Prime,18.9722351,72.8203423,400026,,100,75,https://www.propi.in/search/properties,2026-06-26,2026-06-26,Active
3789,7e3accf0166e0303,Crescent Tower,,Tardeo,South Mumbai Prime,18.9722351,72.8203423,400026,,100,75,https://www.propi.in/search/properties,2026-06-26,2026-06-26,Active
3790,296784b3dc55c5b0,Fort,,Tardeo,South Mumbai Prime,18.9722351,72.8203423,400026,,100,75,https://www.propi.in/search/properties,2026-06-26,2026-06-26,Active
3791,e736cf094c565dbd,GRS Imperia,,Tardeo,South Mumbai Prime,18.9722351,72.8203423,400026,,100,75,https://www.propi.in/search/properties,2026-06-26,2026-06-26,Active
3792,218ec387a26b9a79,Girnar,Girnar Building,Tardeo,South Mumbai Prime,18.9722351,72.8203423,400026,,100,85,https://www.propi.in/search/properties,2026-06-26,2026-06-26,Active
3793,23275cb18106eb55,Gold Coin,,Tardeo,South Mumbai Prime,18.9722351,72.8203423,400026,,100,75,https://www.propi.in/search/properties,2026-06-26,2026-06-26,Active
3794,a7f9434747884558,Great Eastern Royale,,Tardeo,South Mumbai Prime,18.9722351,72.8203423,400026,,100,75,https://www.propi.in/search/properties,2026-06-26,2026-06-26,Active
3795,e2693e815e4524ea,Imperia Garden,,Tardeo,South Mumbai Prime,18.9722351,72.8203423,400026,,100,75,https://www.propi.in/search/properties,2026-06-26,2026-06-26,Active
3796,89a0a0fdeb913773,Imperial Tower,Imperial Tower | Imperial,Tardeo,South Mumbai Prime,18.9722351,72.8203423,400026,,100,85,https://www.propi.in/search/properties,2026-06-26,2026-06-26,Active
3797,3cbf43e00c6b90cd,Khalakdina Terrace,,Tardeo,South Mumbai Prime,18.9722351,72.8203423,400026,,100,75,https://www.propi.in/search/properties,2026-06-26,2026-06-26,Active
3798,b0b56f42781efc75,Khushnuma Apartment,,Tardeo,South Mumbai Prime,18.9722351,72.8203423,400026,,100,75,https://www.propi.in/search/properties,2026-06-26,2026-06-26,Active
3799,33b2cb433e3b8fbe,Kinjal Heaven,,Tardeo,South Mumbai Prime,18.9722351,72.8203423,400026,,100,75,https://www.propi.in/search/properties,2026-06-26,2026-06-26,Active
3800,702585f8b1991bb7,Le Jardine,,Tardeo,South Mumbai Prime,18.9722351,72.8203423,400026,,100,75,https://www.propi.in/search/properties,2026-06-26,2026-06-26,Active
3801,11ba7b0507a52a91,Le Palazzo,,Tardeo,South Mumbai Prime,18.9722351,72.8203423,400026,,100,75,https://www.propi.in/search/properties,2026-06-26,2026-06-26,Active
3802,90d0ff110fbba6cd,Lodha Altamount,,Tardeo,South Mumbai Prime,18.9722351,72.8203423,400026,Lodha Group,100,90,https://www.propi.in/search/properties,2026-06-26,2026-06-26,Active
3803,9b601db08196ecdd,Lodha Marq,,Tardeo,South Mumbai Prime,18.9722351,72.8203423,400026,Lodha Group,100,90,https://www.propi.in/search/properties,2026-06-26,2026-06-26,Active
3804,d4e0d6eb7bb99a94,Meru Tower,,Tardeo,South Mumbai Prime,18.9722351,72.8203423,400026,,100,75,https://www.propi.in/search/properties,2026-06-26,2026-06-26,Active
3805,ec3c661a6c4ab703,Nishat,,Tardeo,South Mumbai Prime,18.9722351,72.8203423,400026,,100,75,https://www.propi.in/search/properties,2026-06-26,2026-06-26,Active
3806,5b31b6612959ce23,Orbit Heights,,Tardeo,South Mumbai Prime,18.9722351,72.8203423,400026,,100,75,https://www.propi.in/search/properties,2026-06-26,2026-06-26,Active
3807,65da961c33b168f9,Pashmina,,Tardeo,South Mumbai Prime,18.9722351,72.8203423,400026,,100,75,https://www.propi.in/search/properties,2026-06-26,2026-06-26,Active
3808,1540cd9c83271f1b,Petit Mansion,,Tardeo,South Mumbai Prime,18.9722351,72.8203423,400026,,100,75,https://www.propi.in/search/properties,2026-06-26,2026-06-26,Active
3809,6f901fe0f62bb70f,Prithvi Apartments,,Tardeo,South Mumbai Prime,18.9722351,72.8203423,400026,,100,75,https://www.propi.in/search/properties,2026-06-26,2026-06-26,Active
3810,19ec84a990d0c3be,Raheja Excelsior,,Tardeo,South Mumbai Prime,18.9722351,72.8203423,400026,K. Raheja Group,100,90,https://www.propi.in/search/properties,2026-06-26,2026-06-26,Active
3811,524079ae66c758d9,Sahakar Niwas,,Tardeo,South Mumbai Prime,18.9722351,72.8203423,400026,,100,75,https://www.propi.in/search/properties,2026-06-26,2026-06-26,Active
3812,afe1fb44d3ff4bdb,Shree Villa,,Tardeo,South Mumbai Prime,18.9722351,72.8203423,400026,,100,75,https://www.propi.in/search/properties,2026-06-26,2026-06-26,Active
3813,101f127125058610,Solitaire Apartments,,Tardeo,South Mumbai Prime,18.9722351,72.8203423,400026,,100,75,https://www.propi.in/search/properties,2026-06-26,2026-06-26,Active
3814,e88778cbbc3e27bf,Spenta Stardeous,,Tardeo,South Mumbai Prime,18.9722351,72.8203423,400026,,100,75,https://www.propi.in/search/properties,2026-06-26,2026-06-26,Active
3815,6fbb0297945a9702,Tardeo Court,,Tardeo,South Mumbai Prime,18.9722351,72.8203423,400026,,100,75,https://www.propi.in/search/properties,2026-06-26,2026-06-26,Active
3816,6ca1888991192c72,Turf View,,Tardeo,South Mumbai Prime,18.9722351,72.8203423,400026,,100,75,https://www.propi.in/search/properties,2026-06-26,2026-06-26,Active
3817,8d13c761ea2b373e,Valencia Tower,,Tardeo,South Mumbai Prime,18.9722351,72.8203423,400026,,100,75,https://www.propi.in/search/properties,2026-06-26,2026-06-26,Active
3818,408809a65f33b4b2,Vastu Shilp,,Tardeo,South Mumbai Prime,18.9722351,72.8203423,400026,,100,75,https://www.propi.in/search/properties,2026-06-26,2026-06-26,Active
3819,49904b3cb6c64055,Veesita Luxuria,,Tardeo,South Mumbai Prime,18.9722351,72.8203423,400026,,100,75,https://www.propi.in/search/properties,2026-06-26,2026-06-26,Active
3820,d916290d3e76d326,Walchand Terraces,,Tardeo,South Mumbai Prime,18.9722351,72.8203423,400026,,100,75,https://www.propi.in/search/properties,2026-06-26,2026-06-26,Active
3821,0b4dd4d069d75df3,Wellingdon View,,Tardeo,South Mumbai Prime,18.9722351,72.8203423,400026,,100,75,https://www.propi.in/search/properties,2026-06-26,2026-06-26,Active
3822,8888f53a8394c9b1,Wellington Heights,,Tardeo,South Mumbai Prime,18.9722351,72.8203423,400026,,100,75,https://www.propi.in/search/properties,2026-06-26,2026-06-26,Active
3823,5c43f4d6c92b4581,Wellington View,,Tardeo,South Mumbai Prime,18.9722351,72.8203423,400026,,100,75,https://www.propi.in/search/properties,2026-06-26,2026-06-26,Active
3824,3bd292972138b612,Yash Apartment,,Tardeo,South Mumbai Prime,18.9722351,72.8203423,400026,,100,75,https://www.propi.in/search/properties,2026-06-26,2026-06-26,Active
3825,3aa67b5e8c3476d4,Gundecha Trillium,,Thakur Village,Western Suburbs Extended,19.2097189,72.8759248,400101,Gundecha Group,100,90,https://www.propi.in/search/properties,2026-06-26,2026-06-26,Active
3826,3835e3808b5d7006,Ashar Sapphire,Ashar Sapphire CHS,Thane,,19.1131271,72.962701,,,100,65,https://www.propi.in/search/properties,2026-06-26,2026-06-26,Active
3827,ba868ea897a76355,27 GBR,,Thane West,Thane,19.2596635,72.9690861,400615,,100,75,https://www.propi.in/search/properties,2026-06-26,2026-06-26,Active
3828,81a2b64025470e9f,Aakar Residency,,Thane West,Thane,19.2596635,72.9690861,400615,,100,75,https://www.propi.in/search/properties,2026-06-26,2026-06-26,Active
3829,70aec8f5280cc2bd,Aarambh,,Thane West,Thane,19.2596635,72.9690861,400615,,100,75,https://www.propi.in/search/properties,2026-06-26,2026-06-26,Active
3830,60f2012c80065066,Ace Enclave,,Thane West,Thane,19.2596635,72.9690861,400615,,100,75,https://www.propi.in/search/properties,2026-06-26,2026-06-26,Active
3831,21c1cd7aa112b42e,Acme Ozone,,Thane West,Thane,19.2596635,72.9690861,400615,,100,75,https://www.propi.in/search/properties,2026-06-26,2026-06-26,Active
3832,f0611bd85ddd25a0,Acura,,Thane West,Thane,19.2596635,72.9690861,400615,,100,75,https://www.propi.in/search/properties,2026-06-26,2026-06-26,Active
3833,6c4df3ef3ffa0b12,Ashar Axis,,Thane West,Thane,19.2596635,72.9690861,400615,,100,75,https://www.propi.in/search/properties,2026-06-26,2026-06-26,Active
3834,047aa2cf50a87cbd,Ashar Enclave,,Thane West,Thane,19.2596635,72.9690861,400615,,100,75,https://www.propi.in/search/properties,2026-06-26,2026-06-26,Active
3835,678272638738c39a,Ashar Residency,,Thane West,Thane,19.2596635,72.9690861,400615,,100,75,https://www.propi.in/search/properties,2026-06-26,2026-06-26,Active
3836,8a178e1cf76c7d37,Athena,,Thane West,Thane,19.2596635,72.9690861,400615,,100,75,https://www.propi.in/search/properties,2026-06-26,2026-06-26,Active
3837,01bf97d92c17f3bc,Auralis The Twins,,Thane West,Thane,19.2596635,72.9690861,400615,,100,75,https://www.propi.in/search/properties,2026-06-26,2026-06-26,Active
3838,e4248929707d3cb7,Azelia,,Thane West,Thane,19.2596635,72.9690861,400615,,100,75,https://www.propi.in/search/properties,2026-06-26,2026-06-26,Active
3839,f84b1c3a57acbb3b,Bella Vista,,Thane West,Thane,19.2596635,72.9690861,400615,,100,75,https://www.propi.in/search/properties,2026-06-26,2026-06-26,Active
3840,3e8fd712fe9bf313,Bhakti Park,,Thane West,Thane,19.2596635,72.9690861,400615,,100,75,https://www.propi.in/search/properties,2026-06-26,2026-06-26,Active
3841,8a791a6a2e688f83,Bhoomi Acres,,Thane West,Thane,19.2596635,72.9690861,400615,,100,75,https://www.propi.in/search/properties,2026-06-26,2026-06-26,Active
3842,8c2ce8c180a4b7c9,Brahmand,,Thane West,Thane,19.2596635,72.9690861,400615,,100,75,https://www.propi.in/search/properties,2026-06-26,2026-06-26,Active
3843,ab544daa84544370,Canary,,Thane West,Thane,19.2596635,72.9690861,400615,,100,75,https://www.propi.in/search/properties,2026-06-26,2026-06-26,Active
3844,ec2d11f3a2446854,Cardinal,,Thane West,Thane,19.2596635,72.9690861,400615,,100,75,https://www.propi.in/search/properties,2026-06-26,2026-06-26,Active
3845,82daca72204a33a2,Casa Marina,,Thane West,Thane,19.2596635,72.9690861,400615,,100,75,https://www.propi.in/search/properties,2026-06-26,2026-06-26,Active
3846,54aaeb82c88d667a,Casa Ultima,,Thane West,Thane,19.2596635,72.9690861,400615,,100,75,https://www.propi.in/search/properties,2026-06-26,2026-06-26,Active
3847,e0144377585bb6ef,"Centrum Business Square, Wagle Estate",,Thane West,Thane,19.2596635,72.9690861,400615,,100,75,https://www.propi.in/search/properties,2026-06-26,2026-06-26,Active
3848,f43e50092d5f92ee,Centura Square,,Thane West,Thane,19.2596635,72.9690861,400615,,100,75,https://www.propi.in/search/properties,2026-06-26,2026-06-26,Active
3849,4987a0f5b439e227,Cosmos Horizon,,Thane West,Thane,19.2596635,72.9690861,400615,,100,75,https://www.propi.in/search/properties,2026-06-26,2026-06-26,Active
3850,c955346466fb76c4,Cosmos Jewels Ruby Phase III,,Thane West,Thane,19.2596635,72.9690861,400615,,100,75,https://www.propi.in/search/properties,2026-06-26,2026-06-26,Active
3851,3b80c348efd5cb25,Cosmos Lounge,,Thane West,Thane,19.2596635,72.9690861,400615,,100,75,https://www.propi.in/search/properties,2026-06-26,2026-06-26,Active
3852,2c6ad6631037e337,Cosmos Orchid Iris,,Thane West,Thane,19.2596635,72.9690861,400615,,100,75,https://www.propi.in/search/properties,2026-06-26,2026-06-26,Active
3853,aecb8af5a690f333,Cosmos Park I,,Thane West,Thane,19.2596635,72.9690861,400615,,100,75,https://www.propi.in/search/properties,2026-06-26,2026-06-26,Active
3854,caea7cf29bc3ecf6,Crown,,Thane West,Thane,19.2596635,72.9690861,400615,,100,75,https://www.propi.in/search/properties,2026-06-26,2026-06-26,Active
3855,d06706a8d50596b2,Crystal Spires,,Thane West,Thane,19.2596635,72.9690861,400615,,100,75,https://www.propi.in/search/properties,2026-06-26,2026-06-26,Active
3856,6f081fe39e4e37b8,Dev Corpora,,Thane West,Thane,19.2596635,72.9690861,400615,,100,75,https://www.propi.in/search/properties,2026-06-26,2026-06-26,Active
3857,e973b119ebda7569,Devashree Park,,Thane West,Thane,19.2596635,72.9690861,400615,,100,75,https://www.propi.in/search/properties,2026-06-26,2026-06-26,Active
3858,e923ad13d5505dd5,Dosti Desire Pearl,,Thane West,Thane,19.2596635,72.9690861,400615,Dosti Realty,100,90,https://www.propi.in/search/properties,2026-06-26,2026-06-26,Active
3859,25900d606b73d12a,Dosti Imperia,Dosti Imperia Gracia,Thane West,Thane,19.2596635,72.9690861,400615,Dosti Realty,100,100,https://www.propi.in/search/properties,2026-06-26,2026-06-26,Active
3860,2e5a74861ba9fa4c,Dosti Majesta,,Thane West,Thane,19.2596635,72.9690861,400615,Dosti Realty,100,90,https://www.propi.in/search/properties,2026-06-26,2026-06-26,Active
3861,fdddb38726e9c8f5,Dosti Pinnacle,,Thane West,Thane,19.2596635,72.9690861,400615,Dosti Realty,100,90,https://www.propi.in/search/properties,2026-06-26,2026-06-26,Active
3862,7180c505873531b3,Dosti Vihar,,Thane West,Thane,19.2596635,72.9690861,400615,Dosti Realty,100,90,https://www.propi.in/search/properties,2026-06-26,2026-06-26,Active
3863,200a5734301084f9,Dosti West County,Dosti West County - Dosti Cedar | Dosti West County Heron | Dosti West County Olive,Thane West,Thane,19.2596635,72.9690861,400615,Dosti Realty,100,100,https://www.propi.in/search/properties,2026-06-26,2026-06-26,Active
3864,6902b292704f0cb5,Eden Woods,,Thane West,Thane,19.2596635,72.9690861,400615,,100,75,https://www.propi.in/search/properties,2026-06-26,2026-06-26,Active
3865,56680e5356397f76,Elysium,,Thane West,Thane,19.2596635,72.9690861,400615,,100,75,https://www.propi.in/search/properties,2026-06-26,2026-06-26,Active
3866,597e74872a856011,Everest World Phase V,,Thane West,Thane,19.2596635,72.9690861,400615,,100,75,https://www.propi.in/search/properties,2026-06-26,2026-06-26,Active
3867,d802d4a5379bc2c2,Flamingo,,Thane West,Thane,19.2596635,72.9690861,400615,,100,75,https://www.propi.in/search/properties,2026-06-26,2026-06-26,Active
3868,22cf228189ac0be6,G Corp,,Thane West,Thane,19.2596635,72.9690861,400615,,100,75,https://www.propi.in/search/properties,2026-06-26,2026-06-26,Active
3869,2a8b2474977f6a33,Galaxy Tower,,Thane West,Thane,19.2596635,72.9690861,400615,,100,75,https://www.propi.in/search/properties,2026-06-26,2026-06-26,Active
3870,c08b51793dfdca1e,Godrej Emerald,,Thane West,Thane,19.2596635,72.9690861,400615,Godrej Properties,100,90,https://www.propi.in/search/properties,2026-06-26,2026-06-26,Active
3871,6f5be993577078cd,Golden Park,,Thane West,Thane,19.2596635,72.9690861,400615,,100,75,https://www.propi.in/search/properties,2026-06-26,2026-06-26,Active
3872,59cba8ea1c446dea,Grand Square,,Thane West,Thane,19.2596635,72.9690861,400615,,100,75,https://www.propi.in/search/properties,2026-06-26,2026-06-26,Active
3873,55dac8d019c6aff5,Greeshma,,Thane West,Thane,19.2596635,72.9690861,400615,,100,75,https://www.propi.in/search/properties,2026-06-26,2026-06-26,Active
3874,e792f59598ccec65,Hansraj Heights,,Thane West,Thane,19.2596635,72.9690861,400615,,100,75,https://www.propi.in/search/properties,2026-06-26,2026-06-26,Active
3875,b0c3c56c05375109,Happy Valley Homes,,Thane West,Thane,19.2596635,72.9690861,400615,,100,75,https://www.propi.in/search/properties,2026-06-26,2026-06-26,Active
3876,4adc4f767ad99dd4,Harmony Horizon,,Thane West,Thane,19.2596635,72.9690861,400615,,100,75,https://www.propi.in/search/properties,2026-06-26,2026-06-26,Active
3877,28ae47d8f418906b,Harmony Sky Suites,,Thane West,Thane,19.2596635,72.9690861,400615,,100,75,https://www.propi.in/search/properties,2026-06-26,2026-06-26,Active
3878,eb5af48ea39107d9,Haware Citi,,Thane West,Thane,19.2596635,72.9690861,400615,,100,75,https://www.propi.in/search/properties,2026-06-26,2026-06-26,Active
3879,c12a901f135fcb34,Haware Estate Tulip,,Thane West,Thane,19.2596635,72.9690861,400615,,100,75,https://www.propi.in/search/properties,2026-06-26,2026-06-26,Active
3880,eda5459d180e28ed,Highland Gardens,,Thane West,Thane,19.2596635,72.9690861,400615,,100,75,https://www.propi.in/search/properties,2026-06-26,2026-06-26,Active
3881,89d738072ae675ec,Highland Haven,,Thane West,Thane,19.2596635,72.9690861,400615,,100,75,https://www.propi.in/search/properties,2026-06-26,2026-06-26,Active
3882,3fe90e2509826216,Highland Park,,Thane West,Thane,19.2596635,72.9690861,400615,,100,75,https://www.propi.in/search/properties,2026-06-26,2026-06-26,Active
3883,c48200e9e7f8795c,Highland residency,,Thane West,Thane,19.2596635,72.9690861,400615,,100,75,https://www.propi.in/search/properties,2026-06-26,2026-06-26,Active
3884,4d7e8023c550a6bd,Hiranandani Estate Caviana,,Thane West,Thane,19.2596635,72.9690861,400615,Hiranandani Group,100,90,https://www.propi.in/search/properties,2026-06-26,2026-06-26,Active
3885,72deaf913a880ec3,Hiranandani Lake Enclave Glenwood,,Thane West,Thane,19.2596635,72.9690861,400615,Hiranandani Group,100,90,https://www.propi.in/search/properties,2026-06-26,2026-06-26,Active
3886,7ee47f5ae77686e4,Hiranandani Meadows,"Hiranandani Meadows, Manpada",Thane West,Thane,19.2596635,72.9690861,400615,Hiranandani Group,100,100,https://www.propi.in/search/properties,2026-06-26,2026-06-26,Active
3887,653b983126209449,Hiranandani Solitaire,,Thane West,Thane,19.2596635,72.9690861,400615,Hiranandani Group,100,90,https://www.propi.in/search/properties,2026-06-26,2026-06-26,Active
3888,e0a9dac91bd1cfe7,Hiranandani Solus,,Thane West,Thane,19.2596635,72.9690861,400615,Hiranandani Group,100,90,https://www.propi.in/search/properties,2026-06-26,2026-06-26,Active
3889,38150649bd22ac05,Hiranandani Walk,Hiranandani The Walk,Thane West,Thane,19.2596635,72.9690861,400615,Hiranandani Group,100,100,https://www.propi.in/search/properties,2026-06-26,2026-06-26,Active
3890,cdaa375aebfd4781,Horizon Flora,,Thane West,Thane,19.2596635,72.9690861,400615,,100,75,https://www.propi.in/search/properties,2026-06-26,2026-06-26,Active
3891,9f5b62615f8a5e51,Hubtown Greenwoods,,Thane West,Thane,19.2596635,72.9690861,400615,Hubtown,100,90,https://www.propi.in/search/properties,2026-06-26,2026-06-26,Active
3892,10dcea8bdb06b38e,Imperial,,Thane West,Thane,19.2596635,72.9690861,400615,,100,75,https://www.propi.in/search/properties,2026-06-26,2026-06-26,Active
3893,742ca6b18dda564e,Jangid Galaxy,,Thane West,Thane,19.2596635,72.9690861,400615,,100,75,https://www.propi.in/search/properties,2026-06-26,2026-06-26,Active
3894,4967ed612b0295ac,Jasmine Tower,Jasmine Towers,Thane West,Thane,19.2596635,72.9690861,400615,,100,85,https://www.propi.in/search/properties,2026-06-26,2026-06-26,Active
3895,9d247fa2ac442bf0,Jasper,,Thane West,Thane,19.2596635,72.9690861,400615,,100,75,https://www.propi.in/search/properties,2026-06-26,2026-06-26,Active
3896,8cd93afe834da30e,Jupiter,,Thane West,Thane,19.2596635,72.9690861,400615,,100,75,https://www.propi.in/search/properties,2026-06-26,2026-06-26,Active
3897,b0d15a3c7f65e2f7,Kabra Galaxy,,Thane West,Thane,19.2596635,72.9690861,400615,,100,75,https://www.propi.in/search/properties,2026-06-26,2026-06-26,Active
3898,522e9a1f77bdaa69,Kalpataru Hills,Kalpataru Hills Pristine,Thane West,Thane,19.2596635,72.9690861,400615,Kalpataru Group,100,100,https://www.propi.in/search/properties,2026-06-26,2026-06-26,Active
3899,59917293e1b83c4c,Kalpataru Immensa,,Thane West,Thane,19.2596635,72.9690861,400615,Kalpataru Group,100,90,https://www.propi.in/search/properties,2026-06-26,2026-06-26,Active
3900,f4569041f4f51f28,Kalpataru Paramount,,Thane West,Thane,19.2596635,72.9690861,400615,Kalpataru Group,100,90,https://www.propi.in/search/properties,2026-06-26,2026-06-26,Active
3901,5541de1a78e5b08d,Kalpataru Sunrise,Kalpataru Sunrise Kolshet,Thane West,Thane,19.2596635,72.9690861,400615,Kalpataru Group,100,100,https://www.propi.in/search/properties,2026-06-26,2026-06-26,Active
3902,34938ccb81bee774,Kanchanganga Tower,,Thane West,Thane,19.2596635,72.9690861,400615,,100,75,https://www.propi.in/search/properties,2026-06-26,2026-06-26,Active
3903,9d29c812666c3550,Kavya Hill View,,Thane West,Thane,19.2596635,72.9690861,400615,,100,75,https://www.propi.in/search/properties,2026-06-26,2026-06-26,Active
3904,456217545366cb48,Kingston Hiranandani,,Thane West,Thane,19.2596635,72.9690861,400615,Hiranandani Group,100,90,https://www.propi.in/search/properties,2026-06-26,2026-06-26,Active
3905,243e9bec8dd470c2,Lalani Residency,,Thane West,Thane,19.2596635,72.9690861,400615,,100,75,https://www.propi.in/search/properties,2026-06-26,2026-06-26,Active
3906,f22f937575d150df,Larkins 315,,Thane West,Thane,19.2596635,72.9690861,400615,,100,75,https://www.propi.in/search/properties,2026-06-26,2026-06-26,Active
3907,a2907775b706af7c,Laxmi Narayan Residency,,Thane West,Thane,19.2596635,72.9690861,400615,,100,75,https://www.propi.in/search/properties,2026-06-26,2026-06-26,Active
3908,b512d2d41a99c668,Lodha Amara,,Thane West,Thane,19.2596635,72.9690861,400615,Lodha Group,100,90,https://www.propi.in/search/properties,2026-06-26,2026-06-26,Active
3909,bf86a0532f798695,Lodha Casa Viva,,Thane West,Thane,19.2596635,72.9690861,400615,Lodha Group,100,90,https://www.propi.in/search/properties,2026-06-26,2026-06-26,Active
3910,6a44a7cbccd7ee25,Lodha Iris,,Thane West,Thane,19.2596635,72.9690861,400615,Lodha Group,100,90,https://www.propi.in/search/properties,2026-06-26,2026-06-26,Active
3911,3b2eab3355b9b2f8,Lodha Luxuria,Lodha Luxuria Priva | Lodha Luxuria Secret,Thane West,Thane,19.2596635,72.9690861,400615,Lodha Group,100,100,https://www.propi.in/search/properties,2026-06-26,2026-06-26,Active
3912,d107614c0f576714,Lodha Splendora,,Thane West,Thane,19.2596635,72.9690861,400615,Lodha Group,100,90,https://www.propi.in/search/properties,2026-06-26,2026-06-26,Active
3913,aafb6bd5e7e85d2b,Lodha Stella,,Thane West,Thane,19.2596635,72.9690861,400615,Lodha Group,100,90,https://www.propi.in/search/properties,2026-06-26,2026-06-26,Active
3914,c6ef6c5ce104f7e5,Lodha Sterling,,Thane West,Thane,19.2596635,72.9690861,400615,Lodha Group,100,90,https://www.propi.in/search/properties,2026-06-26,2026-06-26,Active
3915,89cd0b203416be82,MBC Park,,Thane West,Thane,19.2596635,72.9690861,400615,,100,75,https://www.propi.in/search/properties,2026-06-26,2026-06-26,Active
3916,ae02725a1b05935d,Mahavir Kalpavruksha,,Thane West,Thane,19.2596635,72.9690861,400615,,100,75,https://www.propi.in/search/properties,2026-06-26,2026-06-26,Active
3917,0823aa01ee44d529,Mansarovar,,Thane West,Thane,19.2596635,72.9690861,400615,,100,75,https://www.propi.in/search/properties,2026-06-26,2026-06-26,Active
3918,32871634886fbbf1,Marigold,,Thane West,Thane,19.2596635,72.9690861,400615,,100,75,https://www.propi.in/search/properties,2026-06-26,2026-06-26,Active
3919,7b68b6ba31156b8e,Marigold Tulip,,Thane West,Thane,19.2596635,72.9690861,400615,,100,75,https://www.propi.in/search/properties,2026-06-26,2026-06-26,Active
3920,b7cd7944fc3fd6b6,Mayfair Meridian,,Thane West,Thane,19.2596635,72.9690861,400615,,100,75,https://www.propi.in/search/properties,2026-06-26,2026-06-26,Active
3921,10da6b40ef5d4d19,Mayflower,,Thane West,Thane,19.2596635,72.9690861,400615,,100,75,https://www.propi.in/search/properties,2026-06-26,2026-06-26,Active
3922,b7d1349c39cc55b3,Meadows,,Thane West,Thane,19.2596635,72.9690861,400615,,100,75,https://www.propi.in/search/properties,2026-06-26,2026-06-26,Active
3923,f69e36e58efe4bb7,Mount Casa,,Thane West,Thane,19.2596635,72.9690861,400615,,100,75,https://www.propi.in/search/properties,2026-06-26,2026-06-26,Active
3924,49b288a44c87da73,Nakshatra Arena,,Thane West,Thane,19.2596635,72.9690861,400615,,100,75,https://www.propi.in/search/properties,2026-06-26,2026-06-26,Active
3925,0b49f6a41c911a1d,Neelkanth Greens,,Thane West,Thane,19.2596635,72.9690861,400615,,100,75,https://www.propi.in/search/properties,2026-06-26,2026-06-26,Active
3926,31551e10a9c51134,Neelkanth Heights,,Thane West,Thane,19.2596635,72.9690861,400615,,100,75,https://www.propi.in/search/properties,2026-06-26,2026-06-26,Active
3927,f1d3e517ecc54dd0,Neelkanth Palms,,Thane West,Thane,19.2596635,72.9690861,400615,,100,75,https://www.propi.in/search/properties,2026-06-26,2026-06-26,Active
3928,38771cf6469b5548,Neelkanth Valley,,Thane West,Thane,19.2596635,72.9690861,400615,,100,75,https://www.propi.in/search/properties,2026-06-26,2026-06-26,Active
3929,9362dddeae17c8f2,Neelkanth Woods,,Thane West,Thane,19.2596635,72.9690861,400615,,100,75,https://www.propi.in/search/properties,2026-06-26,2026-06-26,Active
3930,1f60b5bc70b233cd,Olympia,,Thane West,Thane,19.2596635,72.9690861,400615,,100,75,https://www.propi.in/search/properties,2026-06-26,2026-06-26,Active
3931,102557cfe23a6651,Om Sai,,Thane West,Thane,19.2596635,72.9690861,400615,,100,75,https://www.propi.in/search/properties,2026-06-26,2026-06-26,Active
3932,54db6c009d498e4c,Om Sai Plaza,,Thane West,Thane,19.2596635,72.9690861,400615,,100,75,https://www.propi.in/search/properties,2026-06-26,2026-06-26,Active
3933,054c879da112e48e,Opal Square,,Thane West,Thane,19.2596635,72.9690861,400615,,100,75,https://www.propi.in/search/properties,2026-06-26,2026-06-26,Active
3934,6c56737d98f6a17c,"Opal Square, Wagle Estate",,Thane West,Thane,19.2596635,72.9690861,400615,,100,75,https://www.propi.in/search/properties,2026-06-26,2026-06-26,Active
3935,27e2af887e2e0fbc,Oriana Business Park,,Thane West,Thane,19.2596635,72.9690861,400615,,100,75,https://www.propi.in/search/properties,2026-06-26,2026-06-26,Active
3936,6f483fef42274b2c,Palacia,,Thane West,Thane,19.2596635,72.9690861,400615,,100,75,https://www.propi.in/search/properties,2026-06-26,2026-06-26,Active
3937,40e73b5c95403f83,Palacia Phase 2,,Thane West,Thane,19.2596635,72.9690861,400615,,100,75,https://www.propi.in/search/properties,2026-06-26,2026-06-26,Active
3938,ef33ab667c28895c,Palash,,Thane West,Thane,19.2596635,72.9690861,400615,,100,75,https://www.propi.in/search/properties,2026-06-26,2026-06-26,Active
3939,064db2042c569f10,Park Woods,,Thane West,Thane,19.2596635,72.9690861,400615,,100,75,https://www.propi.in/search/properties,2026-06-26,2026-06-26,Active
3940,bab232c5e9aad9af,Pinewood,,Thane West,Thane,19.2596635,72.9690861,400615,,100,75,https://www.propi.in/search/properties,2026-06-26,2026-06-26,Active
3941,98a2008657bba73f,Pioneer Park,,Thane West,Thane,19.2596635,72.9690861,400615,,100,75,https://www.propi.in/search/properties,2026-06-26,2026-06-26,Active
3942,692e78e2f28f5397,Piramal Vaikunth,Piramal Vaikunth Vairat | Piramal Vaikunth Vyan,Thane West,Thane,19.2596635,72.9690861,400615,Piramal Realty,100,100,https://www.propi.in/search/properties,2026-06-26,2026-06-26,Active
3943,9ca59b5b57ec8d54,Platina,,Thane West,Thane,19.2596635,72.9690861,400615,,100,75,https://www.propi.in/search/properties,2026-06-26,2026-06-26,Active
3944,1b63a5210abf1409,Prakruti Palms,,Thane West,Thane,19.2596635,72.9690861,400615,,100,75,https://www.propi.in/search/properties,2026-06-26,2026-06-26,Active
3945,16c95687a0352a16,Prakruti Pearl,,Thane West,Thane,19.2596635,72.9690861,400615,,100,75,https://www.propi.in/search/properties,2026-06-26,2026-06-26,Active
3946,83987568fd2f5307,"Prestige Garden, Panchpakhadi",,Thane West,Thane,19.2596635,72.9690861,400615,Prestige Group,100,90,https://www.propi.in/search/properties,2026-06-26,2026-06-26,Active
3947,94d3fdde534adca4,Prestige Gardens,Prestige,Thane West,Thane,19.2596635,72.9690861,400615,Prestige Group,100,100,https://www.propi.in/search/properties,2026-06-26,2026-06-26,Active
3948,974a58b5d4e31795,Pride Palms,,Thane West,Thane,19.2596635,72.9690861,400615,,100,75,https://www.propi.in/search/properties,2026-06-26,2026-06-26,Active
3949,86f9633531dd7abf,Pride Residency,,Thane West,Thane,19.2596635,72.9690861,400615,,100,75,https://www.propi.in/search/properties,2026-06-26,2026-06-26,Active
3950,4b994e8439d57b2d,Puranik Aarambh,,Thane West,Thane,19.2596635,72.9690861,400615,,100,75,https://www.propi.in/search/properties,2026-06-26,2026-06-26,Active
3951,6471fa2f8c7775f8,Puranik City,,Thane West,Thane,19.2596635,72.9690861,400615,,100,75,https://www.propi.in/search/properties,2026-06-26,2026-06-26,Active
3952,9a9a56df49b50e6e,Puranik City Reserva,,Thane West,Thane,19.2596635,72.9690861,400615,,100,75,https://www.propi.in/search/properties,2026-06-26,2026-06-26,Active
3953,9a568b1553fbba33,Puranik Hometown,,Thane West,Thane,19.2596635,72.9690861,400615,,100,75,https://www.propi.in/search/properties,2026-06-26,2026-06-26,Active
3954,40afd574770f676e,Puranik Rumah Bali,,Thane West,Thane,19.2596635,72.9690861,400615,,100,75,https://www.propi.in/search/properties,2026-06-26,2026-06-26,Active
3955,80bd75a7f8732003,Puraniks Tokyo Bay,,Thane West,Thane,19.2596635,72.9690861,400615,,100,75,https://www.propi.in/search/properties,2026-06-26,2026-06-26,Active
3956,b8d44862e3b12acf,Pushpanjali Residency,,Thane West,Thane,19.2596635,72.9690861,400615,,100,75,https://www.propi.in/search/properties,2026-06-26,2026-06-26,Active
3957,2a37f220065a1135,Queensgate,,Thane West,Thane,19.2596635,72.9690861,400615,,100,75,https://www.propi.in/search/properties,2026-06-26,2026-06-26,Active
3958,83dbb145f226f053,Raheja Complex,,Thane West,Thane,19.2596635,72.9690861,400615,K. Raheja Group,100,90,https://www.propi.in/search/properties,2026-06-26,2026-06-26,Active
3959,9f35062dca15c8c9,Raj Tattva,,Thane West,Thane,19.2596635,72.9690861,400615,,100,75,https://www.propi.in/search/properties,2026-06-26,2026-06-26,Active
3960,7f64f4031fd67d0e,Raunak Heights,,Thane West,Thane,19.2596635,72.9690861,400615,,100,75,https://www.propi.in/search/properties,2026-06-26,2026-06-26,Active
3961,63ee09962ca893ea,Raunak Paradise,,Thane West,Thane,19.2596635,72.9690861,400615,,100,75,https://www.propi.in/search/properties,2026-06-26,2026-06-26,Active
3962,a42e6202eca45189,Regency Heights,,Thane West,Thane,19.2596635,72.9690861,400615,,100,75,https://www.propi.in/search/properties,2026-06-26,2026-06-26,Active
3963,ddad81e9108a8956,Regency Tower,Regency Towers,Thane West,Thane,19.2596635,72.9690861,400615,,100,85,https://www.propi.in/search/properties,2026-06-26,2026-06-26,Active
3964,f775fde8c0fb0cb6,Residency,,Thane West,Thane,19.2596635,72.9690861,400615,,100,75,https://www.propi.in/search/properties,2026-06-26,2026-06-26,Active
3965,0c025d867e131ccb,Rodas Enclave Rosemount,,Thane West,Thane,19.2596635,72.9690861,400615,,100,75,https://www.propi.in/search/properties,2026-06-26,2026-06-26,Active
3966,d8436f380927941d,Rodas Enclave Royce,,Thane West,Thane,19.2596635,72.9690861,400615,,100,75,https://www.propi.in/search/properties,2026-06-26,2026-06-26,Active
3967,6fcd7df52d826a7e,Rosa Bella,,Thane West,Thane,19.2596635,72.9690861,400615,,100,75,https://www.propi.in/search/properties,2026-06-26,2026-06-26,Active
3968,18647c1c49bc5e84,Rosa Classic,,Thane West,Thane,19.2596635,72.9690861,400615,,100,75,https://www.propi.in/search/properties,2026-06-26,2026-06-26,Active
3969,773cf290942088f0,Rosa Gardenia,,Thane West,Thane,19.2596635,72.9690861,400615,,100,75,https://www.propi.in/search/properties,2026-06-26,2026-06-26,Active
3970,abe22da70fbdb8bf,Rosa Manhattan,,Thane West,Thane,19.2596635,72.9690861,400615,,100,75,https://www.propi.in/search/properties,2026-06-26,2026-06-26,Active
3971,c794a34783a94bb2,Rosa Oasis,,Thane West,Thane,19.2596635,72.9690861,400615,,100,75,https://www.propi.in/search/properties,2026-06-26,2026-06-26,Active
3972,73566f76e2efdb6d,Rosa Royale,,Thane West,Thane,19.2596635,72.9690861,400615,,100,75,https://www.propi.in/search/properties,2026-06-26,2026-06-26,Active
3973,038e9031b433ed21,Rumah Bali B1,,Thane West,Thane,19.2596635,72.9690861,400615,,100,75,https://www.propi.in/search/properties,2026-06-26,2026-06-26,Active
3974,15131b31b1ef731f,Runwal Eirene,,Thane West,Thane,19.2596635,72.9690861,400615,Runwal Group,100,90,https://www.propi.in/search/properties,2026-06-26,2026-06-26,Active
3975,fbebfe0fe1f19ffd,Runwal Estate,,Thane West,Thane,19.2596635,72.9690861,400615,Runwal Group,100,90,https://www.propi.in/search/properties,2026-06-26,2026-06-26,Active
3976,d74e3447e079047a,Runwal Garden City,,Thane West,Thane,19.2596635,72.9690861,400615,Runwal Group,100,90,https://www.propi.in/search/properties,2026-06-26,2026-06-26,Active
3977,c9c3099ea8017170,Runwal Pearl,,Thane West,Thane,19.2596635,72.9690861,400615,Runwal Group,100,90,https://www.propi.in/search/properties,2026-06-26,2026-06-26,Active
3978,4960cc8b867f946d,Rustomjee Athena,,Thane West,Thane,19.2596635,72.9690861,400615,Rustomjee Group,100,90,https://www.propi.in/search/properties,2026-06-26,2026-06-26,Active
3979,c3532bcabc3da098,Rustomjee Azziano,Rustomjee Azziano J Wing,Thane West,Thane,19.2596635,72.9690861,400615,Rustomjee Group,100,100,https://www.propi.in/search/properties,2026-06-26,2026-06-26,Active
3980,ae43fe66253bb0a8,Rustomjee Urbania,,Thane West,Thane,19.2596635,72.9690861,400615,Rustomjee Group,100,90,https://www.propi.in/search/properties,2026-06-26,2026-06-26,Active
3981,e7165205a9c4d3ef,Rutu City Richmond,,Thane West,Thane,19.2596635,72.9690861,400615,,100,75,https://www.propi.in/search/properties,2026-06-26,2026-06-26,Active
3982,cbcd938f1b3c213f,Rutu Estate,,Thane West,Thane,19.2596635,72.9690861,400615,,100,75,https://www.propi.in/search/properties,2026-06-26,2026-06-26,Active
3983,9f3fc4f1ad1797e8,STG Signature,,Thane West,Thane,19.2596635,72.9690861,400615,,100,75,https://www.propi.in/search/properties,2026-06-26,2026-06-26,Active
3984,34d230cf1e3b6702,Sagar Residency,,Thane West,Thane,19.2596635,72.9690861,400615,,100,75,https://www.propi.in/search/properties,2026-06-26,2026-06-26,Active
3985,a7f66406f8930c4b,Sanghvi Hills,,Thane West,Thane,19.2596635,72.9690861,400615,,100,75,https://www.propi.in/search/properties,2026-06-26,2026-06-26,Active
3986,15d39a4a8dac486a,Sanskar CHS,,Thane West,Thane,19.2596635,72.9690861,400615,,100,75,https://www.propi.in/search/properties,2026-06-26,2026-06-26,Active
3987,94591881a99682b8,Satguru Solitaire,,Thane West,Thane,19.2596635,72.9690861,400615,,100,75,https://www.propi.in/search/properties,2026-06-26,2026-06-26,Active
3988,c7192e001fb2b0fc,Satya Shankar Residency,,Thane West,Thane,19.2596635,72.9690861,400615,,100,75,https://www.propi.in/search/properties,2026-06-26,2026-06-26,Active
3989,f63aacd8dd9a1292,Serita,,Thane West,Thane,19.2596635,72.9690861,400615,,100,75,https://www.propi.in/search/properties,2026-06-26,2026-06-26,Active
3990,6e8e69ae35a91a00,Sheth Avalon,Sheth Avalon G Wing,Thane West,Thane,19.2596635,72.9690861,400615,Sheth Developers,100,100,https://www.propi.in/search/properties,2026-06-26,2026-06-26,Active
3991,ee2dcfcb03f308de,Sheth Juri Majiwada,,Thane West,Thane,19.2596635,72.9690861,400615,Sheth Developers,100,90,https://www.propi.in/search/properties,2026-06-26,2026-06-26,Active
3992,c1df6830c4866c53,Sheth Zuri,,Thane West,Thane,19.2596635,72.9690861,400615,Sheth Developers,100,90,https://www.propi.in/search/properties,2026-06-26,2026-06-26,Active
3993,902d7a6e3dd70dae,Shiv Sai Paradise,,Thane West,Thane,19.2596635,72.9690861,400615,,100,75,https://www.propi.in/search/properties,2026-06-26,2026-06-26,Active
3994,0b7610f5b86b4ca3,Shree Drushti,,Thane West,Thane,19.2596635,72.9690861,400615,,100,75,https://www.propi.in/search/properties,2026-06-26,2026-06-26,Active
3995,04ca7ec5edb8377c,Siddhachal Elite,,Thane West,Thane,19.2596635,72.9690861,400615,,100,75,https://www.propi.in/search/properties,2026-06-26,2026-06-26,Active
3996,9320e92a36dccc17,Silver Woods,,Thane West,Thane,19.2596635,72.9690861,400615,,100,75,https://www.propi.in/search/properties,2026-06-26,2026-06-26,Active
3997,bb3ce3377b6f596d,Soham Gardens,,Thane West,Thane,19.2596635,72.9690861,400615,,100,75,https://www.propi.in/search/properties,2026-06-26,2026-06-26,Active
3998,dda3c2caae56ee18,Soham Tropical Lagoon,,Thane West,Thane,19.2596635,72.9690861,400615,,100,75,https://www.propi.in/search/properties,2026-06-26,2026-06-26,Active
3999,13faf88ec1491255,Solitare-A,,Thane West,Thane,19.2596635,72.9690861,400615,,100,75,https://www.propi.in/search/properties,2026-06-26,2026-06-26,Active
4000,9580a8c336c86cef,Solus,,Thane West,Thane,19.2596635,72.9690861,400615,,100,75,https://www.propi.in/search/properties,2026-06-26,2026-06-26,Active
4001,2767947f03b3d74c,Sparta,,Thane West,Thane,19.2596635,72.9690861,400615,,100,75,https://www.propi.in/search/properties,2026-06-26,2026-06-26,Active
4002,7f4c60451fb8e77f,Springhill,,Thane West,Thane,19.2596635,72.9690861,400615,,100,75,https://www.propi.in/search/properties,2026-06-26,2026-06-26,Active
4003,c258d8f9a0409d28,Sudarshan Sky Garden,,Thane West,Thane,19.2596635,72.9690861,400615,,100,75,https://www.propi.in/search/properties,2026-06-26,2026-06-26,Active
4004,1ad4aecfc5a56749,Sukur Residency,,Thane West,Thane,19.2596635,72.9690861,400615,,100,75,https://www.propi.in/search/properties,2026-06-26,2026-06-26,Active
4005,a942c19f4cfaa51d,Supernal Garden,,Thane West,Thane,19.2596635,72.9690861,400615,,100,75,https://www.propi.in/search/properties,2026-06-26,2026-06-26,Active
4006,73028af65161de5f,Swastik Plaza,,Thane West,Thane,19.2596635,72.9690861,400615,,100,75,https://www.propi.in/search/properties,2026-06-26,2026-06-26,Active
4007,2ba8caa7aa418e2e,Swastik Regalia,,Thane West,Thane,19.2596635,72.9690861,400615,,100,75,https://www.propi.in/search/properties,2026-06-26,2026-06-26,Active
4008,31d40fd4cd0351ae,Tata Glendale,,Thane West,Thane,19.2596635,72.9690861,400615,Tata Housing,100,90,https://www.propi.in/search/properties,2026-06-26,2026-06-26,Active
4009,d1bc08ec592d0bd0,Tata Serein,,Thane West,Thane,19.2596635,72.9690861,400615,Tata Housing,100,90,https://www.propi.in/search/properties,2026-06-26,2026-06-26,Active
4010,2e0d90702354616d,Walk,The Walk,Thane West,Thane,19.2596635,72.9690861,400615,,100,85,https://www.propi.in/search/properties,2026-06-26,2026-06-26,Active
4011,b34b08ad2a5b6b53,Tribeca,,Thane West,Thane,19.2596635,72.9690861,400615,,100,75,https://www.propi.in/search/properties,2026-06-26,2026-06-26,Active
4012,2499a39863097d69,Tropical Elite,,Thane West,Thane,19.2596635,72.9690861,400615,,100,75,https://www.propi.in/search/properties,2026-06-26,2026-06-26,Active
4013,b874e190db290536,Tropical Lagoon Bougainvillea,,Thane West,Thane,19.2596635,72.9690861,400615,,100,75,https://www.propi.in/search/properties,2026-06-26,2026-06-26,Active
4014,179f82939869d9ff,Tropical Lagoon Jacaranda,,Thane West,Thane,19.2596635,72.9690861,400615,,100,75,https://www.propi.in/search/properties,2026-06-26,2026-06-26,Active
4015,b2e72d7f0393ac95,Twinkle Tower,,Thane West,Thane,19.2596635,72.9690861,400615,,100,75,https://www.propi.in/search/properties,2026-06-26,2026-06-26,Active
4016,5b1e2f722f06108c,Unique Greens,,Thane West,Thane,19.2596635,72.9690861,400615,,100,75,https://www.propi.in/search/properties,2026-06-26,2026-06-26,Active
4017,08568a29d8204db1,Unnathi Woods,,Thane West,Thane,19.2596635,72.9690861,400615,,100,75,https://www.propi.in/search/properties,2026-06-26,2026-06-26,Active
4018,dbfd5d2ec131a829,Unnathi Woods 6,,Thane West,Thane,19.2596635,72.9690861,400615,,100,75,https://www.propi.in/search/properties,2026-06-26,2026-06-26,Active
4019,7198fac3030fabd6,Vardhman Garden,,Thane West,Thane,19.2596635,72.9690861,400615,,100,75,https://www.propi.in/search/properties,2026-06-26,2026-06-26,Active
4020,0cba2b5bb9f3fe08,Vasant Athena,,Thane West,Thane,19.2596635,72.9690861,400615,,100,75,https://www.propi.in/search/properties,2026-06-26,2026-06-26,Active
4021,6fee365327e04822,Vasant Lawns,,Thane West,Thane,19.2596635,72.9690861,400615,,100,75,https://www.propi.in/search/properties,2026-06-26,2026-06-26,Active
4022,1a595f87af753797,Vasant Vihar,,Thane West,Thane,19.2596635,72.9690861,400615,,100,75,https://www.propi.in/search/properties,2026-06-26,2026-06-26,Active
4023,388cc9a7baa58206,Vatika,,Thane West,Thane,19.2596635,72.9690861,400615,,100,75,https://www.propi.in/search/properties,2026-06-26,2026-06-26,Active
4024,6c1fb4d2a6bf1d78,Vihang Hills,,Thane West,Thane,19.2596635,72.9690861,400615,,100,75,https://www.propi.in/search/properties,2026-06-26,2026-06-26,Active
4025,84c6a35f445e7b5e,Vihang Valley,,Thane West,Thane,19.2596635,72.9690861,400615,,100,75,https://www.propi.in/search/properties,2026-06-26,2026-06-26,Active
4026,1a97e75ad60857de,Vihang Vermont,,Thane West,Thane,19.2596635,72.9690861,400615,,100,75,https://www.propi.in/search/properties,2026-06-26,2026-06-26,Active
4027,39481934602d8db4,Vijay Annex 29,,Thane West,Thane,19.2596635,72.9690861,400615,,100,75,https://www.propi.in/search/properties,2026-06-26,2026-06-26,Active
4028,aa42101ab3059df0,Vijay Galaxy,,Thane West,Thane,19.2596635,72.9690861,400615,,100,75,https://www.propi.in/search/properties,2026-06-26,2026-06-26,Active
4029,a796fdbe184a8dd5,Vijay Orion,,Thane West,Thane,19.2596635,72.9690861,400615,,100,75,https://www.propi.in/search/properties,2026-06-26,2026-06-26,Active
4030,61c731d935e552dc,Vijay Park,,Thane West,Thane,19.2596635,72.9690861,400615,,100,75,https://www.propi.in/search/properties,2026-06-26,2026-06-26,Active
4031,870ba3bc18d66daa,Vijay Vatika,,Thane West,Thane,19.2596635,72.9690861,400615,,100,75,https://www.propi.in/search/properties,2026-06-26,2026-06-26,Active
4032,a67defe1ceddb9f0,Vijay Vilas,,Thane West,Thane,19.2596635,72.9690861,400615,,100,75,https://www.propi.in/search/properties,2026-06-26,2026-06-26,Active
4033,de774f6cb29f4b6c,Villa Grand,,Thane West,Thane,19.2596635,72.9690861,400615,,100,75,https://www.propi.in/search/properties,2026-06-26,2026-06-26,Active
4034,123cf9b8d10e6f23,Wadhwa Courtyard,,Thane West,Thane,19.2596635,72.9690861,400615,Wadhwa Group,100,90,https://www.propi.in/search/properties,2026-06-26,2026-06-26,Active
4035,17f2ce1ae6704510,Wadhwa Elite-Platina,,Thane West,Thane,19.2596635,72.9690861,400615,Wadhwa Group,100,90,https://www.propi.in/search/properties,2026-06-26,2026-06-26,Active
4036,f684dda7723f35a7,Wadhwa Rhodesia,,Thane West,Thane,19.2596635,72.9690861,400615,Wadhwa Group,100,90,https://www.propi.in/search/properties,2026-06-26,2026-06-26,Active
4037,820c3d0135901010,Wonder Mall,,Thane West,Thane,19.2596635,72.9690861,400615,,100,75,https://www.propi.in/search/properties,2026-06-26,2026-06-26,Active
4038,df98a35a4d65f40c,Eden Park,,Ulwe,,,,,,100,35,https://www.propi.in/search/properties,2026-06-26,2026-06-26,Active
4039,2be84b86afefc7c5,Icon,,Ulwe,,,,,,100,35,https://www.propi.in/search/properties,2026-06-26,2026-06-26,Active
4040,b3c2afc2f28a0a39,Orchid Heights,,Ulwe,,,,,,100,35,https://www.propi.in/search/properties,2026-06-26,2026-06-26,Active
4041,324975ccb3ee769d,Orchid Woods,,Ulwe,,,,,,100,35,https://www.propi.in/search/properties,2026-06-26,2026-06-26,Active
4042,3a7f069812c594ec,Sai Sapphire,,Ulwe,,,,,,100,35,https://www.propi.in/search/properties,2026-06-26,2026-06-26,Active
4043,e511194381ffebba,Today Imperia,,Ulwe,,,,,,100,35,https://www.propi.in/search/properties,2026-06-26,2026-06-26,Active
4044,45cefe0f754d2c91,Today Shree Smaran,,Ulwe,,,,,,100,35,https://www.propi.in/search/properties,2026-06-26,2026-06-26,Active
4045,1d2ff92caff49bf9,White Woods,,Ulwe,,,,,,100,35,https://www.propi.in/search/properties,2026-06-26,2026-06-26,Active
4046,e3752a1c8e3a97c1,BSEL Tech Park,,Vashi,Navi Mumbai,19.0632481,72.9987966,400703,,100,75,https://www.propi.in/search/properties,2026-06-26,2026-06-26,Active
4047,539358bfd2ffe41e,Barcelona,,Vashi,Navi Mumbai,19.0632481,72.9987966,400703,,100,75,https://www.propi.in/search/properties,2026-06-26,2026-06-26,Active
4048,69584a8ae0318ad5,Cyber One,,Vashi,Navi Mumbai,19.0632481,72.9987966,400703,,100,75,https://www.propi.in/search/properties,2026-06-26,2026-06-26,Active
4049,cd192b97b569b3e5,Four Units Bungalows,,Vashi,Navi Mumbai,19.0632481,72.9987966,400703,,100,75,https://www.propi.in/search/properties,2026-06-26,2026-06-26,Active
4050,c83014b5a54f3d21,Gami Jade,,Vashi,Navi Mumbai,19.0632481,72.9987966,400703,,100,75,https://www.propi.in/search/properties,2026-06-26,2026-06-26,Active
4051,5aced9d180ac2362,Maruti Prasad,,Vashi,Navi Mumbai,19.0632481,72.9987966,400703,,100,75,https://www.propi.in/search/properties,2026-06-26,2026-06-26,Active
4052,d546d17dff6f14b5,Platinum Technopark,,Vashi,Navi Mumbai,19.0632481,72.9987966,400703,,100,75,https://www.propi.in/search/properties,2026-06-26,2026-06-26,Active
4053,da6c429fd78018cd,Crystal Paradise,,Veera Desai,Western Suburbs Mid,19.1344232,72.8353783,400053,,100,75,https://www.propi.in/search/properties,2026-06-26,2026-06-26,Active
4054,43f5aad06ef7ab4a,Akansha,,Versova,Western Suburbs Mid,19.1302521,72.8213775,400061,,100,75,https://www.propi.in/search/properties,2026-06-26,2026-06-26,Active
4055,3fd740f924b2f21c,Arshie Complex,,Versova,Western Suburbs Mid,19.1302521,72.8213775,400061,,100,75,https://www.propi.in/search/properties,2026-06-26,2026-06-26,Active
4056,6169e98c48efefe4,Cozy Apartment,,Versova,Western Suburbs Mid,19.1302521,72.8213775,400061,,100,75,https://www.propi.in/search/properties,2026-06-26,2026-06-26,Active
4057,ebebce9144d75cdd,Lumiere Tower,,Versova,Western Suburbs Mid,19.1302521,72.8213775,400061,,100,75,https://www.propi.in/search/properties,2026-06-26,2026-06-26,Active
4058,5138f5da8bf78bcd,Anjali,,Vikhroli,Eastern Suburbs,19.1114795,72.928021,400059,,100,75,https://www.propi.in/search/properties,2026-06-26,2026-06-26,Active
4059,179847d671da3622,Godrej Platinum,,Vikhroli,Eastern Suburbs,19.1114795,72.928021,400059,Godrej Properties,100,90,https://www.propi.in/search/properties,2026-06-26,2026-06-26,Active
4060,08a6593bdde9fe67,Godrej Trees,Godrej The Trees | Godrej Trees | Godrej Trees I,Vikhroli,Eastern Suburbs,19.1114795,72.928021,400059,Godrej Properties,100,100,https://www.propi.in/search/properties,2026-06-26,2026-06-26,Active
4061,5ff7694e5f37e5ec,Mayfair Hillcrest,,Vikhroli,Eastern Suburbs,19.1114795,72.928021,400059,,100,75,https://www.propi.in/search/properties,2026-06-26,2026-06-26,Active
4062,30de1aae58ee6ae9,Mayfair The View,,Vikhroli,Eastern Suburbs,19.1114795,72.928021,400059,,100,75,https://www.propi.in/search/properties,2026-06-26,2026-06-26,Active
4063,51f1e7fbd30101dc,Raj Legacy,,Vikhroli,Eastern Suburbs,19.1114795,72.928021,400059,,100,75,https://www.propi.in/search/properties,2026-06-26,2026-06-26,Active
4064,6b1c1ec861ca8444,Abr Signature,,Vile Parle East,Western Suburbs Prime,19.1097455,72.8365427,400058,,100,75,https://www.propi.in/search/properties,2026-06-26,2026-06-26,Active
4065,b159577b85db07cc,Airport View,,Vile Parle East,Western Suburbs Prime,19.1097455,72.8365427,400058,,100,75,https://www.propi.in/search/properties,2026-06-26,2026-06-26,Active
4066,da1e0545e19b4013,Akruti Erica,,Vile Parle East,Western Suburbs Prime,19.1097455,72.8365427,400058,,100,75,https://www.propi.in/search/properties,2026-06-26,2026-06-26,Active
4067,c219aa6944f7308c,Akruti Orion,,Vile Parle East,Western Suburbs Prime,19.1097455,72.8365427,400058,,100,75,https://www.propi.in/search/properties,2026-06-26,2026-06-26,Active
4068,97565246a04d0a4e,Arkade Pearl 2,,Vile Parle East,Western Suburbs Prime,19.1097455,72.8365427,400058,,100,75,https://www.propi.in/search/properties,2026-06-26,2026-06-26,Active
4069,60b0867a1f7bf71f,Bajaj Shubhada,,Vile Parle East,Western Suburbs Prime,19.1097455,72.8365427,400058,,100,75,https://www.propi.in/search/properties,2026-06-26,2026-06-26,Active
4070,9a12a861ecc51357,Bileshwar Darshan,,Vile Parle East,Western Suburbs Prime,19.1097455,72.8365427,400058,,100,75,https://www.propi.in/search/properties,2026-06-26,2026-06-26,Active
4071,e0c8e42e25ced8b5,Charmee Enclave,,Vile Parle East,Western Suburbs Prime,19.1097455,72.8365427,400058,,100,75,https://www.propi.in/search/properties,2026-06-26,2026-06-26,Active
4072,1ef5ecd5b38e73d1,E Square,,Vile Parle East,Western Suburbs Prime,19.1097455,72.8365427,400058,,100,75,https://www.propi.in/search/properties,2026-06-26,2026-06-26,Active
4073,f21e3a8b7755c702,Everest Cleopatra,,Vile Parle East,Western Suburbs Prime,19.1097455,72.8365427,400058,,100,75,https://www.propi.in/search/properties,2026-06-26,2026-06-26,Active
4074,f387b1e5afd7ef6a,Galaxy Pinnacle,,Vile Parle East,Western Suburbs Prime,19.1097455,72.8365427,400058,,100,75,https://www.propi.in/search/properties,2026-06-26,2026-06-26,Active
4075,5699619068855b8d,Harshail Horizon,,Vile Parle East,Western Suburbs Prime,19.1097455,72.8365427,400058,,100,75,https://www.propi.in/search/properties,2026-06-26,2026-06-26,Active
4076,e2560ab4ab96eeae,Jai Vijay,,Vile Parle East,Western Suburbs Prime,19.1097455,72.8365427,400058,,100,75,https://www.propi.in/search/properties,2026-06-26,2026-06-26,Active
4077,4cd20cd756773f6a,Jeevan Tara Chs Ltd,,Vile Parle East,Western Suburbs Prime,19.1097455,72.8365427,400058,,100,75,https://www.propi.in/search/properties,2026-06-26,2026-06-26,Active
4078,ae56d75cde2fb28c,Kalpavriksha,,Vile Parle East,Western Suburbs Prime,19.1097455,72.8365427,400058,,100,75,https://www.propi.in/search/properties,2026-06-26,2026-06-26,Active
4079,d99b7a7ff23a1dd6,Kamal,,Vile Parle East,Western Suburbs Prime,19.1097455,72.8365427,400058,,100,75,https://www.propi.in/search/properties,2026-06-26,2026-06-26,Active
4080,1f31bb28ad412cea,Krishna Kunj,,Vile Parle East,Western Suburbs Prime,19.1097455,72.8365427,400058,,100,75,https://www.propi.in/search/properties,2026-06-26,2026-06-26,Active
4081,82b4afe5d3479b60,Milan Apartment,,Vile Parle East,Western Suburbs Prime,19.1097455,72.8365427,400058,,100,75,https://www.propi.in/search/properties,2026-06-26,2026-06-26,Active
4082,b045d632fa7c45ed,Samkit,,Vile Parle East,Western Suburbs Prime,19.1097455,72.8365427,400058,,100,75,https://www.propi.in/search/properties,2026-06-26,2026-06-26,Active
4083,a63dc34b76080293,Shamik Odyssey,,Vile Parle East,Western Suburbs Prime,19.1097455,72.8365427,400058,,100,75,https://www.propi.in/search/properties,2026-06-26,2026-06-26,Active
4084,6be4cc52b699653e,Siddha Niwas,,Vile Parle East,Western Suburbs Prime,19.1097455,72.8365427,400058,,100,75,https://www.propi.in/search/properties,2026-06-26,2026-06-26,Active
4085,0b2cfae605d1b5a9,Umia CHS,,Vile Parle East,Western Suburbs Prime,19.1097455,72.8365427,400058,,100,75,https://www.propi.in/search/properties,2026-06-26,2026-06-26,Active
4086,a46c5b2cfdaee9de,Universal Paradise,,Vile Parle East,Western Suburbs Prime,19.1097455,72.8365427,400058,,100,75,https://www.propi.in/search/properties,2026-06-26,2026-06-26,Active
4087,67d8d876349c56dc,VKG Park Estate,,Vile Parle East,Western Suburbs Prime,19.1097455,72.8365427,400058,,100,75,https://www.propi.in/search/properties,2026-06-26,2026-06-26,Active
4088,04585c2255c3aa40,Vaidya Cottage,,Vile Parle East,Western Suburbs Prime,19.1097455,72.8365427,400058,,100,75,https://www.propi.in/search/properties,2026-06-26,2026-06-26,Active
4089,0ca4059692d33f82,Zee Heights,,Vile Parle East,Western Suburbs Prime,19.1097455,72.8365427,400058,,100,75,https://www.propi.in/search/properties,2026-06-26,2026-06-26,Active
4090,2ecff0b019f8f59e,Ajmera Shringaar,,Vile Parle West,Western Suburbs Prime,19.103908,72.840301,400057,Ajmera Group,100,90,https://www.propi.in/search/properties,2026-06-26,2026-06-26,Active
4091,420d52714e1f734c,Anand Bhavan,,Vile Parle West,Western Suburbs Prime,19.103908,72.840301,400057,,100,75,https://www.propi.in/search/properties,2026-06-26,2026-06-26,Active
4092,900088251bdc59f8,Arihant,,Vile Parle West,Western Suburbs Prime,19.103908,72.840301,400057,Arihant Group,100,90,https://www.propi.in/search/properties,2026-06-26,2026-06-26,Active
4093,635aed662c242834,Bharat Primavistas,,Vile Parle West,Western Suburbs Prime,19.103908,72.840301,400057,,100,75,https://www.propi.in/search/properties,2026-06-26,2026-06-26,Active
4094,995912daf09dc775,Cello,,Vile Parle West,Western Suburbs Prime,19.103908,72.840301,400057,,100,75,https://www.propi.in/search/properties,2026-06-26,2026-06-26,Active
4095,3e77297a2f4b59b7,Chandak Vansham,,Vile Parle West,Western Suburbs Prime,19.103908,72.840301,400057,,100,75,https://www.propi.in/search/properties,2026-06-26,2026-06-26,Active
4096,7d35851bacd13c91,Dev Plaza,,Vile Parle West,Western Suburbs Prime,19.103908,72.840301,400057,,100,75,https://www.propi.in/search/properties,2026-06-26,2026-06-26,Active
4097,ddd8563e851c5b7b,Insignia,Insignia Apartment,Vile Parle West,Western Suburbs Prime,19.103908,72.840301,400057,,100,85,https://www.propi.in/search/properties,2026-06-26,2026-06-26,Active
4098,2b45e2f545301845,Irla,,Vile Parle West,Western Suburbs Prime,19.103908,72.840301,400057,,100,75,https://www.propi.in/search/properties,2026-06-26,2026-06-26,Active
4099,485add31c585b5ac,Jade Park,,Vile Parle West,Western Suburbs Prime,19.103908,72.840301,400057,,100,75,https://www.propi.in/search/properties,2026-06-26,2026-06-26,Active
4100,efe7813d4206ccbe,Juhu Griha Swapna,,Vile Parle West,Western Suburbs Prime,19.103908,72.840301,400057,,100,75,https://www.propi.in/search/properties,2026-06-26,2026-06-26,Active
4101,d79aa84b3f711b95,Kothare CHS,,Vile Parle West,Western Suburbs Prime,19.103908,72.840301,400057,,100,75,https://www.propi.in/search/properties,2026-06-26,2026-06-26,Active
4102,97daf92a9f0e0002,Kuber Villa,,Vile Parle West,Western Suburbs Prime,19.103908,72.840301,400057,,100,75,https://www.propi.in/search/properties,2026-06-26,2026-06-26,Active
4103,83b6474c100c79ea,ML Spaces,,Vile Parle West,Western Suburbs Prime,19.103908,72.840301,400057,,100,75,https://www.propi.in/search/properties,2026-06-26,2026-06-26,Active
4104,67f921ac7ae65616,Man Excellenza,,Vile Parle West,Western Suburbs Prime,19.103908,72.840301,400057,,100,75,https://www.propi.in/search/properties,2026-06-26,2026-06-26,Active
4105,3523d342545e24bf,New Vrindavan,,Vile Parle West,Western Suburbs Prime,19.103908,72.840301,400057,,100,75,https://www.propi.in/search/properties,2026-06-26,2026-06-26,Active
4106,793881699d5832f9,Options Emporio,,Vile Parle West,Western Suburbs Prime,19.103908,72.840301,400057,,100,75,https://www.propi.in/search/properties,2026-06-26,2026-06-26,Active
4107,8c6cda7adfd56d3c,Parijat,,Vile Parle West,Western Suburbs Prime,19.103908,72.840301,400057,,100,75,https://www.propi.in/search/properties,2026-06-26,2026-06-26,Active
4108,d12a80e080779239,Pooja Apartments,,Vile Parle West,Western Suburbs Prime,19.103908,72.840301,400057,,100,75,https://www.propi.in/search/properties,2026-06-26,2026-06-26,Active
4109,b79aa45078373ac6,Pratap Elegance,,Vile Parle West,Western Suburbs Prime,19.103908,72.840301,400057,,100,75,https://www.propi.in/search/properties,2026-06-26,2026-06-26,Active
4110,b869fc265f8ab8bc,Prem Nagar,,Vile Parle West,Western Suburbs Prime,19.103908,72.840301,400057,,100,75,https://www.propi.in/search/properties,2026-06-26,2026-06-26,Active
4111,24c80e16d3fcc4e0,Priti Paradise,,Vile Parle West,Western Suburbs Prime,19.103908,72.840301,400057,,100,75,https://www.propi.in/search/properties,2026-06-26,2026-06-26,Active
4112,c177d56d7c87f2d4,Rushabh,,Vile Parle West,Western Suburbs Prime,19.103908,72.840301,400057,,100,75,https://www.propi.in/search/properties,2026-06-26,2026-06-26,Active
4113,a542697c5ceabb45,Sangam Arcade,,Vile Parle West,Western Suburbs Prime,19.103908,72.840301,400057,,100,75,https://www.propi.in/search/properties,2026-06-26,2026-06-26,Active
4114,affd0c2c48827c1f,Shagun Residency,,Vile Parle West,Western Suburbs Prime,19.103908,72.840301,400057,,100,75,https://www.propi.in/search/properties,2026-06-26,2026-06-26,Active
4115,4ad92e118e151f35,Shelton CHS,,Vile Parle West,Western Suburbs Prime,19.103908,72.840301,400057,,100,75,https://www.propi.in/search/properties,2026-06-26,2026-06-26,Active
4116,8cf5307187f64597,Shiv Om,Shiv Om Building,Vile Parle West,Western Suburbs Prime,19.103908,72.840301,400057,,100,85,https://www.propi.in/search/properties,2026-06-26,2026-06-26,Active
4117,babe6468c1202d03,Snehadhara CHS,Snehadhara CHSL,Vile Parle West,Western Suburbs Prime,19.103908,72.840301,400057,,100,85,https://www.propi.in/search/properties,2026-06-26,2026-06-26,Active
4118,08d33f10c7959c39,Tirthal,,Vile Parle West,Western Suburbs Prime,19.103908,72.840301,400057,,100,75,https://www.propi.in/search/properties,2026-06-26,2026-06-26,Active
4119,e518b918b8f5937f,Trishla Apartment,,Vile Parle West,Western Suburbs Prime,19.103908,72.840301,400057,,100,75,https://www.propi.in/search/properties,2026-06-26,2026-06-26,Active
4120,8c3a323b3e02ee85,Wisteria,,Vile Parle West,Western Suburbs Prime,19.103908,72.840301,400057,,100,75,https://www.propi.in/search/properties,2026-06-26,2026-06-26,Active
4121,eea797e99831acd4,Kastur Park,,Virar,Western Suburbs Far,19.5175313,72.8497261,401102,,100,75,https://www.propi.in/search/properties,2026-06-26,2026-06-26,Active
4122,5463abb81235a0ad,Ajmera Aeon,,Wadala,Central Suburbs,19.0269192,72.8759337,400037,Ajmera Group,100,90,https://www.propi.in/search/properties,2026-06-26,2026-06-26,Active
4123,19ebefcf0f05e544,Ajmera Greenfinity,,Wadala,Central Suburbs,19.0269192,72.8759337,400037,Ajmera Group,100,90,https://www.propi.in/search/properties,2026-06-26,2026-06-26,Active
4124,953bdf59e67656bb,Ajmera Manhattan 3A-3B,,Wadala,Central Suburbs,19.0269192,72.8759337,400037,Ajmera Group,100,90,https://www.propi.in/search/properties,2026-06-26,2026-06-26,Active
4125,5607dbfcd071151a,Ajmera Treon,,Wadala,Central Suburbs,19.0269192,72.8759337,400037,Ajmera Group,100,90,https://www.propi.in/search/properties,2026-06-26,2026-06-26,Active
4126,1d6df22c120351f2,Ajmera Zeon,,Wadala,Central Suburbs,19.0269192,72.8759337,400037,Ajmera Group,100,90,https://www.propi.in/search/properties,2026-06-26,2026-06-26,Active
4127,a43b9de51a7b7580,Aster,,Wadala,Central Suburbs,19.0269192,72.8759337,400037,,100,75,https://www.propi.in/search/properties,2026-06-26,2026-06-26,Active
4128,f8f9b89393c17e93,Bhavya Heights,,Wadala,Central Suburbs,19.0269192,72.8759337,400037,,100,75,https://www.propi.in/search/properties,2026-06-26,2026-06-26,Active
4129,6e222344fc75c5c3,Chinar CHS,,Wadala,Central Suburbs,19.0269192,72.8759337,400037,,100,75,https://www.propi.in/search/properties,2026-06-26,2026-06-26,Active
4130,c104c94b2d0abb75,Cosmic Heights,,Wadala,Central Suburbs,19.0269192,72.8759337,400037,,100,75,https://www.propi.in/search/properties,2026-06-26,2026-06-26,Active
4131,7117ad3fdf85c807,Desai Harmony,,Wadala,Central Suburbs,19.0269192,72.8759337,400037,,100,75,https://www.propi.in/search/properties,2026-06-26,2026-06-26,Active
4132,c47aa8c351c6f424,Dosti Acres,,Wadala,Central Suburbs,19.0269192,72.8759337,400037,Dosti Realty,100,90,https://www.propi.in/search/properties,2026-06-26,2026-06-26,Active
4133,8fa11ddd2b00a4b3,Dosti Ambrosia,,Wadala,Central Suburbs,19.0269192,72.8759337,400037,Dosti Realty,100,90,https://www.propi.in/search/properties,2026-06-26,2026-06-26,Active
4134,b9a330edf1ebdaa2,Dosti Aster,,Wadala,Central Suburbs,19.0269192,72.8759337,400037,Dosti Realty,100,90,https://www.propi.in/search/properties,2026-06-26,2026-06-26,Active
4135,c41b5ccce4153a4d,Dosti Blossom,,Wadala,Central Suburbs,19.0269192,72.8759337,400037,Dosti Realty,100,90,https://www.propi.in/search/properties,2026-06-26,2026-06-26,Active
4136,72debdf1f46eb30b,Dosti Eastern Bay,,Wadala,Central Suburbs,19.0269192,72.8759337,400037,Dosti Realty,100,90,https://www.propi.in/search/properties,2026-06-26,2026-06-26,Active
4137,e86c417bad000876,Dosti Florentine,,Wadala,Central Suburbs,19.0269192,72.8759337,400037,Dosti Realty,100,90,https://www.propi.in/search/properties,2026-06-26,2026-06-26,Active
4138,6c030ec7e5786f23,Emgee Greens,,Wadala,Central Suburbs,19.0269192,72.8759337,400037,,100,75,https://www.propi.in/search/properties,2026-06-26,2026-06-26,Active
4139,7e512bb228bc3b13,Girnar Heights,,Wadala,Central Suburbs,19.0269192,72.8759337,400037,,100,75,https://www.propi.in/search/properties,2026-06-26,2026-06-26,Active
4140,70284824fd10b1f2,Godrej Horizon,,Wadala,Central Suburbs,19.0269192,72.8759337,400037,Godrej Properties,100,90,https://www.propi.in/search/properties,2026-06-26,2026-06-26,Active
4141,b25222d9f5fdd3ad,Lodha Altia,,Wadala,Central Suburbs,19.0269192,72.8759337,400037,Lodha Group,100,90,https://www.propi.in/search/properties,2026-06-26,2026-06-26,Active
4142,3d575dcd9a242456,Lodha Dioro,,Wadala,Central Suburbs,19.0269192,72.8759337,400037,Lodha Group,100,90,https://www.propi.in/search/properties,2026-06-26,2026-06-26,Active
4143,9fac88d115aedfcb,Lodha Elisium,,Wadala,Central Suburbs,19.0269192,72.8759337,400037,Lodha Group,100,90,https://www.propi.in/search/properties,2026-06-26,2026-06-26,Active
4144,26a6bf7777159a4d,Lodha Enchante,,Wadala,Central Suburbs,19.0269192,72.8759337,400037,Lodha Group,100,90,https://www.propi.in/search/properties,2026-06-26,2026-06-26,Active
4145,0e5fee803e062ce8,Lodha Estrella,,Wadala,Central Suburbs,19.0269192,72.8759337,400037,Lodha Group,100,90,https://www.propi.in/search/properties,2026-06-26,2026-06-26,Active
4146,1767c1390306221e,Lodha Evoq,,Wadala,Central Suburbs,19.0269192,72.8759337,400037,Lodha Group,100,90,https://www.propi.in/search/properties,2026-06-26,2026-06-26,Active
4147,4d1b61aca07e1f2d,Lodha Gardenia,,Wadala,Central Suburbs,19.0269192,72.8759337,400037,Lodha Group,100,90,https://www.propi.in/search/properties,2026-06-26,2026-06-26,Active
4148,2962c24daa9fac04,Lodha New Cuffe Parade,,Wadala,Central Suburbs,19.0269192,72.8759337,400037,Lodha Group,100,90,https://www.propi.in/search/properties,2026-06-26,2026-06-26,Active
4149,75548e1da9b9a67e,Lodha Supremus,Lodha Supremus Kolshet,Wadala,Central Suburbs,19.0269192,72.8759337,400037,Lodha Group,100,100,https://www.propi.in/search/properties,2026-06-26,2026-06-26,Active
4150,f399fbcd64887e01,Siddha Sky,,Wadala,Central Suburbs,19.0269192,72.8759337,400037,,100,75,https://www.propi.in/search/properties,2026-06-26,2026-06-26,Active
4151,b08b7c14bcab9875,Sunshine Infinity,,Wadala,Central Suburbs,19.0269192,72.8759337,400037,,100,75,https://www.propi.in/search/properties,2026-06-26,2026-06-26,Active
4152,aa0f45fc261ff2ca,Golden Oak,,Wadala East,Central Suburbs,19.0210175,72.8568955,400031,,100,75,https://www.propi.in/search/properties,2026-06-26,2026-06-26,Active
4153,b80ac0cbf1a100db,A1 Apartments,,Walkeshwar,South Mumbai Prime,18.9524203,72.8038935,400006,,100,75,https://www.propi.in/search/properties,2026-06-26,2026-06-26,Active
4154,d8d5708544175168,Adarsh,,Walkeshwar,South Mumbai Prime,18.9524203,72.8038935,400006,,100,75,https://www.propi.in/search/properties,2026-06-26,2026-06-26,Active
4155,039b1f697a234608,Anita,Anita Apartment,Walkeshwar,South Mumbai Prime,18.9524203,72.8038935,400006,,100,85,https://www.propi.in/search/properties,2026-06-26,2026-06-26,Active
4156,a2f2e81c892897d2,Aravali,,Walkeshwar,South Mumbai Prime,18.9524203,72.8038935,400006,,100,75,https://www.propi.in/search/properties,2026-06-26,2026-06-26,Active
4157,4816fd7c5930f87b,Asmita Apartment,,Walkeshwar,South Mumbai Prime,18.9524203,72.8038935,400006,,100,75,https://www.propi.in/search/properties,2026-06-26,2026-06-26,Active
4158,c15ee18b777afd0f,Bakhtawar Annexe,,Walkeshwar,South Mumbai Prime,18.9524203,72.8038935,400006,,100,75,https://www.propi.in/search/properties,2026-06-26,2026-06-26,Active
4159,3df68a41f55601e8,Capri,,Walkeshwar,South Mumbai Prime,18.9524203,72.8038935,400006,,100,75,https://www.propi.in/search/properties,2026-06-26,2026-06-26,Active
4160,815b0401a8da337f,Chandanbala,,Walkeshwar,South Mumbai Prime,18.9524203,72.8038935,400006,,100,75,https://www.propi.in/search/properties,2026-06-26,2026-06-26,Active
4161,25d6d69cf88ae72f,Cosmopolise,,Walkeshwar,South Mumbai Prime,18.9524203,72.8038935,400006,,100,75,https://www.propi.in/search/properties,2026-06-26,2026-06-26,Active
4162,e0c3641e95f06818,Dani Sadan,,Walkeshwar,South Mumbai Prime,18.9524203,72.8038935,400006,,100,75,https://www.propi.in/search/properties,2026-06-26,2026-06-26,Active
4163,adfe8bb98165df30,Darshan Apartment,,Walkeshwar,South Mumbai Prime,18.9524203,72.8038935,400006,,100,75,https://www.propi.in/search/properties,2026-06-26,2026-06-26,Active
4164,c1e775beeddbea78,Dunkeld,,Walkeshwar,South Mumbai Prime,18.9524203,72.8038935,400006,,100,75,https://www.propi.in/search/properties,2026-06-26,2026-06-26,Active
4165,fefd2b36658698d6,Everest Apartments,,Walkeshwar,South Mumbai Prime,18.9524203,72.8038935,400006,,100,75,https://www.propi.in/search/properties,2026-06-26,2026-06-26,Active
4166,51c97f2cde7c13af,Ganges Apartments,,Walkeshwar,South Mumbai Prime,18.9524203,72.8038935,400006,,100,75,https://www.propi.in/search/properties,2026-06-26,2026-06-26,Active
4167,82146163f1769f04,Jamuna Niketan,,Walkeshwar,South Mumbai Prime,18.9524203,72.8038935,400006,,100,75,https://www.propi.in/search/properties,2026-06-26,2026-06-26,Active
4168,c9acacdd893326db,Jeevan Vihar,,Walkeshwar,South Mumbai Prime,18.9524203,72.8038935,400006,,100,75,https://www.propi.in/search/properties,2026-06-26,2026-06-26,Active
4169,28846875bea62959,Kalpavraksha,,Walkeshwar,South Mumbai Prime,18.9524203,72.8038935,400006,,100,75,https://www.propi.in/search/properties,2026-06-26,2026-06-26,Active
4170,76fc191ca7621729,Lands End,,Walkeshwar,South Mumbai Prime,18.9524203,72.8038935,400006,,100,75,https://www.propi.in/search/properties,2026-06-26,2026-06-26,Active
4171,b70a0375544b5158,Las Palmas,,Walkeshwar,South Mumbai Prime,18.9524203,72.8038935,400006,,100,75,https://www.propi.in/search/properties,2026-06-26,2026-06-26,Active
4172,80e89974836d823c,Lodha Seamont,,Walkeshwar,South Mumbai Prime,18.9524203,72.8038935,400006,Lodha Group,100,90,https://www.propi.in/search/properties,2026-06-26,2026-06-26,Active
4173,be3dfa7472ce82d0,Loyalka Compound,,Walkeshwar,South Mumbai Prime,18.9524203,72.8038935,400006,,100,75,https://www.propi.in/search/properties,2026-06-26,2026-06-26,Active
4174,6f7023f1ee54933b,Manavi Apartment,,Walkeshwar,South Mumbai Prime,18.9524203,72.8038935,400006,,100,75,https://www.propi.in/search/properties,2026-06-26,2026-06-26,Active
4175,ba9001748269dfa3,Mangal Kunj,,Walkeshwar,South Mumbai Prime,18.9524203,72.8038935,400006,,100,75,https://www.propi.in/search/properties,2026-06-26,2026-06-26,Active
4176,05f0ff9fe235ebdb,Meera,,Walkeshwar,South Mumbai Prime,18.9524203,72.8038935,400006,,100,75,https://www.propi.in/search/properties,2026-06-26,2026-06-26,Active
4177,420cc84092f3b854,Necklace View,,Walkeshwar,South Mumbai Prime,18.9524203,72.8038935,400006,,100,75,https://www.propi.in/search/properties,2026-06-26,2026-06-26,Active
4178,4f21c8b841d2bacd,Nishat,,Walkeshwar,South Mumbai Prime,18.9524203,72.8038935,400006,,100,75,https://www.propi.in/search/properties,2026-06-26,2026-06-26,Active
4179,5d36e7d20835a28a,Park View,,Walkeshwar,South Mumbai Prime,18.9524203,72.8038935,400006,,100,75,https://www.propi.in/search/properties,2026-06-26,2026-06-26,Active
4180,9b229568e92c647d,Prakash,,Walkeshwar,South Mumbai Prime,18.9524203,72.8038935,400006,,100,75,https://www.propi.in/search/properties,2026-06-26,2026-06-26,Active
4181,785e3fb6d6d3b731,Pushpanjali,,Walkeshwar,South Mumbai Prime,18.9524203,72.8038935,400006,,100,75,https://www.propi.in/search/properties,2026-06-26,2026-06-26,Active
4182,34481f1b1e6931b7,Ritu Apartments,,Walkeshwar,South Mumbai Prime,18.9524203,72.8038935,400006,,100,75,https://www.propi.in/search/properties,2026-06-26,2026-06-26,Active
4183,b64b6d11c9ce819c,Sagar Mahal,,Walkeshwar,South Mumbai Prime,18.9524203,72.8038935,400006,,100,75,https://www.propi.in/search/properties,2026-06-26,2026-06-26,Active
4184,c986806c5ded6e97,Sanidhya,,Walkeshwar,South Mumbai Prime,18.9524203,72.8038935,400006,,100,75,https://www.propi.in/search/properties,2026-06-26,2026-06-26,Active
4185,90852fade5231771,Shamkala,,Walkeshwar,South Mumbai Prime,18.9524203,72.8038935,400006,,100,75,https://www.propi.in/search/properties,2026-06-26,2026-06-26,Active
4186,183df3f182edd847,Shri Ishwar Bhawan,,Walkeshwar,South Mumbai Prime,18.9524203,72.8038935,400006,,100,75,https://www.propi.in/search/properties,2026-06-26,2026-06-26,Active
4187,2df6fb6d67e03098,Sorento,,Walkeshwar,South Mumbai Prime,18.9524203,72.8038935,400006,,100,75,https://www.propi.in/search/properties,2026-06-26,2026-06-26,Active
4188,e0c780902e51f1ae,Sudha Kalash,,Walkeshwar,South Mumbai Prime,18.9524203,72.8038935,400006,,100,75,https://www.propi.in/search/properties,2026-06-26,2026-06-26,Active
4189,1be4836cd2bec7f6,Suryadarshan,,Walkeshwar,South Mumbai Prime,18.9524203,72.8038935,400006,,100,75,https://www.propi.in/search/properties,2026-06-26,2026-06-26,Active
4190,3d2023aa2face7fc,Tenerife,,Walkeshwar,South Mumbai Prime,18.9524203,72.8038935,400006,,100,75,https://www.propi.in/search/properties,2026-06-26,2026-06-26,Active
4191,e1de94c2de7caf1a,Legend,The Legend,Walkeshwar,South Mumbai Prime,18.9524203,72.8038935,400006,,100,85,https://www.propi.in/search/properties,2026-06-26,2026-06-26,Active
4192,8959e59a9b619deb,Veena Apartment,,Walkeshwar,South Mumbai Prime,18.9524203,72.8038935,400006,,100,75,https://www.propi.in/search/properties,2026-06-26,2026-06-26,Active
4193,97c797f8afa56ee3,Sky Scraper,,Warden Road,,18.9751856,72.8064834,400026,,100,60,https://www.propi.in/search/properties,2026-06-26,2026-06-26,Active
4194,234a4e4cd7ec37a4,"Allura , Lodha Park","Allura, Lodha Park",Worli,South Mumbai Central,19.0117388,72.8178706,400030,Lodha Group,100,100,https://www.propi.in/search/properties,2026-06-26,2026-06-26,Active
4195,61e74fa3cfb828a0,Ansal Heights,,Worli,South Mumbai Central,19.0117388,72.8178706,400030,,100,75,https://www.propi.in/search/properties,2026-06-26,2026-06-26,Active
4196,bbc28d5abf69a2c1,Aseem,,Worli,South Mumbai Central,19.0117388,72.8178706,400030,,100,75,https://www.propi.in/search/properties,2026-06-26,2026-06-26,Active
4197,26b9e5b661bd938c,Aurum Arts,,Worli,South Mumbai Central,19.0117388,72.8178706,400030,,100,75,https://www.propi.in/search/properties,2026-06-26,2026-06-26,Active
4198,64628f8872249b07,Aurus Chambers,,Worli,South Mumbai Central,19.0117388,72.8178706,400030,,100,75,https://www.propi.in/search/properties,2026-06-26,2026-06-26,Active
4199,d68bf2950899268f,Avanti Apartment,,Worli,South Mumbai Central,19.0117388,72.8178706,400030,,100,75,https://www.propi.in/search/properties,2026-06-26,2026-06-26,Active
4200,5248c9a29f5f6ef1,Avarsekar Heights,,Worli,South Mumbai Central,19.0117388,72.8178706,400030,,100,75,https://www.propi.in/search/properties,2026-06-26,2026-06-26,Active
4201,393aea8585b42d9b,Aversekar Heights,,Worli,South Mumbai Central,19.0117388,72.8178706,400030,,100,75,https://www.propi.in/search/properties,2026-06-26,2026-06-26,Active
4202,de6de63a4e991f6d,Awarsekar Height,,Worli,South Mumbai Central,19.0117388,72.8178706,400030,,100,75,https://www.propi.in/search/properties,2026-06-26,2026-06-26,Active
4203,2bc2cd2903b3dcc8,B.Y. Apartment,,Worli,South Mumbai Central,19.0117388,72.8178706,400030,,100,75,https://www.propi.in/search/properties,2026-06-26,2026-06-26,Active
4204,4d65d2c2111e7b49,Birla Niyaara,,Worli,South Mumbai Central,19.0117388,72.8178706,400030,,100,75,https://www.propi.in/search/properties,2026-06-26,2026-06-26,Active
4205,ba816fe95ff4f999,Campa Cola Compound,,Worli,South Mumbai Central,19.0117388,72.8178706,400030,,100,75,https://www.propi.in/search/properties,2026-06-26,2026-06-26,Active
4206,d365fff6088900d6,Ceejay House,,Worli,South Mumbai Central,19.0117388,72.8178706,400030,,100,75,https://www.propi.in/search/properties,2026-06-26,2026-06-26,Active
4207,217f93d31120ca7b,Chandak Cornerstone,,Worli,South Mumbai Central,19.0117388,72.8178706,400030,,100,75,https://www.propi.in/search/properties,2026-06-26,2026-06-26,Active
4208,9e27e377ac1ccb12,Chandelier Court,,Worli,South Mumbai Central,19.0117388,72.8178706,400030,,100,75,https://www.propi.in/search/properties,2026-06-26,2026-06-26,Active
4209,77490a96ee639673,Cornerstone,,Worli,South Mumbai Central,19.0117388,72.8178706,400030,,100,75,https://www.propi.in/search/properties,2026-06-26,2026-06-26,Active
4210,5ad76866b1b93cdc,Cornerstone Worli,,Worli,South Mumbai Central,19.0117388,72.8178706,400030,,100,75,https://www.propi.in/search/properties,2026-06-26,2026-06-26,Active
4211,9f20796b4ef48202,Deepak Mahal,,Worli,South Mumbai Central,19.0117388,72.8178706,400030,,100,75,https://www.propi.in/search/properties,2026-06-26,2026-06-26,Active
4212,05cd1fad0036b023,Desai Oceanic,,Worli,South Mumbai Central,19.0117388,72.8178706,400030,,100,75,https://www.propi.in/search/properties,2026-06-26,2026-06-26,Active
4213,67f1afb66ffdc688,Eden Hall,,Worli,South Mumbai Central,19.0117388,72.8178706,400030,,100,75,https://www.propi.in/search/properties,2026-06-26,2026-06-26,Active
4214,b8fbee6fdf90be75,Esha Ekta,,Worli,South Mumbai Central,19.0117388,72.8178706,400030,Ekta World,100,90,https://www.propi.in/search/properties,2026-06-26,2026-06-26,Active
4215,2794a2d2d57588e7,Four Seasons Private Residences,,Worli,South Mumbai Central,19.0117388,72.8178706,400030,,100,75,https://www.propi.in/search/properties,2026-06-26,2026-06-26,Active
4216,96ba65a5776a2834,Godavari,,Worli,South Mumbai Central,19.0117388,72.8178706,400030,,100,75,https://www.propi.in/search/properties,2026-06-26,2026-06-26,Active
4217,c02c33edab627234,Gulistan,Gulistan Building,Worli,South Mumbai Central,19.0117388,72.8178706,400030,,100,85,https://www.propi.in/search/properties,2026-06-26,2026-06-26,Active
4218,f5b198e6c286638b,Gulrukh,,Worli,South Mumbai Central,19.0117388,72.8178706,400030,,100,75,https://www.propi.in/search/properties,2026-06-26,2026-06-26,Active
4219,1ef8628a2223b9a8,Hargun CHS,,Worli,South Mumbai Central,19.0117388,72.8178706,400030,,100,75,https://www.propi.in/search/properties,2026-06-26,2026-06-26,Active
4220,22097b7621364a58,Harmony Tower,,Worli,South Mumbai Central,19.0117388,72.8178706,400030,,100,75,https://www.propi.in/search/properties,2026-06-26,2026-06-26,Active
4221,17b789f14720505d,Harsiddhi Heights,,Worli,South Mumbai Central,19.0117388,72.8178706,400030,,100,75,https://www.propi.in/search/properties,2026-06-26,2026-06-26,Active
4222,3b09ff0e867ccfe3,Hill Crest,,Worli,South Mumbai Central,19.0117388,72.8178706,400030,,100,75,https://www.propi.in/search/properties,2026-06-26,2026-06-26,Active
4223,5a0656512f7da154,Himachal House,,Worli,South Mumbai Central,19.0117388,72.8178706,400030,,100,75,https://www.propi.in/search/properties,2026-06-26,2026-06-26,Active
4224,3a5ea861aea10f65,Himalaya,Himalaya Building,Worli,South Mumbai Central,19.0117388,72.8178706,400030,,100,85,https://www.propi.in/search/properties,2026-06-26,2026-06-26,Active
4225,8b9724034f71100b,India Bulls Blue,Indiabulls Blu,Worli,South Mumbai Central,19.0117388,72.8178706,400030,Indiabulls Real Estate,100,100,https://www.propi.in/search/properties,2026-06-26,2026-06-26,Active
4226,00b56140c9b2cad8,Jayshree Apartment,,Worli,South Mumbai Central,19.0117388,72.8178706,400030,,100,75,https://www.propi.in/search/properties,2026-06-26,2026-06-26,Active
4227,20140276c0f3074c,Kakad Chambers,,Worli,South Mumbai Central,19.0117388,72.8178706,400030,,100,75,https://www.propi.in/search/properties,2026-06-26,2026-06-26,Active
4228,005ac995470a903d,Kakad Estate Society,,Worli,South Mumbai Central,19.0117388,72.8178706,400030,,100,75,https://www.propi.in/search/properties,2026-06-26,2026-06-26,Active
4229,76154b25e2f6e505,Kalpataru Horizon,,Worli,South Mumbai Central,19.0117388,72.8178706,400030,Kalpataru Group,100,90,https://www.propi.in/search/properties,2026-06-26,2026-06-26,Active
4230,380b4af4aa478571,Konark Empress,,Worli,South Mumbai Central,19.0117388,72.8178706,400030,,100,75,https://www.propi.in/search/properties,2026-06-26,2026-06-26,Active
4231,db594f3bfff4ce29,Lady Ratan Tower,,Worli,South Mumbai Central,19.0117388,72.8178706,400030,,100,75,https://www.propi.in/search/properties,2026-06-26,2026-06-26,Active
4232,f229a115925c4ba4,Lalit kunj,,Worli,South Mumbai Central,19.0117388,72.8178706,400030,,100,75,https://www.propi.in/search/properties,2026-06-26,2026-06-26,Active
4233,5b7586aa6301ec77,Lodha Adrina,Lodha Adrina,Worli,South Mumbai Central,19.0117388,72.8178706,400030,Lodha Group,100,100,https://www.propi.in/search/properties,2026-06-26,2026-06-26,Active
4234,2e41c19ddf99c30c,Lodha Allura,,Worli,South Mumbai Central,19.0117388,72.8178706,400030,Lodha Group,100,90,https://www.propi.in/search/properties,2026-06-26,2026-06-26,Active
4235,3b17004c0f9398da,Lodha Kiara,,Worli,South Mumbai Central,19.0117388,72.8178706,400030,Lodha Group,100,90,https://www.propi.in/search/properties,2026-06-26,2026-06-26,Active
4236,0fc501d5b349ab93,Lodha Maison,,Worli,South Mumbai Central,19.0117388,72.8178706,400030,Lodha Group,100,90,https://www.propi.in/search/properties,2026-06-26,2026-06-26,Active
4237,8909223b316e939f,Lodha Marquise,,Worli,South Mumbai Central,19.0117388,72.8178706,400030,Lodha Group,100,90,https://www.propi.in/search/properties,2026-06-26,2026-06-26,Active
4238,1782ceea4fafaac5,Lodha Park,Lodha Park | Lodha Parkside,Worli,South Mumbai Central,19.0117388,72.8178706,400030,Lodha Group,100,100,https://www.propi.in/search/properties,2026-06-26,2026-06-26,Active
4239,5a18b253ccee9a8a,Lodha Supremus,,Worli,South Mumbai Central,19.0117388,72.8178706,400030,Lodha Group,100,90,https://www.propi.in/search/properties,2026-06-26,2026-06-26,Active
4240,d3edce5c6e44bf8b,Lodha Trump,Lodha Trump,Worli,South Mumbai Central,19.0117388,72.8178706,400030,Lodha Group,100,100,https://www.propi.in/search/properties,2026-06-26,2026-06-26,Active
4241,fe063a3296b70b0e,Lodha World View,,Worli,South Mumbai Central,19.0117388,72.8178706,400030,Lodha Group,100,90,https://www.propi.in/search/properties,2026-06-26,2026-06-26,Active
4242,a8c631c88b3aaada,Lokhandwala Harmony,,Worli,South Mumbai Central,19.0117388,72.8178706,400030,,100,75,https://www.propi.in/search/properties,2026-06-26,2026-06-26,Active
4243,ced5aa877a2a5da7,Lokhandwala Residency,,Worli,South Mumbai Central,19.0117388,72.8178706,400030,,100,75,https://www.propi.in/search/properties,2026-06-26,2026-06-26,Active
4244,93623ac7accb2a66,Lotus Court,,Worli,South Mumbai Central,19.0117388,72.8178706,400030,,100,75,https://www.propi.in/search/properties,2026-06-26,2026-06-26,Active
4245,2ce31097175d9dbc,MIG Colony,,Worli,South Mumbai Central,19.0117388,72.8178706,400030,,100,75,https://www.propi.in/search/properties,2026-06-26,2026-06-26,Active
4246,b9d8684863101c71,Madhuban,,Worli,South Mumbai Central,19.0117388,72.8178706,400030,,100,75,https://www.propi.in/search/properties,2026-06-26,2026-06-26,Active
4247,9b26e859c4a71d04,Madhuban Apartments,,Worli,South Mumbai Central,19.0117388,72.8178706,400030,,100,75,https://www.propi.in/search/properties,2026-06-26,2026-06-26,Active
4248,e46a8b891d96c356,Madhuli,,Worli,South Mumbai Central,19.0117388,72.8178706,400030,,100,75,https://www.propi.in/search/properties,2026-06-26,2026-06-26,Active
4249,4b1bc8a773814ab5,Malkani Mahal,,Worli,South Mumbai Central,19.0117388,72.8178706,400030,,100,75,https://www.propi.in/search/properties,2026-06-26,2026-06-26,Active
4250,5e993c7a0212006c,Marina Bay,,Worli,South Mumbai Central,19.0117388,72.8178706,400030,,100,75,https://www.propi.in/search/properties,2026-06-26,2026-06-26,Active
4251,ee405c473d46bb97,Marquise,,Worli,South Mumbai Central,19.0117388,72.8178706,400030,,100,75,https://www.propi.in/search/properties,2026-06-26,2026-06-26,Active
4252,42f62b43e361f231,New Pushpa Milan,,Worli,South Mumbai Central,19.0117388,72.8178706,400030,,100,75,https://www.propi.in/search/properties,2026-06-26,2026-06-26,Active
4253,cf3d30856ab239dd,Nutan Madhuban,,Worli,South Mumbai Central,19.0117388,72.8178706,400030,,100,75,https://www.propi.in/search/properties,2026-06-26,2026-06-26,Active
4254,65013a31a65db287,Oberoi 360 West,,Worli,South Mumbai Central,19.0117388,72.8178706,400030,Oberoi Realty,100,90,https://www.propi.in/search/properties,2026-06-26,2026-06-26,Active
4255,8bf031ff66956ab9,Ocean View,,Worli,South Mumbai Central,19.0117388,72.8178706,400030,,100,75,https://www.propi.in/search/properties,2026-06-26,2026-06-26,Active
4256,b73e9f7dc35d8433,Om Ratan,,Worli,South Mumbai Central,19.0117388,72.8178706,400030,,100,75,https://www.propi.in/search/properties,2026-06-26,2026-06-26,Active
4257,c40f5a0e49a68d23,Omkar,Omkar 1973,Worli,South Mumbai Central,19.0117388,72.8178706,400030,Omkar Realtors,100,100,https://www.propi.in/search/properties,2026-06-26,2026-06-26,Active
4258,21217e6d5b14deda,Orchid Tower,Orchid Tower,Worli,South Mumbai Central,19.0117388,72.8178706,400030,,100,85,https://www.propi.in/search/properties,2026-06-26,2026-06-26,Active
4259,fda9691114b49589,Palm Beach,,Worli,South Mumbai Central,19.0117388,72.8178706,400030,,100,75,https://www.propi.in/search/properties,2026-06-26,2026-06-26,Active
4260,53b9b0ea65a6b982,Pankaj Mansion,,Worli,South Mumbai Central,19.0117388,72.8178706,400030,,100,75,https://www.propi.in/search/properties,2026-06-26,2026-06-26,Active
4261,52458eb86b054085,Paragon Centre,,Worli,South Mumbai Central,19.0117388,72.8178706,400030,,100,75,https://www.propi.in/search/properties,2026-06-26,2026-06-26,Active
4262,c57e6682ab3692f2,Patel Apartments,,Worli,South Mumbai Central,19.0117388,72.8178706,400030,,100,75,https://www.propi.in/search/properties,2026-06-26,2026-06-26,Active
4263,6066d3ba6126ceb5,Pitale Prasad,,Worli,South Mumbai Central,19.0117388,72.8178706,400030,,100,75,https://www.propi.in/search/properties,2026-06-26,2026-06-26,Active
4264,c3dfa805f45fc6e5,Poonam Apartment,Poonam Apartment,Worli,South Mumbai Central,19.0117388,72.8178706,400030,,100,85,https://www.propi.in/search/properties,2026-06-26,2026-06-26,Active
4265,da585dcf66bceadd,Poonam Chambers,,Worli,South Mumbai Central,19.0117388,72.8178706,400030,,100,75,https://www.propi.in/search/properties,2026-06-26,2026-06-26,Active
4266,1597c902af420ffc,Poornima Apartment,,Worli,South Mumbai Central,19.0117388,72.8178706,400030,,100,75,https://www.propi.in/search/properties,2026-06-26,2026-06-26,Active
4267,e228daf35603782e,Praneet,,Worli,South Mumbai Central,19.0117388,72.8178706,400030,,100,75,https://www.propi.in/search/properties,2026-06-26,2026-06-26,Active
4268,82398953e9a70c86,Priya,Priya Building,Worli,South Mumbai Central,19.0117388,72.8178706,400030,,100,85,https://www.propi.in/search/properties,2026-06-26,2026-06-26,Active
4269,bcfe5f6276de28c7,Queen,,Worli,South Mumbai Central,19.0117388,72.8178706,400030,,100,75,https://www.propi.in/search/properties,2026-06-26,2026-06-26,Active
4270,897af78457525e2c,Queens Court,,Worli,South Mumbai Central,19.0117388,72.8178706,400030,,100,75,https://www.propi.in/search/properties,2026-06-26,2026-06-26,Active
4271,af311ab128d130b6,RNA Mirage,,Worli,South Mumbai Central,19.0117388,72.8178706,400030,,100,75,https://www.propi.in/search/properties,2026-06-26,2026-06-26,Active
4272,6d41b5f4ee64daf0,RNA Miraj,,Worli,South Mumbai Central,19.0117388,72.8178706,400030,,100,75,https://www.propi.in/search/properties,2026-06-26,2026-06-26,Active
4273,daec7a5116efd907,RNA Miraj - Worli,,Worli,South Mumbai Central,19.0117388,72.8178706,400030,,100,75,https://www.propi.in/search/properties,2026-06-26,2026-06-26,Active
4274,56303de5a7c62f0e,Racecourse and Sea View | South Mumbai,Racecourse & Sea View | South Mumbai,Worli,South Mumbai Central,19.0117388,72.8178706,400030,,100,85,https://www.propi.in/search/properties,2026-06-26,2026-06-26,Active
4275,9918c64663d78e29,Raheja Artesia,,Worli,South Mumbai Central,19.0117388,72.8178706,400030,K. Raheja Group,100,90,https://www.propi.in/search/properties,2026-06-26,2026-06-26,Active
4276,db98822bb46aaae4,Raheja Atlantis,,Worli,South Mumbai Central,19.0117388,72.8178706,400030,K. Raheja Group,100,90,https://www.propi.in/search/properties,2026-06-26,2026-06-26,Active
4277,a9763e903839f86b,Raheja Imperia,,Worli,South Mumbai Central,19.0117388,72.8178706,400030,K. Raheja Group,100,90,https://www.propi.in/search/properties,2026-06-26,2026-06-26,Active
4278,bdac8d296e505790,Rakhangi Mahal,,Worli,South Mumbai Central,19.0117388,72.8178706,400030,,100,75,https://www.propi.in/search/properties,2026-06-26,2026-06-26,Active
4279,320ebaf3ad5fdb80,Rashid Mansion,,Worli,South Mumbai Central,19.0117388,72.8178706,400030,,100,75,https://www.propi.in/search/properties,2026-06-26,2026-06-26,Active
4280,5fbd6cbfa5f585ef,Rashid Mension,,Worli,South Mumbai Central,19.0117388,72.8178706,400030,,100,75,https://www.propi.in/search/properties,2026-06-26,2026-06-26,Active
4281,89c8e41c74810c64,Ready Money Terrace,,Worli,South Mumbai Central,19.0117388,72.8178706,400030,,100,75,https://www.propi.in/search/properties,2026-06-26,2026-06-26,Active
4282,5225415c5ff59893,Runwal Raaya,,Worli,South Mumbai Central,19.0117388,72.8178706,400030,Runwal Group,100,90,https://www.propi.in/search/properties,2026-06-26,2026-06-26,Active
4283,e82e28ef3978c073,Runwal Reserve,Runwal Reserve | Runwal Reserve ( Worli,Worli,South Mumbai Central,19.0117388,72.8178706,400030,Runwal Group,100,100,https://www.propi.in/search/properties,2026-06-26,2026-06-26,Active
4284,65e02cb073c663ee,Sagar Tarang,,Worli,South Mumbai Central,19.0117388,72.8178706,400030,,100,75,https://www.propi.in/search/properties,2026-06-26,2026-06-26,Active
4285,acf13a50179f9d28,Samudra Gaurav,,Worli,South Mumbai Central,19.0117388,72.8178706,400030,,100,75,https://www.propi.in/search/properties,2026-06-26,2026-06-26,Active
4286,bfeeadb8a45fc002,Samudra Mahal,,Worli,South Mumbai Central,19.0117388,72.8178706,400030,,100,75,https://www.propi.in/search/properties,2026-06-26,2026-06-26,Active
4287,7b4a2f208c2472d6,Sanghvi Evana,,Worli,South Mumbai Central,19.0117388,72.8178706,400030,,100,75,https://www.propi.in/search/properties,2026-06-26,2026-06-26,Active
4288,0b21596924f668a2,Sea Mist,,Worli,South Mumbai Central,19.0117388,72.8178706,400030,,100,75,https://www.propi.in/search/properties,2026-06-26,2026-06-26,Active
4289,066b40615ba482fc,Shah And Nahar Industrial Premises,,Worli,South Mumbai Central,19.0117388,72.8178706,400030,,100,75,https://www.propi.in/search/properties,2026-06-26,2026-06-26,Active
4290,c68870fddbe5dfdc,Sheelmarie CHS,,Worli,South Mumbai Central,19.0117388,72.8178706,400030,,100,75,https://www.propi.in/search/properties,2026-06-26,2026-06-26,Active
4291,5a1defb0110311de,Shiv Sagar Apartment,,Worli,South Mumbai Central,19.0117388,72.8178706,400030,,100,75,https://www.propi.in/search/properties,2026-06-26,2026-06-26,Active
4292,c92a050f3092c36d,Shubh Apartment,,Worli,South Mumbai Central,19.0117388,72.8178706,400030,,100,75,https://www.propi.in/search/properties,2026-06-26,2026-06-26,Active
4293,1f044fe312358220,Shubhda Tower,Shubhda Towers,Worli,South Mumbai Central,19.0117388,72.8178706,400030,,100,85,https://www.propi.in/search/properties,2026-06-26,2026-06-26,Active
4294,2bf3dc0c8dab1957,Siddivinayak Horizon,,Worli,South Mumbai Central,19.0117388,72.8178706,400030,,100,75,https://www.propi.in/search/properties,2026-06-26,2026-06-26,Active
4295,3e5282fba32231c5,Starling Sea Face,,Worli,South Mumbai Central,19.0117388,72.8178706,400030,,100,75,https://www.propi.in/search/properties,2026-06-26,2026-06-26,Active
4296,1dac00ad381b26ac,Sterling Seaface,,Worli,South Mumbai Central,19.0117388,72.8178706,400030,,100,75,https://www.propi.in/search/properties,2026-06-26,2026-06-26,Active
4297,24e39e5b11eb6acc,Sukhada,,Worli,South Mumbai Central,19.0117388,72.8178706,400030,,100,75,https://www.propi.in/search/properties,2026-06-26,2026-06-26,Active
4298,75b4b9f4349c6f96,Sumer Kendra,,Worli,South Mumbai Central,19.0117388,72.8178706,400030,,100,75,https://www.propi.in/search/properties,2026-06-26,2026-06-26,Active
4299,7d7c699ead5ed2f2,Tejas Harmony,,Worli,South Mumbai Central,19.0117388,72.8178706,400030,,100,75,https://www.propi.in/search/properties,2026-06-26,2026-06-26,Active
4300,de34326328d66be6,Park,The Park,Worli,South Mumbai Central,19.0117388,72.8178706,400030,,100,85,https://www.propi.in/search/properties,2026-06-26,2026-06-26,Active
4301,9858a129d17b02b2,"Park, Lodha","The Park, Lodha",Worli,South Mumbai Central,19.0117388,72.8178706,400030,Lodha Group,100,100,https://www.propi.in/search/properties,2026-06-26,2026-06-26,Active
4302,29926446f552d3e9,Trump Tower,Trump Tower,Worli,South Mumbai Central,19.0117388,72.8178706,400030,,100,85,https://www.propi.in/search/properties,2026-06-26,2026-06-26,Active
4303,eecaf22859f11c79,Tulsi Vihar,,Worli,South Mumbai Central,19.0117388,72.8178706,400030,,100,75,https://www.propi.in/search/properties,2026-06-26,2026-06-26,Active
4304,93595c0b7ffec37e,Turf View,,Worli,South Mumbai Central,19.0117388,72.8178706,400030,,100,75,https://www.propi.in/search/properties,2026-06-26,2026-06-26,Active
4305,fbddfef5a9b378c7,Vaitarna,,Worli,South Mumbai Central,19.0117388,72.8178706,400030,,100,75,https://www.propi.in/search/properties,2026-06-26,2026-06-26,Active
4306,2621e184d6790ab8,Venus,Venus Apartment,Worli,South Mumbai Central,19.0117388,72.8178706,400030,,100,85,https://www.propi.in/search/properties,2026-06-26,2026-06-26,Active
4307,e5814325852ec0e5,Venus Apartments,,Worli,South Mumbai Central,19.0117388,72.8178706,400030,,100,75,https://www.propi.in/search/properties,2026-06-26,2026-06-26,Active
4308,ea12eb7999d2e517,Victoria Tower,,Worli,South Mumbai Central,19.0117388,72.8178706,400030,,100,75,https://www.propi.in/search/properties,2026-06-26,2026-06-26,Active
4309,294e9188457342e6,Vinod Villa,,Worli,South Mumbai Central,19.0117388,72.8178706,400030,,100,75,https://www.propi.in/search/properties,2026-06-26,2026-06-26,Active
4310,4b86bd17b2251c70,Vraj Tiara,,Worli,South Mumbai Central,19.0117388,72.8178706,400030,,100,75,https://www.propi.in/search/properties,2026-06-26,2026-06-26,Active
4311,66ee35e1301a4472,Zahra,,Worli,South Mumbai Central,19.0117388,72.8178706,400030,,100,75,https://www.propi.in/search/properties,2026-06-26,2026-06-26,Active
4312,18f70a10e530fdbb,B.Y. Apartment,,Worli Naka,South Mumbai Central,18.9869676,72.8285467,400027,,100,75,https://www.propi.in/search/properties,2026-06-26,2026-06-26,Active
4313,d6f21a3da4e9ca8e,Campa Cola Compound,,Worli Naka,South Mumbai Central,18.9869676,72.8285467,400027,,100,75,https://www.propi.in/search/properties,2026-06-26,2026-06-26,Active
4314,35be288efceb4a61,Runwal Reserve,,Worli Naka,South Mumbai Central,18.9869676,72.8285467,400027,Runwal Group,100,90,https://www.propi.in/search/properties,2026-06-26,2026-06-26,Active
4315,3b13b73843f1180b,Elysium,,Worli Sea Face,South Mumbai Central,19.0098234,72.8153582,400030,,100,75,https://www.propi.in/search/properties,2026-06-26,2026-06-26,Active
4316,9183da4ae51e8a33,Pitale Prasad,,Worli Sea Face,South Mumbai Central,19.0098234,72.8153582,400030,,100,75,https://www.propi.in/search/properties,2026-06-26,2026-06-26,Active
4317,8353038a8d686e90,Link Garden Tower,,Powai,Eastern Suburbs,19.1481254,72.827599,400053,,100,75,https://www.propi.in/search/properties,2026-06-26,2026-06-26,Active
4318,65fcd5499a8a35d6,Lila Apartment,,Yari Road,Western Suburbs Mid,19.1393455,72.8072764,400061,,100,75,https://www.propi.in/search/properties,2026-06-26,2026-06-26,Active
4319,9ac8d52af4cdc433,Mangal Orchid,,Yari Road,Western Suburbs Mid,19.1393455,72.8072764,400061,,100,75,https://www.propi.in/search/properties,2026-06-26,2026-06-26,Active
4320,febc746991c671ee,Pearl Heights,,Yari Road,Western Suburbs Mid,19.1393455,72.8072764,400061,,100,75,https://www.propi.in/search/properties,2026-06-26,2026-06-26,Active
4321,0c5eaab1d011ee62,25 South,,,,,,,,100,10,https://www.propi.in/search/properties,2026-06-26,2026-06-26,Needs Area Resolution
4322,0abad32fe247965e,36 Allure,,,,,,,,100,10,https://www.propi.in/search/properties,2026-06-26,2026-06-26,Needs Area Resolution
4323,36d601f4d02435f6,81 Crest,,,,,,,,100,10,https://www.propi.in/search/properties,2026-06-26,2026-06-26,Needs Area Resolution
4324,2b7ffc5090d083d0,81-Aureate,,,,,,,,100,10,https://www.propi.in/search/properties,2026-06-26,2026-06-26,Needs Area Resolution
4325,2545b1dbaafb6bc0,AH Heights,,,,,,,,100,10,https://www.propi.in/search/properties,2026-06-26,2026-06-26,Needs Area Resolution
4326,a9a92eedfb4d9dcc,Aishwarya CHS,,,,,,,,100,10,https://www.propi.in/search/properties,2026-06-26,2026-06-26,Needs Area Resolution
4327,3ea20853ab21dca3,Anmol Towers,,,,,,,,100,10,https://www.propi.in/search/properties,2026-06-26,2026-06-26,Needs Area Resolution
4328,39acda08e336edf7,Artteza,,,,,,,,100,10,https://www.propi.in/search/properties,2026-06-26,2026-06-26,Needs Area Resolution
4329,b735d633333f7df6,Ascot,,,,,,,,100,10,https://www.propi.in/search/properties,2026-06-26,2026-06-26,Needs Area Resolution
4330,d8c2158b8aa24ffb,Ashok Gardens,,,,,,,,100,10,https://www.propi.in/search/properties,2026-06-26,2026-06-26,Needs Area Resolution
4331,9fd90f6ada4f35a7,Auris Bliss,,,,,,,,100,10,https://www.propi.in/search/properties,2026-06-26,2026-06-26,Needs Area Resolution
4332,1bd16c5a48f7c764,Birla Niyara,,,,,,,,100,10,https://www.propi.in/search/properties,2026-06-26,2026-06-26,Needs Area Resolution
4333,3dc46e41a716d4ab,Bkc-x,,,,,,,,100,10,https://www.propi.in/search/properties,2026-06-26,2026-06-26,Needs Area Resolution
4334,d162a6eca37ff9f2,Blue Lotus,,,,,,,,100,10,https://www.propi.in/search/properties,2026-06-26,2026-06-26,Needs Area Resolution
4335,4fa7953cb59063a7,Bussa Industrial Estate,,,,,,,,100,10,https://www.propi.in/search/properties,2026-06-26,2026-06-26,Needs Area Resolution
4336,0fd4f843748ea66f,Castle Rock,,,,,,,,100,10,https://www.propi.in/search/properties,2026-06-26,2026-06-26,Needs Area Resolution
4337,374bdb246ec938bb,Chaitanya Tower,,,,,,,,100,10,https://www.propi.in/search/properties,2026-06-26,2026-06-26,Needs Area Resolution
4338,2b827e1b69e1a2da,Chandak Unicorn,,,,,,,,100,10,https://www.propi.in/search/properties,2026-06-26,2026-06-26,Needs Area Resolution
4339,76611ac3a4b78195,Chitra,,,,,,,,100,10,https://www.propi.in/search/properties,2026-06-26,2026-06-26,Needs Area Resolution
4340,b8cfab486e78533b,Crescent Tower,,,,,,,,100,10,https://www.propi.in/search/properties,2026-06-26,2026-06-26,Needs Area Resolution
4341,1e7424947ecab443,Darshan Ricco,,,,,,,,100,10,https://www.propi.in/search/properties,2026-06-26,2026-06-26,Needs Area Resolution
4342,785102466e716bb9,Desai Oceanic,,,,,,,,100,10,https://www.propi.in/search/properties,2026-06-26,2026-06-26,Needs Area Resolution
4343,6c09e392f55a0f29,Dhanlaxmi,,,,,,,,100,10,https://www.propi.in/search/properties,2026-06-26,2026-06-26,Needs Area Resolution
4344,85f44545f61e5cc2,Divine Heights,,,,,,,,100,10,https://www.propi.in/search/properties,2026-06-26,2026-06-26,Needs Area Resolution
4345,dddb7f59cb3a7aa1,Godrej Trees,,,,,,,Godrej Properties,100,25,https://www.propi.in/search/properties,2026-06-26,2026-06-26,Needs Area Resolution
4346,4b139a4dd4da9eb6,Godrej Urban Park,,,,,,,Godrej Properties,100,25,https://www.propi.in/search/properties,2026-06-26,2026-06-26,Needs Area Resolution
4347,99458a0fb0c894a0,Grand Paradi,,,,,,,,100,10,https://www.propi.in/search/properties,2026-06-26,2026-06-26,Needs Area Resolution
4348,4425616cf2a44573,Gundecha Trillium,,,,,,,Gundecha Group,100,25,https://www.propi.in/search/properties,2026-06-26,2026-06-26,Needs Area Resolution
4349,87dcef9e4fc002b4,INS Tower,,,,,,,,100,10,https://www.propi.in/search/properties,2026-06-26,2026-06-26,Needs Area Resolution
4350,5295e71a301a9bb9,Indiabull Sky Forest,,,,,,,,100,10,https://www.propi.in/search/properties,2026-06-26,2026-06-26,Needs Area Resolution
4351,1b577a097093b381,Indiabulls Blu,,,,,,,Indiabulls Real Estate,100,25,https://www.propi.in/search/properties,2026-06-26,2026-06-26,Needs Area Resolution
4352,cb0222d7d39804db,Indiabulls Sky,,,,,,,Indiabulls Real Estate,100,25,https://www.propi.in/search/properties,2026-06-26,2026-06-26,Needs Area Resolution
4353,efd52927f8e5dee2,Joy Legend,,,,,,,,100,10,https://www.propi.in/search/properties,2026-06-26,2026-06-26,Needs Area Resolution
4354,a9ecc7e99438d269,Kalpataru Avana,,,,,,,Kalpataru Group,100,25,https://www.propi.in/search/properties,2026-06-26,2026-06-26,Needs Area Resolution
4355,6b5a7631a4b4024a,Kalpataru Magnus,,,,,,,Kalpataru Group,100,25,https://www.propi.in/search/properties,2026-06-26,2026-06-26,Needs Area Resolution
4356,c71a4d4f64cce6b6,Kalpataru Pinnacle,,,,,,,Kalpataru Group,100,25,https://www.propi.in/search/properties,2026-06-26,2026-06-26,Needs Area Resolution
4357,d6247d730b304fde,Kalpataru Solitaire,,,,,,,Kalpataru Group,100,25,https://www.propi.in/search/properties,2026-06-26,2026-06-26,Needs Area Resolution
4358,f618bf53c41c5a95,Kanakia Paris,,,,,,,Kanakia Group,100,25,https://www.propi.in/search/properties,2026-06-26,2026-06-26,Needs Area Resolution
4359,afc3963f0ddeb32c,Kanakia Rainforest,,,,,,,Kanakia Group,100,25,https://www.propi.in/search/properties,2026-06-26,2026-06-26,Needs Area Resolution
4360,46e6ff32f1d8429f,Kanakia Silicon Valley,,,,,,,Kanakia Group,100,25,https://www.propi.in/search/properties,2026-06-26,2026-06-26,Needs Area Resolution
4361,7c6223c7934e937e,Kanti Apartment,,,,,,,,100,10,https://www.propi.in/search/properties,2026-06-26,2026-06-26,Needs Area Resolution
4362,8532f231661e571c,Kastur Park,,,,,,,,100,10,https://www.propi.in/search/properties,2026-06-26,2026-06-26,Needs Area Resolution
4363,62c1b50e555edc02,LandT Crescent Bay,L&T Crescent Bay,,,,,,L&T Realty,100,35,https://www.propi.in/search/properties,2026-06-26,2026-06-26,Needs Area Resolution
4364,1d5c03b4eea648c5,LandT Emerald Isle,L&T Emerald Isle,,,,,,L&T Realty,100,35,https://www.propi.in/search/properties,2026-06-26,2026-06-26,Needs Area Resolution
4365,669edc7e69547307,LandT Veridian,L&T Veridian,,,,,,L&T Realty,100,35,https://www.propi.in/search/properties,2026-06-26,2026-06-26,Needs Area Resolution
4366,1e77f12025c521a8,Lashkaria Empress,,,,,,,,100,10,https://www.propi.in/search/properties,2026-06-26,2026-06-26,Needs Area Resolution
4367,c6ce8e9a6be8c979,Laxmi Industrial Estate,,,,,,,,100,10,https://www.propi.in/search/properties,2026-06-26,2026-06-26,Needs Area Resolution
4368,5f76eda08ca6e6f2,Link Plaza,,,,,,,,100,10,https://www.propi.in/search/properties,2026-06-26,2026-06-26,Needs Area Resolution
4369,a812b5e935fb9222,Lodha Allura,,,,,,,Lodha Group,100,25,https://www.propi.in/search/properties,2026-06-26,2026-06-26,Needs Area Resolution
4370,f11acff7e08d5413,Lodha Aura,,,,,,,Lodha Group,100,25,https://www.propi.in/search/properties,2026-06-26,2026-06-26,Needs Area Resolution
4371,e07d027cea854336,Lodha Bel Air,,,,,,,Lodha Group,100,25,https://www.propi.in/search/properties,2026-06-26,2026-06-26,Needs Area Resolution
4372,e92d3fa407989b1a,Lodha Bellagio,,,,,,,Lodha Group,100,25,https://www.propi.in/search/properties,2026-06-26,2026-06-26,Needs Area Resolution
4373,1ee57a35e1648fbd,Lodha Grandeur,,,,,,,Lodha Group,100,25,https://www.propi.in/search/properties,2026-06-26,2026-06-26,Needs Area Resolution
4374,f655615f0452c0ac,Lodha Marquise,,,,,,,Lodha Group,100,25,https://www.propi.in/search/properties,2026-06-26,2026-06-26,Needs Area Resolution
4375,d7ec61d8a15d1f07,Lodha Park,,,,,,,Lodha Group,100,25,https://www.propi.in/search/properties,2026-06-26,2026-06-26,Needs Area Resolution
4376,599fb61ef833c3be,Lodha Parkside,,,,,,,Lodha Group,100,25,https://www.propi.in/search/properties,2026-06-26,2026-06-26,Needs Area Resolution
4377,4a013505e73f0852,Lodha World Tower,,,,,,,Lodha Group,100,25,https://www.propi.in/search/properties,2026-06-26,2026-06-26,Needs Area Resolution
4378,a2a5a273d53f2a45,Lodha World Towers,,,,,,,Lodha Group,100,25,https://www.propi.in/search/properties,2026-06-26,2026-06-26,Needs Area Resolution
4379,b5f114d3879c6e98,Lok Nirman,,,,,,,,100,10,https://www.propi.in/search/properties,2026-06-26,2026-06-26,Needs Area Resolution
4380,484d3014fab63d85,Lokhandwala Minerva,,,,,,,,100,10,https://www.propi.in/search/properties,2026-06-26,2026-06-26,Needs Area Resolution
4381,8119647d8c78b28b,Lotus Enpar,,,,,,,,100,10,https://www.propi.in/search/properties,2026-06-26,2026-06-26,Needs Area Resolution
4382,3c95bad32e3060a9,Madhuban Tower,,,,,,,,100,10,https://www.propi.in/search/properties,2026-06-26,2026-06-26,Needs Area Resolution
4383,e1764ceb2e3b737a,Maker Chamber,,,,,,,,100,10,https://www.propi.in/search/properties,2026-06-26,2026-06-26,Needs Area Resolution
4384,cf50e6f7bc01ec32,Manju Mahal,,,,,,,,100,10,https://www.propi.in/search/properties,2026-06-26,2026-06-26,Needs Area Resolution
4385,32b9f86d5b182c21,Maple Leaf,,,,,,,,100,10,https://www.propi.in/search/properties,2026-06-26,2026-06-26,Needs Area Resolution
4386,51a0874d6cbec217,Maple Tower,,,,,,,,100,10,https://www.propi.in/search/properties,2026-06-26,2026-06-26,Needs Area Resolution
4387,2a3ad2c36c7d03d4,Marathon Cosmos,,,,,,,Marathon Group,100,25,https://www.propi.in/search/properties,2026-06-26,2026-06-26,Needs Area Resolution
4388,412f8793cbfa7ada,Marathon Icon,,,,,,,Marathon Group,100,25,https://www.propi.in/search/properties,2026-06-26,2026-06-26,Needs Area Resolution
4389,d2c8e77012ead963,Marathon NextGen Innova,,,,,,,Marathon Group,100,25,https://www.propi.in/search/properties,2026-06-26,2026-06-26,Needs Area Resolution
4390,490554d50bf836d8,Marina Enclave,,,,,,,,100,10,https://www.propi.in/search/properties,2026-06-26,2026-06-26,Needs Area Resolution
4391,53bdaf4b138ae225,Millennium Court,,,,,,,,100,10,https://www.propi.in/search/properties,2026-06-26,2026-06-26,Needs Area Resolution
4392,0f5beb024aefde25,Mohini Castle,,,,,,,,100,10,https://www.propi.in/search/properties,2026-06-26,2026-06-26,Needs Area Resolution
4393,a179456fc64c9845,Montreal Tower,,,,,,,,100,10,https://www.propi.in/search/properties,2026-06-26,2026-06-26,Needs Area Resolution
4394,53faa5846e2e23dd,Naman Midtown,,,,,,,Naman Group,100,25,https://www.propi.in/search/properties,2026-06-26,2026-06-26,Needs Area Resolution
4395,76de2a00dabe1673,Nathani Heights,,,,,,,,100,10,https://www.propi.in/search/properties,2026-06-26,2026-06-26,Needs Area Resolution
4396,5abb5533049ea8e8,Navrang,,,,,,,,100,10,https://www.propi.in/search/properties,2026-06-26,2026-06-26,Needs Area Resolution
4397,e807a358a023749a,Oakland Park,,,,,,,,100,10,https://www.propi.in/search/properties,2026-06-26,2026-06-26,Needs Area Resolution
4398,7021422c26b4a1a8,Oberoi Spring,,,,,,,Oberoi Realty,100,25,https://www.propi.in/search/properties,2026-06-26,2026-06-26,Needs Area Resolution
4399,7f705b4f4247f549,Omkar 1973,,,,,,,Omkar Realtors,100,25,https://www.propi.in/search/properties,2026-06-26,2026-06-26,Needs Area Resolution
4400,e9c299051acca3f5,Omkar Signet,,,,,,,Omkar Realtors,100,25,https://www.propi.in/search/properties,2026-06-26,2026-06-26,Needs Area Resolution
4401,49972ca041f9913f,One Avighna Park,,,,,,,,100,10,https://www.propi.in/search/properties,2026-06-26,2026-06-26,Needs Area Resolution
4402,2ec46c3958c74384,Orion West,,,,,,,,100,10,https://www.propi.in/search/properties,2026-06-26,2026-06-26,Needs Area Resolution
4403,130b31a58b11ecff,Panchsheel,,,,,,,,100,10,https://www.propi.in/search/properties,2026-06-26,2026-06-26,Needs Area Resolution
4404,62ffcc2ab3052456,Park Reach,,,,,,,,100,10,https://www.propi.in/search/properties,2026-06-26,2026-06-26,Needs Area Resolution
4405,a055f99c535fd873,Piramal Aranya,,,,,,,Piramal Realty,100,25,https://www.propi.in/search/properties,2026-06-26,2026-06-26,Needs Area Resolution
4406,90f819cc0e4d3736,Piramal Mahalaxmi,,,,,,,Piramal Realty,100,25,https://www.propi.in/search/properties,2026-06-26,2026-06-26,Needs Area Resolution
4407,2dfbef9ed46d291b,Piramal Revanta,,,,,,,Piramal Realty,100,25,https://www.propi.in/search/properties,2026-06-26,2026-06-26,Needs Area Resolution
4408,8ee0b49dcd7fefe5,Platinum Life,,,,,,,,100,10,https://www.propi.in/search/properties,2026-06-26,2026-06-26,Needs Area Resolution
4409,f2a09dbbc51fe191,Prabhat CHS,Prabhat CHSL,,,,,,,100,20,https://www.propi.in/search/properties,2026-06-26,2026-06-26,Needs Area Resolution
4410,1119a911643a147b,Prestige Jasdan Classic,,,,,,,Prestige Group,100,25,https://www.propi.in/search/properties,2026-06-26,2026-06-26,Needs Area Resolution
4411,e8a8802d8f3de6b4,Prestige Siesta,,,,,,,Prestige Group,100,25,https://www.propi.in/search/properties,2026-06-26,2026-06-26,Needs Area Resolution
4412,e7789dd50b0da124,Private Building,,,,,,,,100,10,https://www.propi.in/search/properties,2026-06-26,2026-06-26,Needs Area Resolution
4413,36638ca3cb047840,Raheja Classic,,,,,,,K. Raheja Group,100,25,https://www.propi.in/search/properties,2026-06-26,2026-06-26,Needs Area Resolution
4414,5ae70dbe53348c59,Raheja Imperia,,,,,,,K. Raheja Group,100,25,https://www.propi.in/search/properties,2026-06-26,2026-06-26,Needs Area Resolution
4415,86cc7a8e26576020,Raheja Vistas,,,,,,,K. Raheja Group,100,25,https://www.propi.in/search/properties,2026-06-26,2026-06-26,Needs Area Resolution
4416,a779fdecef28814f,Range Heights,,,,,,,,100,10,https://www.propi.in/search/properties,2026-06-26,2026-06-26,Needs Area Resolution
4417,32002dec4f8cd5f1,Regent Hill,,,,,,,,100,10,https://www.propi.in/search/properties,2026-06-26,2026-06-26,Needs Area Resolution
4418,ade7e1ce80b0d8ab,Remi Biz Court,,,,,,,Remi Group,100,25,https://www.propi.in/search/properties,2026-06-26,2026-06-26,Needs Area Resolution
4419,258cf129fa214050,Rivali Park,,,,,,,Rivali Park,100,25,https://www.propi.in/search/properties,2026-06-26,2026-06-26,Needs Area Resolution
4420,cd39a21c21adb2d2,Rivali Park Tower D,,,,,,,Rivali Park,100,25,https://www.propi.in/search/properties,2026-06-26,2026-06-26,Needs Area Resolution
4421,e90ef45bbfa81f27,Runwal Elegant,,,,,,,Runwal Group,100,25,https://www.propi.in/search/properties,2026-06-26,2026-06-26,Needs Area Resolution
4422,2080eb49c7e51fe4,Runwal Forest,,,,,,,Runwal Group,100,25,https://www.propi.in/search/properties,2026-06-26,2026-06-26,Needs Area Resolution
4423,c4b074a3f3236fa2,Runwal Greens,,,,,,,Runwal Group,100,25,https://www.propi.in/search/properties,2026-06-26,2026-06-26,Needs Area Resolution
4424,76948b490a973cac,Runwal Nirvana,,,,,,,Runwal Group,100,25,https://www.propi.in/search/properties,2026-06-26,2026-06-26,Needs Area Resolution
4425,344c086d1ba136e0,Ruparel Ariana,,,,,,,Ruparel Group,100,25,https://www.propi.in/search/properties,2026-06-26,2026-06-26,Needs Area Resolution
4426,9a6491328fd7812b,Rustomjee Crown,,,,,,,Rustomjee Group,100,25,https://www.propi.in/search/properties,2026-06-26,2026-06-26,Needs Area Resolution
4427,7c394673bce60783,Rustomjee Paramount,,,,,,,Rustomjee Group,100,25,https://www.propi.in/search/properties,2026-06-26,2026-06-26,Needs Area Resolution
4428,d2c1f4a827f2cebe,Rustomjee Seasons,,,,,,,Rustomjee Group,100,25,https://www.propi.in/search/properties,2026-06-26,2026-06-26,Needs Area Resolution
4429,9a8503fc4740150d,Salsette 27,,,,,,,,100,10,https://www.propi.in/search/properties,2026-06-26,2026-06-26,Needs Area Resolution
4430,afa6f7c0b17b762c,Samartha Aishwarya,,,,,,,,100,10,https://www.propi.in/search/properties,2026-06-26,2026-06-26,Needs Area Resolution
4431,ecea079fb0b65eda,Samartha Deep,,,,,,,,100,10,https://www.propi.in/search/properties,2026-06-26,2026-06-26,Needs Area Resolution
4432,2f17c09e1261020b,Sheetal Vaibhav,,,,,,,,100,10,https://www.propi.in/search/properties,2026-06-26,2026-06-26,Needs Area Resolution
4433,fe206ae799f0a8c6,Sheth Montana,,,,,,,Sheth Developers,100,25,https://www.propi.in/search/properties,2026-06-26,2026-06-26,Needs Area Resolution
4434,2afff3bcc5acd47d,Shishira Tower,,,,,,,,100,10,https://www.propi.in/search/properties,2026-06-26,2026-06-26,Needs Area Resolution
4435,1431e7a876bf7dbe,Siddhivinayak Horizon,,,,,,,,100,10,https://www.propi.in/search/properties,2026-06-26,2026-06-26,Needs Area Resolution
4436,52a4327fb3b69efd,Silver Arch,,,,,,,,100,10,https://www.propi.in/search/properties,2026-06-26,2026-06-26,Needs Area Resolution
4437,67cde0c08edcb249,Sky Forest Indiabulls,,,,,,,Indiabulls Real Estate,100,25,https://www.propi.in/search/properties,2026-06-26,2026-06-26,Needs Area Resolution
4438,9a09f44a48bd5335,Sugee Atharva,,,,,,,Sugee Group,100,25,https://www.propi.in/search/properties,2026-06-26,2026-06-26,Needs Area Resolution
4439,0a9a7a000d783dd1,Sunny Side,,,,,,,,100,10,https://www.propi.in/search/properties,2026-06-26,2026-06-26,Needs Area Resolution
4440,fa7334a5ff717aa8,Sunteck Avenue 4th,,,,,,,Sunteck Realty,100,25,https://www.propi.in/search/properties,2026-06-26,2026-06-26,Needs Area Resolution
4441,cf7b182c2211eee3,Supreme 19,,,,,,,,100,10,https://www.propi.in/search/properties,2026-06-26,2026-06-26,Needs Area Resolution
4442,35b8e05384080d8b,Supreme Headquarter,,,,,,,,100,10,https://www.propi.in/search/properties,2026-06-26,2026-06-26,Needs Area Resolution
4443,d08dffae3a09d73f,TW Gardens,,,,,,,,100,10,https://www.propi.in/search/properties,2026-06-26,2026-06-26,Needs Area Resolution
4444,bddb8fef227bf7ea,The Gateway,,,,,,,,100,10,https://www.propi.in/search/properties,2026-06-26,2026-06-26,Needs Area Resolution
4445,b5561ab7f44f7a9f,The Level Residence,,,,,,,,100,10,https://www.propi.in/search/properties,2026-06-26,2026-06-26,Needs Area Resolution
4446,b3cb5d0c425aae83,The Park,,,,,,,,100,10,https://www.propi.in/search/properties,2026-06-26,2026-06-26,Needs Area Resolution
4447,b1a33eeb558cadaf,The Park Residence,,,,,,,,100,10,https://www.propi.in/search/properties,2026-06-26,2026-06-26,Needs Area Resolution
4448,0a6138d1ef50d278,Tivoli,,,,,,,,100,10,https://www.propi.in/search/properties,2026-06-26,2026-06-26,Needs Area Resolution
4449,f6fc6ac3ebf0f363,Transcon Triumph,,,,,,,Transcon Developers,100,25,https://www.propi.in/search/properties,2026-06-26,2026-06-26,Needs Area Resolution
4450,ffa4e65c76e7a50c,Universal Garden 1,,,,,,,,100,10,https://www.propi.in/search/properties,2026-06-26,2026-06-26,Needs Area Resolution
4451,c2b95f9802e12fe4,Valentine Apartment,,,,,,,,100,10,https://www.propi.in/search/properties,2026-06-26,2026-06-26,Needs Area Resolution
4452,d5e5a57300fb543a,Vasant Oasis,,,,,,,,100,10,https://www.propi.in/search/properties,2026-06-26,2026-06-26,Needs Area Resolution
4453,031f309db7574cce,Velkar Residency,,,,,,,,100,10,https://www.propi.in/search/properties,2026-06-26,2026-06-26,Needs Area Resolution
4454,f4c365a778a9126b,Vicinia,,,,,,,,100,10,https://www.propi.in/search/properties,2026-06-26,2026-06-26,Needs Area Resolution
4455,c97d5bb37fc0c3d3,Wadhwa Atmosphere O2,,,,,,,Wadhwa Group,100,25,https://www.propi.in/search/properties,2026-06-26,2026-06-26,Needs Area Resolution
4456,19041d2730d94144,World One,,,,,,,,100,10,https://www.propi.in/search/properties,2026-06-26,2026-06-26,Needs Area Resolution
4457,167211c47b5627ef,World Towers,,,,,,,,100,10,https://www.propi.in/search/properties,2026-06-26,2026-06-26,Needs Area Resolution
4458,83417dbbb30f4d25,Yashodeep Castle Tower,,,,,,,,100,10,https://www.propi.in/search/properties,2026-06-26,2026-06-26,Needs Area Resolution
4459,b180024d4e71fca0,— Uk Sangfroid,,,,,,,,100,10,https://www.propi.in/search/properties,2026-06-26,2026-06-26,Needs Area Resolution
