building_id,landmark_id,distance_m,walking_min,building_name,landmark_name
873,LM-013,76,1,12 Pegasus,NSE (National Stock Exchange)
874,LM-013,76,1,Address 51,NSE (National Stock Exchange)
875,LM-013,76,1,Agami Eternity,NSE (National Stock Exchange)
876,LM-013,76,1,Agami Legend,NSE (National Stock Exchange)
877,LM-013,76,1,Antariksh,NSE (National Stock Exchange)
878,LM-013,76,1,Antariksh Ace,NSE (National Stock Exchange)
879,LM-013,76,1,Arista,NSE (National Stock Exchange)
880,LM-013,76,1,Arista Prime,NSE (National Stock Exchange)
881,LM-013,76,1,Azzure,NSE (National Stock Exchange)
882,LM-013,76,1,BKC 28,NSE (National Stock Exchange)
883,LM-013,76,1,Bandra North,NSE (National Stock Exchange)
884,LM-013,76,1,Buena Vista,NSE (National Stock Exchange)
885,LM-013,76,1,Fifty One East,NSE (National Stock Exchange)
886,LM-013,76,1,Geetanjali Apartment,NSE (National Stock Exchange)
887,LM-013,76,1,Gurukrupa Nirmalam,NSE (National Stock Exchange)
888,LM-013,76,1,Hallmark Business Plaza,NSE (National Stock Exchange)
889,LM-013,76,1,Hubtown Sunstone,NSE (National Stock Exchange)
890,LM-013,76,1,Jade Gardens,NSE (National Stock Exchange)
891,LM-013,76,1,Jagat Vidya,NSE (National Stock Exchange)
892,LM-013,76,1,Kalpataru Magnus,NSE (National Stock Exchange)
893,LM-013,76,1,Kalpataru Sparkle,NSE (National Stock Exchange)
894,LM-013,76,1,Kanakia Paris,NSE (National Stock Exchange)
895,LM-013,76,1,Keshava,NSE (National Stock Exchange)
896,LM-013,76,1,Mitra Parivaar,NSE (National Stock Exchange)
897,LM-013,76,1,Monarch,NSE (National Stock Exchange)
898,LM-013,76,1,Naman,NSE (National Stock Exchange)
899,LM-013,76,1,Nyay Sagar,NSE (National Stock Exchange)
900,LM-013,76,1,Parinee Crescenzo,NSE (National Stock Exchange)
901,LM-013,76,1,Pinnacle Corporate Park,NSE (National Stock Exchange)
902,LM-013,76,1,RNA Azzure,NSE (National Stock Exchange)
903,LM-013,76,1,Ramaa Krishna,NSE (National Stock Exchange)
904,LM-013,76,1,Rustomjee Cleon,NSE (National Stock Exchange)
905,LM-013,76,1,Rustomjee Erika,NSE (National Stock Exchange)
906,LM-013,76,1,Rustomjee Oriana,NSE (National Stock Exchange)
907,LM-013,76,1,Rustomjee Prive,NSE (National Stock Exchange)
908,LM-013,76,1,Rustomjee Seasons,NSE (National Stock Exchange)
909,LM-013,76,1,Rustomjee Stella,NSE (National Stock Exchange)
910,LM-013,76,1,Sangam Nero,NSE (National Stock Exchange)
911,LM-013,76,1,Serendipity,NSE (National Stock Exchange)
912,LM-013,76,1,Sethia Grandeur,NSE (National Stock Exchange)
913,LM-013,76,1,Shakti Sadan,NSE (National Stock Exchange)
914,LM-013,76,1,Shapoorji Pallonji,NSE (National Stock Exchange)
915,LM-013,76,1,Signature Island,NSE (National Stock Exchange)
916,LM-013,76,1,Signia Isles,NSE (National Stock Exchange)
917,LM-013,76,1,Signia Pearl,NSE (National Stock Exchange)
918,LM-013,76,1,Sunteck Pearl,NSE (National Stock Exchange)
919,LM-013,76,1,Address By GS,NSE (National Stock Exchange)
920,LM-013,76,1,Trade Centre,NSE (National Stock Exchange)
921,LM-013,76,1,Vaibhav Chambers,NSE (National Stock Exchange)
922,LM-013,76,1,Vaibhav Chember,NSE (National Stock Exchange)
923,LM-013,76,1,Vaibhavlaxmi,NSE (National Stock Exchange)
924,LM-013,76,1,Vaibhavlaxmi Address51,NSE (National Stock Exchange)
925,LM-013,76,1,Wahedna Apartment,NSE (National Stock Exchange)
926,LM-013,76,1,X BKC,NSE (National Stock Exchange)
840,LM-008,78,1,Aquarius Tower,Bandra Station
841,LM-008,78,1,Bandstand Apartment,Bandra Station
842,LM-008,78,1,Continental Tower,Bandra Station
843,LM-008,78,1,Crystal Plaza,Bandra Station
844,LM-008,78,1,DLH Signature,Bandra Station
845,LM-008,78,1,Dakshin Pali,Bandra Station
846,LM-008,78,1,Deeraj Devika,Bandra Station
847,LM-008,78,1,Dheeraj Swapna,Bandra Station
848,LM-008,78,1,Ekta Everglades,Bandra Station
849,LM-008,78,1,Elisha Apartment,Bandra Station
850,LM-008,78,1,Eternity,Bandra Station
851,LM-008,78,1,Fortune Heights,Bandra Station
852,LM-008,78,1,G Block,Bandra Station
853,LM-008,78,1,Hicon Classes,Bandra Station
854,LM-008,78,1,Hicon Residency,Bandra Station
855,LM-008,78,1,Joanna Villa,Bandra Station
856,LM-008,78,1,Le Reve,Bandra Station
857,LM-008,78,1,Little Hut,Bandra Station
858,LM-008,78,1,Makhija Arcade,Bandra Station
859,LM-008,78,1,Mantri Sujata,Bandra Station
860,LM-008,78,1,Matai Mansion,Bandra Station
861,LM-008,78,1,Notan Chambers,Bandra Station
862,LM-008,78,1,Pacific Heights,Bandra Station
863,LM-008,78,1,Regiland,Bandra Station
864,LM-008,78,1,Roha Orion,Bandra Station
865,LM-008,78,1,Rustomjee Seasons,Bandra Station
866,LM-008,78,1,Sagar Kiran,Bandra Station
867,LM-008,78,1,Sahana Enclave,Bandra Station
868,LM-008,78,1,Satguru Paman,Bandra Station
869,LM-008,78,1,Signature Lakhani,Bandra Station
870,LM-008,78,1,Sumukh,Bandra Station
871,LM-008,78,1,Supreme Residency,Bandra Station
13,LM-029,89,1,Link Garden,Andheri Station
14,LM-029,89,1,Moongipa Arcade,Andheri Station
15,LM-029,89,1,Platinum Tower 4,Andheri Station
16,LM-029,89,1,Remi Commercio,Andheri Station
17,LM-029,89,1,Lumiere,Andheri Station
1517,LM-020,93,1,Carmichael Residences,Pedder Road
1518,LM-020,93,1,Ghia Mansion,Pedder Road
1519,LM-020,93,1,Gulistan,Pedder Road
1520,LM-020,93,1,Mayflower,Pedder Road
1521,LM-020,93,1,Sea Gull,Pedder Road
1681,LM-058,102,1,140 Shivaji Park,Shivaji Park
1682,LM-058,102,1,Aadeshwar,Shivaji Park
1683,LM-058,102,1,Anand Apartment,Shivaji Park
1684,LM-058,102,1,Avhad Oasis,Shivaji Park
1685,LM-058,102,1,Baya Park,Shivaji Park
1686,LM-058,102,1,Bhakti Park,Shivaji Park
1687,LM-058,102,1,"Bhawani Shankar,dadar",Shivaji Park
1688,LM-058,102,1,Bliss Kasa,Shivaji Park
1689,LM-058,102,1,DLF The Crest,Shivaji Park
1690,LM-058,102,1,Dotom Desire,Shivaji Park
1691,LM-058,102,1,Earth Ventage,Shivaji Park
1692,LM-058,102,1,Earth Vintage,Shivaji Park
1693,LM-058,102,1,Hiranya,Shivaji Park
1694,LM-058,102,1,Inder Tower,Shivaji Park
1695,LM-058,102,1,Kalaya Tower,Shivaji Park
1696,LM-058,102,1,Kohinoor Altissimo,Shivaji Park
1697,LM-058,102,1,Laxmi Commercial Centre,Shivaji Park
1698,LM-058,102,1,Luis Apartment,Shivaji Park
1699,LM-058,102,1,Mandarmala,Shivaji Park
1700,LM-058,102,1,Mangesh Sadan,Shivaji Park
1701,LM-058,102,1,Moti Bhuvan,Shivaji Park
1702,LM-058,102,1,Omkar Belleza,Shivaji Park
1703,LM-058,102,1,Palette,Shivaji Park
1704,LM-058,102,1,Park Mist,Shivaji Park
1705,LM-058,102,1,Royal Accord,Shivaji Park
1706,LM-058,102,1,Royal Tusk,Shivaji Park
1707,LM-058,102,1,Sai Siddhi,Shivaji Park
1708,LM-058,102,1,Silver Beach Apartments,Shivaji Park
1709,LM-058,102,1,Sugee Akanksha,Shivaji Park
1710,LM-058,102,1,Sugee Hiranya,Shivaji Park
1711,LM-058,102,1,Sugee Sadan,Shivaji Park
1712,LM-058,102,1,Sugee Shubhada,Shivaji Park
1713,LM-058,102,1,Sujatha Apartment,Shivaji Park
1714,LM-058,102,1,Suraj Louisandra,Shivaji Park
1715,LM-058,102,1,Suraj Park View,Shivaji Park
1716,LM-058,102,1,Suraj Vista,Shivaji Park
1717,LM-058,102,1,Crest,Shivaji Park
1718,LM-058,102,1,Ruby,Shivaji Park
1719,LM-058,102,1,Vardhaman Estate,Shivaji Park
1720,LM-058,102,1,Vishal Villa,Shivaji Park
1721,LM-058,102,1,Wisteria,Shivaji Park
1722,LM-058,102,1,Yash Plaza,Shivaji Park
1581,LM-023,135,2,CCI Chambers,Churchgate Station
1582,LM-023,135,2,Churchgate Mansion,Churchgate Station
1583,LM-023,135,2,Indus Court,Churchgate Station
1584,LM-023,135,2,Krishna Mahal,Churchgate Station
1585,LM-023,135,2,Moti Mahal,Churchgate Station
1586,LM-023,135,2,Prem Court,Churchgate Station
1587,LM-023,135,2,Raj Mahal,Churchgate Station
1588,LM-023,135,2,Rakhi Mahal,Churchgate Station
1589,LM-023,135,2,Ravindra Mansion,Churchgate Station
1590,LM-023,135,2,Sahakar,Churchgate Station
1591,LM-023,135,2,Vishnu Mahal,Churchgate Station
1652,LM-057,163,2,Kohinoor Square,Dadar Station
2213,LM-052,171,2,19 North,Kandivali Station
2214,LM-052,171,2,19th North,Kandivali Station
2215,LM-052,171,2,73 East,Kandivali Station
2216,LM-052,171,2,Abhilasha,Kandivali Station
2217,LM-052,171,2,Acme Avenue,Kandivali Station
2218,LM-052,171,2,Agarwal Residency,Kandivali Station
2219,LM-052,171,2,Amann Spring,Kandivali Station
2220,LM-052,171,2,Anant Tara,Kandivali Station
2221,LM-052,171,2,Arcade Bhoomi,Kandivali Station
2222,LM-052,171,2,Arthaya,Kandivali Station
2223,LM-052,171,2,Aspire,Kandivali Station
2224,LM-052,171,2,Bhoomi Garden,Kandivali Station
2225,LM-052,171,2,Blue Arch,Kandivali Station
2226,LM-052,171,2,Blue Empire Complex,Kandivali Station
2227,LM-052,171,2,Blue Empress,Kandivali Station
2228,LM-052,171,2,Breezy Corner,Kandivali Station
2229,LM-052,171,2,Chandak Breezy Corner,Kandivali Station
2230,LM-052,171,2,Dosti Oro,Kandivali Station
2231,LM-052,171,2,Eden Garden,Kandivali Station
2232,LM-052,171,2,Ekta Bhoomi,Kandivali Station
2233,LM-052,171,2,Gaurav Garden,Kandivali Station
2234,LM-052,171,2,Gauri Excellency,Kandivali Station
2235,LM-052,171,2,Gulmohar,Kandivali Station
2236,LM-052,171,2,Heeraji Heritage,Kandivali Station
2237,LM-052,171,2,Hiranandani Heritage Rivona,Kandivali Station
2238,LM-052,171,2,Ibis,Kandivali Station
2239,LM-052,171,2,Jaydev Tower,Kandivali Station
2240,LM-052,171,2,Jeevan Deep,Kandivali Station
2241,LM-052,171,2,Kalpavruksh Garden,Kandivali Station
2242,LM-052,171,2,Kalpavruksh Heights,Kandivali Station
2243,LM-052,171,2,Kalpvruksh,Kandivali Station
2244,LM-052,171,2,Leela Raj,Kandivali Station
2245,LM-052,171,2,Mansarovar,Kandivali Station
2246,LM-052,171,2,Mayfair Greens,Kandivali Station
2247,LM-052,171,2,Nand Dham,Kandivali Station
2248,LM-052,171,2,Olive,Kandivali Station
2249,LM-052,171,2,Orchid Suburbia,Kandivali Station
2250,LM-052,171,2,Panchsheel,Kandivali Station
2251,LM-052,171,2,Panchsheel Garden,Kandivali Station
2252,LM-052,171,2,Panchsheel Height,Kandivali Station
2253,LM-052,171,2,Parinee Essence,Kandivali Station
2254,LM-052,171,2,Platinum Tower,Kandivali Station
2255,LM-052,171,2,Praful Apartment,Kandivali Station
2256,LM-052,171,2,RNA Regency Park,Kandivali Station
2257,LM-052,171,2,RNA Royale Park,Kandivali Station
2258,LM-052,171,2,Raj Heights,Kandivali Station
2259,LM-052,171,2,Rajeshri Apartment,Kandivali Station
2260,LM-052,171,2,Rishabraj Samaj Darshan,Kandivali Station
2261,LM-052,171,2,Rock Enclave,Kandivali Station
2262,LM-052,171,2,Rodium Xone,Kandivali Station
2263,LM-052,171,2,Royal Samarpan,Kandivali Station
2264,LM-052,171,2,Ruparel Elara,Kandivali Station
2265,LM-052,171,2,Ruparel Palacio,Kandivali Station
2266,LM-052,171,2,Ruparel Sky Green,Kandivali Station
2267,LM-052,171,2,Rustomjee Meridian,Kandivali Station
2268,LM-052,171,2,Saffron,Kandivali Station
2269,LM-052,171,2,Sahil Apartment,Kandivali Station
2270,LM-052,171,2,Sai Dham,Kandivali Station
2271,LM-052,171,2,Sai Elegance,Kandivali Station
2272,LM-052,171,2,Sheth Edmont,Kandivali Station
2273,LM-052,171,2,Shiv Parvati,Kandivali Station
2274,LM-052,171,2,Shiv Shrushti,Kandivali Station
2275,LM-052,171,2,Shivani Rudram,Kandivali Station
2276,LM-052,171,2,Shree Nikunj,Kandivali Station
2277,LM-052,171,2,Shree Vallabh Residency,Kandivali Station
2278,LM-052,171,2,Shubham,Kandivali Station
2279,LM-052,171,2,Siddha Seabrook,Kandivali Station
2280,LM-052,171,2,Supreme Willows,Kandivali Station
2281,LM-052,171,2,Surbhi Complex,Kandivali Station
2282,LM-052,171,2,Symphony,Kandivali Station
2283,LM-052,171,2,Tanna Height,Kandivali Station
2284,LM-052,171,2,Trishul Heights,Kandivali Station
2285,LM-052,171,2,Veena Santoor,Kandivali Station
2286,LM-052,171,2,Veena Santoor 2,Kandivali Station
2287,LM-052,171,2,Veena Smart Homes,Kandivali Station
2288,LM-052,171,2,Vora Icon,Kandivali Station
2289,LM-052,171,2,Westwood,Kandivali Station
1876,LM-050,187,2,34 Park Estate,Goregaon Station
1877,LM-050,187,2,36 Allure,Goregaon Station
1878,LM-050,187,2,36 Avenue,Goregaon Station
1879,LM-050,187,2,63 Rishabraj Avenue,Goregaon Station
1880,LM-050,187,2,Acme Complex,Goregaon Station
1881,LM-050,187,2,Anand Vatika,Goregaon Station
1882,LM-050,187,2,Anmol Enclave,Goregaon Station
1883,LM-050,187,2,Anmol Fortune,Goregaon Station
1884,LM-050,187,2,Anmol Fortune Akshay Chs,Goregaon Station
1885,LM-050,187,2,Anmol Fortune F,Goregaon Station
1886,LM-050,187,2,Anmol Prestige,Goregaon Station
1887,LM-050,187,2,Anmol Pride,Goregaon Station
1888,LM-050,187,2,Anmol Tower,Goregaon Station
1889,LM-050,187,2,Archana,Goregaon Station
1890,LM-050,187,2,Ariha Vincere,Goregaon Station
1891,LM-050,187,2,Asmi Legacy,Goregaon Station
1892,LM-050,187,2,Asshna Samadhan,Goregaon Station
1893,LM-050,187,2,Athena,Goregaon Station
1894,LM-050,187,2,Aurum,Goregaon Station
1895,LM-050,187,2,Avalon Residency,Goregaon Station
1896,LM-050,187,2,Bharat Arize,Goregaon Station
1897,LM-050,187,2,Bhoomi Classic,Goregaon Station
1898,LM-050,187,2,Blue Excellency,Goregaon Station
1899,LM-050,187,2,Chandak Stella,Goregaon Station
1900,LM-050,187,2,DGS Sheetal Kiara,Goregaon Station
1901,LM-050,187,2,DLH Park,Goregaon Station
1902,LM-050,187,2,DPS Park View,Goregaon Station
1903,LM-050,187,2,Dattani Shelter,Goregaon Station
1904,LM-050,187,2,Dheeraj,Goregaon Station
1905,LM-050,187,2,Ekta Tripolis,Goregaon Station
1906,LM-050,187,2,Galaxy Heights,Goregaon Station
1907,LM-050,187,2,Garden Estate,Goregaon Station
1908,LM-050,187,2,Goregaon One,Goregaon Station
1909,LM-050,187,2,Gulmohar Apartment,Goregaon Station
1910,LM-050,187,2,HDIL Harmony,Goregaon Station
1911,LM-050,187,2,Happy Homes Enclave,Goregaon Station
1912,LM-050,187,2,Hari Niketan,Goregaon Station
1913,LM-050,187,2,Harmony,Goregaon Station
1914,LM-050,187,2,Imperial Heights,Goregaon Station
1915,LM-050,187,2,Kabra Aurum,Goregaon Station
1916,LM-050,187,2,Kalpataru Radiance,Goregaon Station
1917,LM-050,187,2,Kalpataru Yugdharma,Goregaon Station
1918,LM-050,187,2,Kapil Vastu,Goregaon Station
1919,LM-050,187,2,Kapilvastu CHS Ltd,Goregaon Station
1920,LM-050,187,2,Kolte Patil Verve,Goregaon Station
1921,LM-050,187,2,Konark Vaayu,Goregaon Station
1922,LM-050,187,2,Laxmi Heights,Goregaon Station
1923,LM-050,187,2,Laxmi namah,Goregaon Station
1924,LM-050,187,2,Lotus Residency,Goregaon Station
1925,LM-050,187,2,Madhuban Society,Goregaon Station
1926,LM-050,187,2,Mahindra Eminente,Goregaon Station
1927,LM-050,187,2,Mahindra Gardens,Goregaon Station
1928,LM-050,187,2,Meeras Empire,Goregaon Station
1929,LM-050,187,2,Navrang Navkar,Goregaon Station
1930,LM-050,187,2,Navrang Oasis,Goregaon Station
1931,LM-050,187,2,Nemi Bhavan,Goregaon Station
1932,LM-050,187,2,Nirlon,Goregaon Station
1933,LM-050,187,2,Nisha Residency,Goregaon Station
1934,LM-050,187,2,Nutan Annex,Goregaon Station
1935,LM-050,187,2,Oshiwara Mhada,Goregaon Station
1936,LM-050,187,2,Parekh Celeste,Goregaon Station
1937,LM-050,187,2,Pearl Classic,Goregaon Station
1938,LM-050,187,2,Polaris,Goregaon Station
1939,LM-050,187,2,Poonam Heights,Goregaon Station
1940,LM-050,187,2,Prabhat Co-operative Housing Society,Goregaon Station
1941,LM-050,187,2,Raheja Solitaire,Goregaon Station
1942,LM-050,187,2,Rahul C.H.S,Goregaon Station
1943,LM-050,187,2,Raj Spaces,Goregaon Station
1944,LM-050,187,2,Rexon Aura,Goregaon Station
1945,LM-050,187,2,Rustomjee Ozone,Goregaon Station
1946,LM-050,187,2,Samadhan,Goregaon Station
1947,LM-050,187,2,Samarth,Goregaon Station
1948,LM-050,187,2,Satyam,Goregaon Station
1949,LM-050,187,2,Sejal Tower,Goregaon Station
1950,LM-050,187,2,Sethia Green View,Goregaon Station
1951,LM-050,187,2,Sethia Link View,Goregaon Station
1952,LM-050,187,2,Sethia Sea View,Goregaon Station
1953,LM-050,187,2,Shepherd Residency,Goregaon Station
1954,LM-050,187,2,Shepherd Royal,Goregaon Station
1955,LM-050,187,2,Shreedham Classic,Goregaon Station
1956,LM-050,187,2,Shri Ganesh Apartment,Goregaon Station
1957,LM-050,187,2,Silver Sand,Goregaon Station
1958,LM-050,187,2,Silver Serene,Goregaon Station
1959,LM-050,187,2,Skyline Heights,Goregaon Station
1960,LM-050,187,2,Suntech City Avenue 2,Goregaon Station
1961,LM-050,187,2,Sunteck 4th Avenue,Goregaon Station
1962,LM-050,187,2,Sunteck City,Goregaon Station
1963,LM-050,187,2,Sunteck Pinnacle,Goregaon Station
1964,LM-050,187,2,Techniplex I,Goregaon Station
1965,LM-050,187,2,Lion Park,Goregaon Station
1966,LM-050,187,2,Luxor,Goregaon Station
1967,LM-050,187,2,Udaka Heights,Goregaon Station
1968,LM-050,187,2,Udyog Bhavan,Goregaon Station
1969,LM-050,187,2,Unnat Nagar Akshay CHS,Goregaon Station
1970,LM-050,187,2,VIra One,Goregaon Station
1971,LM-050,187,2,Vaibhav,Goregaon Station
1972,LM-050,187,2,Vasant Galaxy,Goregaon Station
1973,LM-050,187,2,Vedant,Goregaon Station
1974,LM-050,187,2,Vivan,Goregaon Station
1975,LM-050,187,2,Vogue 77,Goregaon Station
1976,LM-050,187,2,Washington Plaza,Goregaon Station
2955,LM-021,210,3,Churchgate Chambers,Marine Drive
2956,LM-021,210,3,Dalamal Chambers,Marine Drive
2957,LM-021,210,3,Engineer,Marine Drive
2958,LM-021,210,3,Jolly Bhavan No. 2,Marine Drive
2959,LM-021,210,3,Marine Palace,Marine Drive
2960,LM-021,210,3,One Marina,Marine Drive
2961,LM-021,210,3,Pearl mansion,Marine Drive
2962,LM-021,210,3,Pil Court,Marine Drive
2963,LM-021,210,3,Prestige Ocean,Marine Drive
2964,LM-021,210,3,Rewa Chambers,Marine Drive
2965,LM-021,210,3,Standard House,Marine Drive
873,LM-010,265,3,12 Pegasus,Bandra Kurla Complex
874,LM-010,265,3,Address 51,Bandra Kurla Complex
875,LM-010,265,3,Agami Eternity,Bandra Kurla Complex
876,LM-010,265,3,Agami Legend,Bandra Kurla Complex
877,LM-010,265,3,Antariksh,Bandra Kurla Complex
878,LM-010,265,3,Antariksh Ace,Bandra Kurla Complex
879,LM-010,265,3,Arista,Bandra Kurla Complex
880,LM-010,265,3,Arista Prime,Bandra Kurla Complex
881,LM-010,265,3,Azzure,Bandra Kurla Complex
882,LM-010,265,3,BKC 28,Bandra Kurla Complex
883,LM-010,265,3,Bandra North,Bandra Kurla Complex
884,LM-010,265,3,Buena Vista,Bandra Kurla Complex
885,LM-010,265,3,Fifty One East,Bandra Kurla Complex
886,LM-010,265,3,Geetanjali Apartment,Bandra Kurla Complex
887,LM-010,265,3,Gurukrupa Nirmalam,Bandra Kurla Complex
888,LM-010,265,3,Hallmark Business Plaza,Bandra Kurla Complex
889,LM-010,265,3,Hubtown Sunstone,Bandra Kurla Complex
890,LM-010,265,3,Jade Gardens,Bandra Kurla Complex
891,LM-010,265,3,Jagat Vidya,Bandra Kurla Complex
892,LM-010,265,3,Kalpataru Magnus,Bandra Kurla Complex
893,LM-010,265,3,Kalpataru Sparkle,Bandra Kurla Complex
894,LM-010,265,3,Kanakia Paris,Bandra Kurla Complex
895,LM-010,265,3,Keshava,Bandra Kurla Complex
896,LM-010,265,3,Mitra Parivaar,Bandra Kurla Complex
897,LM-010,265,3,Monarch,Bandra Kurla Complex
898,LM-010,265,3,Naman,Bandra Kurla Complex
899,LM-010,265,3,Nyay Sagar,Bandra Kurla Complex
900,LM-010,265,3,Parinee Crescenzo,Bandra Kurla Complex
901,LM-010,265,3,Pinnacle Corporate Park,Bandra Kurla Complex
902,LM-010,265,3,RNA Azzure,Bandra Kurla Complex
903,LM-010,265,3,Ramaa Krishna,Bandra Kurla Complex
904,LM-010,265,3,Rustomjee Cleon,Bandra Kurla Complex
905,LM-010,265,3,Rustomjee Erika,Bandra Kurla Complex
906,LM-010,265,3,Rustomjee Oriana,Bandra Kurla Complex
907,LM-010,265,3,Rustomjee Prive,Bandra Kurla Complex
908,LM-010,265,3,Rustomjee Seasons,Bandra Kurla Complex
909,LM-010,265,3,Rustomjee Stella,Bandra Kurla Complex
910,LM-010,265,3,Sangam Nero,Bandra Kurla Complex
911,LM-010,265,3,Serendipity,Bandra Kurla Complex
912,LM-010,265,3,Sethia Grandeur,Bandra Kurla Complex
913,LM-010,265,3,Shakti Sadan,Bandra Kurla Complex
914,LM-010,265,3,Shapoorji Pallonji,Bandra Kurla Complex
915,LM-010,265,3,Signature Island,Bandra Kurla Complex
916,LM-010,265,3,Signia Isles,Bandra Kurla Complex
917,LM-010,265,3,Signia Pearl,Bandra Kurla Complex
918,LM-010,265,3,Sunteck Pearl,Bandra Kurla Complex
919,LM-010,265,3,Address By GS,Bandra Kurla Complex
920,LM-010,265,3,Trade Centre,Bandra Kurla Complex
921,LM-010,265,3,Vaibhav Chambers,Bandra Kurla Complex
922,LM-010,265,3,Vaibhav Chember,Bandra Kurla Complex
923,LM-010,265,3,Vaibhavlaxmi,Bandra Kurla Complex
924,LM-010,265,3,Vaibhavlaxmi Address51,Bandra Kurla Complex
925,LM-010,265,3,Wahedna Apartment,Bandra Kurla Complex
926,LM-010,265,3,X BKC,Bandra Kurla Complex
3550,LM-056,277,3,64 Greens,Santacruz Station
3551,LM-056,277,3,81 Crest,Santacruz Station
3552,LM-056,277,3,AP Cosmos,Santacruz Station
3553,LM-056,277,3,Acharat Baug,Santacruz Station
3554,LM-056,277,3,Anand Bhavan,Santacruz Station
3555,LM-056,277,3,Anand Bhuvan,Santacruz Station
3556,LM-056,277,3,Anand Bhuwan,Santacruz Station
3557,LM-056,277,3,Anand Villa,Santacruz Station
3558,LM-056,277,3,Ariisto Sapphire,Santacruz Station
3559,LM-056,277,3,Arkade Aura,Santacruz Station
3560,LM-056,277,3,Arsha Villa,Santacruz Station
3561,LM-056,277,3,Artteza,Santacruz Station
3562,LM-056,277,3,Arvasu,Santacruz Station
3563,LM-056,277,3,Ashiana,Santacruz Station
3564,LM-056,277,3,Atlanta,Santacruz Station
3565,LM-056,277,3,Aum Sequoia,Santacruz Station
3566,LM-056,277,3,Avanti,Santacruz Station
3567,LM-056,277,3,Avanti Society,Santacruz Station
3568,LM-056,277,3,Ave Maria,Santacruz Station
3569,LM-056,277,3,Avenue 14 For Lease At Dadar East,Santacruz Station
3570,LM-056,277,3,Balaji Tower,Santacruz Station
3571,LM-056,277,3,Balkrishna Apartment,Santacruz Station
3572,LM-056,277,3,Beacon,Santacruz Station
3573,LM-056,277,3,Bhagtani Pearl,Santacruz Station
3574,LM-056,277,3,Bombino Apartments,Santacruz Station
3575,LM-056,277,3,Business Suites 9,Santacruz Station
3576,LM-056,277,3,Casa Bianca,Santacruz Station
3577,LM-056,277,3,Casablanca,Santacruz Station
3578,LM-056,277,3,Central Avenue,Santacruz Station
3579,LM-056,277,3,Chamunda Niwas,Santacruz Station
3580,LM-056,277,3,Chandak 69,Santacruz Station
3581,LM-056,277,3,Chitra Apartments,Santacruz Station
3582,LM-056,277,3,Commerz 54,Santacruz Station
3583,LM-056,277,3,Cosmos,Santacruz Station
3584,LM-056,277,3,DLH Dawn,Santacruz Station
3585,LM-056,277,3,Darshan Smruti,Santacruz Station
3586,LM-056,277,3,Del House,Santacruz Station
3587,LM-056,277,3,Dheeraj Heritage,Santacruz Station
3588,LM-056,277,3,Dheeraj Serenity,Santacruz Station
3589,LM-056,277,3,Diamond Palace,Santacruz Station
3590,LM-056,277,3,Dream Queen,Santacruz Station
3591,LM-056,277,3,Dwarka,Santacruz Station
3592,LM-056,277,3,Ekam,Santacruz Station
3593,LM-056,277,3,Ekta Trinity,Santacruz Station
3594,LM-056,277,3,Elite Simran,Santacruz Station
3595,LM-056,277,3,Exclusive,Santacruz Station
3596,LM-056,277,3,Fairwinds,Santacruz Station
3597,LM-056,277,3,Fernvel,Santacruz Station
3598,LM-056,277,3,Garden King,Santacruz Station
3599,LM-056,277,3,Geetanjali,Santacruz Station
3600,LM-056,277,3,Girnar Society,Santacruz Station
3601,LM-056,277,3,Gladhurst,Santacruz Station
3602,LM-056,277,3,Goghari Mansion,Santacruz Station
3603,LM-056,277,3,Gokul Mohan,Santacruz Station
3604,LM-056,277,3,Gokul Sangeet,Santacruz Station
3605,LM-056,277,3,Gokul Shushma,Santacruz Station
3606,LM-056,277,3,Grandeur,Santacruz Station
3607,LM-056,277,3,Greenfield,Santacruz Station
3608,LM-056,277,3,Haripreet,Santacruz Station
3609,LM-056,277,3,Heimat,Santacruz Station
3610,LM-056,277,3,Holly Hock,Santacruz Station
3611,LM-056,277,3,Jai View,Santacruz Station
3612,LM-056,277,3,Jeevan Sona,Santacruz Station
3613,LM-056,277,3,Juhu Breeze CHS,Santacruz Station
3614,LM-056,277,3,Jyoti,Santacruz Station
3615,LM-056,277,3,K L Mehrise,Santacruz Station
3616,LM-056,277,3,Kakad Mansion,Santacruz Station
3617,LM-056,277,3,Kala Kunj CHS Ltd,Santacruz Station
3618,LM-056,277,3,Kalpana,Santacruz Station
3619,LM-056,277,3,Kalpataru Imperia,Santacruz Station
3620,LM-056,277,3,Kamla Space,Santacruz Station
3621,LM-056,277,3,Kamleshwar,Santacruz Station
3622,LM-056,277,3,Khira Nagar,Santacruz Station
3623,LM-056,277,3,Krimson Aurum,Santacruz Station
3624,LM-056,277,3,Krishna Heritage,Santacruz Station
3625,LM-056,277,3,Landmark,Santacruz Station
3626,LM-056,277,3,Laxmi Narayan,Santacruz Station
3627,LM-056,277,3,Le Chateau,Santacruz Station
3628,LM-056,277,3,Le Repos,Santacruz Station
3629,LM-056,277,3,Leocadia,Santacruz Station
3630,LM-056,277,3,Link Palace,Santacruz Station
3631,LM-056,277,3,Little Star,Santacruz Station
3632,LM-056,277,3,Louisiana Apartments,Santacruz Station
3633,LM-056,277,3,Madhuvan,Santacruz Station
3634,LM-056,277,3,Maheshwar Darshan,Santacruz Station
3635,LM-056,277,3,Maheshwar Prakash II,Santacruz Station
3636,LM-056,277,3,Maheshwar Shikhar,Santacruz Station
3637,LM-056,277,3,Manas Rangoli,Santacruz Station
3638,LM-056,277,3,Manas Rangoli Residency,Santacruz Station
3639,LM-056,277,3,Manek,Santacruz Station
3640,LM-056,277,3,Mangal Kripa,Santacruz Station
3641,LM-056,277,3,Mangesh Darshan,Santacruz Station
3642,LM-056,277,3,Mantri Parijat,Santacruz Station
3643,LM-056,277,3,Mantri Sujata,Santacruz Station
3644,LM-056,277,3,Marble Arch,Santacruz Station
3645,LM-056,277,3,Mayfair Boulevard,Santacruz Station
3646,LM-056,277,3,Mayfair Liv,Santacruz Station
3647,LM-056,277,3,Meera,Santacruz Station
3648,LM-056,277,3,Mehrise,Santacruz Station
3649,LM-056,277,3,Midsummer,Santacruz Station
3650,LM-056,277,3,Mirchandani Triton,Santacruz Station
3651,LM-056,277,3,Modern Silver Moon,Santacruz Station
3652,LM-056,277,3,Monarch Westview,Santacruz Station
3653,LM-056,277,3,More Bunglow,Santacruz Station
3654,LM-056,277,3,Mystique Rose Apartment,Santacruz Station
3655,LM-056,277,3,Nav Chetna,Santacruz Station
3656,LM-056,277,3,Nav Natraj,Santacruz Station
3657,LM-056,277,3,New Diamond Palace,Santacruz Station
3658,LM-056,277,3,New Ratnadeep,Santacruz Station
3659,LM-056,277,3,New Saket,Santacruz Station
3660,LM-056,277,3,North 19,Santacruz Station
3661,LM-056,277,3,Nutex,Santacruz Station
3662,LM-056,277,3,Odina,Santacruz Station
3663,LM-056,277,3,Omkar,Santacruz Station
3664,LM-056,277,3,Options World,Santacruz Station
3665,LM-056,277,3,Orchid Elegance,Santacruz Station
3666,LM-056,277,3,Orchid Pride,Santacruz Station
3667,LM-056,277,3,Orchid Vasundhara,Santacruz Station
3668,LM-056,277,3,Orion,Santacruz Station
3669,LM-056,277,3,Orion West,Santacruz Station
3670,LM-056,277,3,Palacimo,Santacruz Station
3671,LM-056,277,3,Palazzo Opulence,Santacruz Station
3672,LM-056,277,3,Palm Grove,Santacruz Station
3673,LM-056,277,3,Panchsheel Society,Santacruz Station
3674,LM-056,277,3,Panorama,Santacruz Station
3675,LM-056,277,3,Paradigm Vogue,Santacruz Station
3676,LM-056,277,3,Parishram,Santacruz Station
3677,LM-056,277,3,Pebbles Marina,Santacruz Station
3678,LM-056,277,3,Pegasus,Santacruz Station
3679,LM-056,277,3,Phalguni,Santacruz Station
3680,LM-056,277,3,Pioneer Heritage Residency,Santacruz Station
3681,LM-056,277,3,Platina,Santacruz Station
3682,LM-056,277,3,Prakash,Santacruz Station
3683,LM-056,277,3,Prakash Villa,Santacruz Station
3684,LM-056,277,3,Prayushi,Santacruz Station
3685,LM-056,277,3,Preetika Apartment,Santacruz Station
3686,LM-056,277,3,Prem Sagar,Santacruz Station
3687,LM-056,277,3,Prime Centre,Santacruz Station
3688,LM-056,277,3,Prime Plaza,Santacruz Station
3689,LM-056,277,3,Pushpa Vatika,Santacruz Station
3690,LM-056,277,3,"Pushpa Vatika, Poddar",Santacruz Station
3691,LM-056,277,3,RNA Aurovilla,Santacruz Station
3692,LM-056,277,3,RNA Auroville,Santacruz Station
3693,LM-056,277,3,Raheja Sapphire,Santacruz Station
3694,LM-056,277,3,Raj Kamal,Santacruz Station
3695,LM-056,277,3,Rajhans Otium,Santacruz Station
3696,LM-056,277,3,Rajnigandha CHS,Santacruz Station
3697,LM-056,277,3,Regal,Santacruz Station
3698,LM-056,277,3,Rehana Heights,Santacruz Station
3699,LM-056,277,3,Retreat II,Santacruz Station
3700,LM-056,277,3,Rishabraj Blue Lotus,Santacruz Station
3701,LM-056,277,3,Rishabraj Mangal Varsha,Santacruz Station
3702,LM-056,277,3,Rosie Apartment,Santacruz Station
3703,LM-056,277,3,Ruparel Panache,Santacruz Station
3704,LM-056,277,3,Sagar Darshan,Santacruz Station
3705,LM-056,277,3,Sailesh,Santacruz Station
3706,LM-056,277,3,Sainara,Santacruz Station
3707,LM-056,277,3,Salmona Ville,Santacruz Station
3708,LM-056,277,3,Sangam Apartment,Santacruz Station
3709,LM-056,277,3,Sangeeta,Santacruz Station
3710,LM-056,277,3,Sapphire,Santacruz Station
3711,LM-056,277,3,Saraswat Colony,Santacruz Station
3712,LM-056,277,3,Sarkar Avenue,Santacruz Station
3713,LM-056,277,3,Saryu,Santacruz Station
3714,LM-056,277,3,Satguru Tower,Santacruz Station
3715,LM-056,277,3,Saturn,Santacruz Station
3716,LM-056,277,3,Saurabh,Santacruz Station
3717,LM-056,277,3,Savoy Chambers,Santacruz Station
3718,LM-056,277,3,Seasons Residency,Santacruz Station
3719,LM-056,277,3,Seasons Trimurti,Santacruz Station
3720,LM-056,277,3,Sequoia,Santacruz Station
3721,LM-056,277,3,Serenity Tower,Santacruz Station
3722,LM-056,277,3,Shalimar,Santacruz Station
3723,LM-056,277,3,Shalimar Apartments,Santacruz Station
3724,LM-056,277,3,Shankardeep,Santacruz Station
3725,LM-056,277,3,Shikhar,Santacruz Station
3726,LM-056,277,3,Shilpa Apartment,Santacruz Station
3727,LM-056,277,3,Shiv Laj,Santacruz Station
3728,LM-056,277,3,Shivdham,Santacruz Station
3729,LM-056,277,3,Shreyas Residency,Santacruz Station
3730,LM-056,277,3,Silicon Valley,Santacruz Station
3731,LM-056,277,3,Sorrento,Santacruz Station
3732,LM-056,277,3,Span Centre,Santacruz Station
3733,LM-056,277,3,Sujal Apartments,Santacruz Station
3734,LM-056,277,3,Sunaina,Santacruz Station
3735,LM-056,277,3,Suraj Apartments,Santacruz Station
3736,LM-056,277,3,Suvarna Apartment,Santacruz Station
3737,LM-056,277,3,Tapovan,Santacruz Station
3738,LM-056,277,3,Designate,Santacruz Station
3739,LM-056,277,3,Unique Aura,Santacruz Station
3740,LM-056,277,3,Usha Villa,Santacruz Station
3741,LM-056,277,3,Valencia,Santacruz Station
3742,LM-056,277,3,Vasant Kunj,Santacruz Station
3743,LM-056,277,3,Vasundhara,Santacruz Station
3744,LM-056,277,3,Veena Solace,Santacruz Station
3745,LM-056,277,3,Victoria,Santacruz Station
3746,LM-056,277,3,Vikas Center,Santacruz Station
3747,LM-056,277,3,Villa Capri,Santacruz Station
3748,LM-056,277,3,Violet Villa,Santacruz Station
3749,LM-056,277,3,Vogue,Santacruz Station
3750,LM-056,277,3,Well Finished With Srtb,Santacruz Station
3751,LM-056,277,3,West View,Santacruz Station
3752,LM-056,277,3,Winderme,Santacruz Station
3753,LM-056,277,3,Windermere,Santacruz Station
3754,LM-056,277,3,Woodstock,Santacruz Station
3755,LM-056,277,3,Woodstock Garden,Santacruz Station
3756,LM-056,277,3,Yogniti,Santacruz Station
1581,LM-028,281,4,CCI Chambers,Wankhede Stadium
1582,LM-028,281,4,Churchgate Mansion,Wankhede Stadium
1583,LM-028,281,4,Indus Court,Wankhede Stadium
1584,LM-028,281,4,Krishna Mahal,Wankhede Stadium
1585,LM-028,281,4,Moti Mahal,Wankhede Stadium
1586,LM-028,281,4,Prem Court,Wankhede Stadium
1587,LM-028,281,4,Raj Mahal,Wankhede Stadium
1588,LM-028,281,4,Rakhi Mahal,Wankhede Stadium
1589,LM-028,281,4,Ravindra Mansion,Wankhede Stadium
1590,LM-028,281,4,Sahakar,Wankhede Stadium
1591,LM-028,281,4,Vishnu Mahal,Wankhede Stadium
3265,LM-039,285,4,ATL Corporate Park,Powai Lake
3266,LM-039,285,4,Adityavardhan,Powai Lake
3267,LM-039,285,4,Amaryllis,Powai Lake
3268,LM-039,285,4,Ambrosia,Powai Lake
3269,LM-039,285,4,Atlantis,Powai Lake
3270,LM-039,285,4,Avalon,Powai Lake
3271,LM-039,285,4,Birchwood,Powai Lake
3272,LM-039,285,4,Blue Heaven,Powai Lake
3273,LM-039,285,4,Boomerang,Powai Lake
3274,LM-039,285,4,Brentwood,Powai Lake
3275,LM-039,285,4,Canna,Powai Lake
3276,LM-039,285,4,Castle Rock,Powai Lake
3277,LM-039,285,4,Castle Rock Hiranandani,Powai Lake
3278,LM-039,285,4,Chittaranjan Tower,Powai Lake
3279,LM-039,285,4,Cosmopolitan,Powai Lake
3280,LM-039,285,4,Crescent Silverwoods,Powai Lake
3281,LM-039,285,4,Daffodil,Powai Lake
3282,LM-039,285,4,Delta,Powai Lake
3283,LM-039,285,4,Dilkap Grandeur,Powai Lake
3284,LM-039,285,4,Eden,Powai Lake
3285,LM-039,285,4,Eden IV,Powai Lake
3286,LM-039,285,4,Eldora,Powai Lake
3287,LM-039,285,4,Eldora Hiranandani,Powai Lake
3288,LM-039,285,4,Elixir Reserve,Powai Lake
3289,LM-039,285,4,Emerald Isle,Powai Lake
3290,LM-039,285,4,Emerald Park,Powai Lake
3291,LM-039,285,4,Evening Glory,Powai Lake
3292,LM-039,285,4,Evening Star,Powai Lake
3293,LM-039,285,4,Evershine Sapphire,Powai Lake
3294,LM-039,285,4,Excel Tower,Powai Lake
3295,LM-039,285,4,Florentine,Powai Lake
3296,LM-039,285,4,Frangipani,Powai Lake
3297,LM-039,285,4,Galleria Mall,Powai Lake
3298,LM-039,285,4,Gateway Plaza,Powai Lake
3299,LM-039,285,4,Glen Gate,Powai Lake
3300,LM-039,285,4,Glen Heights,Powai Lake
3301,LM-039,285,4,Glen Ridge,Powai Lake
3302,LM-039,285,4,Godrej Urban Park,Powai Lake
3303,LM-039,285,4,Golden Oak,Powai Lake
3304,LM-039,285,4,Gundecha Hills,Powai Lake
3305,LM-039,285,4,Harmony,Powai Lake
3306,LM-039,285,4,Harshvardhan CHS,Powai Lake
3307,LM-039,285,4,Harshwardhan,Powai Lake
3308,LM-039,285,4,Highland,Powai Lake
3309,LM-039,285,4,Hiranandani Atlantis,Powai Lake
3310,LM-039,285,4,Hiranandani Business Park,Powai Lake
3311,LM-039,285,4,Hiranandani Castle Rock,Powai Lake
3312,LM-039,285,4,Hiranandani Empress Hill,Powai Lake
3313,LM-039,285,4,Hiranandani Heritage,Powai Lake
3314,LM-039,285,4,Hiranandani Highland,Powai Lake
3315,LM-039,285,4,Hiranandani Lighthall,Powai Lake
3316,LM-039,285,4,Hiranandani Octavius,Powai Lake
3317,LM-039,285,4,Hiranandani Regent Hill,Powai Lake
3318,LM-039,285,4,Hiranandani Solitaire,Powai Lake
3319,LM-039,285,4,Hiranandani Zen Maple,Powai Lake
3320,LM-039,285,4,Horizon,Powai Lake
3321,LM-039,285,4,Jal Vayu Vihar,Powai Lake
3322,LM-039,285,4,Jamaica,Powai Lake
3323,LM-039,285,4,Jonquille and Jamaica,Powai Lake
3324,LM-039,285,4,Kalpataru Woodsville,Powai Lake
3325,LM-039,285,4,Kanakia Silicon Valley,Powai Lake
3326,LM-039,285,4,Kanakia Zillion,Powai Lake
3327,LM-039,285,4,Kingston,Powai Lake
3328,LM-039,285,4,LandT Elixir Reserve,Powai Lake
3329,LM-039,285,4,LandT Emerald Isle,Powai Lake
3330,LM-039,285,4,LandT Veridian,Powai Lake
3331,LM-039,285,4,Lake Castle,Powai Lake
3332,LM-039,285,4,Lake Lucerne,Powai Lake
3333,LM-039,285,4,Lake Pleasant,Powai Lake
3334,LM-039,285,4,Lake Primrose,Powai Lake
3335,LM-039,285,4,Lake Side,Powai Lake
3336,LM-039,285,4,Lake Superior,Powai Lake
3337,LM-039,285,4,Lantana,Powai Lake
3338,LM-039,285,4,Laurel and Lilac,Powai Lake
3339,LM-039,285,4,"Lnt Emerald Isle and Vedician, Powai",Powai Lake
3340,LM-039,285,4,Lodha Bellagio,Powai Lake
3341,LM-039,285,4,Lodha Supremus,Powai Lake
3342,LM-039,285,4,Lok Milan,Powai Lake
3343,LM-039,285,4,Mahavir Classik,Powai Lake
3344,LM-039,285,4,Mahindra Alcove,Powai Lake
3345,LM-039,285,4,Maple Leaf,Powai Lake
3346,LM-039,285,4,Minal Apartment,Powai Lake
3347,LM-039,285,4,Nahar Barberry and Bryony,Powai Lake
3348,LM-039,285,4,Nahar Cayenne,Powai Lake
3349,LM-039,285,4,Nahar Lilium Lantana,Powai Lake
3350,LM-039,285,4,Octavius,Powai Lake
3351,LM-039,285,4,Olivia,Powai Lake
3352,LM-039,285,4,Orchid Enclave,Powai Lake
3353,LM-039,285,4,Palatial Heights,Powai Lake
3354,LM-039,285,4,Panch Leela,Powai Lake
3355,LM-039,285,4,Panch Mahal,Powai Lake
3356,LM-039,285,4,Panch Srishti Complex,Powai Lake
3357,LM-039,285,4,Panch Vati,Powai Lake
3358,LM-039,285,4,Pluto,Powai Lake
3359,LM-039,285,4,Powai Cosmopolitan Society,Powai Lake
3360,LM-039,285,4,Powai Park,Powai Lake
3361,LM-039,285,4,Powai Vihar,Powai Lake
3362,LM-039,285,4,Powai Vihar Complex,Powai Lake
3363,LM-039,285,4,Princeton,Powai Lake
3364,LM-039,285,4,Raheja Ascencio,Powai Lake
3365,LM-039,285,4,Raheja Nest,Powai Lake
3366,LM-039,285,4,Raheja Vihar,Powai Lake
3367,LM-039,285,4,Raheja Vistas,Powai Lake
3368,LM-039,285,4,Rainbow,Powai Lake
3369,LM-039,285,4,Raj Grandeur,Powai Lake
3370,LM-039,285,4,Ramesh Divekar,Powai Lake
3371,LM-039,285,4,Regency Park,Powai Lake
3372,LM-039,285,4,Regent Hill,Powai Lake
3373,LM-039,285,4,Richmond,Powai Lake
3374,LM-039,285,4,Rosa Alba,Powai Lake
3375,LM-039,285,4,Sahil Exotica,Powai Lake
3376,LM-039,285,4,Sahil Exotica Chandivali,Powai Lake
3377,LM-039,285,4,Sapphire Lakeside,Powai Lake
3378,LM-039,285,4,Shiv Om Tower,Powai Lake
3379,LM-039,285,4,Shree Krishna,Powai Lake
3380,LM-039,285,4,Silicon Valley,Powai Lake
3381,LM-039,285,4,Silver Oak,Powai Lake
3382,LM-039,285,4,Somerset,Powai Lake
3383,LM-039,285,4,Sun Glory,Powai Lake
3384,LM-039,285,4,Sun Heights,Powai Lake
3385,LM-039,285,4,Suncity Complex,Powai Lake
3386,LM-039,285,4,Synchronicity,Powai Lake
3387,LM-039,285,4,Tata Symphony,Powai Lake
3388,LM-039,285,4,Torino,Powai Lake
3389,LM-039,285,4,Towards D-mart Side,Powai Lake
3390,LM-039,285,4,Trinity,Powai Lake
3391,LM-039,285,4,Tulip,Powai Lake
3392,LM-039,285,4,Tulipia and Tilia,Powai Lake
3393,LM-039,285,4,Twilight,Powai Lake
3394,LM-039,285,4,Valencia,Powai Lake
3395,LM-039,285,4,Vasukamal,Powai Lake
3396,LM-039,285,4,Veridian,Powai Lake
3397,LM-039,285,4,Veridian at Emerald Isle,Powai Lake
3398,LM-039,285,4,Verona,Powai Lake
3399,LM-039,285,4,Vicinia,Powai Lake
3400,LM-039,285,4,Wadhwa Solitaire,Powai Lake
3401,LM-039,285,4,Water Lily and White Lily,Powai Lake
3402,LM-039,285,4,Whispering Woods,Powai Lake
3403,LM-039,285,4,Woodland Heights,Powai Lake
3404,LM-039,285,4,Yarrow,Powai Lake
3405,LM-039,285,4,Zen Atlantis,Powai Lake
3406,LM-039,285,4,Zinnia,Powai Lake
3173,LM-023,299,4,Kakad House,Churchgate Station
3265,LM-042,338,4,ATL Corporate Park,Hiranandani Gardens
3266,LM-042,338,4,Adityavardhan,Hiranandani Gardens
3267,LM-042,338,4,Amaryllis,Hiranandani Gardens
3268,LM-042,338,4,Ambrosia,Hiranandani Gardens
3269,LM-042,338,4,Atlantis,Hiranandani Gardens
3270,LM-042,338,4,Avalon,Hiranandani Gardens
3271,LM-042,338,4,Birchwood,Hiranandani Gardens
3272,LM-042,338,4,Blue Heaven,Hiranandani Gardens
3273,LM-042,338,4,Boomerang,Hiranandani Gardens
3274,LM-042,338,4,Brentwood,Hiranandani Gardens
3275,LM-042,338,4,Canna,Hiranandani Gardens
3276,LM-042,338,4,Castle Rock,Hiranandani Gardens
3277,LM-042,338,4,Castle Rock Hiranandani,Hiranandani Gardens
3278,LM-042,338,4,Chittaranjan Tower,Hiranandani Gardens
3279,LM-042,338,4,Cosmopolitan,Hiranandani Gardens
3280,LM-042,338,4,Crescent Silverwoods,Hiranandani Gardens
3281,LM-042,338,4,Daffodil,Hiranandani Gardens
3282,LM-042,338,4,Delta,Hiranandani Gardens
3283,LM-042,338,4,Dilkap Grandeur,Hiranandani Gardens
3284,LM-042,338,4,Eden,Hiranandani Gardens
3285,LM-042,338,4,Eden IV,Hiranandani Gardens
3286,LM-042,338,4,Eldora,Hiranandani Gardens
3287,LM-042,338,4,Eldora Hiranandani,Hiranandani Gardens
3288,LM-042,338,4,Elixir Reserve,Hiranandani Gardens
3289,LM-042,338,4,Emerald Isle,Hiranandani Gardens
3290,LM-042,338,4,Emerald Park,Hiranandani Gardens
3291,LM-042,338,4,Evening Glory,Hiranandani Gardens
3292,LM-042,338,4,Evening Star,Hiranandani Gardens
3293,LM-042,338,4,Evershine Sapphire,Hiranandani Gardens
3294,LM-042,338,4,Excel Tower,Hiranandani Gardens
3295,LM-042,338,4,Florentine,Hiranandani Gardens
3296,LM-042,338,4,Frangipani,Hiranandani Gardens
3297,LM-042,338,4,Galleria Mall,Hiranandani Gardens
3298,LM-042,338,4,Gateway Plaza,Hiranandani Gardens
3299,LM-042,338,4,Glen Gate,Hiranandani Gardens
3300,LM-042,338,4,Glen Heights,Hiranandani Gardens
3301,LM-042,338,4,Glen Ridge,Hiranandani Gardens
3302,LM-042,338,4,Godrej Urban Park,Hiranandani Gardens
3303,LM-042,338,4,Golden Oak,Hiranandani Gardens
3304,LM-042,338,4,Gundecha Hills,Hiranandani Gardens
3305,LM-042,338,4,Harmony,Hiranandani Gardens
3306,LM-042,338,4,Harshvardhan CHS,Hiranandani Gardens
3307,LM-042,338,4,Harshwardhan,Hiranandani Gardens
3308,LM-042,338,4,Highland,Hiranandani Gardens
3309,LM-042,338,4,Hiranandani Atlantis,Hiranandani Gardens
3310,LM-042,338,4,Hiranandani Business Park,Hiranandani Gardens
3311,LM-042,338,4,Hiranandani Castle Rock,Hiranandani Gardens
3312,LM-042,338,4,Hiranandani Empress Hill,Hiranandani Gardens
3313,LM-042,338,4,Hiranandani Heritage,Hiranandani Gardens
3314,LM-042,338,4,Hiranandani Highland,Hiranandani Gardens
3315,LM-042,338,4,Hiranandani Lighthall,Hiranandani Gardens
3316,LM-042,338,4,Hiranandani Octavius,Hiranandani Gardens
3317,LM-042,338,4,Hiranandani Regent Hill,Hiranandani Gardens
3318,LM-042,338,4,Hiranandani Solitaire,Hiranandani Gardens
3319,LM-042,338,4,Hiranandani Zen Maple,Hiranandani Gardens
3320,LM-042,338,4,Horizon,Hiranandani Gardens
3321,LM-042,338,4,Jal Vayu Vihar,Hiranandani Gardens
3322,LM-042,338,4,Jamaica,Hiranandani Gardens
3323,LM-042,338,4,Jonquille and Jamaica,Hiranandani Gardens
3324,LM-042,338,4,Kalpataru Woodsville,Hiranandani Gardens
3325,LM-042,338,4,Kanakia Silicon Valley,Hiranandani Gardens
3326,LM-042,338,4,Kanakia Zillion,Hiranandani Gardens
3327,LM-042,338,4,Kingston,Hiranandani Gardens
3328,LM-042,338,4,LandT Elixir Reserve,Hiranandani Gardens
3329,LM-042,338,4,LandT Emerald Isle,Hiranandani Gardens
3330,LM-042,338,4,LandT Veridian,Hiranandani Gardens
3331,LM-042,338,4,Lake Castle,Hiranandani Gardens
3332,LM-042,338,4,Lake Lucerne,Hiranandani Gardens
3333,LM-042,338,4,Lake Pleasant,Hiranandani Gardens
3334,LM-042,338,4,Lake Primrose,Hiranandani Gardens
3335,LM-042,338,4,Lake Side,Hiranandani Gardens
3336,LM-042,338,4,Lake Superior,Hiranandani Gardens
3337,LM-042,338,4,Lantana,Hiranandani Gardens
3338,LM-042,338,4,Laurel and Lilac,Hiranandani Gardens
3339,LM-042,338,4,"Lnt Emerald Isle and Vedician, Powai",Hiranandani Gardens
3340,LM-042,338,4,Lodha Bellagio,Hiranandani Gardens
3341,LM-042,338,4,Lodha Supremus,Hiranandani Gardens
3342,LM-042,338,4,Lok Milan,Hiranandani Gardens
3343,LM-042,338,4,Mahavir Classik,Hiranandani Gardens
3344,LM-042,338,4,Mahindra Alcove,Hiranandani Gardens
3345,LM-042,338,4,Maple Leaf,Hiranandani Gardens
3346,LM-042,338,4,Minal Apartment,Hiranandani Gardens
3347,LM-042,338,4,Nahar Barberry and Bryony,Hiranandani Gardens
3348,LM-042,338,4,Nahar Cayenne,Hiranandani Gardens
3349,LM-042,338,4,Nahar Lilium Lantana,Hiranandani Gardens
3350,LM-042,338,4,Octavius,Hiranandani Gardens
3351,LM-042,338,4,Olivia,Hiranandani Gardens
3352,LM-042,338,4,Orchid Enclave,Hiranandani Gardens
3353,LM-042,338,4,Palatial Heights,Hiranandani Gardens
3354,LM-042,338,4,Panch Leela,Hiranandani Gardens
3355,LM-042,338,4,Panch Mahal,Hiranandani Gardens
3356,LM-042,338,4,Panch Srishti Complex,Hiranandani Gardens
3357,LM-042,338,4,Panch Vati,Hiranandani Gardens
3358,LM-042,338,4,Pluto,Hiranandani Gardens
3359,LM-042,338,4,Powai Cosmopolitan Society,Hiranandani Gardens
3360,LM-042,338,4,Powai Park,Hiranandani Gardens
3361,LM-042,338,4,Powai Vihar,Hiranandani Gardens
3362,LM-042,338,4,Powai Vihar Complex,Hiranandani Gardens
3363,LM-042,338,4,Princeton,Hiranandani Gardens
3364,LM-042,338,4,Raheja Ascencio,Hiranandani Gardens
3365,LM-042,338,4,Raheja Nest,Hiranandani Gardens
3366,LM-042,338,4,Raheja Vihar,Hiranandani Gardens
3367,LM-042,338,4,Raheja Vistas,Hiranandani Gardens
3368,LM-042,338,4,Rainbow,Hiranandani Gardens
3369,LM-042,338,4,Raj Grandeur,Hiranandani Gardens
3370,LM-042,338,4,Ramesh Divekar,Hiranandani Gardens
3371,LM-042,338,4,Regency Park,Hiranandani Gardens
3372,LM-042,338,4,Regent Hill,Hiranandani Gardens
3373,LM-042,338,4,Richmond,Hiranandani Gardens
3374,LM-042,338,4,Rosa Alba,Hiranandani Gardens
3375,LM-042,338,4,Sahil Exotica,Hiranandani Gardens
3376,LM-042,338,4,Sahil Exotica Chandivali,Hiranandani Gardens
3377,LM-042,338,4,Sapphire Lakeside,Hiranandani Gardens
3378,LM-042,338,4,Shiv Om Tower,Hiranandani Gardens
3379,LM-042,338,4,Shree Krishna,Hiranandani Gardens
3380,LM-042,338,4,Silicon Valley,Hiranandani Gardens
3381,LM-042,338,4,Silver Oak,Hiranandani Gardens
3382,LM-042,338,4,Somerset,Hiranandani Gardens
3383,LM-042,338,4,Sun Glory,Hiranandani Gardens
3384,LM-042,338,4,Sun Heights,Hiranandani Gardens
3385,LM-042,338,4,Suncity Complex,Hiranandani Gardens
3386,LM-042,338,4,Synchronicity,Hiranandani Gardens
3387,LM-042,338,4,Tata Symphony,Hiranandani Gardens
3388,LM-042,338,4,Torino,Hiranandani Gardens
3389,LM-042,338,4,Towards D-mart Side,Hiranandani Gardens
3390,LM-042,338,4,Trinity,Hiranandani Gardens
3391,LM-042,338,4,Tulip,Hiranandani Gardens
3392,LM-042,338,4,Tulipia and Tilia,Hiranandani Gardens
3393,LM-042,338,4,Twilight,Hiranandani Gardens
3394,LM-042,338,4,Valencia,Hiranandani Gardens
3395,LM-042,338,4,Vasukamal,Hiranandani Gardens
3396,LM-042,338,4,Veridian,Hiranandani Gardens
3397,LM-042,338,4,Veridian at Emerald Isle,Hiranandani Gardens
3398,LM-042,338,4,Verona,Hiranandani Gardens
3399,LM-042,338,4,Vicinia,Hiranandani Gardens
3400,LM-042,338,4,Wadhwa Solitaire,Hiranandani Gardens
3401,LM-042,338,4,Water Lily and White Lily,Hiranandani Gardens
3402,LM-042,338,4,Whispering Woods,Hiranandani Gardens
3403,LM-042,338,4,Woodland Heights,Hiranandani Gardens
3404,LM-042,338,4,Yarrow,Hiranandani Gardens
3405,LM-042,338,4,Zen Atlantis,Hiranandani Gardens
3406,LM-042,338,4,Zinnia,Hiranandani Gardens
4315,LM-017,344,4,Elysium,Worli Sea Face
4316,LM-017,344,4,Pitale Prasad,Worli Sea Face
873,LM-012,353,4,12 Pegasus,Jio World Centre
874,LM-012,353,4,Address 51,Jio World Centre
875,LM-012,353,4,Agami Eternity,Jio World Centre
876,LM-012,353,4,Agami Legend,Jio World Centre
877,LM-012,353,4,Antariksh,Jio World Centre
878,LM-012,353,4,Antariksh Ace,Jio World Centre
879,LM-012,353,4,Arista,Jio World Centre
880,LM-012,353,4,Arista Prime,Jio World Centre
881,LM-012,353,4,Azzure,Jio World Centre
882,LM-012,353,4,BKC 28,Jio World Centre
883,LM-012,353,4,Bandra North,Jio World Centre
884,LM-012,353,4,Buena Vista,Jio World Centre
885,LM-012,353,4,Fifty One East,Jio World Centre
886,LM-012,353,4,Geetanjali Apartment,Jio World Centre
887,LM-012,353,4,Gurukrupa Nirmalam,Jio World Centre
888,LM-012,353,4,Hallmark Business Plaza,Jio World Centre
889,LM-012,353,4,Hubtown Sunstone,Jio World Centre
890,LM-012,353,4,Jade Gardens,Jio World Centre
891,LM-012,353,4,Jagat Vidya,Jio World Centre
892,LM-012,353,4,Kalpataru Magnus,Jio World Centre
893,LM-012,353,4,Kalpataru Sparkle,Jio World Centre
894,LM-012,353,4,Kanakia Paris,Jio World Centre
895,LM-012,353,4,Keshava,Jio World Centre
896,LM-012,353,4,Mitra Parivaar,Jio World Centre
897,LM-012,353,4,Monarch,Jio World Centre
898,LM-012,353,4,Naman,Jio World Centre
899,LM-012,353,4,Nyay Sagar,Jio World Centre
900,LM-012,353,4,Parinee Crescenzo,Jio World Centre
901,LM-012,353,4,Pinnacle Corporate Park,Jio World Centre
902,LM-012,353,4,RNA Azzure,Jio World Centre
903,LM-012,353,4,Ramaa Krishna,Jio World Centre
904,LM-012,353,4,Rustomjee Cleon,Jio World Centre
905,LM-012,353,4,Rustomjee Erika,Jio World Centre
906,LM-012,353,4,Rustomjee Oriana,Jio World Centre
907,LM-012,353,4,Rustomjee Prive,Jio World Centre
908,LM-012,353,4,Rustomjee Seasons,Jio World Centre
909,LM-012,353,4,Rustomjee Stella,Jio World Centre
910,LM-012,353,4,Sangam Nero,Jio World Centre
911,LM-012,353,4,Serendipity,Jio World Centre
912,LM-012,353,4,Sethia Grandeur,Jio World Centre
913,LM-012,353,4,Shakti Sadan,Jio World Centre
914,LM-012,353,4,Shapoorji Pallonji,Jio World Centre
915,LM-012,353,4,Signature Island,Jio World Centre
916,LM-012,353,4,Signia Isles,Jio World Centre
917,LM-012,353,4,Signia Pearl,Jio World Centre
918,LM-012,353,4,Sunteck Pearl,Jio World Centre
919,LM-012,353,4,Address By GS,Jio World Centre
920,LM-012,353,4,Trade Centre,Jio World Centre
921,LM-012,353,4,Vaibhav Chambers,Jio World Centre
922,LM-012,353,4,Vaibhav Chember,Jio World Centre
923,LM-012,353,4,Vaibhavlaxmi,Jio World Centre
924,LM-012,353,4,Vaibhavlaxmi Address51,Jio World Centre
925,LM-012,353,4,Wahedna Apartment,Jio World Centre
926,LM-012,353,4,X BKC,Jio World Centre
2324,LM-055,375,5,Aditaya Kutir,Khar Station
2325,LM-055,375,5,Azumi,Khar Station
2326,LM-055,375,5,Govind Kutir,Khar Station
2327,LM-055,375,5,Kedarnath apt,Khar Station
2328,LM-055,375,5,Nivaan,Khar Station
2329,LM-055,375,5,Rustomjee Paramount,Khar Station
2330,LM-055,375,5,Shree Shakti,Khar Station
2331,LM-055,375,5,Solitaire,Khar Station
2332,LM-055,375,5,Trinity,Khar Station
2333,LM-055,375,5,Tulsi Apartment,Khar Station
3117,LM-026,391,5,Advent,Oberoi Trident
3118,LM-026,391,5,Atlanta,Oberoi Trident
3119,LM-026,391,5,Bajaj Bhavan,Oberoi Trident
3120,LM-026,391,5,Dalamal Tower,Oberoi Trident
3121,LM-026,391,5,Earnest House,Oberoi Trident
3122,LM-026,391,5,Embassy Centre,Oberoi Trident
3123,LM-026,391,5,Maker Chamber 3,Oberoi Trident
3124,LM-026,391,5,Mittal Court,Oberoi Trident
3125,LM-026,391,5,Mittal Tower,Oberoi Trident
3126,LM-026,391,5,NCPA Apartments,Oberoi Trident
3127,LM-026,391,5,Nariman Bhavan,Oberoi Trident
3128,LM-026,391,5,Raheja Centre,Oberoi Trident
3129,LM-026,391,5,Shreyas CHS,Oberoi Trident
3130,LM-026,391,5,Sita Kunj,Oberoi Trident
3131,LM-026,391,5,Tulsiani Chambers,Oberoi Trident
873,LM-011,402,5,12 Pegasus,Bharat Diamond Bourse
874,LM-011,402,5,Address 51,Bharat Diamond Bourse
875,LM-011,402,5,Agami Eternity,Bharat Diamond Bourse
876,LM-011,402,5,Agami Legend,Bharat Diamond Bourse
877,LM-011,402,5,Antariksh,Bharat Diamond Bourse
878,LM-011,402,5,Antariksh Ace,Bharat Diamond Bourse
879,LM-011,402,5,Arista,Bharat Diamond Bourse
880,LM-011,402,5,Arista Prime,Bharat Diamond Bourse
881,LM-011,402,5,Azzure,Bharat Diamond Bourse
882,LM-011,402,5,BKC 28,Bharat Diamond Bourse
883,LM-011,402,5,Bandra North,Bharat Diamond Bourse
884,LM-011,402,5,Buena Vista,Bharat Diamond Bourse
885,LM-011,402,5,Fifty One East,Bharat Diamond Bourse
886,LM-011,402,5,Geetanjali Apartment,Bharat Diamond Bourse
887,LM-011,402,5,Gurukrupa Nirmalam,Bharat Diamond Bourse
888,LM-011,402,5,Hallmark Business Plaza,Bharat Diamond Bourse
889,LM-011,402,5,Hubtown Sunstone,Bharat Diamond Bourse
890,LM-011,402,5,Jade Gardens,Bharat Diamond Bourse
891,LM-011,402,5,Jagat Vidya,Bharat Diamond Bourse
892,LM-011,402,5,Kalpataru Magnus,Bharat Diamond Bourse
893,LM-011,402,5,Kalpataru Sparkle,Bharat Diamond Bourse
894,LM-011,402,5,Kanakia Paris,Bharat Diamond Bourse
895,LM-011,402,5,Keshava,Bharat Diamond Bourse
896,LM-011,402,5,Mitra Parivaar,Bharat Diamond Bourse
897,LM-011,402,5,Monarch,Bharat Diamond Bourse
898,LM-011,402,5,Naman,Bharat Diamond Bourse
899,LM-011,402,5,Nyay Sagar,Bharat Diamond Bourse
900,LM-011,402,5,Parinee Crescenzo,Bharat Diamond Bourse
901,LM-011,402,5,Pinnacle Corporate Park,Bharat Diamond Bourse
902,LM-011,402,5,RNA Azzure,Bharat Diamond Bourse
903,LM-011,402,5,Ramaa Krishna,Bharat Diamond Bourse
904,LM-011,402,5,Rustomjee Cleon,Bharat Diamond Bourse
905,LM-011,402,5,Rustomjee Erika,Bharat Diamond Bourse
906,LM-011,402,5,Rustomjee Oriana,Bharat Diamond Bourse
907,LM-011,402,5,Rustomjee Prive,Bharat Diamond Bourse
908,LM-011,402,5,Rustomjee Seasons,Bharat Diamond Bourse
909,LM-011,402,5,Rustomjee Stella,Bharat Diamond Bourse
910,LM-011,402,5,Sangam Nero,Bharat Diamond Bourse
911,LM-011,402,5,Serendipity,Bharat Diamond Bourse
912,LM-011,402,5,Sethia Grandeur,Bharat Diamond Bourse
913,LM-011,402,5,Shakti Sadan,Bharat Diamond Bourse
914,LM-011,402,5,Shapoorji Pallonji,Bharat Diamond Bourse
915,LM-011,402,5,Signature Island,Bharat Diamond Bourse
916,LM-011,402,5,Signia Isles,Bharat Diamond Bourse
917,LM-011,402,5,Signia Pearl,Bharat Diamond Bourse
918,LM-011,402,5,Sunteck Pearl,Bharat Diamond Bourse
919,LM-011,402,5,Address By GS,Bharat Diamond Bourse
920,LM-011,402,5,Trade Centre,Bharat Diamond Bourse
921,LM-011,402,5,Vaibhav Chambers,Bharat Diamond Bourse
922,LM-011,402,5,Vaibhav Chember,Bharat Diamond Bourse
923,LM-011,402,5,Vaibhavlaxmi,Bharat Diamond Bourse
924,LM-011,402,5,Vaibhavlaxmi Address51,Bharat Diamond Bourse
925,LM-011,402,5,Wahedna Apartment,Bharat Diamond Bourse
926,LM-011,402,5,X BKC,Bharat Diamond Bourse
4194,LM-017,416,5,"Allura , Lodha Park",Worli Sea Face
4195,LM-017,416,5,Ansal Heights,Worli Sea Face
4196,LM-017,416,5,Aseem,Worli Sea Face
4197,LM-017,416,5,Aurum Arts,Worli Sea Face
4198,LM-017,416,5,Aurus Chambers,Worli Sea Face
4199,LM-017,416,5,Avanti Apartment,Worli Sea Face
4200,LM-017,416,5,Avarsekar Heights,Worli Sea Face
4201,LM-017,416,5,Aversekar Heights,Worli Sea Face
4202,LM-017,416,5,Awarsekar Height,Worli Sea Face
4203,LM-017,416,5,B.Y. Apartment,Worli Sea Face
4204,LM-017,416,5,Birla Niyaara,Worli Sea Face
4205,LM-017,416,5,Campa Cola Compound,Worli Sea Face
4206,LM-017,416,5,Ceejay House,Worli Sea Face
4207,LM-017,416,5,Chandak Cornerstone,Worli Sea Face
4208,LM-017,416,5,Chandelier Court,Worli Sea Face
4209,LM-017,416,5,Cornerstone,Worli Sea Face
4210,LM-017,416,5,Cornerstone Worli,Worli Sea Face
4211,LM-017,416,5,Deepak Mahal,Worli Sea Face
4212,LM-017,416,5,Desai Oceanic,Worli Sea Face
4213,LM-017,416,5,Eden Hall,Worli Sea Face
4214,LM-017,416,5,Esha Ekta,Worli Sea Face
4215,LM-017,416,5,Four Seasons Private Residences,Worli Sea Face
4216,LM-017,416,5,Godavari,Worli Sea Face
4217,LM-017,416,5,Gulistan,Worli Sea Face
4218,LM-017,416,5,Gulrukh,Worli Sea Face
4219,LM-017,416,5,Hargun CHS,Worli Sea Face
4220,LM-017,416,5,Harmony Tower,Worli Sea Face
4221,LM-017,416,5,Harsiddhi Heights,Worli Sea Face
4222,LM-017,416,5,Hill Crest,Worli Sea Face
4223,LM-017,416,5,Himachal House,Worli Sea Face
4224,LM-017,416,5,Himalaya,Worli Sea Face
4225,LM-017,416,5,India Bulls Blue,Worli Sea Face
4226,LM-017,416,5,Jayshree Apartment,Worli Sea Face
4227,LM-017,416,5,Kakad Chambers,Worli Sea Face
4228,LM-017,416,5,Kakad Estate Society,Worli Sea Face
4229,LM-017,416,5,Kalpataru Horizon,Worli Sea Face
4230,LM-017,416,5,Konark Empress,Worli Sea Face
4231,LM-017,416,5,Lady Ratan Tower,Worli Sea Face
4232,LM-017,416,5,Lalit kunj,Worli Sea Face
4233,LM-017,416,5,Lodha Adrina,Worli Sea Face
4234,LM-017,416,5,Lodha Allura,Worli Sea Face
4235,LM-017,416,5,Lodha Kiara,Worli Sea Face
4236,LM-017,416,5,Lodha Maison,Worli Sea Face
4237,LM-017,416,5,Lodha Marquise,Worli Sea Face
4238,LM-017,416,5,Lodha Park,Worli Sea Face
4239,LM-017,416,5,Lodha Supremus,Worli Sea Face
4240,LM-017,416,5,Lodha Trump,Worli Sea Face
4241,LM-017,416,5,Lodha World View,Worli Sea Face
4242,LM-017,416,5,Lokhandwala Harmony,Worli Sea Face
4243,LM-017,416,5,Lokhandwala Residency,Worli Sea Face
4244,LM-017,416,5,Lotus Court,Worli Sea Face
4245,LM-017,416,5,MIG Colony,Worli Sea Face
4246,LM-017,416,5,Madhuban,Worli Sea Face
4247,LM-017,416,5,Madhuban Apartments,Worli Sea Face
4248,LM-017,416,5,Madhuli,Worli Sea Face
4249,LM-017,416,5,Malkani Mahal,Worli Sea Face
4250,LM-017,416,5,Marina Bay,Worli Sea Face
4251,LM-017,416,5,Marquise,Worli Sea Face
4252,LM-017,416,5,New Pushpa Milan,Worli Sea Face
4253,LM-017,416,5,Nutan Madhuban,Worli Sea Face
4254,LM-017,416,5,Oberoi 360 West,Worli Sea Face
4255,LM-017,416,5,Ocean View,Worli Sea Face
4256,LM-017,416,5,Om Ratan,Worli Sea Face
4257,LM-017,416,5,Omkar,Worli Sea Face
4258,LM-017,416,5,Orchid Tower,Worli Sea Face
4259,LM-017,416,5,Palm Beach,Worli Sea Face
4260,LM-017,416,5,Pankaj Mansion,Worli Sea Face
4261,LM-017,416,5,Paragon Centre,Worli Sea Face
4262,LM-017,416,5,Patel Apartments,Worli Sea Face
4263,LM-017,416,5,Pitale Prasad,Worli Sea Face
4264,LM-017,416,5,Poonam Apartment,Worli Sea Face
4265,LM-017,416,5,Poonam Chambers,Worli Sea Face
4266,LM-017,416,5,Poornima Apartment,Worli Sea Face
4267,LM-017,416,5,Praneet,Worli Sea Face
4268,LM-017,416,5,Priya,Worli Sea Face
4269,LM-017,416,5,Queen,Worli Sea Face
4270,LM-017,416,5,Queens Court,Worli Sea Face
4271,LM-017,416,5,RNA Mirage,Worli Sea Face
4272,LM-017,416,5,RNA Miraj,Worli Sea Face
4273,LM-017,416,5,RNA Miraj - Worli,Worli Sea Face
4274,LM-017,416,5,Racecourse and Sea View | South Mumbai,Worli Sea Face
4275,LM-017,416,5,Raheja Artesia,Worli Sea Face
4276,LM-017,416,5,Raheja Atlantis,Worli Sea Face
4277,LM-017,416,5,Raheja Imperia,Worli Sea Face
4278,LM-017,416,5,Rakhangi Mahal,Worli Sea Face
4279,LM-017,416,5,Rashid Mansion,Worli Sea Face
4280,LM-017,416,5,Rashid Mension,Worli Sea Face
4281,LM-017,416,5,Ready Money Terrace,Worli Sea Face
4282,LM-017,416,5,Runwal Raaya,Worli Sea Face
4283,LM-017,416,5,Runwal Reserve,Worli Sea Face
4284,LM-017,416,5,Sagar Tarang,Worli Sea Face
4285,LM-017,416,5,Samudra Gaurav,Worli Sea Face
4286,LM-017,416,5,Samudra Mahal,Worli Sea Face
4287,LM-017,416,5,Sanghvi Evana,Worli Sea Face
4288,LM-017,416,5,Sea Mist,Worli Sea Face
4289,LM-017,416,5,Shah And Nahar Industrial Premises,Worli Sea Face
4290,LM-017,416,5,Sheelmarie CHS,Worli Sea Face
4291,LM-017,416,5,Shiv Sagar Apartment,Worli Sea Face
4292,LM-017,416,5,Shubh Apartment,Worli Sea Face
4293,LM-017,416,5,Shubhda Tower,Worli Sea Face
4294,LM-017,416,5,Siddivinayak Horizon,Worli Sea Face
4295,LM-017,416,5,Starling Sea Face,Worli Sea Face
4296,LM-017,416,5,Sterling Seaface,Worli Sea Face
4297,LM-017,416,5,Sukhada,Worli Sea Face
4298,LM-017,416,5,Sumer Kendra,Worli Sea Face
4299,LM-017,416,5,Tejas Harmony,Worli Sea Face
4300,LM-017,416,5,Park,Worli Sea Face
4301,LM-017,416,5,"Park, Lodha",Worli Sea Face
4302,LM-017,416,5,Trump Tower,Worli Sea Face
4303,LM-017,416,5,Tulsi Vihar,Worli Sea Face
4304,LM-017,416,5,Turf View,Worli Sea Face
4305,LM-017,416,5,Vaitarna,Worli Sea Face
4306,LM-017,416,5,Venus,Worli Sea Face
4307,LM-017,416,5,Venus Apartments,Worli Sea Face
4308,LM-017,416,5,Victoria Tower,Worli Sea Face
4309,LM-017,416,5,Vinod Villa,Worli Sea Face
4310,LM-017,416,5,Vraj Tiara,Worli Sea Face
4311,LM-017,416,5,Zahra,Worli Sea Face
3,LM-020,430,5,Alt View,Pedder Road
4,LM-020,430,5,Jupiter,Pedder Road
5,LM-020,430,5,Kalpataru Prive,Pedder Road
6,LM-020,430,5,Khushnuma Apartment,Pedder Road
7,LM-020,430,5,Lodha Altamount,Pedder Road
8,LM-020,430,5,Olympus,Pedder Road
9,LM-020,430,5,Prabhu Kutir Apartment,Pedder Road
10,LM-020,430,5,Pushpak,Pedder Road
11,LM-020,430,5,Rizvi Park,Pedder Road
12,LM-020,430,5,Venus Apartment,Pedder Road
4312,LM-019,432,5,B.Y. Apartment,Mahalaxmi Racecourse
4313,LM-019,432,5,Campa Cola Compound,Mahalaxmi Racecourse
4314,LM-019,432,5,Runwal Reserve,Mahalaxmi Racecourse
4090,LM-037,436,5,Ajmera Shringaar,Vile Parle Station
4091,LM-037,436,5,Anand Bhavan,Vile Parle Station
4092,LM-037,436,5,Arihant,Vile Parle Station
4093,LM-037,436,5,Bharat Primavistas,Vile Parle Station
4094,LM-037,436,5,Cello,Vile Parle Station
4095,LM-037,436,5,Chandak Vansham,Vile Parle Station
4096,LM-037,436,5,Dev Plaza,Vile Parle Station
4097,LM-037,436,5,Insignia,Vile Parle Station
4098,LM-037,436,5,Irla,Vile Parle Station
4099,LM-037,436,5,Jade Park,Vile Parle Station
4100,LM-037,436,5,Juhu Griha Swapna,Vile Parle Station
4101,LM-037,436,5,Kothare CHS,Vile Parle Station
4102,LM-037,436,5,Kuber Villa,Vile Parle Station
4103,LM-037,436,5,ML Spaces,Vile Parle Station
4104,LM-037,436,5,Man Excellenza,Vile Parle Station
4105,LM-037,436,5,New Vrindavan,Vile Parle Station
4106,LM-037,436,5,Options Emporio,Vile Parle Station
4107,LM-037,436,5,Parijat,Vile Parle Station
4108,LM-037,436,5,Pooja Apartments,Vile Parle Station
4109,LM-037,436,5,Pratap Elegance,Vile Parle Station
4110,LM-037,436,5,Prem Nagar,Vile Parle Station
4111,LM-037,436,5,Priti Paradise,Vile Parle Station
4112,LM-037,436,5,Rushabh,Vile Parle Station
4113,LM-037,436,5,Sangam Arcade,Vile Parle Station
4114,LM-037,436,5,Shagun Residency,Vile Parle Station
4115,LM-037,436,5,Shelton CHS,Vile Parle Station
4116,LM-037,436,5,Shiv Om,Vile Parle Station
4117,LM-037,436,5,Snehadhara CHS,Vile Parle Station
4118,LM-037,436,5,Tirthal,Vile Parle Station
4119,LM-037,436,5,Trishla Apartment,Vile Parle Station
4120,LM-037,436,5,Wisteria,Vile Parle Station
927,LM-002,469,6,30 Union Park,Mehboob Studio
928,LM-002,469,6,81 Aureate,Mehboob Studio
929,LM-002,469,6,ALJ Residency,Mehboob Studio
930,LM-002,469,6,AVD Residencia,Mehboob Studio
931,LM-002,469,6,Aashiyana,Mehboob Studio
932,LM-002,469,6,Aashna Apartments,Mehboob Studio
933,LM-002,469,6,Allied,Mehboob Studio
934,LM-002,469,6,Almeida Park,Mehboob Studio
935,LM-002,469,6,Amin Alturas,Mehboob Studio
936,LM-002,469,6,Amrit,Mehboob Studio
937,LM-002,469,6,Anand Sagar,Mehboob Studio
938,LM-002,469,6,Ananta,Mehboob Studio
939,LM-002,469,6,Anchorage,Mehboob Studio
940,LM-002,469,6,Apsara,Mehboob Studio
941,LM-002,469,6,Ashiana,Mehboob Studio
942,LM-002,469,6,Ashtavinayak,Mehboob Studio
943,LM-002,469,6,Asiya Manor,Mehboob Studio
944,LM-002,469,6,Avalon,Mehboob Studio
945,LM-002,469,6,Avisa,Mehboob Studio
946,LM-002,469,6,BKC 28,Mehboob Studio
947,LM-002,469,6,Bajaj Diamond,Mehboob Studio
948,LM-002,469,6,Bajaj Onyx,Mehboob Studio
949,LM-002,469,6,Balmoral Hall,Mehboob Studio
950,LM-002,469,6,Bandra Breeze,Mehboob Studio
951,LM-002,469,6,Bandra Olympic,Mehboob Studio
952,LM-002,469,6,Basheera Residency,Mehboob Studio
953,LM-002,469,6,Bay View,Mehboob Studio
954,LM-002,469,6,Beach View,Mehboob Studio
955,LM-002,469,6,Beaupride,Mehboob Studio
956,LM-002,469,6,Belfer,Mehboob Studio
957,LM-002,469,6,Bella Rose,Mehboob Studio
958,LM-002,469,6,Bella Vista,Mehboob Studio
959,LM-002,469,6,Benezet,Mehboob Studio
960,LM-002,469,6,Bhagtani Amber,Mehboob Studio
961,LM-002,469,6,Bhagtani Apartment,Mehboob Studio
962,LM-002,469,6,Bindiya,Mehboob Studio
963,LM-002,469,6,Blue Bird,Mehboob Studio
964,LM-002,469,6,Blue Moon Apartment,Mehboob Studio
965,LM-002,469,6,Blue Rose,Mehboob Studio
966,LM-002,469,6,Bonny Casa,Mehboob Studio
967,LM-002,469,6,Brand New Apartment,Mehboob Studio
968,LM-002,469,6,Breezy Heights,Mehboob Studio
969,LM-002,469,6,Bright Land,Mehboob Studio
970,LM-002,469,6,Buena Vista,Mehboob Studio
971,LM-002,469,6,Bunglow,Mehboob Studio
972,LM-002,469,6,Cannon,Mehboob Studio
973,LM-002,469,6,Cannon Bldg,Mehboob Studio
974,LM-002,469,6,Capri Heights,Mehboob Studio
975,LM-002,469,6,Captain Villa,Mehboob Studio
976,LM-002,469,6,Carlton Court,Mehboob Studio
977,LM-002,469,6,Casa de Rosa,Mehboob Studio
978,LM-002,469,6,Cassias,Mehboob Studio
979,LM-002,469,6,Cenced,Mehboob Studio
980,LM-002,469,6,Chand Terraces,Mehboob Studio
981,LM-002,469,6,Char Dham,Mehboob Studio
982,LM-002,469,6,Chardham,Mehboob Studio
983,LM-002,469,6,Church View,Mehboob Studio
984,LM-002,469,6,Citizen Apartment,Mehboob Studio
985,LM-002,469,6,Classic Corner,Mehboob Studio
986,LM-002,469,6,Clefepete,Mehboob Studio
987,LM-002,469,6,Concrete Heritage,Mehboob Studio
988,LM-002,469,6,Convent View,Mehboob Studio
989,LM-002,469,6,Coral,Mehboob Studio
990,LM-002,469,6,Corner View,Mehboob Studio
991,LM-002,469,6,Cosmopolitan,Mehboob Studio
992,LM-002,469,6,Cozy Home,Mehboob Studio
993,LM-002,469,6,Crescent,Mehboob Studio
994,LM-002,469,6,Crown Palace,Mehboob Studio
995,LM-002,469,6,Dandelion,Mehboob Studio
996,LM-002,469,6,Dango House,Mehboob Studio
997,LM-002,469,6,Dattani Palace,Mehboob Studio
998,LM-002,469,6,Deccan Court,Mehboob Studio
999,LM-002,469,6,Deepak Silverene,Mehboob Studio
1000,LM-002,469,6,Deepali,Mehboob Studio
1001,LM-002,469,6,Deepika,Mehboob Studio
1002,LM-002,469,6,Devansh Villa,Mehboob Studio
1003,LM-002,469,6,Dharamjyot,Mehboob Studio
1004,LM-002,469,6,Dheeraj Aashna,Mehboob Studio
1005,LM-002,469,6,Dheeraj Arcade,Mehboob Studio
1006,LM-002,469,6,Dheeraj Devika,Mehboob Studio
1007,LM-002,469,6,Dheeraj Dhan,Mehboob Studio
1008,LM-002,469,6,Dheeraj Plaza,Mehboob Studio
1009,LM-002,469,6,Dheeraj Sneh,Mehboob Studio
1010,LM-002,469,6,Dhiraj Devika,Mehboob Studio
1011,LM-002,469,6,Diamond Palace,Mehboob Studio
1012,LM-002,469,6,Dinaco Kiran,Mehboob Studio
1013,LM-002,469,6,Dom Lucia,Mehboob Studio
1014,LM-002,469,6,Duarte Haven,Mehboob Studio
1015,LM-002,469,6,Dunhill,Mehboob Studio
1016,LM-002,469,6,Ebenezer,Mehboob Studio
1017,LM-002,469,6,Ebony,Mehboob Studio
1018,LM-002,469,6,Ekta Elite,Mehboob Studio
1019,LM-002,469,6,Ekta World WestBay,Mehboob Studio
1020,LM-002,469,6,Elcid Apartment,Mehboob Studio
1021,LM-002,469,6,Elco Arcade,Mehboob Studio
1022,LM-002,469,6,Elco Residency,Mehboob Studio
1023,LM-002,469,6,Elfreda,Mehboob Studio
1024,LM-002,469,6,Elron Garden,Mehboob Studio
1025,LM-002,469,6,Emerald CHS,Mehboob Studio
1026,LM-002,469,6,Emily,Mehboob Studio
1027,LM-002,469,6,Erlyn,Mehboob Studio
1028,LM-002,469,6,Esperanza,Mehboob Studio
1029,LM-002,469,6,Estrella,Mehboob Studio
1030,LM-002,469,6,Evergreen,Mehboob Studio
1031,LM-002,469,6,Evergreen Turner,Mehboob Studio
1032,LM-002,469,6,Excella Apartment,Mehboob Studio
1033,LM-002,469,6,Fatima Villa,Mehboob Studio
1034,LM-002,469,6,Felicia,Mehboob Studio
1035,LM-002,469,6,Flushel Apartment,Mehboob Studio
1036,LM-002,469,6,Fortune Crown,Mehboob Studio
1037,LM-002,469,6,Fortune Heritage,Mehboob Studio
1038,LM-002,469,6,Francdel,Mehboob Studio
1039,LM-002,469,6,Francesca,Mehboob Studio
1040,LM-002,469,6,Gasper Enclave,Mehboob Studio
1041,LM-002,469,6,Georgina Apartment,Mehboob Studio
1042,LM-002,469,6,Gilder Villa,Mehboob Studio
1043,LM-002,469,6,Gods Gift,Mehboob Studio
1044,LM-002,469,6,Golden Palace,Mehboob Studio
1045,LM-002,469,6,Golden Rock,Mehboob Studio
1046,LM-002,469,6,Gopal Mansion,Mehboob Studio
1047,LM-002,469,6,Grace Heritage,Mehboob Studio
1048,LM-002,469,6,Grace Residency,Mehboob Studio
1049,LM-002,469,6,Grand Bay,Mehboob Studio
1050,LM-002,469,6,Grand Bella Vista,Mehboob Studio
1051,LM-002,469,6,Grand Paradise,Mehboob Studio
1052,LM-002,469,6,Guldev Sagar,Mehboob Studio
1053,LM-002,469,6,Gulmohar,Mehboob Studio
1054,LM-002,469,6,Gurudev Bhavan,Mehboob Studio
1055,LM-002,469,6,Gurukrupa Marque,Mehboob Studio
1056,LM-002,469,6,H and M Tower,Mehboob Studio
1057,LM-002,469,6,HandM Tower,Mehboob Studio
1058,LM-002,469,6,Happy Home,Mehboob Studio
1059,LM-002,469,6,Hardik Villa,Mehboob Studio
1060,LM-002,469,6,Harmony,Mehboob Studio
1061,LM-002,469,6,Heritage,Mehboob Studio
1062,LM-002,469,6,Hicons Residency,Mehboob Studio
1063,LM-002,469,6,Highland,Mehboob Studio
1064,LM-002,469,6,Hill Post,Mehboob Studio
1065,LM-002,469,6,Hill Road Society,Mehboob Studio
1066,LM-002,469,6,Hill Top,Mehboob Studio
1067,LM-002,469,6,Hill View,Mehboob Studio
1068,LM-002,469,6,Hill View Bldg,Mehboob Studio
1069,LM-002,469,6,Hillary Apartments,Mehboob Studio
1070,LM-002,469,6,Hilton Apartment,Mehboob Studio
1071,LM-002,469,6,Hiranandani Bay Heights,Mehboob Studio
1072,LM-002,469,6,Honeycomb,Mehboob Studio
1073,LM-002,469,6,Ideal Manohar,Mehboob Studio
1074,LM-002,469,6,Ideal Manohar Chs Ltd,Mehboob Studio
1075,LM-002,469,6,Identity,Mehboob Studio
1076,LM-002,469,6,Imperial Heights,Mehboob Studio
1077,LM-002,469,6,Island Heights CHS,Mehboob Studio
1078,LM-002,469,6,Jackers,Mehboob Studio
1079,LM-002,469,6,Jeevan,Mehboob Studio
1080,LM-002,469,6,Jercelle,Mehboob Studio
1081,LM-002,469,6,Jewel Milan,Mehboob Studio
1082,LM-002,469,6,Jolly Friends,Mehboob Studio
1083,LM-002,469,6,Jolly Highrise,Mehboob Studio
1084,LM-002,469,6,Josephine,Mehboob Studio
1085,LM-002,469,6,Joy Apartment,Mehboob Studio
1086,LM-002,469,6,Joy Legend,Mehboob Studio
1087,LM-002,469,6,Joy Palace,Mehboob Studio
1088,LM-002,469,6,June Blossom,Mehboob Studio
1089,LM-002,469,6,K L Astoria,Mehboob Studio
1090,LM-002,469,6,Kailash Enclave,Mehboob Studio
1091,LM-002,469,6,Kakad Apartment,Mehboob Studio
1092,LM-002,469,6,Kakad Bhavan,Mehboob Studio
1093,LM-002,469,6,Kakad Heights,Mehboob Studio
1094,LM-002,469,6,Kakad Imperial,Mehboob Studio
1095,LM-002,469,6,Kalash,Mehboob Studio
1096,LM-002,469,6,Kalpak Height,Mehboob Studio
1097,LM-002,469,6,Kalpak Optimus,Mehboob Studio
1098,LM-002,469,6,Kalpana,Mehboob Studio
1099,LM-002,469,6,Kalpataru Nakshatra,Mehboob Studio
1100,LM-002,469,6,Kamal Pushpa,Mehboob Studio
1101,LM-002,469,6,Kanchan,Mehboob Studio
1102,LM-002,469,6,Kankia Paris,Mehboob Studio
1103,LM-002,469,6,Kanti Apartment,Mehboob Studio
1104,LM-002,469,6,Kiara Apartment,Mehboob Studio
1105,LM-002,469,6,Kishan Abode,Mehboob Studio
1106,LM-002,469,6,Kismat,Mehboob Studio
1107,LM-002,469,6,Konark Classic,Mehboob Studio
1108,LM-002,469,6,Kripa Allure,Mehboob Studio
1109,LM-002,469,6,Kripa Vue,Mehboob Studio
1110,LM-002,469,6,Krishna Kutir,Mehboob Studio
1111,LM-002,469,6,LA Fleur,Mehboob Studio
1112,LM-002,469,6,La Roche,Mehboob Studio
1113,LM-002,469,6,Labbaik House,Mehboob Studio
1114,LM-002,469,6,Ladhani Legacy,Mehboob Studio
1115,LM-002,469,6,Lake View,Mehboob Studio
1116,LM-002,469,6,Lakhani Signature,Mehboob Studio
1117,LM-002,469,6,Lalani Aura,Mehboob Studio
1118,LM-002,469,6,Lamours,Mehboob Studio
1119,LM-002,469,6,Land Breeze,Mehboob Studio
1120,LM-002,469,6,Laxmi Chs,Mehboob Studio
1121,LM-002,469,6,Legacy,Mehboob Studio
1122,LM-002,469,6,Legend,Mehboob Studio
1123,LM-002,469,6,Libra Tower,Mehboob Studio
1124,LM-002,469,6,Lilian Heights,Mehboob Studio
1125,LM-002,469,6,Lily Apartment,Mehboob Studio
1126,LM-002,469,6,Link Side,Mehboob Studio
1127,LM-002,469,6,Little Flower,Mehboob Studio
1128,LM-002,469,6,Lou Paul,Mehboob Studio
1129,LM-002,469,6,Lubina,Mehboob Studio
1130,LM-002,469,6,M. B Tower,Mehboob Studio
1131,LM-002,469,6,Makhija Chambers,Mehboob Studio
1132,LM-002,469,6,Man Dune,Mehboob Studio
1133,LM-002,469,6,Man Dunes,Mehboob Studio
1134,LM-002,469,6,Mangal Darshan,Mehboob Studio
1135,LM-002,469,6,Mangal Kunj,Mehboob Studio
1136,LM-002,469,6,Manju Mahal,Mehboob Studio
1137,LM-002,469,6,Manthan Embassy,Mehboob Studio
1138,LM-002,469,6,Maqba Heights,Mehboob Studio
1139,LM-002,469,6,Marble Arch,Mehboob Studio
1140,LM-002,469,6,Maria bunglow,Mehboob Studio
1141,LM-002,469,6,Marian House,Mehboob Studio
1142,LM-002,469,6,Marina,Mehboob Studio
1143,LM-002,469,6,Marinette,Mehboob Studio
1144,LM-002,469,6,Mayfair Muse,Mehboob Studio
1145,LM-002,469,6,Mayfair Serene,Mehboob Studio
1146,LM-002,469,6,Mayqueen,Mehboob Studio
1147,LM-002,469,6,Metropolitan,Mehboob Studio
1148,LM-002,469,6,Mohini Castle,Mehboob Studio
1149,LM-002,469,6,Mon Desire,Mehboob Studio
1150,LM-002,469,6,Mon Repos,Mehboob Studio
1151,LM-002,469,6,Mona Lisa,Mehboob Studio
1152,LM-002,469,6,Monalisa,Mehboob Studio
1153,LM-002,469,6,Moon Craft,Mehboob Studio
1154,LM-002,469,6,Mooring,Mehboob Studio
1155,LM-002,469,6,Morning Star,Mehboob Studio
1156,LM-002,469,6,Moru Mahal,Mehboob Studio
1157,LM-002,469,6,Morya Regency,Mehboob Studio
1158,LM-002,469,6,Moti Mahal,Mehboob Studio
1159,LM-002,469,6,Moti Mahal Apex,Mehboob Studio
1160,LM-002,469,6,Mount Mary Apartment,Mehboob Studio
1161,LM-002,469,6,Mukut,Mehboob Studio
1162,LM-002,469,6,Narang Mantion,Mehboob Studio
1163,LM-002,469,6,Nav Palmyra,Mehboob Studio
1164,LM-002,469,6,Nav Sonarbala,Mehboob Studio
1165,LM-002,469,6,Navratan,Mehboob Studio
1166,LM-002,469,6,Navroze,Mehboob Studio
1167,LM-002,469,6,Nectar,Mehboob Studio
1168,LM-002,469,6,Neelam,Mehboob Studio
1169,LM-002,469,6,Neelamber,Mehboob Studio
1170,LM-002,469,6,New Apsara,Mehboob Studio
1171,LM-002,469,6,New Garden View,Mehboob Studio
1172,LM-002,469,6,New Imperial Plaza,Mehboob Studio
1173,LM-002,469,6,New Jaldarshan,Mehboob Studio
1174,LM-002,469,6,New Milan,Mehboob Studio
1175,LM-002,469,6,New Silver Home,Mehboob Studio
1176,LM-002,469,6,New Stock Alert,Mehboob Studio
1177,LM-002,469,6,Next Avenue,Mehboob Studio
1178,LM-002,469,6,Nibbana,Mehboob Studio
1179,LM-002,469,6,Nibbana Annex,Mehboob Studio
1180,LM-002,469,6,Nikita Enclave,Mehboob Studio
1181,LM-002,469,6,Nirvana Apartment,Mehboob Studio
1182,LM-002,469,6,Notan Casa,Mehboob Studio
1183,LM-002,469,6,Notan Heights,Mehboob Studio
1184,LM-002,469,6,Nutan Nagar Society,Mehboob Studio
1185,LM-002,469,6,Om Palace,Mehboob Studio
1186,LM-002,469,6,Orchard Palace,Mehboob Studio
1187,LM-002,469,6,Orizzonte,Mehboob Studio
1188,LM-002,469,6,Orva,Mehboob Studio
1189,LM-002,469,6,Oxford,Mehboob Studio
1190,LM-002,469,6,Palacio,Mehboob Studio
1191,LM-002,469,6,Pali Hill Apartment,Mehboob Studio
1192,LM-002,469,6,Pali Hill Niketan,Mehboob Studio
1193,LM-002,469,6,Pali Palms,Mehboob Studio
1194,LM-002,469,6,Palmera,Mehboob Studio
1195,LM-002,469,6,Panchratan,Mehboob Studio
1196,LM-002,469,6,Panju Mahal,Mehboob Studio
1197,LM-002,469,6,Parijat,Mehboob Studio
1198,LM-002,469,6,Park Reach,Mehboob Studio
1199,LM-002,469,6,Passion Flower,Mehboob Studio
1200,LM-002,469,6,Peridot Apartment,Mehboob Studio
1201,LM-002,469,6,Pinnacle Gold,Mehboob Studio
1202,LM-002,469,6,Platinum,Mehboob Studio
1203,LM-002,469,6,Pleasant Park,Mehboob Studio
1204,LM-002,469,6,Pooja,Mehboob Studio
1205,LM-002,469,6,Prem Ghar,Mehboob Studio
1206,LM-002,469,6,Prem Mayurasan,Mehboob Studio
1207,LM-002,469,6,Prem Milan,Mehboob Studio
1208,LM-002,469,6,Presidential,Mehboob Studio
1209,LM-002,469,6,Prisca,Mehboob Studio
1210,LM-002,469,6,Puja,Mehboob Studio
1211,LM-002,469,6,Pushpa Vihar,Mehboob Studio
1212,LM-002,469,6,Queen,Mehboob Studio
1213,LM-002,469,6,Queens Apartment,Mehboob Studio
1214,LM-002,469,6,Qureshi Heights,Mehboob Studio
1215,LM-002,469,6,Raheja Avisa,Mehboob Studio
1216,LM-002,469,6,Raheja Bay,Mehboob Studio
1217,LM-002,469,6,Raheja Sunkist,Mehboob Studio
1218,LM-002,469,6,Rang Mahal,Mehboob Studio
1219,LM-002,469,6,Ratnagiri Apartment,Mehboob Studio
1220,LM-002,469,6,Ravi Darshan,Mehboob Studio
1221,LM-002,469,6,Reminess,Mehboob Studio
1222,LM-002,469,6,Rendezvous,Mehboob Studio
1223,LM-002,469,6,Residency,Mehboob Studio
1224,LM-002,469,6,Richoux,Mehboob Studio
1225,LM-002,469,6,Rizvi Chambers,Mehboob Studio
1226,LM-002,469,6,Rizvi Mahal,Mehboob Studio
1227,LM-002,469,6,Rocky Hill,Mehboob Studio
1228,LM-002,469,6,Royal Crest,Mehboob Studio
1229,LM-002,469,6,Rustomjee Orva,Mehboob Studio
1230,LM-002,469,6,Rustomjee Parishram,Mehboob Studio
1231,LM-002,469,6,Saba Heritage,Mehboob Studio
1232,LM-002,469,6,Sabian,Mehboob Studio
1233,LM-002,469,6,Sagar Apartments,Mehboob Studio
1234,LM-002,469,6,Sagar Fortune,Mehboob Studio
1235,LM-002,469,6,Sagar Resham,Mehboob Studio
1236,LM-002,469,6,Sagar Sangam,Mehboob Studio
1237,LM-002,469,6,Samarpan,Mehboob Studio
1238,LM-002,469,6,Samrat,Mehboob Studio
1239,LM-002,469,6,Sandhu Palace,Mehboob Studio
1240,LM-002,469,6,Saquib,Mehboob Studio
1241,LM-002,469,6,Sarita,Mehboob Studio
1242,LM-002,469,6,Sarita Apartments,Mehboob Studio
1243,LM-002,469,6,Satguru Rendezvous,Mehboob Studio
1244,LM-002,469,6,Satguru Sharan,Mehboob Studio
1245,LM-002,469,6,Satguru Shlok,Mehboob Studio
1246,LM-002,469,6,Satguru Shristi,Mehboob Studio
1247,LM-002,469,6,Satnam,Mehboob Studio
1248,LM-002,469,6,Savijay,Mehboob Studio
1249,LM-002,469,6,Savita Chhaya,Mehboob Studio
1250,LM-002,469,6,Sayba Emerald,Mehboob Studio
1251,LM-002,469,6,Sea Beach View,Mehboob Studio
1252,LM-002,469,6,Sea Bird,Mehboob Studio
1253,LM-002,469,6,Sea Breeze,Mehboob Studio
1254,LM-002,469,6,Seema Apartments,Mehboob Studio
1255,LM-002,469,6,Seep,Mehboob Studio
1256,LM-002,469,6,Seeta Geeta,Mehboob Studio
1257,LM-002,469,6,Shadaab Tower,Mehboob Studio
1258,LM-002,469,6,Shale Rock,Mehboob Studio
1259,LM-002,469,6,Shamiana Apartments,Mehboob Studio
1260,LM-002,469,6,Shams Palace,Mehboob Studio
1261,LM-002,469,6,Shangrila,Mehboob Studio
1262,LM-002,469,6,Shanti Sadan,Mehboob Studio
1263,LM-002,469,6,Sharan,Mehboob Studio
1264,LM-002,469,6,Shehnaz,Mehboob Studio
1265,LM-002,469,6,Sherly Queen,Mehboob Studio
1266,LM-002,469,6,Shiv Asthan Heights Apartment,Mehboob Studio
1267,LM-002,469,6,Shiv Darshan,Mehboob Studio
1268,LM-002,469,6,Shree Prasad House,Mehboob Studio
1269,LM-002,469,6,Silver Cascade,Mehboob Studio
1270,LM-002,469,6,Silver Palace,Mehboob Studio
1271,LM-002,469,6,Silver Rock,Mehboob Studio
1272,LM-002,469,6,Silverene Apartments,Mehboob Studio
1273,LM-002,469,6,Simar Tara,Mehboob Studio
1274,LM-002,469,6,Singer Wood,Mehboob Studio
1275,LM-002,469,6,Skylark,Mehboob Studio
1276,LM-002,469,6,Skyper Tower,Mehboob Studio
1277,LM-002,469,6,Snehal Apartments,Mehboob Studio
1278,LM-002,469,6,Solitaire,Mehboob Studio
1279,LM-002,469,6,Solitaire Apartments,Mehboob Studio
1280,LM-002,469,6,Solomon Apartment,Mehboob Studio
1281,LM-002,469,6,Somerset Apartments,Mehboob Studio
1282,LM-002,469,6,Sona Villa,Mehboob Studio
1283,LM-002,469,6,Sony Apartments,Mehboob Studio
1284,LM-002,469,6,Spencer,Mehboob Studio
1285,LM-002,469,6,Square Mall,Mehboob Studio
1286,LM-002,469,6,Steesha,Mehboob Studio
1287,LM-002,469,6,Sterling Diamond,Mehboob Studio
1288,LM-002,469,6,Stone Arch,Mehboob Studio
1289,LM-002,469,6,Suman,Mehboob Studio
1290,LM-002,469,6,Summer Queen,Mehboob Studio
1291,LM-002,469,6,Summer Ville,Mehboob Studio
1292,LM-002,469,6,Sunbeam Apartment,Mehboob Studio
1293,LM-002,469,6,Sunita,Mehboob Studio
1294,LM-002,469,6,Sunkist,Mehboob Studio
1295,LM-002,469,6,Sunny Side,Mehboob Studio
1296,LM-002,469,6,Sunny Side APT,Mehboob Studio
1297,LM-002,469,6,Sunset heights,Mehboob Studio
1298,LM-002,469,6,Supreme Headquarters,Mehboob Studio
1299,LM-002,469,6,Sweet Home,Mehboob Studio
1300,LM-002,469,6,Chitrapur CHS,Mehboob Studio
1301,LM-002,469,6,Moorings,Mehboob Studio
1302,LM-002,469,6,One,Mehboob Studio
1303,LM-002,469,6,Waterfront,Mehboob Studio
1304,LM-002,469,6,Therese,Mehboob Studio
1305,LM-002,469,6,Therese Ville Dawn,Mehboob Studio
1306,LM-002,469,6,Tribeca,Mehboob Studio
1307,LM-002,469,6,Tulip,Mehboob Studio
1308,LM-002,469,6,Turner House,Mehboob Studio
1309,LM-002,469,6,Tuscany Apartment,Mehboob Studio
1310,LM-002,469,6,Two Roses,Mehboob Studio
1311,LM-002,469,6,Union Park Ideal,Mehboob Studio
1312,LM-002,469,6,Uttam Niwas,Mehboob Studio
1313,LM-002,469,6,Vaikunth,Mehboob Studio
1314,LM-002,469,6,Varde Villa,Mehboob Studio
1315,LM-002,469,6,Varun,Mehboob Studio
1316,LM-002,469,6,Vasukamal,Mehboob Studio
1317,LM-002,469,6,Vasvani 36 AB,Mehboob Studio
1318,LM-002,469,6,Victoria House,Mehboob Studio
1319,LM-002,469,6,Videocon Icon,Mehboob Studio
1320,LM-002,469,6,Videocon Sumukh,Mehboob Studio
1321,LM-002,469,6,Villa Rosa,Mehboob Studio
1322,LM-002,469,6,Vinayak Heights,Mehboob Studio
1323,LM-002,469,6,Vintage Pearl,Mehboob Studio
1324,LM-002,469,6,Vrindavan,Mehboob Studio
1325,LM-002,469,6,Waheeda,Mehboob Studio
1326,LM-002,469,6,Warden,Mehboob Studio
1327,LM-002,469,6,Warden Bldg,Mehboob Studio
1328,LM-002,469,6,Waroda Apartments,Mehboob Studio
1329,LM-002,469,6,Water Queen,Mehboob Studio
1330,LM-002,469,6,West Bay Apartments,Mehboob Studio
1331,LM-002,469,6,West Coast Apartment,Mehboob Studio
1332,LM-002,469,6,West Side,Mehboob Studio
1333,LM-002,469,6,Whispering Heights,Mehboob Studio
1334,LM-002,469,6,White Rose,Mehboob Studio
1335,LM-002,469,6,Willadel,Mehboob Studio
1336,LM-002,469,6,Willow Shades,Mehboob Studio
1337,LM-002,469,6,Windermere,Mehboob Studio
1338,LM-002,469,6,Wits End,Mehboob Studio
1339,LM-002,469,6,Woodland Heights,Mehboob Studio
1340,LM-002,469,6,Yasmin Villa,Mehboob Studio
1341,LM-002,469,6,Zeba Corner,Mehboob Studio
1342,LM-002,469,6,Zest,Mehboob Studio
840,LM-005,477,6,Aquarius Tower,Linking Road
841,LM-005,477,6,Bandstand Apartment,Linking Road
842,LM-005,477,6,Continental Tower,Linking Road
843,LM-005,477,6,Crystal Plaza,Linking Road
844,LM-005,477,6,DLH Signature,Linking Road
845,LM-005,477,6,Dakshin Pali,Linking Road
846,LM-005,477,6,Deeraj Devika,Linking Road
847,LM-005,477,6,Dheeraj Swapna,Linking Road
848,LM-005,477,6,Ekta Everglades,Linking Road
849,LM-005,477,6,Elisha Apartment,Linking Road
850,LM-005,477,6,Eternity,Linking Road
851,LM-005,477,6,Fortune Heights,Linking Road
852,LM-005,477,6,G Block,Linking Road
853,LM-005,477,6,Hicon Classes,Linking Road
854,LM-005,477,6,Hicon Residency,Linking Road
855,LM-005,477,6,Joanna Villa,Linking Road
856,LM-005,477,6,Le Reve,Linking Road
857,LM-005,477,6,Little Hut,Linking Road
858,LM-005,477,6,Makhija Arcade,Linking Road
859,LM-005,477,6,Mantri Sujata,Linking Road
860,LM-005,477,6,Matai Mansion,Linking Road
861,LM-005,477,6,Notan Chambers,Linking Road
862,LM-005,477,6,Pacific Heights,Linking Road
863,LM-005,477,6,Regiland,Linking Road
864,LM-005,477,6,Roha Orion,Linking Road
865,LM-005,477,6,Rustomjee Seasons,Linking Road
866,LM-005,477,6,Sagar Kiran,Linking Road
867,LM-005,477,6,Sahana Enclave,Linking Road
868,LM-005,477,6,Satguru Paman,Linking Road
869,LM-005,477,6,Signature Lakhani,Linking Road
870,LM-005,477,6,Sumukh,Linking Road
871,LM-005,477,6,Supreme Residency,Linking Road
3769,LM-058,478,6,Hiranya CHS,Shivaji Park
872,LM-013,493,6,INS Tower,NSE (National Stock Exchange)
3173,LM-028,514,6,Kakad House,Wankhede Stadium
4318,LM-032,518,6,Lila Apartment,Versova Beach
4319,LM-032,518,6,Mangal Orchid,Versova Beach
4320,LM-032,518,6,Pearl Heights,Versova Beach
1651,LM-033,520,7,Cosmos Plaza,Lokhandwala Complex
1457,LM-020,535,7,Akash Ganga,Pedder Road
1458,LM-020,535,7,Apartment FOR LandL,Pedder Road
1459,LM-020,535,7,Aqua Marine,Pedder Road
1460,LM-020,535,7,Belle View,Pedder Road
1461,LM-020,535,7,Breach Candy 1.5,Pedder Road
1462,LM-020,535,7,Breach Candy Apartment,Pedder Road
1463,LM-020,535,7,Breach Candy Gardens,Pedder Road
1464,LM-020,535,7,Breach Candy House,Pedder Road
1465,LM-020,535,7,Coolshanagh,Pedder Road
1466,LM-020,535,7,Firpos,Pedder Road
1467,LM-020,535,7,Geeta Bhavan,Pedder Road
1468,LM-020,535,7,Gold Cornet,Pedder Road
1469,LM-020,535,7,Goolestan,Pedder Road
1470,LM-020,535,7,Kala Niketan,Pedder Road
1471,LM-020,535,7,Laxmi Mahal,Pedder Road
1472,LM-020,535,7,Mazda Apartment,Pedder Road
1473,LM-020,535,7,Mohan House,Pedder Road
1474,LM-020,535,7,Munira Gandhi,Pedder Road
1475,LM-020,535,7,Nanik Niwas,Pedder Road
1476,LM-020,535,7,Ocean Crest,Pedder Road
1477,LM-020,535,7,Ocean View Annexe,Pedder Road
1478,LM-020,535,7,Oceanic,Pedder Road
1479,LM-020,535,7,Palacimo,Pedder Road
1480,LM-020,535,7,Peacock Palace Apartment,Pedder Road
1481,LM-020,535,7,Petit Tower,Pedder Road
1482,LM-020,535,7,Prabhat,Pedder Road
1483,LM-020,535,7,Pushpa Milan,Pedder Road
1484,LM-020,535,7,Rasik Niwas At Girgaon Chowpatty,Pedder Road
1485,LM-020,535,7,Sagar Darshan,Pedder Road
1486,LM-020,535,7,Sagar Tarang,Pedder Road
1487,LM-020,535,7,Sangeet Sarita,Pedder Road
1488,LM-020,535,7,Sarnath,Pedder Road
1489,LM-020,535,7,Shankar Sagar,Pedder Road
1490,LM-020,535,7,Shanker Sagar,Pedder Road
1491,LM-020,535,7,Shyam Niwas,Pedder Road
1492,LM-020,535,7,Skyscraper,Pedder Road
1493,LM-020,535,7,Somerset House,Pedder Road
1494,LM-020,535,7,Sputnik,Pedder Road
1495,LM-020,535,7,Sunshine Apartment,Pedder Road
1496,LM-020,535,7,Suraj Millenium,Pedder Road
1497,LM-020,535,7,Tirupati Apartment,Pedder Road
1498,LM-020,535,7,Waves,Pedder Road
927,LM-001,545,7,30 Union Park,Mount Mary Church
928,LM-001,545,7,81 Aureate,Mount Mary Church
929,LM-001,545,7,ALJ Residency,Mount Mary Church
930,LM-001,545,7,AVD Residencia,Mount Mary Church
931,LM-001,545,7,Aashiyana,Mount Mary Church
932,LM-001,545,7,Aashna Apartments,Mount Mary Church
933,LM-001,545,7,Allied,Mount Mary Church
934,LM-001,545,7,Almeida Park,Mount Mary Church
935,LM-001,545,7,Amin Alturas,Mount Mary Church
936,LM-001,545,7,Amrit,Mount Mary Church
937,LM-001,545,7,Anand Sagar,Mount Mary Church
938,LM-001,545,7,Ananta,Mount Mary Church
939,LM-001,545,7,Anchorage,Mount Mary Church
940,LM-001,545,7,Apsara,Mount Mary Church
941,LM-001,545,7,Ashiana,Mount Mary Church
942,LM-001,545,7,Ashtavinayak,Mount Mary Church
943,LM-001,545,7,Asiya Manor,Mount Mary Church
944,LM-001,545,7,Avalon,Mount Mary Church
945,LM-001,545,7,Avisa,Mount Mary Church
946,LM-001,545,7,BKC 28,Mount Mary Church
947,LM-001,545,7,Bajaj Diamond,Mount Mary Church
948,LM-001,545,7,Bajaj Onyx,Mount Mary Church
949,LM-001,545,7,Balmoral Hall,Mount Mary Church
950,LM-001,545,7,Bandra Breeze,Mount Mary Church
951,LM-001,545,7,Bandra Olympic,Mount Mary Church
952,LM-001,545,7,Basheera Residency,Mount Mary Church
953,LM-001,545,7,Bay View,Mount Mary Church
954,LM-001,545,7,Beach View,Mount Mary Church
955,LM-001,545,7,Beaupride,Mount Mary Church
956,LM-001,545,7,Belfer,Mount Mary Church
957,LM-001,545,7,Bella Rose,Mount Mary Church
958,LM-001,545,7,Bella Vista,Mount Mary Church
959,LM-001,545,7,Benezet,Mount Mary Church
960,LM-001,545,7,Bhagtani Amber,Mount Mary Church
961,LM-001,545,7,Bhagtani Apartment,Mount Mary Church
962,LM-001,545,7,Bindiya,Mount Mary Church
963,LM-001,545,7,Blue Bird,Mount Mary Church
964,LM-001,545,7,Blue Moon Apartment,Mount Mary Church
965,LM-001,545,7,Blue Rose,Mount Mary Church
966,LM-001,545,7,Bonny Casa,Mount Mary Church
967,LM-001,545,7,Brand New Apartment,Mount Mary Church
968,LM-001,545,7,Breezy Heights,Mount Mary Church
969,LM-001,545,7,Bright Land,Mount Mary Church
970,LM-001,545,7,Buena Vista,Mount Mary Church
971,LM-001,545,7,Bunglow,Mount Mary Church
972,LM-001,545,7,Cannon,Mount Mary Church
973,LM-001,545,7,Cannon Bldg,Mount Mary Church
974,LM-001,545,7,Capri Heights,Mount Mary Church
975,LM-001,545,7,Captain Villa,Mount Mary Church
976,LM-001,545,7,Carlton Court,Mount Mary Church
977,LM-001,545,7,Casa de Rosa,Mount Mary Church
978,LM-001,545,7,Cassias,Mount Mary Church
979,LM-001,545,7,Cenced,Mount Mary Church
980,LM-001,545,7,Chand Terraces,Mount Mary Church
981,LM-001,545,7,Char Dham,Mount Mary Church
982,LM-001,545,7,Chardham,Mount Mary Church
983,LM-001,545,7,Church View,Mount Mary Church
984,LM-001,545,7,Citizen Apartment,Mount Mary Church
985,LM-001,545,7,Classic Corner,Mount Mary Church
986,LM-001,545,7,Clefepete,Mount Mary Church
987,LM-001,545,7,Concrete Heritage,Mount Mary Church
988,LM-001,545,7,Convent View,Mount Mary Church
989,LM-001,545,7,Coral,Mount Mary Church
990,LM-001,545,7,Corner View,Mount Mary Church
991,LM-001,545,7,Cosmopolitan,Mount Mary Church
992,LM-001,545,7,Cozy Home,Mount Mary Church
993,LM-001,545,7,Crescent,Mount Mary Church
994,LM-001,545,7,Crown Palace,Mount Mary Church
995,LM-001,545,7,Dandelion,Mount Mary Church
996,LM-001,545,7,Dango House,Mount Mary Church
997,LM-001,545,7,Dattani Palace,Mount Mary Church
998,LM-001,545,7,Deccan Court,Mount Mary Church
999,LM-001,545,7,Deepak Silverene,Mount Mary Church
1000,LM-001,545,7,Deepali,Mount Mary Church
1001,LM-001,545,7,Deepika,Mount Mary Church
1002,LM-001,545,7,Devansh Villa,Mount Mary Church
1003,LM-001,545,7,Dharamjyot,Mount Mary Church
1004,LM-001,545,7,Dheeraj Aashna,Mount Mary Church
1005,LM-001,545,7,Dheeraj Arcade,Mount Mary Church
1006,LM-001,545,7,Dheeraj Devika,Mount Mary Church
1007,LM-001,545,7,Dheeraj Dhan,Mount Mary Church
1008,LM-001,545,7,Dheeraj Plaza,Mount Mary Church
1009,LM-001,545,7,Dheeraj Sneh,Mount Mary Church
1010,LM-001,545,7,Dhiraj Devika,Mount Mary Church
1011,LM-001,545,7,Diamond Palace,Mount Mary Church
1012,LM-001,545,7,Dinaco Kiran,Mount Mary Church
1013,LM-001,545,7,Dom Lucia,Mount Mary Church
1014,LM-001,545,7,Duarte Haven,Mount Mary Church
1015,LM-001,545,7,Dunhill,Mount Mary Church
1016,LM-001,545,7,Ebenezer,Mount Mary Church
1017,LM-001,545,7,Ebony,Mount Mary Church
1018,LM-001,545,7,Ekta Elite,Mount Mary Church
1019,LM-001,545,7,Ekta World WestBay,Mount Mary Church
1020,LM-001,545,7,Elcid Apartment,Mount Mary Church
1021,LM-001,545,7,Elco Arcade,Mount Mary Church
1022,LM-001,545,7,Elco Residency,Mount Mary Church
1023,LM-001,545,7,Elfreda,Mount Mary Church
1024,LM-001,545,7,Elron Garden,Mount Mary Church
1025,LM-001,545,7,Emerald CHS,Mount Mary Church
1026,LM-001,545,7,Emily,Mount Mary Church
1027,LM-001,545,7,Erlyn,Mount Mary Church
1028,LM-001,545,7,Esperanza,Mount Mary Church
1029,LM-001,545,7,Estrella,Mount Mary Church
1030,LM-001,545,7,Evergreen,Mount Mary Church
1031,LM-001,545,7,Evergreen Turner,Mount Mary Church
1032,LM-001,545,7,Excella Apartment,Mount Mary Church
1033,LM-001,545,7,Fatima Villa,Mount Mary Church
1034,LM-001,545,7,Felicia,Mount Mary Church
1035,LM-001,545,7,Flushel Apartment,Mount Mary Church
1036,LM-001,545,7,Fortune Crown,Mount Mary Church
1037,LM-001,545,7,Fortune Heritage,Mount Mary Church
1038,LM-001,545,7,Francdel,Mount Mary Church
1039,LM-001,545,7,Francesca,Mount Mary Church
1040,LM-001,545,7,Gasper Enclave,Mount Mary Church
1041,LM-001,545,7,Georgina Apartment,Mount Mary Church
1042,LM-001,545,7,Gilder Villa,Mount Mary Church
1043,LM-001,545,7,Gods Gift,Mount Mary Church
1044,LM-001,545,7,Golden Palace,Mount Mary Church
1045,LM-001,545,7,Golden Rock,Mount Mary Church
1046,LM-001,545,7,Gopal Mansion,Mount Mary Church
1047,LM-001,545,7,Grace Heritage,Mount Mary Church
1048,LM-001,545,7,Grace Residency,Mount Mary Church
1049,LM-001,545,7,Grand Bay,Mount Mary Church
1050,LM-001,545,7,Grand Bella Vista,Mount Mary Church
1051,LM-001,545,7,Grand Paradise,Mount Mary Church
1052,LM-001,545,7,Guldev Sagar,Mount Mary Church
1053,LM-001,545,7,Gulmohar,Mount Mary Church
1054,LM-001,545,7,Gurudev Bhavan,Mount Mary Church
1055,LM-001,545,7,Gurukrupa Marque,Mount Mary Church
1056,LM-001,545,7,H and M Tower,Mount Mary Church
1057,LM-001,545,7,HandM Tower,Mount Mary Church
1058,LM-001,545,7,Happy Home,Mount Mary Church
1059,LM-001,545,7,Hardik Villa,Mount Mary Church
1060,LM-001,545,7,Harmony,Mount Mary Church
1061,LM-001,545,7,Heritage,Mount Mary Church
1062,LM-001,545,7,Hicons Residency,Mount Mary Church
1063,LM-001,545,7,Highland,Mount Mary Church
1064,LM-001,545,7,Hill Post,Mount Mary Church
1065,LM-001,545,7,Hill Road Society,Mount Mary Church
1066,LM-001,545,7,Hill Top,Mount Mary Church
1067,LM-001,545,7,Hill View,Mount Mary Church
1068,LM-001,545,7,Hill View Bldg,Mount Mary Church
1069,LM-001,545,7,Hillary Apartments,Mount Mary Church
1070,LM-001,545,7,Hilton Apartment,Mount Mary Church
1071,LM-001,545,7,Hiranandani Bay Heights,Mount Mary Church
1072,LM-001,545,7,Honeycomb,Mount Mary Church
1073,LM-001,545,7,Ideal Manohar,Mount Mary Church
1074,LM-001,545,7,Ideal Manohar Chs Ltd,Mount Mary Church
1075,LM-001,545,7,Identity,Mount Mary Church
1076,LM-001,545,7,Imperial Heights,Mount Mary Church
1077,LM-001,545,7,Island Heights CHS,Mount Mary Church
1078,LM-001,545,7,Jackers,Mount Mary Church
1079,LM-001,545,7,Jeevan,Mount Mary Church
1080,LM-001,545,7,Jercelle,Mount Mary Church
1081,LM-001,545,7,Jewel Milan,Mount Mary Church
1082,LM-001,545,7,Jolly Friends,Mount Mary Church
1083,LM-001,545,7,Jolly Highrise,Mount Mary Church
1084,LM-001,545,7,Josephine,Mount Mary Church
1085,LM-001,545,7,Joy Apartment,Mount Mary Church
1086,LM-001,545,7,Joy Legend,Mount Mary Church
1087,LM-001,545,7,Joy Palace,Mount Mary Church
1088,LM-001,545,7,June Blossom,Mount Mary Church
1089,LM-001,545,7,K L Astoria,Mount Mary Church
1090,LM-001,545,7,Kailash Enclave,Mount Mary Church
1091,LM-001,545,7,Kakad Apartment,Mount Mary Church
1092,LM-001,545,7,Kakad Bhavan,Mount Mary Church
1093,LM-001,545,7,Kakad Heights,Mount Mary Church
1094,LM-001,545,7,Kakad Imperial,Mount Mary Church
1095,LM-001,545,7,Kalash,Mount Mary Church
1096,LM-001,545,7,Kalpak Height,Mount Mary Church
1097,LM-001,545,7,Kalpak Optimus,Mount Mary Church
1098,LM-001,545,7,Kalpana,Mount Mary Church
1099,LM-001,545,7,Kalpataru Nakshatra,Mount Mary Church
1100,LM-001,545,7,Kamal Pushpa,Mount Mary Church
1101,LM-001,545,7,Kanchan,Mount Mary Church
1102,LM-001,545,7,Kankia Paris,Mount Mary Church
1103,LM-001,545,7,Kanti Apartment,Mount Mary Church
1104,LM-001,545,7,Kiara Apartment,Mount Mary Church
1105,LM-001,545,7,Kishan Abode,Mount Mary Church
1106,LM-001,545,7,Kismat,Mount Mary Church
1107,LM-001,545,7,Konark Classic,Mount Mary Church
1108,LM-001,545,7,Kripa Allure,Mount Mary Church
1109,LM-001,545,7,Kripa Vue,Mount Mary Church
1110,LM-001,545,7,Krishna Kutir,Mount Mary Church
1111,LM-001,545,7,LA Fleur,Mount Mary Church
1112,LM-001,545,7,La Roche,Mount Mary Church
1113,LM-001,545,7,Labbaik House,Mount Mary Church
1114,LM-001,545,7,Ladhani Legacy,Mount Mary Church
1115,LM-001,545,7,Lake View,Mount Mary Church
1116,LM-001,545,7,Lakhani Signature,Mount Mary Church
1117,LM-001,545,7,Lalani Aura,Mount Mary Church
1118,LM-001,545,7,Lamours,Mount Mary Church
1119,LM-001,545,7,Land Breeze,Mount Mary Church
1120,LM-001,545,7,Laxmi Chs,Mount Mary Church
1121,LM-001,545,7,Legacy,Mount Mary Church
1122,LM-001,545,7,Legend,Mount Mary Church
1123,LM-001,545,7,Libra Tower,Mount Mary Church
1124,LM-001,545,7,Lilian Heights,Mount Mary Church
1125,LM-001,545,7,Lily Apartment,Mount Mary Church
1126,LM-001,545,7,Link Side,Mount Mary Church
1127,LM-001,545,7,Little Flower,Mount Mary Church
1128,LM-001,545,7,Lou Paul,Mount Mary Church
1129,LM-001,545,7,Lubina,Mount Mary Church
1130,LM-001,545,7,M. B Tower,Mount Mary Church
1131,LM-001,545,7,Makhija Chambers,Mount Mary Church
1132,LM-001,545,7,Man Dune,Mount Mary Church
1133,LM-001,545,7,Man Dunes,Mount Mary Church
1134,LM-001,545,7,Mangal Darshan,Mount Mary Church
1135,LM-001,545,7,Mangal Kunj,Mount Mary Church
1136,LM-001,545,7,Manju Mahal,Mount Mary Church
1137,LM-001,545,7,Manthan Embassy,Mount Mary Church
1138,LM-001,545,7,Maqba Heights,Mount Mary Church
1139,LM-001,545,7,Marble Arch,Mount Mary Church
1140,LM-001,545,7,Maria bunglow,Mount Mary Church
1141,LM-001,545,7,Marian House,Mount Mary Church
1142,LM-001,545,7,Marina,Mount Mary Church
1143,LM-001,545,7,Marinette,Mount Mary Church
1144,LM-001,545,7,Mayfair Muse,Mount Mary Church
1145,LM-001,545,7,Mayfair Serene,Mount Mary Church
1146,LM-001,545,7,Mayqueen,Mount Mary Church
1147,LM-001,545,7,Metropolitan,Mount Mary Church
1148,LM-001,545,7,Mohini Castle,Mount Mary Church
1149,LM-001,545,7,Mon Desire,Mount Mary Church
1150,LM-001,545,7,Mon Repos,Mount Mary Church
1151,LM-001,545,7,Mona Lisa,Mount Mary Church
1152,LM-001,545,7,Monalisa,Mount Mary Church
1153,LM-001,545,7,Moon Craft,Mount Mary Church
1154,LM-001,545,7,Mooring,Mount Mary Church
1155,LM-001,545,7,Morning Star,Mount Mary Church
1156,LM-001,545,7,Moru Mahal,Mount Mary Church
1157,LM-001,545,7,Morya Regency,Mount Mary Church
1158,LM-001,545,7,Moti Mahal,Mount Mary Church
1159,LM-001,545,7,Moti Mahal Apex,Mount Mary Church
1160,LM-001,545,7,Mount Mary Apartment,Mount Mary Church
1161,LM-001,545,7,Mukut,Mount Mary Church
1162,LM-001,545,7,Narang Mantion,Mount Mary Church
1163,LM-001,545,7,Nav Palmyra,Mount Mary Church
1164,LM-001,545,7,Nav Sonarbala,Mount Mary Church
1165,LM-001,545,7,Navratan,Mount Mary Church
1166,LM-001,545,7,Navroze,Mount Mary Church
1167,LM-001,545,7,Nectar,Mount Mary Church
1168,LM-001,545,7,Neelam,Mount Mary Church
1169,LM-001,545,7,Neelamber,Mount Mary Church
1170,LM-001,545,7,New Apsara,Mount Mary Church
1171,LM-001,545,7,New Garden View,Mount Mary Church
1172,LM-001,545,7,New Imperial Plaza,Mount Mary Church
1173,LM-001,545,7,New Jaldarshan,Mount Mary Church
1174,LM-001,545,7,New Milan,Mount Mary Church
1175,LM-001,545,7,New Silver Home,Mount Mary Church
1176,LM-001,545,7,New Stock Alert,Mount Mary Church
1177,LM-001,545,7,Next Avenue,Mount Mary Church
1178,LM-001,545,7,Nibbana,Mount Mary Church
1179,LM-001,545,7,Nibbana Annex,Mount Mary Church
1180,LM-001,545,7,Nikita Enclave,Mount Mary Church
1181,LM-001,545,7,Nirvana Apartment,Mount Mary Church
1182,LM-001,545,7,Notan Casa,Mount Mary Church
1183,LM-001,545,7,Notan Heights,Mount Mary Church
1184,LM-001,545,7,Nutan Nagar Society,Mount Mary Church
1185,LM-001,545,7,Om Palace,Mount Mary Church
1186,LM-001,545,7,Orchard Palace,Mount Mary Church
1187,LM-001,545,7,Orizzonte,Mount Mary Church
1188,LM-001,545,7,Orva,Mount Mary Church
1189,LM-001,545,7,Oxford,Mount Mary Church
1190,LM-001,545,7,Palacio,Mount Mary Church
1191,LM-001,545,7,Pali Hill Apartment,Mount Mary Church
1192,LM-001,545,7,Pali Hill Niketan,Mount Mary Church
1193,LM-001,545,7,Pali Palms,Mount Mary Church
1194,LM-001,545,7,Palmera,Mount Mary Church
1195,LM-001,545,7,Panchratan,Mount Mary Church
1196,LM-001,545,7,Panju Mahal,Mount Mary Church
1197,LM-001,545,7,Parijat,Mount Mary Church
1198,LM-001,545,7,Park Reach,Mount Mary Church
1199,LM-001,545,7,Passion Flower,Mount Mary Church
1200,LM-001,545,7,Peridot Apartment,Mount Mary Church
1201,LM-001,545,7,Pinnacle Gold,Mount Mary Church
1202,LM-001,545,7,Platinum,Mount Mary Church
1203,LM-001,545,7,Pleasant Park,Mount Mary Church
1204,LM-001,545,7,Pooja,Mount Mary Church
1205,LM-001,545,7,Prem Ghar,Mount Mary Church
1206,LM-001,545,7,Prem Mayurasan,Mount Mary Church
1207,LM-001,545,7,Prem Milan,Mount Mary Church
1208,LM-001,545,7,Presidential,Mount Mary Church
1209,LM-001,545,7,Prisca,Mount Mary Church
1210,LM-001,545,7,Puja,Mount Mary Church
1211,LM-001,545,7,Pushpa Vihar,Mount Mary Church
1212,LM-001,545,7,Queen,Mount Mary Church
1213,LM-001,545,7,Queens Apartment,Mount Mary Church
1214,LM-001,545,7,Qureshi Heights,Mount Mary Church
1215,LM-001,545,7,Raheja Avisa,Mount Mary Church
1216,LM-001,545,7,Raheja Bay,Mount Mary Church
1217,LM-001,545,7,Raheja Sunkist,Mount Mary Church
1218,LM-001,545,7,Rang Mahal,Mount Mary Church
1219,LM-001,545,7,Ratnagiri Apartment,Mount Mary Church
1220,LM-001,545,7,Ravi Darshan,Mount Mary Church
1221,LM-001,545,7,Reminess,Mount Mary Church
1222,LM-001,545,7,Rendezvous,Mount Mary Church
1223,LM-001,545,7,Residency,Mount Mary Church
1224,LM-001,545,7,Richoux,Mount Mary Church
1225,LM-001,545,7,Rizvi Chambers,Mount Mary Church
1226,LM-001,545,7,Rizvi Mahal,Mount Mary Church
1227,LM-001,545,7,Rocky Hill,Mount Mary Church
1228,LM-001,545,7,Royal Crest,Mount Mary Church
1229,LM-001,545,7,Rustomjee Orva,Mount Mary Church
1230,LM-001,545,7,Rustomjee Parishram,Mount Mary Church
1231,LM-001,545,7,Saba Heritage,Mount Mary Church
1232,LM-001,545,7,Sabian,Mount Mary Church
1233,LM-001,545,7,Sagar Apartments,Mount Mary Church
1234,LM-001,545,7,Sagar Fortune,Mount Mary Church
1235,LM-001,545,7,Sagar Resham,Mount Mary Church
1236,LM-001,545,7,Sagar Sangam,Mount Mary Church
1237,LM-001,545,7,Samarpan,Mount Mary Church
1238,LM-001,545,7,Samrat,Mount Mary Church
1239,LM-001,545,7,Sandhu Palace,Mount Mary Church
1240,LM-001,545,7,Saquib,Mount Mary Church
1241,LM-001,545,7,Sarita,Mount Mary Church
1242,LM-001,545,7,Sarita Apartments,Mount Mary Church
1243,LM-001,545,7,Satguru Rendezvous,Mount Mary Church
1244,LM-001,545,7,Satguru Sharan,Mount Mary Church
1245,LM-001,545,7,Satguru Shlok,Mount Mary Church
1246,LM-001,545,7,Satguru Shristi,Mount Mary Church
1247,LM-001,545,7,Satnam,Mount Mary Church
1248,LM-001,545,7,Savijay,Mount Mary Church
1249,LM-001,545,7,Savita Chhaya,Mount Mary Church
1250,LM-001,545,7,Sayba Emerald,Mount Mary Church
1251,LM-001,545,7,Sea Beach View,Mount Mary Church
1252,LM-001,545,7,Sea Bird,Mount Mary Church
1253,LM-001,545,7,Sea Breeze,Mount Mary Church
1254,LM-001,545,7,Seema Apartments,Mount Mary Church
1255,LM-001,545,7,Seep,Mount Mary Church
1256,LM-001,545,7,Seeta Geeta,Mount Mary Church
1257,LM-001,545,7,Shadaab Tower,Mount Mary Church
1258,LM-001,545,7,Shale Rock,Mount Mary Church
1259,LM-001,545,7,Shamiana Apartments,Mount Mary Church
1260,LM-001,545,7,Shams Palace,Mount Mary Church
1261,LM-001,545,7,Shangrila,Mount Mary Church
1262,LM-001,545,7,Shanti Sadan,Mount Mary Church
1263,LM-001,545,7,Sharan,Mount Mary Church
1264,LM-001,545,7,Shehnaz,Mount Mary Church
1265,LM-001,545,7,Sherly Queen,Mount Mary Church
1266,LM-001,545,7,Shiv Asthan Heights Apartment,Mount Mary Church
1267,LM-001,545,7,Shiv Darshan,Mount Mary Church
1268,LM-001,545,7,Shree Prasad House,Mount Mary Church
1269,LM-001,545,7,Silver Cascade,Mount Mary Church
1270,LM-001,545,7,Silver Palace,Mount Mary Church
1271,LM-001,545,7,Silver Rock,Mount Mary Church
1272,LM-001,545,7,Silverene Apartments,Mount Mary Church
1273,LM-001,545,7,Simar Tara,Mount Mary Church
1274,LM-001,545,7,Singer Wood,Mount Mary Church
1275,LM-001,545,7,Skylark,Mount Mary Church
1276,LM-001,545,7,Skyper Tower,Mount Mary Church
1277,LM-001,545,7,Snehal Apartments,Mount Mary Church
1278,LM-001,545,7,Solitaire,Mount Mary Church
1279,LM-001,545,7,Solitaire Apartments,Mount Mary Church
1280,LM-001,545,7,Solomon Apartment,Mount Mary Church
1281,LM-001,545,7,Somerset Apartments,Mount Mary Church
1282,LM-001,545,7,Sona Villa,Mount Mary Church
1283,LM-001,545,7,Sony Apartments,Mount Mary Church
1284,LM-001,545,7,Spencer,Mount Mary Church
1285,LM-001,545,7,Square Mall,Mount Mary Church
1286,LM-001,545,7,Steesha,Mount Mary Church
1287,LM-001,545,7,Sterling Diamond,Mount Mary Church
1288,LM-001,545,7,Stone Arch,Mount Mary Church
1289,LM-001,545,7,Suman,Mount Mary Church
1290,LM-001,545,7,Summer Queen,Mount Mary Church
1291,LM-001,545,7,Summer Ville,Mount Mary Church
1292,LM-001,545,7,Sunbeam Apartment,Mount Mary Church
1293,LM-001,545,7,Sunita,Mount Mary Church
1294,LM-001,545,7,Sunkist,Mount Mary Church
1295,LM-001,545,7,Sunny Side,Mount Mary Church
1296,LM-001,545,7,Sunny Side APT,Mount Mary Church
1297,LM-001,545,7,Sunset heights,Mount Mary Church
1298,LM-001,545,7,Supreme Headquarters,Mount Mary Church
1299,LM-001,545,7,Sweet Home,Mount Mary Church
1300,LM-001,545,7,Chitrapur CHS,Mount Mary Church
1301,LM-001,545,7,Moorings,Mount Mary Church
1302,LM-001,545,7,One,Mount Mary Church
1303,LM-001,545,7,Waterfront,Mount Mary Church
1304,LM-001,545,7,Therese,Mount Mary Church
1305,LM-001,545,7,Therese Ville Dawn,Mount Mary Church
1306,LM-001,545,7,Tribeca,Mount Mary Church
1307,LM-001,545,7,Tulip,Mount Mary Church
1308,LM-001,545,7,Turner House,Mount Mary Church
1309,LM-001,545,7,Tuscany Apartment,Mount Mary Church
1310,LM-001,545,7,Two Roses,Mount Mary Church
1311,LM-001,545,7,Union Park Ideal,Mount Mary Church
1312,LM-001,545,7,Uttam Niwas,Mount Mary Church
1313,LM-001,545,7,Vaikunth,Mount Mary Church
1314,LM-001,545,7,Varde Villa,Mount Mary Church
1315,LM-001,545,7,Varun,Mount Mary Church
1316,LM-001,545,7,Vasukamal,Mount Mary Church
1317,LM-001,545,7,Vasvani 36 AB,Mount Mary Church
1318,LM-001,545,7,Victoria House,Mount Mary Church
1319,LM-001,545,7,Videocon Icon,Mount Mary Church
1320,LM-001,545,7,Videocon Sumukh,Mount Mary Church
1321,LM-001,545,7,Villa Rosa,Mount Mary Church
1322,LM-001,545,7,Vinayak Heights,Mount Mary Church
1323,LM-001,545,7,Vintage Pearl,Mount Mary Church
1324,LM-001,545,7,Vrindavan,Mount Mary Church
1325,LM-001,545,7,Waheeda,Mount Mary Church
1326,LM-001,545,7,Warden,Mount Mary Church
1327,LM-001,545,7,Warden Bldg,Mount Mary Church
1328,LM-001,545,7,Waroda Apartments,Mount Mary Church
1329,LM-001,545,7,Water Queen,Mount Mary Church
1330,LM-001,545,7,West Bay Apartments,Mount Mary Church
1331,LM-001,545,7,West Coast Apartment,Mount Mary Church
1332,LM-001,545,7,West Side,Mount Mary Church
1333,LM-001,545,7,Whispering Heights,Mount Mary Church
1334,LM-001,545,7,White Rose,Mount Mary Church
1335,LM-001,545,7,Willadel,Mount Mary Church
1336,LM-001,545,7,Willow Shades,Mount Mary Church
1337,LM-001,545,7,Windermere,Mount Mary Church
1338,LM-001,545,7,Wits End,Mount Mary Church
1339,LM-001,545,7,Woodland Heights,Mount Mary Church
1340,LM-001,545,7,Yasmin Villa,Mount Mary Church
1341,LM-001,545,7,Zeba Corner,Mount Mary Church
1342,LM-001,545,7,Zest,Mount Mary Church
3550,LM-054,545,7,64 Greens,Yoga Institute
3551,LM-054,545,7,81 Crest,Yoga Institute
3552,LM-054,545,7,AP Cosmos,Yoga Institute
3553,LM-054,545,7,Acharat Baug,Yoga Institute
3554,LM-054,545,7,Anand Bhavan,Yoga Institute
3555,LM-054,545,7,Anand Bhuvan,Yoga Institute
3556,LM-054,545,7,Anand Bhuwan,Yoga Institute
3557,LM-054,545,7,Anand Villa,Yoga Institute
3558,LM-054,545,7,Ariisto Sapphire,Yoga Institute
3559,LM-054,545,7,Arkade Aura,Yoga Institute
3560,LM-054,545,7,Arsha Villa,Yoga Institute
3561,LM-054,545,7,Artteza,Yoga Institute
3562,LM-054,545,7,Arvasu,Yoga Institute
3563,LM-054,545,7,Ashiana,Yoga Institute
3564,LM-054,545,7,Atlanta,Yoga Institute
3565,LM-054,545,7,Aum Sequoia,Yoga Institute
3566,LM-054,545,7,Avanti,Yoga Institute
3567,LM-054,545,7,Avanti Society,Yoga Institute
3568,LM-054,545,7,Ave Maria,Yoga Institute
3569,LM-054,545,7,Avenue 14 For Lease At Dadar East,Yoga Institute
3570,LM-054,545,7,Balaji Tower,Yoga Institute
3571,LM-054,545,7,Balkrishna Apartment,Yoga Institute
3572,LM-054,545,7,Beacon,Yoga Institute
3573,LM-054,545,7,Bhagtani Pearl,Yoga Institute
3574,LM-054,545,7,Bombino Apartments,Yoga Institute
3575,LM-054,545,7,Business Suites 9,Yoga Institute
3576,LM-054,545,7,Casa Bianca,Yoga Institute
3577,LM-054,545,7,Casablanca,Yoga Institute
3578,LM-054,545,7,Central Avenue,Yoga Institute
3579,LM-054,545,7,Chamunda Niwas,Yoga Institute
3580,LM-054,545,7,Chandak 69,Yoga Institute
3581,LM-054,545,7,Chitra Apartments,Yoga Institute
3582,LM-054,545,7,Commerz 54,Yoga Institute
3583,LM-054,545,7,Cosmos,Yoga Institute
3584,LM-054,545,7,DLH Dawn,Yoga Institute
3585,LM-054,545,7,Darshan Smruti,Yoga Institute
3586,LM-054,545,7,Del House,Yoga Institute
3587,LM-054,545,7,Dheeraj Heritage,Yoga Institute
3588,LM-054,545,7,Dheeraj Serenity,Yoga Institute
3589,LM-054,545,7,Diamond Palace,Yoga Institute
3590,LM-054,545,7,Dream Queen,Yoga Institute
3591,LM-054,545,7,Dwarka,Yoga Institute
3592,LM-054,545,7,Ekam,Yoga Institute
3593,LM-054,545,7,Ekta Trinity,Yoga Institute
3594,LM-054,545,7,Elite Simran,Yoga Institute
3595,LM-054,545,7,Exclusive,Yoga Institute
3596,LM-054,545,7,Fairwinds,Yoga Institute
3597,LM-054,545,7,Fernvel,Yoga Institute
3598,LM-054,545,7,Garden King,Yoga Institute
3599,LM-054,545,7,Geetanjali,Yoga Institute
3600,LM-054,545,7,Girnar Society,Yoga Institute
3601,LM-054,545,7,Gladhurst,Yoga Institute
3602,LM-054,545,7,Goghari Mansion,Yoga Institute
3603,LM-054,545,7,Gokul Mohan,Yoga Institute
3604,LM-054,545,7,Gokul Sangeet,Yoga Institute
3605,LM-054,545,7,Gokul Shushma,Yoga Institute
3606,LM-054,545,7,Grandeur,Yoga Institute
3607,LM-054,545,7,Greenfield,Yoga Institute
3608,LM-054,545,7,Haripreet,Yoga Institute
3609,LM-054,545,7,Heimat,Yoga Institute
3610,LM-054,545,7,Holly Hock,Yoga Institute
3611,LM-054,545,7,Jai View,Yoga Institute
3612,LM-054,545,7,Jeevan Sona,Yoga Institute
3613,LM-054,545,7,Juhu Breeze CHS,Yoga Institute
3614,LM-054,545,7,Jyoti,Yoga Institute
3615,LM-054,545,7,K L Mehrise,Yoga Institute
3616,LM-054,545,7,Kakad Mansion,Yoga Institute
3617,LM-054,545,7,Kala Kunj CHS Ltd,Yoga Institute
3618,LM-054,545,7,Kalpana,Yoga Institute
3619,LM-054,545,7,Kalpataru Imperia,Yoga Institute
3620,LM-054,545,7,Kamla Space,Yoga Institute
3621,LM-054,545,7,Kamleshwar,Yoga Institute
3622,LM-054,545,7,Khira Nagar,Yoga Institute
3623,LM-054,545,7,Krimson Aurum,Yoga Institute
3624,LM-054,545,7,Krishna Heritage,Yoga Institute
3625,LM-054,545,7,Landmark,Yoga Institute
3626,LM-054,545,7,Laxmi Narayan,Yoga Institute
3627,LM-054,545,7,Le Chateau,Yoga Institute
3628,LM-054,545,7,Le Repos,Yoga Institute
3629,LM-054,545,7,Leocadia,Yoga Institute
3630,LM-054,545,7,Link Palace,Yoga Institute
3631,LM-054,545,7,Little Star,Yoga Institute
3632,LM-054,545,7,Louisiana Apartments,Yoga Institute
3633,LM-054,545,7,Madhuvan,Yoga Institute
3634,LM-054,545,7,Maheshwar Darshan,Yoga Institute
3635,LM-054,545,7,Maheshwar Prakash II,Yoga Institute
3636,LM-054,545,7,Maheshwar Shikhar,Yoga Institute
3637,LM-054,545,7,Manas Rangoli,Yoga Institute
3638,LM-054,545,7,Manas Rangoli Residency,Yoga Institute
3639,LM-054,545,7,Manek,Yoga Institute
3640,LM-054,545,7,Mangal Kripa,Yoga Institute
3641,LM-054,545,7,Mangesh Darshan,Yoga Institute
3642,LM-054,545,7,Mantri Parijat,Yoga Institute
3643,LM-054,545,7,Mantri Sujata,Yoga Institute
3644,LM-054,545,7,Marble Arch,Yoga Institute
3645,LM-054,545,7,Mayfair Boulevard,Yoga Institute
3646,LM-054,545,7,Mayfair Liv,Yoga Institute
3647,LM-054,545,7,Meera,Yoga Institute
3648,LM-054,545,7,Mehrise,Yoga Institute
3649,LM-054,545,7,Midsummer,Yoga Institute
3650,LM-054,545,7,Mirchandani Triton,Yoga Institute
3651,LM-054,545,7,Modern Silver Moon,Yoga Institute
3652,LM-054,545,7,Monarch Westview,Yoga Institute
3653,LM-054,545,7,More Bunglow,Yoga Institute
3654,LM-054,545,7,Mystique Rose Apartment,Yoga Institute
3655,LM-054,545,7,Nav Chetna,Yoga Institute
3656,LM-054,545,7,Nav Natraj,Yoga Institute
3657,LM-054,545,7,New Diamond Palace,Yoga Institute
3658,LM-054,545,7,New Ratnadeep,Yoga Institute
3659,LM-054,545,7,New Saket,Yoga Institute
3660,LM-054,545,7,North 19,Yoga Institute
3661,LM-054,545,7,Nutex,Yoga Institute
3662,LM-054,545,7,Odina,Yoga Institute
3663,LM-054,545,7,Omkar,Yoga Institute
3664,LM-054,545,7,Options World,Yoga Institute
3665,LM-054,545,7,Orchid Elegance,Yoga Institute
3666,LM-054,545,7,Orchid Pride,Yoga Institute
3667,LM-054,545,7,Orchid Vasundhara,Yoga Institute
3668,LM-054,545,7,Orion,Yoga Institute
3669,LM-054,545,7,Orion West,Yoga Institute
3670,LM-054,545,7,Palacimo,Yoga Institute
3671,LM-054,545,7,Palazzo Opulence,Yoga Institute
3672,LM-054,545,7,Palm Grove,Yoga Institute
3673,LM-054,545,7,Panchsheel Society,Yoga Institute
3674,LM-054,545,7,Panorama,Yoga Institute
3675,LM-054,545,7,Paradigm Vogue,Yoga Institute
3676,LM-054,545,7,Parishram,Yoga Institute
3677,LM-054,545,7,Pebbles Marina,Yoga Institute
3678,LM-054,545,7,Pegasus,Yoga Institute
3679,LM-054,545,7,Phalguni,Yoga Institute
3680,LM-054,545,7,Pioneer Heritage Residency,Yoga Institute
3681,LM-054,545,7,Platina,Yoga Institute
3682,LM-054,545,7,Prakash,Yoga Institute
3683,LM-054,545,7,Prakash Villa,Yoga Institute
3684,LM-054,545,7,Prayushi,Yoga Institute
3685,LM-054,545,7,Preetika Apartment,Yoga Institute
3686,LM-054,545,7,Prem Sagar,Yoga Institute
3687,LM-054,545,7,Prime Centre,Yoga Institute
3688,LM-054,545,7,Prime Plaza,Yoga Institute
3689,LM-054,545,7,Pushpa Vatika,Yoga Institute
3690,LM-054,545,7,"Pushpa Vatika, Poddar",Yoga Institute
3691,LM-054,545,7,RNA Aurovilla,Yoga Institute
3692,LM-054,545,7,RNA Auroville,Yoga Institute
3693,LM-054,545,7,Raheja Sapphire,Yoga Institute
3694,LM-054,545,7,Raj Kamal,Yoga Institute
3695,LM-054,545,7,Rajhans Otium,Yoga Institute
3696,LM-054,545,7,Rajnigandha CHS,Yoga Institute
3697,LM-054,545,7,Regal,Yoga Institute
3698,LM-054,545,7,Rehana Heights,Yoga Institute
3699,LM-054,545,7,Retreat II,Yoga Institute
3700,LM-054,545,7,Rishabraj Blue Lotus,Yoga Institute
3701,LM-054,545,7,Rishabraj Mangal Varsha,Yoga Institute
3702,LM-054,545,7,Rosie Apartment,Yoga Institute
3703,LM-054,545,7,Ruparel Panache,Yoga Institute
3704,LM-054,545,7,Sagar Darshan,Yoga Institute
3705,LM-054,545,7,Sailesh,Yoga Institute
3706,LM-054,545,7,Sainara,Yoga Institute
3707,LM-054,545,7,Salmona Ville,Yoga Institute
3708,LM-054,545,7,Sangam Apartment,Yoga Institute
3709,LM-054,545,7,Sangeeta,Yoga Institute
3710,LM-054,545,7,Sapphire,Yoga Institute
3711,LM-054,545,7,Saraswat Colony,Yoga Institute
3712,LM-054,545,7,Sarkar Avenue,Yoga Institute
3713,LM-054,545,7,Saryu,Yoga Institute
3714,LM-054,545,7,Satguru Tower,Yoga Institute
3715,LM-054,545,7,Saturn,Yoga Institute
3716,LM-054,545,7,Saurabh,Yoga Institute
3717,LM-054,545,7,Savoy Chambers,Yoga Institute
3718,LM-054,545,7,Seasons Residency,Yoga Institute
3719,LM-054,545,7,Seasons Trimurti,Yoga Institute
3720,LM-054,545,7,Sequoia,Yoga Institute
3721,LM-054,545,7,Serenity Tower,Yoga Institute
3722,LM-054,545,7,Shalimar,Yoga Institute
3723,LM-054,545,7,Shalimar Apartments,Yoga Institute
3724,LM-054,545,7,Shankardeep,Yoga Institute
3725,LM-054,545,7,Shikhar,Yoga Institute
3726,LM-054,545,7,Shilpa Apartment,Yoga Institute
3727,LM-054,545,7,Shiv Laj,Yoga Institute
3728,LM-054,545,7,Shivdham,Yoga Institute
3729,LM-054,545,7,Shreyas Residency,Yoga Institute
3730,LM-054,545,7,Silicon Valley,Yoga Institute
3731,LM-054,545,7,Sorrento,Yoga Institute
3732,LM-054,545,7,Span Centre,Yoga Institute
3733,LM-054,545,7,Sujal Apartments,Yoga Institute
3734,LM-054,545,7,Sunaina,Yoga Institute
3735,LM-054,545,7,Suraj Apartments,Yoga Institute
3736,LM-054,545,7,Suvarna Apartment,Yoga Institute
3737,LM-054,545,7,Tapovan,Yoga Institute
3738,LM-054,545,7,Designate,Yoga Institute
3739,LM-054,545,7,Unique Aura,Yoga Institute
3740,LM-054,545,7,Usha Villa,Yoga Institute
3741,LM-054,545,7,Valencia,Yoga Institute
3742,LM-054,545,7,Vasant Kunj,Yoga Institute
3743,LM-054,545,7,Vasundhara,Yoga Institute
3744,LM-054,545,7,Veena Solace,Yoga Institute
3745,LM-054,545,7,Victoria,Yoga Institute
3746,LM-054,545,7,Vikas Center,Yoga Institute
3747,LM-054,545,7,Villa Capri,Yoga Institute
3748,LM-054,545,7,Violet Villa,Yoga Institute
3749,LM-054,545,7,Vogue,Yoga Institute
3750,LM-054,545,7,Well Finished With Srtb,Yoga Institute
3751,LM-054,545,7,West View,Yoga Institute
3752,LM-054,545,7,Winderme,Yoga Institute
3753,LM-054,545,7,Windermere,Yoga Institute
3754,LM-054,545,7,Woodstock,Yoga Institute
3755,LM-054,545,7,Woodstock Garden,Yoga Institute
3756,LM-054,545,7,Yogniti,Yoga Institute
3188,LM-009,570,7,Dunhill Apartment,Carter Road
3189,LM-009,570,7,Parishram Rustomjee,Carter Road
872,LM-012,595,7,INS Tower,Jio World Centre
927,LM-006,598,7,30 Union Park,Hill Road
928,LM-006,598,7,81 Aureate,Hill Road
929,LM-006,598,7,ALJ Residency,Hill Road
930,LM-006,598,7,AVD Residencia,Hill Road
931,LM-006,598,7,Aashiyana,Hill Road
932,LM-006,598,7,Aashna Apartments,Hill Road
933,LM-006,598,7,Allied,Hill Road
934,LM-006,598,7,Almeida Park,Hill Road
935,LM-006,598,7,Amin Alturas,Hill Road
936,LM-006,598,7,Amrit,Hill Road
937,LM-006,598,7,Anand Sagar,Hill Road
938,LM-006,598,7,Ananta,Hill Road
939,LM-006,598,7,Anchorage,Hill Road
940,LM-006,598,7,Apsara,Hill Road
941,LM-006,598,7,Ashiana,Hill Road
942,LM-006,598,7,Ashtavinayak,Hill Road
943,LM-006,598,7,Asiya Manor,Hill Road
944,LM-006,598,7,Avalon,Hill Road
945,LM-006,598,7,Avisa,Hill Road
946,LM-006,598,7,BKC 28,Hill Road
947,LM-006,598,7,Bajaj Diamond,Hill Road
948,LM-006,598,7,Bajaj Onyx,Hill Road
949,LM-006,598,7,Balmoral Hall,Hill Road
950,LM-006,598,7,Bandra Breeze,Hill Road
951,LM-006,598,7,Bandra Olympic,Hill Road
952,LM-006,598,7,Basheera Residency,Hill Road
953,LM-006,598,7,Bay View,Hill Road
954,LM-006,598,7,Beach View,Hill Road
955,LM-006,598,7,Beaupride,Hill Road
956,LM-006,598,7,Belfer,Hill Road
957,LM-006,598,7,Bella Rose,Hill Road
958,LM-006,598,7,Bella Vista,Hill Road
959,LM-006,598,7,Benezet,Hill Road
960,LM-006,598,7,Bhagtani Amber,Hill Road
961,LM-006,598,7,Bhagtani Apartment,Hill Road
962,LM-006,598,7,Bindiya,Hill Road
963,LM-006,598,7,Blue Bird,Hill Road
964,LM-006,598,7,Blue Moon Apartment,Hill Road
965,LM-006,598,7,Blue Rose,Hill Road
966,LM-006,598,7,Bonny Casa,Hill Road
967,LM-006,598,7,Brand New Apartment,Hill Road
968,LM-006,598,7,Breezy Heights,Hill Road
969,LM-006,598,7,Bright Land,Hill Road
970,LM-006,598,7,Buena Vista,Hill Road
971,LM-006,598,7,Bunglow,Hill Road
972,LM-006,598,7,Cannon,Hill Road
973,LM-006,598,7,Cannon Bldg,Hill Road
974,LM-006,598,7,Capri Heights,Hill Road
975,LM-006,598,7,Captain Villa,Hill Road
976,LM-006,598,7,Carlton Court,Hill Road
977,LM-006,598,7,Casa de Rosa,Hill Road
978,LM-006,598,7,Cassias,Hill Road
979,LM-006,598,7,Cenced,Hill Road
980,LM-006,598,7,Chand Terraces,Hill Road
981,LM-006,598,7,Char Dham,Hill Road
982,LM-006,598,7,Chardham,Hill Road
983,LM-006,598,7,Church View,Hill Road
984,LM-006,598,7,Citizen Apartment,Hill Road
985,LM-006,598,7,Classic Corner,Hill Road
986,LM-006,598,7,Clefepete,Hill Road
987,LM-006,598,7,Concrete Heritage,Hill Road
988,LM-006,598,7,Convent View,Hill Road
989,LM-006,598,7,Coral,Hill Road
990,LM-006,598,7,Corner View,Hill Road
991,LM-006,598,7,Cosmopolitan,Hill Road
992,LM-006,598,7,Cozy Home,Hill Road
993,LM-006,598,7,Crescent,Hill Road
994,LM-006,598,7,Crown Palace,Hill Road
995,LM-006,598,7,Dandelion,Hill Road
996,LM-006,598,7,Dango House,Hill Road
997,LM-006,598,7,Dattani Palace,Hill Road
998,LM-006,598,7,Deccan Court,Hill Road
999,LM-006,598,7,Deepak Silverene,Hill Road
1000,LM-006,598,7,Deepali,Hill Road
1001,LM-006,598,7,Deepika,Hill Road
1002,LM-006,598,7,Devansh Villa,Hill Road
1003,LM-006,598,7,Dharamjyot,Hill Road
1004,LM-006,598,7,Dheeraj Aashna,Hill Road
1005,LM-006,598,7,Dheeraj Arcade,Hill Road
1006,LM-006,598,7,Dheeraj Devika,Hill Road
1007,LM-006,598,7,Dheeraj Dhan,Hill Road
1008,LM-006,598,7,Dheeraj Plaza,Hill Road
1009,LM-006,598,7,Dheeraj Sneh,Hill Road
1010,LM-006,598,7,Dhiraj Devika,Hill Road
1011,LM-006,598,7,Diamond Palace,Hill Road
1012,LM-006,598,7,Dinaco Kiran,Hill Road
1013,LM-006,598,7,Dom Lucia,Hill Road
1014,LM-006,598,7,Duarte Haven,Hill Road
1015,LM-006,598,7,Dunhill,Hill Road
1016,LM-006,598,7,Ebenezer,Hill Road
1017,LM-006,598,7,Ebony,Hill Road
1018,LM-006,598,7,Ekta Elite,Hill Road
1019,LM-006,598,7,Ekta World WestBay,Hill Road
1020,LM-006,598,7,Elcid Apartment,Hill Road
1021,LM-006,598,7,Elco Arcade,Hill Road
1022,LM-006,598,7,Elco Residency,Hill Road
1023,LM-006,598,7,Elfreda,Hill Road
1024,LM-006,598,7,Elron Garden,Hill Road
1025,LM-006,598,7,Emerald CHS,Hill Road
1026,LM-006,598,7,Emily,Hill Road
1027,LM-006,598,7,Erlyn,Hill Road
1028,LM-006,598,7,Esperanza,Hill Road
1029,LM-006,598,7,Estrella,Hill Road
1030,LM-006,598,7,Evergreen,Hill Road
1031,LM-006,598,7,Evergreen Turner,Hill Road
1032,LM-006,598,7,Excella Apartment,Hill Road
1033,LM-006,598,7,Fatima Villa,Hill Road
1034,LM-006,598,7,Felicia,Hill Road
1035,LM-006,598,7,Flushel Apartment,Hill Road
1036,LM-006,598,7,Fortune Crown,Hill Road
1037,LM-006,598,7,Fortune Heritage,Hill Road
1038,LM-006,598,7,Francdel,Hill Road
1039,LM-006,598,7,Francesca,Hill Road
1040,LM-006,598,7,Gasper Enclave,Hill Road
1041,LM-006,598,7,Georgina Apartment,Hill Road
1042,LM-006,598,7,Gilder Villa,Hill Road
1043,LM-006,598,7,Gods Gift,Hill Road
1044,LM-006,598,7,Golden Palace,Hill Road
1045,LM-006,598,7,Golden Rock,Hill Road
1046,LM-006,598,7,Gopal Mansion,Hill Road
1047,LM-006,598,7,Grace Heritage,Hill Road
1048,LM-006,598,7,Grace Residency,Hill Road
1049,LM-006,598,7,Grand Bay,Hill Road
1050,LM-006,598,7,Grand Bella Vista,Hill Road
1051,LM-006,598,7,Grand Paradise,Hill Road
1052,LM-006,598,7,Guldev Sagar,Hill Road
1053,LM-006,598,7,Gulmohar,Hill Road
1054,LM-006,598,7,Gurudev Bhavan,Hill Road
1055,LM-006,598,7,Gurukrupa Marque,Hill Road
1056,LM-006,598,7,H and M Tower,Hill Road
1057,LM-006,598,7,HandM Tower,Hill Road
1058,LM-006,598,7,Happy Home,Hill Road
1059,LM-006,598,7,Hardik Villa,Hill Road
1060,LM-006,598,7,Harmony,Hill Road
1061,LM-006,598,7,Heritage,Hill Road
1062,LM-006,598,7,Hicons Residency,Hill Road
1063,LM-006,598,7,Highland,Hill Road
1064,LM-006,598,7,Hill Post,Hill Road
1065,LM-006,598,7,Hill Road Society,Hill Road
1066,LM-006,598,7,Hill Top,Hill Road
1067,LM-006,598,7,Hill View,Hill Road
1068,LM-006,598,7,Hill View Bldg,Hill Road
1069,LM-006,598,7,Hillary Apartments,Hill Road
1070,LM-006,598,7,Hilton Apartment,Hill Road
1071,LM-006,598,7,Hiranandani Bay Heights,Hill Road
1072,LM-006,598,7,Honeycomb,Hill Road
1073,LM-006,598,7,Ideal Manohar,Hill Road
1074,LM-006,598,7,Ideal Manohar Chs Ltd,Hill Road
1075,LM-006,598,7,Identity,Hill Road
1076,LM-006,598,7,Imperial Heights,Hill Road
1077,LM-006,598,7,Island Heights CHS,Hill Road
1078,LM-006,598,7,Jackers,Hill Road
1079,LM-006,598,7,Jeevan,Hill Road
1080,LM-006,598,7,Jercelle,Hill Road
1081,LM-006,598,7,Jewel Milan,Hill Road
1082,LM-006,598,7,Jolly Friends,Hill Road
1083,LM-006,598,7,Jolly Highrise,Hill Road
1084,LM-006,598,7,Josephine,Hill Road
1085,LM-006,598,7,Joy Apartment,Hill Road
1086,LM-006,598,7,Joy Legend,Hill Road
1087,LM-006,598,7,Joy Palace,Hill Road
1088,LM-006,598,7,June Blossom,Hill Road
1089,LM-006,598,7,K L Astoria,Hill Road
1090,LM-006,598,7,Kailash Enclave,Hill Road
1091,LM-006,598,7,Kakad Apartment,Hill Road
1092,LM-006,598,7,Kakad Bhavan,Hill Road
1093,LM-006,598,7,Kakad Heights,Hill Road
1094,LM-006,598,7,Kakad Imperial,Hill Road
1095,LM-006,598,7,Kalash,Hill Road
1096,LM-006,598,7,Kalpak Height,Hill Road
1097,LM-006,598,7,Kalpak Optimus,Hill Road
1098,LM-006,598,7,Kalpana,Hill Road
1099,LM-006,598,7,Kalpataru Nakshatra,Hill Road
1100,LM-006,598,7,Kamal Pushpa,Hill Road
1101,LM-006,598,7,Kanchan,Hill Road
1102,LM-006,598,7,Kankia Paris,Hill Road
1103,LM-006,598,7,Kanti Apartment,Hill Road
1104,LM-006,598,7,Kiara Apartment,Hill Road
1105,LM-006,598,7,Kishan Abode,Hill Road
1106,LM-006,598,7,Kismat,Hill Road
1107,LM-006,598,7,Konark Classic,Hill Road
1108,LM-006,598,7,Kripa Allure,Hill Road
1109,LM-006,598,7,Kripa Vue,Hill Road
1110,LM-006,598,7,Krishna Kutir,Hill Road
1111,LM-006,598,7,LA Fleur,Hill Road
1112,LM-006,598,7,La Roche,Hill Road
1113,LM-006,598,7,Labbaik House,Hill Road
1114,LM-006,598,7,Ladhani Legacy,Hill Road
1115,LM-006,598,7,Lake View,Hill Road
1116,LM-006,598,7,Lakhani Signature,Hill Road
1117,LM-006,598,7,Lalani Aura,Hill Road
1118,LM-006,598,7,Lamours,Hill Road
1119,LM-006,598,7,Land Breeze,Hill Road
1120,LM-006,598,7,Laxmi Chs,Hill Road
1121,LM-006,598,7,Legacy,Hill Road
1122,LM-006,598,7,Legend,Hill Road
1123,LM-006,598,7,Libra Tower,Hill Road
1124,LM-006,598,7,Lilian Heights,Hill Road
1125,LM-006,598,7,Lily Apartment,Hill Road
1126,LM-006,598,7,Link Side,Hill Road
1127,LM-006,598,7,Little Flower,Hill Road
1128,LM-006,598,7,Lou Paul,Hill Road
1129,LM-006,598,7,Lubina,Hill Road
1130,LM-006,598,7,M. B Tower,Hill Road
1131,LM-006,598,7,Makhija Chambers,Hill Road
1132,LM-006,598,7,Man Dune,Hill Road
1133,LM-006,598,7,Man Dunes,Hill Road
1134,LM-006,598,7,Mangal Darshan,Hill Road
1135,LM-006,598,7,Mangal Kunj,Hill Road
1136,LM-006,598,7,Manju Mahal,Hill Road
1137,LM-006,598,7,Manthan Embassy,Hill Road
1138,LM-006,598,7,Maqba Heights,Hill Road
1139,LM-006,598,7,Marble Arch,Hill Road
1140,LM-006,598,7,Maria bunglow,Hill Road
1141,LM-006,598,7,Marian House,Hill Road
1142,LM-006,598,7,Marina,Hill Road
1143,LM-006,598,7,Marinette,Hill Road
1144,LM-006,598,7,Mayfair Muse,Hill Road
1145,LM-006,598,7,Mayfair Serene,Hill Road
1146,LM-006,598,7,Mayqueen,Hill Road
1147,LM-006,598,7,Metropolitan,Hill Road
1148,LM-006,598,7,Mohini Castle,Hill Road
1149,LM-006,598,7,Mon Desire,Hill Road
1150,LM-006,598,7,Mon Repos,Hill Road
1151,LM-006,598,7,Mona Lisa,Hill Road
1152,LM-006,598,7,Monalisa,Hill Road
1153,LM-006,598,7,Moon Craft,Hill Road
1154,LM-006,598,7,Mooring,Hill Road
1155,LM-006,598,7,Morning Star,Hill Road
1156,LM-006,598,7,Moru Mahal,Hill Road
1157,LM-006,598,7,Morya Regency,Hill Road
1158,LM-006,598,7,Moti Mahal,Hill Road
1159,LM-006,598,7,Moti Mahal Apex,Hill Road
1160,LM-006,598,7,Mount Mary Apartment,Hill Road
1161,LM-006,598,7,Mukut,Hill Road
1162,LM-006,598,7,Narang Mantion,Hill Road
1163,LM-006,598,7,Nav Palmyra,Hill Road
1164,LM-006,598,7,Nav Sonarbala,Hill Road
1165,LM-006,598,7,Navratan,Hill Road
1166,LM-006,598,7,Navroze,Hill Road
1167,LM-006,598,7,Nectar,Hill Road
1168,LM-006,598,7,Neelam,Hill Road
1169,LM-006,598,7,Neelamber,Hill Road
1170,LM-006,598,7,New Apsara,Hill Road
1171,LM-006,598,7,New Garden View,Hill Road
1172,LM-006,598,7,New Imperial Plaza,Hill Road
1173,LM-006,598,7,New Jaldarshan,Hill Road
1174,LM-006,598,7,New Milan,Hill Road
1175,LM-006,598,7,New Silver Home,Hill Road
1176,LM-006,598,7,New Stock Alert,Hill Road
1177,LM-006,598,7,Next Avenue,Hill Road
1178,LM-006,598,7,Nibbana,Hill Road
1179,LM-006,598,7,Nibbana Annex,Hill Road
1180,LM-006,598,7,Nikita Enclave,Hill Road
1181,LM-006,598,7,Nirvana Apartment,Hill Road
1182,LM-006,598,7,Notan Casa,Hill Road
1183,LM-006,598,7,Notan Heights,Hill Road
1184,LM-006,598,7,Nutan Nagar Society,Hill Road
1185,LM-006,598,7,Om Palace,Hill Road
1186,LM-006,598,7,Orchard Palace,Hill Road
1187,LM-006,598,7,Orizzonte,Hill Road
1188,LM-006,598,7,Orva,Hill Road
1189,LM-006,598,7,Oxford,Hill Road
1190,LM-006,598,7,Palacio,Hill Road
1191,LM-006,598,7,Pali Hill Apartment,Hill Road
1192,LM-006,598,7,Pali Hill Niketan,Hill Road
1193,LM-006,598,7,Pali Palms,Hill Road
1194,LM-006,598,7,Palmera,Hill Road
1195,LM-006,598,7,Panchratan,Hill Road
1196,LM-006,598,7,Panju Mahal,Hill Road
1197,LM-006,598,7,Parijat,Hill Road
1198,LM-006,598,7,Park Reach,Hill Road
1199,LM-006,598,7,Passion Flower,Hill Road
1200,LM-006,598,7,Peridot Apartment,Hill Road
1201,LM-006,598,7,Pinnacle Gold,Hill Road
1202,LM-006,598,7,Platinum,Hill Road
1203,LM-006,598,7,Pleasant Park,Hill Road
1204,LM-006,598,7,Pooja,Hill Road
1205,LM-006,598,7,Prem Ghar,Hill Road
1206,LM-006,598,7,Prem Mayurasan,Hill Road
1207,LM-006,598,7,Prem Milan,Hill Road
1208,LM-006,598,7,Presidential,Hill Road
1209,LM-006,598,7,Prisca,Hill Road
1210,LM-006,598,7,Puja,Hill Road
1211,LM-006,598,7,Pushpa Vihar,Hill Road
1212,LM-006,598,7,Queen,Hill Road
1213,LM-006,598,7,Queens Apartment,Hill Road
1214,LM-006,598,7,Qureshi Heights,Hill Road
1215,LM-006,598,7,Raheja Avisa,Hill Road
1216,LM-006,598,7,Raheja Bay,Hill Road
1217,LM-006,598,7,Raheja Sunkist,Hill Road
1218,LM-006,598,7,Rang Mahal,Hill Road
1219,LM-006,598,7,Ratnagiri Apartment,Hill Road
1220,LM-006,598,7,Ravi Darshan,Hill Road
1221,LM-006,598,7,Reminess,Hill Road
1222,LM-006,598,7,Rendezvous,Hill Road
1223,LM-006,598,7,Residency,Hill Road
1224,LM-006,598,7,Richoux,Hill Road
1225,LM-006,598,7,Rizvi Chambers,Hill Road
1226,LM-006,598,7,Rizvi Mahal,Hill Road
1227,LM-006,598,7,Rocky Hill,Hill Road
1228,LM-006,598,7,Royal Crest,Hill Road
1229,LM-006,598,7,Rustomjee Orva,Hill Road
1230,LM-006,598,7,Rustomjee Parishram,Hill Road
1231,LM-006,598,7,Saba Heritage,Hill Road
1232,LM-006,598,7,Sabian,Hill Road
1233,LM-006,598,7,Sagar Apartments,Hill Road
1234,LM-006,598,7,Sagar Fortune,Hill Road
1235,LM-006,598,7,Sagar Resham,Hill Road
1236,LM-006,598,7,Sagar Sangam,Hill Road
1237,LM-006,598,7,Samarpan,Hill Road
1238,LM-006,598,7,Samrat,Hill Road
1239,LM-006,598,7,Sandhu Palace,Hill Road
1240,LM-006,598,7,Saquib,Hill Road
1241,LM-006,598,7,Sarita,Hill Road
1242,LM-006,598,7,Sarita Apartments,Hill Road
1243,LM-006,598,7,Satguru Rendezvous,Hill Road
1244,LM-006,598,7,Satguru Sharan,Hill Road
1245,LM-006,598,7,Satguru Shlok,Hill Road
1246,LM-006,598,7,Satguru Shristi,Hill Road
1247,LM-006,598,7,Satnam,Hill Road
1248,LM-006,598,7,Savijay,Hill Road
1249,LM-006,598,7,Savita Chhaya,Hill Road
1250,LM-006,598,7,Sayba Emerald,Hill Road
1251,LM-006,598,7,Sea Beach View,Hill Road
1252,LM-006,598,7,Sea Bird,Hill Road
1253,LM-006,598,7,Sea Breeze,Hill Road
1254,LM-006,598,7,Seema Apartments,Hill Road
1255,LM-006,598,7,Seep,Hill Road
1256,LM-006,598,7,Seeta Geeta,Hill Road
1257,LM-006,598,7,Shadaab Tower,Hill Road
1258,LM-006,598,7,Shale Rock,Hill Road
1259,LM-006,598,7,Shamiana Apartments,Hill Road
1260,LM-006,598,7,Shams Palace,Hill Road
1261,LM-006,598,7,Shangrila,Hill Road
1262,LM-006,598,7,Shanti Sadan,Hill Road
1263,LM-006,598,7,Sharan,Hill Road
1264,LM-006,598,7,Shehnaz,Hill Road
1265,LM-006,598,7,Sherly Queen,Hill Road
1266,LM-006,598,7,Shiv Asthan Heights Apartment,Hill Road
1267,LM-006,598,7,Shiv Darshan,Hill Road
1268,LM-006,598,7,Shree Prasad House,Hill Road
1269,LM-006,598,7,Silver Cascade,Hill Road
1270,LM-006,598,7,Silver Palace,Hill Road
1271,LM-006,598,7,Silver Rock,Hill Road
1272,LM-006,598,7,Silverene Apartments,Hill Road
1273,LM-006,598,7,Simar Tara,Hill Road
1274,LM-006,598,7,Singer Wood,Hill Road
1275,LM-006,598,7,Skylark,Hill Road
1276,LM-006,598,7,Skyper Tower,Hill Road
1277,LM-006,598,7,Snehal Apartments,Hill Road
1278,LM-006,598,7,Solitaire,Hill Road
1279,LM-006,598,7,Solitaire Apartments,Hill Road
1280,LM-006,598,7,Solomon Apartment,Hill Road
1281,LM-006,598,7,Somerset Apartments,Hill Road
1282,LM-006,598,7,Sona Villa,Hill Road
1283,LM-006,598,7,Sony Apartments,Hill Road
1284,LM-006,598,7,Spencer,Hill Road
1285,LM-006,598,7,Square Mall,Hill Road
1286,LM-006,598,7,Steesha,Hill Road
1287,LM-006,598,7,Sterling Diamond,Hill Road
1288,LM-006,598,7,Stone Arch,Hill Road
1289,LM-006,598,7,Suman,Hill Road
1290,LM-006,598,7,Summer Queen,Hill Road
1291,LM-006,598,7,Summer Ville,Hill Road
1292,LM-006,598,7,Sunbeam Apartment,Hill Road
1293,LM-006,598,7,Sunita,Hill Road
1294,LM-006,598,7,Sunkist,Hill Road
1295,LM-006,598,7,Sunny Side,Hill Road
1296,LM-006,598,7,Sunny Side APT,Hill Road
1297,LM-006,598,7,Sunset heights,Hill Road
1298,LM-006,598,7,Supreme Headquarters,Hill Road
1299,LM-006,598,7,Sweet Home,Hill Road
1300,LM-006,598,7,Chitrapur CHS,Hill Road
1301,LM-006,598,7,Moorings,Hill Road
1302,LM-006,598,7,One,Hill Road
1303,LM-006,598,7,Waterfront,Hill Road
1304,LM-006,598,7,Therese,Hill Road
1305,LM-006,598,7,Therese Ville Dawn,Hill Road
1306,LM-006,598,7,Tribeca,Hill Road
1307,LM-006,598,7,Tulip,Hill Road
1308,LM-006,598,7,Turner House,Hill Road
1309,LM-006,598,7,Tuscany Apartment,Hill Road
1310,LM-006,598,7,Two Roses,Hill Road
1311,LM-006,598,7,Union Park Ideal,Hill Road
1312,LM-006,598,7,Uttam Niwas,Hill Road
1313,LM-006,598,7,Vaikunth,Hill Road
1314,LM-006,598,7,Varde Villa,Hill Road
1315,LM-006,598,7,Varun,Hill Road
1316,LM-006,598,7,Vasukamal,Hill Road
1317,LM-006,598,7,Vasvani 36 AB,Hill Road
1318,LM-006,598,7,Victoria House,Hill Road
1319,LM-006,598,7,Videocon Icon,Hill Road
1320,LM-006,598,7,Videocon Sumukh,Hill Road
1321,LM-006,598,7,Villa Rosa,Hill Road
1322,LM-006,598,7,Vinayak Heights,Hill Road
1323,LM-006,598,7,Vintage Pearl,Hill Road
1324,LM-006,598,7,Vrindavan,Hill Road
1325,LM-006,598,7,Waheeda,Hill Road
1326,LM-006,598,7,Warden,Hill Road
1327,LM-006,598,7,Warden Bldg,Hill Road
1328,LM-006,598,7,Waroda Apartments,Hill Road
1329,LM-006,598,7,Water Queen,Hill Road
1330,LM-006,598,7,West Bay Apartments,Hill Road
1331,LM-006,598,7,West Coast Apartment,Hill Road
1332,LM-006,598,7,West Side,Hill Road
1333,LM-006,598,7,Whispering Heights,Hill Road
1334,LM-006,598,7,White Rose,Hill Road
1335,LM-006,598,7,Willadel,Hill Road
1336,LM-006,598,7,Willow Shades,Hill Road
1337,LM-006,598,7,Windermere,Hill Road
1338,LM-006,598,7,Wits End,Hill Road
1339,LM-006,598,7,Woodland Heights,Hill Road
1340,LM-006,598,7,Yasmin Villa,Hill Road
1341,LM-006,598,7,Zeba Corner,Hill Road
1342,LM-006,598,7,Zest,Hill Road
1747,LM-027,609,8,Indiabulls Sky Forest,Taj Mahal Palace
1592,LM-025,620,8,Ahmed Mansion,Colaba Causeway
1593,LM-025,620,8,Anjali,Colaba Causeway
1594,LM-025,620,8,Apartment FOR LandL,Colaba Causeway
1595,LM-025,620,8,Apna Ghar,Colaba Causeway
1596,LM-025,620,8,Atur Apartment,Colaba Causeway
1597,LM-025,620,8,Bela Court 1,Colaba Causeway
1598,LM-025,620,8,Bennett Villa,Colaba Causeway
1599,LM-025,620,8,Colaba Court,Colaba Causeway
1600,LM-025,620,8,Connaught Mansion,Colaba Causeway
1601,LM-025,620,8,Corinthian,Colaba Causeway
1602,LM-025,620,8,Daulat Shirin,Colaba Causeway
1603,LM-025,620,8,Exclusive,Colaba Causeway
1604,LM-025,620,8,Girdhar Nivas,Colaba Causeway
1605,LM-025,620,8,Gitanjali,Colaba Causeway
1606,LM-025,620,8,Harbour Height,Colaba Causeway
1607,LM-025,620,8,Jamuna Sagar,Colaba Causeway
1608,LM-025,620,8,Kismet,Colaba Causeway
1609,LM-025,620,8,Kuvar House,Colaba Causeway
1610,LM-025,620,8,Lovedale,Colaba Causeway
1611,LM-025,620,8,Mistry Chamber,Colaba Causeway
1612,LM-025,620,8,Owners Court,Colaba Causeway
1613,LM-025,620,8,Poornima,Colaba Causeway
1614,LM-025,620,8,Pushpa Bhavan,Colaba Causeway
1615,LM-025,620,8,Pushpa Vihar,Colaba Causeway
1616,LM-025,620,8,Ruki Mahal,Colaba Causeway
1617,LM-025,620,8,Sangam Bhavan,Colaba Causeway
1618,LM-025,620,8,Sangita,Colaba Causeway
1619,LM-025,620,8,Surat Bahar,Colaba Causeway
1620,LM-025,620,8,Usha Sadan,Colaba Causeway
1621,LM-025,620,8,Veena Tower,Colaba Causeway
1622,LM-025,620,8,Waterfront Tower,Colaba Causeway
1623,LM-025,620,8,West View,Colaba Causeway
1624,LM-025,620,8,Windmere,Colaba Causeway
1625,LM-025,620,8,York House,Colaba Causeway
1747,LM-024,651,8,Indiabulls Sky Forest,Gateway of India
1652,LM-058,660,8,Kohinoor Square,Shivaji Park
4193,LM-020,685,9,Sky Scraper,Pedder Road
872,LM-010,706,9,INS Tower,Bandra Kurla Complex
927,LM-005,709,9,30 Union Park,Linking Road
928,LM-005,709,9,81 Aureate,Linking Road
929,LM-005,709,9,ALJ Residency,Linking Road
930,LM-005,709,9,AVD Residencia,Linking Road
931,LM-005,709,9,Aashiyana,Linking Road
932,LM-005,709,9,Aashna Apartments,Linking Road
933,LM-005,709,9,Allied,Linking Road
934,LM-005,709,9,Almeida Park,Linking Road
935,LM-005,709,9,Amin Alturas,Linking Road
936,LM-005,709,9,Amrit,Linking Road
937,LM-005,709,9,Anand Sagar,Linking Road
938,LM-005,709,9,Ananta,Linking Road
939,LM-005,709,9,Anchorage,Linking Road
940,LM-005,709,9,Apsara,Linking Road
941,LM-005,709,9,Ashiana,Linking Road
942,LM-005,709,9,Ashtavinayak,Linking Road
943,LM-005,709,9,Asiya Manor,Linking Road
944,LM-005,709,9,Avalon,Linking Road
945,LM-005,709,9,Avisa,Linking Road
946,LM-005,709,9,BKC 28,Linking Road
947,LM-005,709,9,Bajaj Diamond,Linking Road
948,LM-005,709,9,Bajaj Onyx,Linking Road
949,LM-005,709,9,Balmoral Hall,Linking Road
950,LM-005,709,9,Bandra Breeze,Linking Road
951,LM-005,709,9,Bandra Olympic,Linking Road
952,LM-005,709,9,Basheera Residency,Linking Road
953,LM-005,709,9,Bay View,Linking Road
954,LM-005,709,9,Beach View,Linking Road
955,LM-005,709,9,Beaupride,Linking Road
956,LM-005,709,9,Belfer,Linking Road
957,LM-005,709,9,Bella Rose,Linking Road
958,LM-005,709,9,Bella Vista,Linking Road
959,LM-005,709,9,Benezet,Linking Road
960,LM-005,709,9,Bhagtani Amber,Linking Road
961,LM-005,709,9,Bhagtani Apartment,Linking Road
962,LM-005,709,9,Bindiya,Linking Road
963,LM-005,709,9,Blue Bird,Linking Road
964,LM-005,709,9,Blue Moon Apartment,Linking Road
965,LM-005,709,9,Blue Rose,Linking Road
966,LM-005,709,9,Bonny Casa,Linking Road
967,LM-005,709,9,Brand New Apartment,Linking Road
968,LM-005,709,9,Breezy Heights,Linking Road
969,LM-005,709,9,Bright Land,Linking Road
970,LM-005,709,9,Buena Vista,Linking Road
971,LM-005,709,9,Bunglow,Linking Road
972,LM-005,709,9,Cannon,Linking Road
973,LM-005,709,9,Cannon Bldg,Linking Road
974,LM-005,709,9,Capri Heights,Linking Road
975,LM-005,709,9,Captain Villa,Linking Road
976,LM-005,709,9,Carlton Court,Linking Road
977,LM-005,709,9,Casa de Rosa,Linking Road
978,LM-005,709,9,Cassias,Linking Road
979,LM-005,709,9,Cenced,Linking Road
980,LM-005,709,9,Chand Terraces,Linking Road
981,LM-005,709,9,Char Dham,Linking Road
982,LM-005,709,9,Chardham,Linking Road
983,LM-005,709,9,Church View,Linking Road
984,LM-005,709,9,Citizen Apartment,Linking Road
985,LM-005,709,9,Classic Corner,Linking Road
986,LM-005,709,9,Clefepete,Linking Road
987,LM-005,709,9,Concrete Heritage,Linking Road
988,LM-005,709,9,Convent View,Linking Road
989,LM-005,709,9,Coral,Linking Road
990,LM-005,709,9,Corner View,Linking Road
991,LM-005,709,9,Cosmopolitan,Linking Road
992,LM-005,709,9,Cozy Home,Linking Road
993,LM-005,709,9,Crescent,Linking Road
994,LM-005,709,9,Crown Palace,Linking Road
995,LM-005,709,9,Dandelion,Linking Road
996,LM-005,709,9,Dango House,Linking Road
997,LM-005,709,9,Dattani Palace,Linking Road
998,LM-005,709,9,Deccan Court,Linking Road
999,LM-005,709,9,Deepak Silverene,Linking Road
1000,LM-005,709,9,Deepali,Linking Road
1001,LM-005,709,9,Deepika,Linking Road
1002,LM-005,709,9,Devansh Villa,Linking Road
1003,LM-005,709,9,Dharamjyot,Linking Road
1004,LM-005,709,9,Dheeraj Aashna,Linking Road
1005,LM-005,709,9,Dheeraj Arcade,Linking Road
1006,LM-005,709,9,Dheeraj Devika,Linking Road
1007,LM-005,709,9,Dheeraj Dhan,Linking Road
1008,LM-005,709,9,Dheeraj Plaza,Linking Road
1009,LM-005,709,9,Dheeraj Sneh,Linking Road
1010,LM-005,709,9,Dhiraj Devika,Linking Road
1011,LM-005,709,9,Diamond Palace,Linking Road
1012,LM-005,709,9,Dinaco Kiran,Linking Road
1013,LM-005,709,9,Dom Lucia,Linking Road
1014,LM-005,709,9,Duarte Haven,Linking Road
1015,LM-005,709,9,Dunhill,Linking Road
1016,LM-005,709,9,Ebenezer,Linking Road
1017,LM-005,709,9,Ebony,Linking Road
1018,LM-005,709,9,Ekta Elite,Linking Road
1019,LM-005,709,9,Ekta World WestBay,Linking Road
1020,LM-005,709,9,Elcid Apartment,Linking Road
1021,LM-005,709,9,Elco Arcade,Linking Road
1022,LM-005,709,9,Elco Residency,Linking Road
1023,LM-005,709,9,Elfreda,Linking Road
1024,LM-005,709,9,Elron Garden,Linking Road
1025,LM-005,709,9,Emerald CHS,Linking Road
1026,LM-005,709,9,Emily,Linking Road
1027,LM-005,709,9,Erlyn,Linking Road
1028,LM-005,709,9,Esperanza,Linking Road
1029,LM-005,709,9,Estrella,Linking Road
1030,LM-005,709,9,Evergreen,Linking Road
1031,LM-005,709,9,Evergreen Turner,Linking Road
1032,LM-005,709,9,Excella Apartment,Linking Road
1033,LM-005,709,9,Fatima Villa,Linking Road
1034,LM-005,709,9,Felicia,Linking Road
1035,LM-005,709,9,Flushel Apartment,Linking Road
1036,LM-005,709,9,Fortune Crown,Linking Road
1037,LM-005,709,9,Fortune Heritage,Linking Road
1038,LM-005,709,9,Francdel,Linking Road
1039,LM-005,709,9,Francesca,Linking Road
1040,LM-005,709,9,Gasper Enclave,Linking Road
1041,LM-005,709,9,Georgina Apartment,Linking Road
1042,LM-005,709,9,Gilder Villa,Linking Road
1043,LM-005,709,9,Gods Gift,Linking Road
1044,LM-005,709,9,Golden Palace,Linking Road
1045,LM-005,709,9,Golden Rock,Linking Road
1046,LM-005,709,9,Gopal Mansion,Linking Road
1047,LM-005,709,9,Grace Heritage,Linking Road
1048,LM-005,709,9,Grace Residency,Linking Road
1049,LM-005,709,9,Grand Bay,Linking Road
1050,LM-005,709,9,Grand Bella Vista,Linking Road
1051,LM-005,709,9,Grand Paradise,Linking Road
1052,LM-005,709,9,Guldev Sagar,Linking Road
1053,LM-005,709,9,Gulmohar,Linking Road
1054,LM-005,709,9,Gurudev Bhavan,Linking Road
1055,LM-005,709,9,Gurukrupa Marque,Linking Road
1056,LM-005,709,9,H and M Tower,Linking Road
1057,LM-005,709,9,HandM Tower,Linking Road
1058,LM-005,709,9,Happy Home,Linking Road
1059,LM-005,709,9,Hardik Villa,Linking Road
1060,LM-005,709,9,Harmony,Linking Road
1061,LM-005,709,9,Heritage,Linking Road
1062,LM-005,709,9,Hicons Residency,Linking Road
1063,LM-005,709,9,Highland,Linking Road
1064,LM-005,709,9,Hill Post,Linking Road
1065,LM-005,709,9,Hill Road Society,Linking Road
1066,LM-005,709,9,Hill Top,Linking Road
1067,LM-005,709,9,Hill View,Linking Road
1068,LM-005,709,9,Hill View Bldg,Linking Road
1069,LM-005,709,9,Hillary Apartments,Linking Road
1070,LM-005,709,9,Hilton Apartment,Linking Road
1071,LM-005,709,9,Hiranandani Bay Heights,Linking Road
1072,LM-005,709,9,Honeycomb,Linking Road
1073,LM-005,709,9,Ideal Manohar,Linking Road
1074,LM-005,709,9,Ideal Manohar Chs Ltd,Linking Road
1075,LM-005,709,9,Identity,Linking Road
1076,LM-005,709,9,Imperial Heights,Linking Road
1077,LM-005,709,9,Island Heights CHS,Linking Road
1078,LM-005,709,9,Jackers,Linking Road
1079,LM-005,709,9,Jeevan,Linking Road
1080,LM-005,709,9,Jercelle,Linking Road
1081,LM-005,709,9,Jewel Milan,Linking Road
1082,LM-005,709,9,Jolly Friends,Linking Road
1083,LM-005,709,9,Jolly Highrise,Linking Road
1084,LM-005,709,9,Josephine,Linking Road
1085,LM-005,709,9,Joy Apartment,Linking Road
1086,LM-005,709,9,Joy Legend,Linking Road
1087,LM-005,709,9,Joy Palace,Linking Road
1088,LM-005,709,9,June Blossom,Linking Road
1089,LM-005,709,9,K L Astoria,Linking Road
1090,LM-005,709,9,Kailash Enclave,Linking Road
1091,LM-005,709,9,Kakad Apartment,Linking Road
1092,LM-005,709,9,Kakad Bhavan,Linking Road
1093,LM-005,709,9,Kakad Heights,Linking Road
1094,LM-005,709,9,Kakad Imperial,Linking Road
1095,LM-005,709,9,Kalash,Linking Road
1096,LM-005,709,9,Kalpak Height,Linking Road
1097,LM-005,709,9,Kalpak Optimus,Linking Road
1098,LM-005,709,9,Kalpana,Linking Road
1099,LM-005,709,9,Kalpataru Nakshatra,Linking Road
1100,LM-005,709,9,Kamal Pushpa,Linking Road
1101,LM-005,709,9,Kanchan,Linking Road
1102,LM-005,709,9,Kankia Paris,Linking Road
1103,LM-005,709,9,Kanti Apartment,Linking Road
1104,LM-005,709,9,Kiara Apartment,Linking Road
1105,LM-005,709,9,Kishan Abode,Linking Road
1106,LM-005,709,9,Kismat,Linking Road
1107,LM-005,709,9,Konark Classic,Linking Road
1108,LM-005,709,9,Kripa Allure,Linking Road
1109,LM-005,709,9,Kripa Vue,Linking Road
1110,LM-005,709,9,Krishna Kutir,Linking Road
1111,LM-005,709,9,LA Fleur,Linking Road
1112,LM-005,709,9,La Roche,Linking Road
1113,LM-005,709,9,Labbaik House,Linking Road
1114,LM-005,709,9,Ladhani Legacy,Linking Road
1115,LM-005,709,9,Lake View,Linking Road
1116,LM-005,709,9,Lakhani Signature,Linking Road
1117,LM-005,709,9,Lalani Aura,Linking Road
1118,LM-005,709,9,Lamours,Linking Road
1119,LM-005,709,9,Land Breeze,Linking Road
1120,LM-005,709,9,Laxmi Chs,Linking Road
1121,LM-005,709,9,Legacy,Linking Road
1122,LM-005,709,9,Legend,Linking Road
1123,LM-005,709,9,Libra Tower,Linking Road
1124,LM-005,709,9,Lilian Heights,Linking Road
1125,LM-005,709,9,Lily Apartment,Linking Road
1126,LM-005,709,9,Link Side,Linking Road
1127,LM-005,709,9,Little Flower,Linking Road
1128,LM-005,709,9,Lou Paul,Linking Road
1129,LM-005,709,9,Lubina,Linking Road
1130,LM-005,709,9,M. B Tower,Linking Road
1131,LM-005,709,9,Makhija Chambers,Linking Road
1132,LM-005,709,9,Man Dune,Linking Road
1133,LM-005,709,9,Man Dunes,Linking Road
1134,LM-005,709,9,Mangal Darshan,Linking Road
1135,LM-005,709,9,Mangal Kunj,Linking Road
1136,LM-005,709,9,Manju Mahal,Linking Road
1137,LM-005,709,9,Manthan Embassy,Linking Road
1138,LM-005,709,9,Maqba Heights,Linking Road
1139,LM-005,709,9,Marble Arch,Linking Road
1140,LM-005,709,9,Maria bunglow,Linking Road
1141,LM-005,709,9,Marian House,Linking Road
1142,LM-005,709,9,Marina,Linking Road
1143,LM-005,709,9,Marinette,Linking Road
1144,LM-005,709,9,Mayfair Muse,Linking Road
1145,LM-005,709,9,Mayfair Serene,Linking Road
1146,LM-005,709,9,Mayqueen,Linking Road
1147,LM-005,709,9,Metropolitan,Linking Road
1148,LM-005,709,9,Mohini Castle,Linking Road
1149,LM-005,709,9,Mon Desire,Linking Road
1150,LM-005,709,9,Mon Repos,Linking Road
1151,LM-005,709,9,Mona Lisa,Linking Road
1152,LM-005,709,9,Monalisa,Linking Road
1153,LM-005,709,9,Moon Craft,Linking Road
1154,LM-005,709,9,Mooring,Linking Road
1155,LM-005,709,9,Morning Star,Linking Road
1156,LM-005,709,9,Moru Mahal,Linking Road
1157,LM-005,709,9,Morya Regency,Linking Road
1158,LM-005,709,9,Moti Mahal,Linking Road
1159,LM-005,709,9,Moti Mahal Apex,Linking Road
1160,LM-005,709,9,Mount Mary Apartment,Linking Road
1161,LM-005,709,9,Mukut,Linking Road
1162,LM-005,709,9,Narang Mantion,Linking Road
1163,LM-005,709,9,Nav Palmyra,Linking Road
1164,LM-005,709,9,Nav Sonarbala,Linking Road
1165,LM-005,709,9,Navratan,Linking Road
1166,LM-005,709,9,Navroze,Linking Road
1167,LM-005,709,9,Nectar,Linking Road
1168,LM-005,709,9,Neelam,Linking Road
1169,LM-005,709,9,Neelamber,Linking Road
1170,LM-005,709,9,New Apsara,Linking Road
1171,LM-005,709,9,New Garden View,Linking Road
1172,LM-005,709,9,New Imperial Plaza,Linking Road
1173,LM-005,709,9,New Jaldarshan,Linking Road
1174,LM-005,709,9,New Milan,Linking Road
1175,LM-005,709,9,New Silver Home,Linking Road
1176,LM-005,709,9,New Stock Alert,Linking Road
1177,LM-005,709,9,Next Avenue,Linking Road
1178,LM-005,709,9,Nibbana,Linking Road
1179,LM-005,709,9,Nibbana Annex,Linking Road
1180,LM-005,709,9,Nikita Enclave,Linking Road
1181,LM-005,709,9,Nirvana Apartment,Linking Road
1182,LM-005,709,9,Notan Casa,Linking Road
1183,LM-005,709,9,Notan Heights,Linking Road
1184,LM-005,709,9,Nutan Nagar Society,Linking Road
1185,LM-005,709,9,Om Palace,Linking Road
1186,LM-005,709,9,Orchard Palace,Linking Road
1187,LM-005,709,9,Orizzonte,Linking Road
1188,LM-005,709,9,Orva,Linking Road
1189,LM-005,709,9,Oxford,Linking Road
1190,LM-005,709,9,Palacio,Linking Road
1191,LM-005,709,9,Pali Hill Apartment,Linking Road
1192,LM-005,709,9,Pali Hill Niketan,Linking Road
1193,LM-005,709,9,Pali Palms,Linking Road
1194,LM-005,709,9,Palmera,Linking Road
1195,LM-005,709,9,Panchratan,Linking Road
1196,LM-005,709,9,Panju Mahal,Linking Road
1197,LM-005,709,9,Parijat,Linking Road
1198,LM-005,709,9,Park Reach,Linking Road
1199,LM-005,709,9,Passion Flower,Linking Road
1200,LM-005,709,9,Peridot Apartment,Linking Road
1201,LM-005,709,9,Pinnacle Gold,Linking Road
1202,LM-005,709,9,Platinum,Linking Road
1203,LM-005,709,9,Pleasant Park,Linking Road
1204,LM-005,709,9,Pooja,Linking Road
1205,LM-005,709,9,Prem Ghar,Linking Road
1206,LM-005,709,9,Prem Mayurasan,Linking Road
1207,LM-005,709,9,Prem Milan,Linking Road
1208,LM-005,709,9,Presidential,Linking Road
1209,LM-005,709,9,Prisca,Linking Road
1210,LM-005,709,9,Puja,Linking Road
1211,LM-005,709,9,Pushpa Vihar,Linking Road
1212,LM-005,709,9,Queen,Linking Road
1213,LM-005,709,9,Queens Apartment,Linking Road
1214,LM-005,709,9,Qureshi Heights,Linking Road
1215,LM-005,709,9,Raheja Avisa,Linking Road
1216,LM-005,709,9,Raheja Bay,Linking Road
1217,LM-005,709,9,Raheja Sunkist,Linking Road
1218,LM-005,709,9,Rang Mahal,Linking Road
1219,LM-005,709,9,Ratnagiri Apartment,Linking Road
1220,LM-005,709,9,Ravi Darshan,Linking Road
1221,LM-005,709,9,Reminess,Linking Road
1222,LM-005,709,9,Rendezvous,Linking Road
1223,LM-005,709,9,Residency,Linking Road
1224,LM-005,709,9,Richoux,Linking Road
1225,LM-005,709,9,Rizvi Chambers,Linking Road
1226,LM-005,709,9,Rizvi Mahal,Linking Road
1227,LM-005,709,9,Rocky Hill,Linking Road
1228,LM-005,709,9,Royal Crest,Linking Road
1229,LM-005,709,9,Rustomjee Orva,Linking Road
1230,LM-005,709,9,Rustomjee Parishram,Linking Road
1231,LM-005,709,9,Saba Heritage,Linking Road
1232,LM-005,709,9,Sabian,Linking Road
1233,LM-005,709,9,Sagar Apartments,Linking Road
1234,LM-005,709,9,Sagar Fortune,Linking Road
1235,LM-005,709,9,Sagar Resham,Linking Road
1236,LM-005,709,9,Sagar Sangam,Linking Road
1237,LM-005,709,9,Samarpan,Linking Road
1238,LM-005,709,9,Samrat,Linking Road
1239,LM-005,709,9,Sandhu Palace,Linking Road
1240,LM-005,709,9,Saquib,Linking Road
1241,LM-005,709,9,Sarita,Linking Road
1242,LM-005,709,9,Sarita Apartments,Linking Road
1243,LM-005,709,9,Satguru Rendezvous,Linking Road
1244,LM-005,709,9,Satguru Sharan,Linking Road
1245,LM-005,709,9,Satguru Shlok,Linking Road
1246,LM-005,709,9,Satguru Shristi,Linking Road
1247,LM-005,709,9,Satnam,Linking Road
1248,LM-005,709,9,Savijay,Linking Road
1249,LM-005,709,9,Savita Chhaya,Linking Road
1250,LM-005,709,9,Sayba Emerald,Linking Road
1251,LM-005,709,9,Sea Beach View,Linking Road
1252,LM-005,709,9,Sea Bird,Linking Road
1253,LM-005,709,9,Sea Breeze,Linking Road
1254,LM-005,709,9,Seema Apartments,Linking Road
1255,LM-005,709,9,Seep,Linking Road
1256,LM-005,709,9,Seeta Geeta,Linking Road
1257,LM-005,709,9,Shadaab Tower,Linking Road
1258,LM-005,709,9,Shale Rock,Linking Road
1259,LM-005,709,9,Shamiana Apartments,Linking Road
1260,LM-005,709,9,Shams Palace,Linking Road
1261,LM-005,709,9,Shangrila,Linking Road
1262,LM-005,709,9,Shanti Sadan,Linking Road
1263,LM-005,709,9,Sharan,Linking Road
1264,LM-005,709,9,Shehnaz,Linking Road
1265,LM-005,709,9,Sherly Queen,Linking Road
1266,LM-005,709,9,Shiv Asthan Heights Apartment,Linking Road
1267,LM-005,709,9,Shiv Darshan,Linking Road
1268,LM-005,709,9,Shree Prasad House,Linking Road
1269,LM-005,709,9,Silver Cascade,Linking Road
1270,LM-005,709,9,Silver Palace,Linking Road
1271,LM-005,709,9,Silver Rock,Linking Road
1272,LM-005,709,9,Silverene Apartments,Linking Road
1273,LM-005,709,9,Simar Tara,Linking Road
1274,LM-005,709,9,Singer Wood,Linking Road
1275,LM-005,709,9,Skylark,Linking Road
1276,LM-005,709,9,Skyper Tower,Linking Road
1277,LM-005,709,9,Snehal Apartments,Linking Road
1278,LM-005,709,9,Solitaire,Linking Road
1279,LM-005,709,9,Solitaire Apartments,Linking Road
1280,LM-005,709,9,Solomon Apartment,Linking Road
1281,LM-005,709,9,Somerset Apartments,Linking Road
1282,LM-005,709,9,Sona Villa,Linking Road
1283,LM-005,709,9,Sony Apartments,Linking Road
1284,LM-005,709,9,Spencer,Linking Road
1285,LM-005,709,9,Square Mall,Linking Road
1286,LM-005,709,9,Steesha,Linking Road
1287,LM-005,709,9,Sterling Diamond,Linking Road
1288,LM-005,709,9,Stone Arch,Linking Road
1289,LM-005,709,9,Suman,Linking Road
1290,LM-005,709,9,Summer Queen,Linking Road
1291,LM-005,709,9,Summer Ville,Linking Road
1292,LM-005,709,9,Sunbeam Apartment,Linking Road
1293,LM-005,709,9,Sunita,Linking Road
1294,LM-005,709,9,Sunkist,Linking Road
1295,LM-005,709,9,Sunny Side,Linking Road
1296,LM-005,709,9,Sunny Side APT,Linking Road
1297,LM-005,709,9,Sunset heights,Linking Road
1298,LM-005,709,9,Supreme Headquarters,Linking Road
1299,LM-005,709,9,Sweet Home,Linking Road
1300,LM-005,709,9,Chitrapur CHS,Linking Road
1301,LM-005,709,9,Moorings,Linking Road
1302,LM-005,709,9,One,Linking Road
1303,LM-005,709,9,Waterfront,Linking Road
1304,LM-005,709,9,Therese,Linking Road
1305,LM-005,709,9,Therese Ville Dawn,Linking Road
1306,LM-005,709,9,Tribeca,Linking Road
1307,LM-005,709,9,Tulip,Linking Road
1308,LM-005,709,9,Turner House,Linking Road
1309,LM-005,709,9,Tuscany Apartment,Linking Road
1310,LM-005,709,9,Two Roses,Linking Road
1311,LM-005,709,9,Union Park Ideal,Linking Road
1312,LM-005,709,9,Uttam Niwas,Linking Road
1313,LM-005,709,9,Vaikunth,Linking Road
1314,LM-005,709,9,Varde Villa,Linking Road
1315,LM-005,709,9,Varun,Linking Road
1316,LM-005,709,9,Vasukamal,Linking Road
1317,LM-005,709,9,Vasvani 36 AB,Linking Road
1318,LM-005,709,9,Victoria House,Linking Road
1319,LM-005,709,9,Videocon Icon,Linking Road
1320,LM-005,709,9,Videocon Sumukh,Linking Road
1321,LM-005,709,9,Villa Rosa,Linking Road
1322,LM-005,709,9,Vinayak Heights,Linking Road
1323,LM-005,709,9,Vintage Pearl,Linking Road
1324,LM-005,709,9,Vrindavan,Linking Road
1325,LM-005,709,9,Waheeda,Linking Road
1326,LM-005,709,9,Warden,Linking Road
1327,LM-005,709,9,Warden Bldg,Linking Road
1328,LM-005,709,9,Waroda Apartments,Linking Road
1329,LM-005,709,9,Water Queen,Linking Road
1330,LM-005,709,9,West Bay Apartments,Linking Road
1331,LM-005,709,9,West Coast Apartment,Linking Road
1332,LM-005,709,9,West Side,Linking Road
1333,LM-005,709,9,Whispering Heights,Linking Road
1334,LM-005,709,9,White Rose,Linking Road
1335,LM-005,709,9,Willadel,Linking Road
1336,LM-005,709,9,Willow Shades,Linking Road
1337,LM-005,709,9,Windermere,Linking Road
1338,LM-005,709,9,Wits End,Linking Road
1339,LM-005,709,9,Woodland Heights,Linking Road
1340,LM-005,709,9,Yasmin Villa,Linking Road
1341,LM-005,709,9,Zeba Corner,Linking Road
1342,LM-005,709,9,Zest,Linking Road
3238,LM-020,718,9,Ajanta Apartments,Pedder Road
3239,LM-020,718,9,Alpana,Pedder Road
3240,LM-020,718,9,Anand Darshan,Pedder Road
3241,LM-020,718,9,Asha Mahal,Pedder Road
3242,LM-020,718,9,Bhagwati Bhuvan,Pedder Road
3243,LM-020,718,9,Chandan,Pedder Road
3244,LM-020,718,9,Eddie House,Pedder Road
3245,LM-020,718,9,Kailash Mahal,Pedder Road
3246,LM-020,718,9,Maheshwari Niketan,Pedder Road
3247,LM-020,718,9,Marlboro House,Pedder Road
3248,LM-020,718,9,Nalanda,Pedder Road
3249,LM-020,718,9,Neelambar Annex,Pedder Road
3250,LM-020,718,9,Padam,Pedder Road
3251,LM-020,718,9,Pentacle,Pedder Road
3252,LM-020,718,9,Poonam Apartment,Pedder Road
3253,LM-020,718,9,Poornima Apartment,Pedder Road
3254,LM-020,718,9,Prabhu Kunj,Pedder Road
3255,LM-020,718,9,Prem Court @ Peddar Road,Pedder Road
3256,LM-020,718,9,Rijhumal Mansion,Pedder Road
3257,LM-020,718,9,Sadhna,Pedder Road
3258,LM-020,718,9,Shiv Tirth,Pedder Road
3259,LM-020,718,9,Sonarica,Pedder Road
3260,LM-020,718,9,Sukh Shanti,Pedder Road
3261,LM-020,718,9,Sunbeam,Pedder Road
3262,LM-020,718,9,Vasant Apartments,Pedder Road
3263,LM-020,718,9,Vimla Mahal,Pedder Road
3264,LM-020,718,9,Woodlands,Pedder Road
1373,LM-053,722,9,Akar Pinnacle,Borivali Station
1374,LM-053,722,9,Ambrosia Tower,Borivali Station
1375,LM-053,722,9,"Ashar Bellezza, Wagle Estate",Borivali Station
1376,LM-053,722,9,Avon Majesty,Borivali Station
1377,LM-053,722,9,Chandak Nischay,Borivali Station
1378,LM-053,722,9,Clarion,Borivali Station
1379,LM-053,722,9,Country Park,Borivali Station
1380,LM-053,722,9,DGS Sheetal Regalia,Borivali Station
1381,LM-053,722,9,Dheeraj Upvan,Borivali Station
1382,LM-053,722,9,Ekta Bhoomi Garden,Borivali Station
1383,LM-053,722,9,Esspee Tower,Borivali Station
1384,LM-053,722,9,Hill View Tower,Borivali Station
1385,LM-053,722,9,Jaliyan Height,Borivali Station
1386,LM-053,722,9,Kanakia Samarpan Exotica,Borivali Station
1387,LM-053,722,9,Kaustubh Platinum,Borivali Station
1388,LM-053,722,9,Laxmi Narayan Mansion,Borivali Station
1389,LM-053,722,9,Oberai Sky City,Borivali Station
1390,LM-053,722,9,Oberoi Sky City,Borivali Station
1391,LM-053,722,9,Omkareshwar,Borivali Station
1392,LM-053,722,9,Parijat Hill View,Borivali Station
1393,LM-053,722,9,Pinnacle,Borivali Station
1394,LM-053,722,9,Radha Govind,Borivali Station
1395,LM-053,722,9,Radha Krishna,Borivali Station
1396,LM-053,722,9,Raj Hills,Borivali Station
1397,LM-053,722,9,Rivali Park,Borivali Station
1398,LM-053,722,9,Romell Allure,Borivali Station
1399,LM-053,722,9,Rustomjee Pinnacle,Borivali Station
1400,LM-053,722,9,Rustomjee Summit,Borivali Station
1401,LM-053,722,9,Samarpan Exotica,Borivali Station
1402,LM-053,722,9,Sanghvi Solitaire,Borivali Station
1403,LM-053,722,9,Shivoham Enclave,Borivali Station
1404,LM-053,722,9,Shree Krishna Complex,Borivali Station
1405,LM-053,722,9,Siddhivinayak,Borivali Station
1406,LM-053,722,9,Signia High,Borivali Station
1407,LM-053,722,9,Sun and Moon,Borivali Station
1408,LM-053,722,9,TeenMurty Summit,Borivali Station
1409,LM-053,722,9,Grand Residences,Borivali Station
1410,LM-053,722,9,Western Edge 1,Borivali Station
1411,LM-053,722,9,Western Edge 2,Borivali Station
1991,LM-018,727,9,Heera Panna,Haji Ali Dargah
1992,LM-018,727,9,Sambhov Tirth,Haji Ali Dargah
840,LM-015,733,9,Aquarius Tower,Lilavati Hospital
841,LM-015,733,9,Bandstand Apartment,Lilavati Hospital
842,LM-015,733,9,Continental Tower,Lilavati Hospital
843,LM-015,733,9,Crystal Plaza,Lilavati Hospital
844,LM-015,733,9,DLH Signature,Lilavati Hospital
845,LM-015,733,9,Dakshin Pali,Lilavati Hospital
846,LM-015,733,9,Deeraj Devika,Lilavati Hospital
847,LM-015,733,9,Dheeraj Swapna,Lilavati Hospital
848,LM-015,733,9,Ekta Everglades,Lilavati Hospital
849,LM-015,733,9,Elisha Apartment,Lilavati Hospital
850,LM-015,733,9,Eternity,Lilavati Hospital
851,LM-015,733,9,Fortune Heights,Lilavati Hospital
852,LM-015,733,9,G Block,Lilavati Hospital
853,LM-015,733,9,Hicon Classes,Lilavati Hospital
854,LM-015,733,9,Hicon Residency,Lilavati Hospital
855,LM-015,733,9,Joanna Villa,Lilavati Hospital
856,LM-015,733,9,Le Reve,Lilavati Hospital
857,LM-015,733,9,Little Hut,Lilavati Hospital
858,LM-015,733,9,Makhija Arcade,Lilavati Hospital
859,LM-015,733,9,Mantri Sujata,Lilavati Hospital
860,LM-015,733,9,Matai Mansion,Lilavati Hospital
861,LM-015,733,9,Notan Chambers,Lilavati Hospital
862,LM-015,733,9,Pacific Heights,Lilavati Hospital
863,LM-015,733,9,Regiland,Lilavati Hospital
864,LM-015,733,9,Roha Orion,Lilavati Hospital
865,LM-015,733,9,Rustomjee Seasons,Lilavati Hospital
866,LM-015,733,9,Sagar Kiran,Lilavati Hospital
867,LM-015,733,9,Sahana Enclave,Lilavati Hospital
868,LM-015,733,9,Satguru Paman,Lilavati Hospital
869,LM-015,733,9,Signature Lakhani,Lilavati Hospital
870,LM-015,733,9,Sumukh,Lilavati Hospital
871,LM-015,733,9,Supreme Residency,Lilavati Hospital
3117,LM-022,758,9,Advent,Nariman Point
3118,LM-022,758,9,Atlanta,Nariman Point
3119,LM-022,758,9,Bajaj Bhavan,Nariman Point
3120,LM-022,758,9,Dalamal Tower,Nariman Point
3121,LM-022,758,9,Earnest House,Nariman Point
3122,LM-022,758,9,Embassy Centre,Nariman Point
3123,LM-022,758,9,Maker Chamber 3,Nariman Point
3124,LM-022,758,9,Mittal Court,Nariman Point
3125,LM-022,758,9,Mittal Tower,Nariman Point
3126,LM-022,758,9,NCPA Apartments,Nariman Point
3127,LM-022,758,9,Nariman Bhavan,Nariman Point
3128,LM-022,758,9,Raheja Centre,Nariman Point
3129,LM-022,758,9,Shreyas CHS,Nariman Point
3130,LM-022,758,9,Sita Kunj,Nariman Point
3131,LM-022,758,9,Tulsiani Chambers,Nariman Point
840,LM-002,759,9,Aquarius Tower,Mehboob Studio
841,LM-002,759,9,Bandstand Apartment,Mehboob Studio
842,LM-002,759,9,Continental Tower,Mehboob Studio
843,LM-002,759,9,Crystal Plaza,Mehboob Studio
844,LM-002,759,9,DLH Signature,Mehboob Studio
845,LM-002,759,9,Dakshin Pali,Mehboob Studio
846,LM-002,759,9,Deeraj Devika,Mehboob Studio
847,LM-002,759,9,Dheeraj Swapna,Mehboob Studio
848,LM-002,759,9,Ekta Everglades,Mehboob Studio
849,LM-002,759,9,Elisha Apartment,Mehboob Studio
850,LM-002,759,9,Eternity,Mehboob Studio
851,LM-002,759,9,Fortune Heights,Mehboob Studio
852,LM-002,759,9,G Block,Mehboob Studio
853,LM-002,759,9,Hicon Classes,Mehboob Studio
854,LM-002,759,9,Hicon Residency,Mehboob Studio
855,LM-002,759,9,Joanna Villa,Mehboob Studio
856,LM-002,759,9,Le Reve,Mehboob Studio
857,LM-002,759,9,Little Hut,Mehboob Studio
858,LM-002,759,9,Makhija Arcade,Mehboob Studio
859,LM-002,759,9,Mantri Sujata,Mehboob Studio
860,LM-002,759,9,Matai Mansion,Mehboob Studio
861,LM-002,759,9,Notan Chambers,Mehboob Studio
862,LM-002,759,9,Pacific Heights,Mehboob Studio
863,LM-002,759,9,Regiland,Mehboob Studio
864,LM-002,759,9,Roha Orion,Mehboob Studio
865,LM-002,759,9,Rustomjee Seasons,Mehboob Studio
866,LM-002,759,9,Sagar Kiran,Mehboob Studio
867,LM-002,759,9,Sahana Enclave,Mehboob Studio
868,LM-002,759,9,Satguru Paman,Mehboob Studio
869,LM-002,759,9,Signature Lakhani,Mehboob Studio
870,LM-002,759,9,Sumukh,Mehboob Studio
871,LM-002,759,9,Supreme Residency,Mehboob Studio
2019,LM-035,763,10,7 Jvpd,Prithvi Theatre
2020,LM-035,763,10,9 Jvpd,Prithvi Theatre
2021,LM-035,763,10,A G House,Prithvi Theatre
2022,LM-035,763,10,Aaradhya Evoq,Prithvi Theatre
2023,LM-035,763,10,Aashray Apartment,Prithvi Theatre
2024,LM-035,763,10,Ajmera Prive,Prithvi Theatre
2025,LM-035,763,10,Alaknanda,Prithvi Theatre
2026,LM-035,763,10,Amar Tower,Prithvi Theatre
2027,LM-035,763,10,Apsara Apartment,Prithvi Theatre
2028,LM-035,763,10,Beach House,Prithvi Theatre
2029,LM-035,763,10,Bhanu Apartment,Prithvi Theatre
2030,LM-035,763,10,Bharat Acropolis,Prithvi Theatre
2031,LM-035,763,10,Blue Diamond,Prithvi Theatre
2032,LM-035,763,10,Casablanca,Prithvi Theatre
2033,LM-035,763,10,Chalet Amar,Prithvi Theatre
2034,LM-035,763,10,Chrysalis,Prithvi Theatre
2035,LM-035,763,10,Crystal Apartments,Prithvi Theatre
2036,LM-035,763,10,DLH Legacy,Prithvi Theatre
2037,LM-035,763,10,DLH Mamta,Prithvi Theatre
2038,LM-035,763,10,Dev Park,Prithvi Theatre
2039,LM-035,763,10,Dilrag,Prithvi Theatre
2040,LM-035,763,10,Exotica,Prithvi Theatre
2041,LM-035,763,10,Gada Residency,Prithvi Theatre
2042,LM-035,763,10,Gagandeep Apartment,Prithvi Theatre
2043,LM-035,763,10,Gokul Blossom,Prithvi Theatre
2044,LM-035,763,10,Gokul Darshan,Prithvi Theatre
2045,LM-035,763,10,Gold Mist,Prithvi Theatre
2046,LM-035,763,10,Green Acres,Prithvi Theatre
2047,LM-035,763,10,Green Field,Prithvi Theatre
2048,LM-035,763,10,Green Field Society,Prithvi Theatre
2049,LM-035,763,10,Gulmohar Heights,Prithvi Theatre
2050,LM-035,763,10,Gurukrupa Vyom,Prithvi Theatre
2051,LM-035,763,10,Hari Om CHS,Prithvi Theatre
2052,LM-035,763,10,Harsh Jyot,Prithvi Theatre
2053,LM-035,763,10,High Tide,Prithvi Theatre
2054,LM-035,763,10,Ideal Apartments,Prithvi Theatre
2055,LM-035,763,10,Imperial Windsor,Prithvi Theatre
2056,LM-035,763,10,Ivory Tower,Prithvi Theatre
2057,LM-035,763,10,Janki Kutir,Prithvi Theatre
2058,LM-035,763,10,Jeevan Jyot,Prithvi Theatre
2059,LM-035,763,10,Juhu Acropolis,Prithvi Theatre
2060,LM-035,763,10,Juhu Ankur,Prithvi Theatre
2061,LM-035,763,10,Juhu Apartment,Prithvi Theatre
2062,LM-035,763,10,Juhu Ashish,Prithvi Theatre
2063,LM-035,763,10,Juhu Dhara Complex,Prithvi Theatre
2064,LM-035,763,10,Juhu Griha Swapna,Prithvi Theatre
2065,LM-035,763,10,Juhu Gulmohar,Prithvi Theatre
2066,LM-035,763,10,Juhu Harshal,Prithvi Theatre
2067,LM-035,763,10,Juhu Jivan,Prithvi Theatre
2068,LM-035,763,10,Juhu Natraj,Prithvi Theatre
2069,LM-035,763,10,Juhu Sagar,Prithvi Theatre
2070,LM-035,763,10,Juhu Sai Darshan,Prithvi Theatre
2071,LM-035,763,10,Juhu Sameep,Prithvi Theatre
2072,LM-035,763,10,Juhu Sangeeta,Prithvi Theatre
2073,LM-035,763,10,Juhu Sheetal,Prithvi Theatre
2074,LM-035,763,10,Juhu Tarang,Prithvi Theatre
2075,LM-035,763,10,Juhu Vishal 2,Prithvi Theatre
2076,LM-035,763,10,Jyoti Sadan,Prithvi Theatre
2077,LM-035,763,10,Kalpataru Amare,Prithvi Theatre
2078,LM-035,763,10,Kalpataru Solitaire,Prithvi Theatre
2079,LM-035,763,10,Kalumal Estate,Prithvi Theatre
2080,LM-035,763,10,Kamla Heritage,Prithvi Theatre
2081,LM-035,763,10,Kinara,Prithvi Theatre
2082,LM-035,763,10,Kings Apartment,Prithvi Theatre
2083,LM-035,763,10,Kripa Nidhi,Prithvi Theatre
2084,LM-035,763,10,Kutch House,Prithvi Theatre
2085,LM-035,763,10,Lodha One,Prithvi Theatre
2086,LM-035,763,10,Lotus Ananya,Prithvi Theatre
2087,LM-035,763,10,Lotus Ayana,Prithvi Theatre
2088,LM-035,763,10,Mahran,Prithvi Theatre
2089,LM-035,763,10,Mangal Meeth,Prithvi Theatre
2090,LM-035,763,10,Mangal Millap,Prithvi Theatre
2091,LM-035,763,10,Mayfair Silver Beach,Prithvi Theatre
2092,LM-035,763,10,Megh Apartment,Prithvi Theatre
2093,LM-035,763,10,Milton Apartment,Prithvi Theatre
2094,LM-035,763,10,Mittal Park,Prithvi Theatre
2095,LM-035,763,10,NHP Meghdoot,Prithvi Theatre
2096,LM-035,763,10,Navratana Apartment,Prithvi Theatre
2097,LM-035,763,10,New Monalisa,Prithvi Theatre
2098,LM-035,763,10,Nidhi Tower,Prithvi Theatre
2099,LM-035,763,10,North Bombay Society,Prithvi Theatre
2100,LM-035,763,10,Oyster Shell I,Prithvi Theatre
2101,LM-035,763,10,Parinee 11 West,Prithvi Theatre
2102,LM-035,763,10,Parinee Aria,Prithvi Theatre
2103,LM-035,763,10,Parinee Liva Roca,Prithvi Theatre
2104,LM-035,763,10,Park Grandeur,Prithvi Theatre
2105,LM-035,763,10,Prabhu Krupa,Prithvi Theatre
2106,LM-035,763,10,Prabhu Vijay,Prithvi Theatre
2107,LM-035,763,10,Queens Park,Prithvi Theatre
2108,LM-035,763,10,Raheja,Prithvi Theatre
2109,LM-035,763,10,Raj Rahul,Prithvi Theatre
2110,LM-035,763,10,Raj Vastu,Prithvi Theatre
2111,LM-035,763,10,Ramkrishna Mission,Prithvi Theatre
2112,LM-035,763,10,Riviera,Prithvi Theatre
2113,LM-035,763,10,Row House,Prithvi Theatre
2114,LM-035,763,10,Ruia Park,Prithvi Theatre
2115,LM-035,763,10,Rustomjee,Prithvi Theatre
2116,LM-035,763,10,Sagar Sangeet,Prithvi Theatre
2117,LM-035,763,10,Sai Juhu Tara,Prithvi Theatre
2118,LM-035,763,10,Shabnam,Prithvi Theatre
2119,LM-035,763,10,Shanghvi Udyan,Prithvi Theatre
2120,LM-035,763,10,Shishir,Prithvi Theatre
2121,LM-035,763,10,Shreeji krupa,Prithvi Theatre
2122,LM-035,763,10,Silver Sand Bunglow,Prithvi Theatre
2123,LM-035,763,10,Sukh Shanti,Prithvi Theatre
2124,LM-035,763,10,Sukhmani Apartment,Prithvi Theatre
2125,LM-035,763,10,Sun Villa,Prithvi Theatre
2126,LM-035,763,10,Sweet Home,Prithvi Theatre
2127,LM-035,763,10,Tirupati,Prithvi Theatre
2128,LM-035,763,10,Tulsi,Prithvi Theatre
2129,LM-035,763,10,Usha Kunj,Prithvi Theatre
2130,LM-035,763,10,Vaastu,Prithvi Theatre
2131,LM-035,763,10,Vaishali Shopping Centre,Prithvi Theatre
2132,LM-035,763,10,Valencia,Prithvi Theatre
2133,LM-035,763,10,Vasundhara,Prithvi Theatre
2134,LM-035,763,10,Vaswani Seascape,Prithvi Theatre
2135,LM-035,763,10,Vikas Park,Prithvi Theatre
2136,LM-035,763,10,Vipank Krishaang,Prithvi Theatre
2137,LM-035,763,10,Vyom,Prithvi Theatre
1681,LM-057,766,10,140 Shivaji Park,Dadar Station
1682,LM-057,766,10,Aadeshwar,Dadar Station
1683,LM-057,766,10,Anand Apartment,Dadar Station
1684,LM-057,766,10,Avhad Oasis,Dadar Station
1685,LM-057,766,10,Baya Park,Dadar Station
1686,LM-057,766,10,Bhakti Park,Dadar Station
1687,LM-057,766,10,"Bhawani Shankar,dadar",Dadar Station
1688,LM-057,766,10,Bliss Kasa,Dadar Station
1689,LM-057,766,10,DLF The Crest,Dadar Station
1690,LM-057,766,10,Dotom Desire,Dadar Station
1691,LM-057,766,10,Earth Ventage,Dadar Station
1692,LM-057,766,10,Earth Vintage,Dadar Station
1693,LM-057,766,10,Hiranya,Dadar Station
1694,LM-057,766,10,Inder Tower,Dadar Station
1695,LM-057,766,10,Kalaya Tower,Dadar Station
1696,LM-057,766,10,Kohinoor Altissimo,Dadar Station
1697,LM-057,766,10,Laxmi Commercial Centre,Dadar Station
1698,LM-057,766,10,Luis Apartment,Dadar Station
1699,LM-057,766,10,Mandarmala,Dadar Station
1700,LM-057,766,10,Mangesh Sadan,Dadar Station
1701,LM-057,766,10,Moti Bhuvan,Dadar Station
1702,LM-057,766,10,Omkar Belleza,Dadar Station
1703,LM-057,766,10,Palette,Dadar Station
1704,LM-057,766,10,Park Mist,Dadar Station
1705,LM-057,766,10,Royal Accord,Dadar Station
1706,LM-057,766,10,Royal Tusk,Dadar Station
1707,LM-057,766,10,Sai Siddhi,Dadar Station
1708,LM-057,766,10,Silver Beach Apartments,Dadar Station
1709,LM-057,766,10,Sugee Akanksha,Dadar Station
1710,LM-057,766,10,Sugee Hiranya,Dadar Station
1711,LM-057,766,10,Sugee Sadan,Dadar Station
1712,LM-057,766,10,Sugee Shubhada,Dadar Station
1713,LM-057,766,10,Sujatha Apartment,Dadar Station
1714,LM-057,766,10,Suraj Louisandra,Dadar Station
1715,LM-057,766,10,Suraj Park View,Dadar Station
1716,LM-057,766,10,Suraj Vista,Dadar Station
1717,LM-057,766,10,Crest,Dadar Station
1718,LM-057,766,10,Ruby,Dadar Station
1719,LM-057,766,10,Vardhaman Estate,Dadar Station
1720,LM-057,766,10,Vishal Villa,Dadar Station
1721,LM-057,766,10,Wisteria,Dadar Station
1722,LM-057,766,10,Yash Plaza,Dadar Station
169,LM-031,767,10,5th Element,DN Nagar Metro
170,LM-031,767,10,72 West,DN Nagar Metro
171,LM-031,767,10,AR Avenue,DN Nagar Metro
172,LM-031,767,10,ARC Aura,DN Nagar Metro
173,LM-031,767,10,Aakanksha Tower,DN Nagar Metro
174,LM-031,767,10,Aakansha Tower,DN Nagar Metro
175,LM-031,767,10,Aarc Residency,DN Nagar Metro
176,LM-031,767,10,Aashirwad,DN Nagar Metro
177,LM-031,767,10,Aashiyana,DN Nagar Metro
178,LM-031,767,10,Abhar CHS,DN Nagar Metro
179,LM-031,767,10,Abhishek,DN Nagar Metro
180,LM-031,767,10,Abhishek Bldg,DN Nagar Metro
181,LM-031,767,10,Accord,DN Nagar Metro
182,LM-031,767,10,Acme Stadium View,DN Nagar Metro
183,LM-031,767,10,Acme Sweet 16,DN Nagar Metro
184,LM-031,767,10,Adani Inspire,DN Nagar Metro
185,LM-031,767,10,Adani Western Heights,DN Nagar Metro
186,LM-031,767,10,Aditi,DN Nagar Metro
187,LM-031,767,10,Aditya,DN Nagar Metro
188,LM-031,767,10,Agarwal Golden Chambers,DN Nagar Metro
189,LM-031,767,10,Aishwarya,DN Nagar Metro
190,LM-031,767,10,Ajod One,DN Nagar Metro
191,LM-031,767,10,Akash Deep,DN Nagar Metro
192,LM-031,767,10,Alfa,DN Nagar Metro
193,LM-031,767,10,Alpine Primo - Commercial,DN Nagar Metro
194,LM-031,767,10,Amarnath Tower,DN Nagar Metro
195,LM-031,767,10,Ambika Acropolis,DN Nagar Metro
196,LM-031,767,10,Amit Estate,DN Nagar Metro
197,LM-031,767,10,Amit Kamble,DN Nagar Metro
198,LM-031,767,10,Amrut Smruti,DN Nagar Metro
199,LM-031,767,10,Amrut Tara,DN Nagar Metro
200,LM-031,767,10,Andheri Ekta,DN Nagar Metro
201,LM-031,767,10,Andheri Gulmohur CHS,DN Nagar Metro
202,LM-031,767,10,Andheri Industrial Estate,DN Nagar Metro
203,LM-031,767,10,Andheri Sahkar Co Op HSG SOC LTD,DN Nagar Metro
204,LM-031,767,10,Anisha Apartments,DN Nagar Metro
205,LM-031,767,10,Ankita,DN Nagar Metro
206,LM-031,767,10,Antalya,DN Nagar Metro
207,LM-031,767,10,Anuprita Housing Society,DN Nagar Metro
208,LM-031,767,10,Anushka,DN Nagar Metro
209,LM-031,767,10,Apeksha,DN Nagar Metro
210,LM-031,767,10,Apna Ghar,DN Nagar Metro
211,LM-031,767,10,Aradhana,DN Nagar Metro
212,LM-031,767,10,Arena Apartment,DN Nagar Metro
213,LM-031,767,10,Aroma,DN Nagar Metro
214,LM-031,767,10,Arshi Complex,DN Nagar Metro
215,LM-031,767,10,Arunodaya,DN Nagar Metro
216,LM-031,767,10,Ashirwad,DN Nagar Metro
217,LM-031,767,10,Ashish Apartment,DN Nagar Metro
218,LM-031,767,10,Ashiyana,DN Nagar Metro
219,LM-031,767,10,Ashtavinayak CHS,DN Nagar Metro
220,LM-031,767,10,Aston,DN Nagar Metro
221,LM-031,767,10,Atlantis,DN Nagar Metro
222,LM-031,767,10,Atlantis Apartments,DN Nagar Metro
223,LM-031,767,10,Atlas Skywalker,DN Nagar Metro
224,LM-031,767,10,Autograph Residency,DN Nagar Metro
225,LM-031,767,10,Awadhoot CHS,DN Nagar Metro
226,LM-031,767,10,Azad Nagar Kedar Darshan CHLS,DN Nagar Metro
227,LM-031,767,10,Basera,DN Nagar Metro
228,LM-031,767,10,Bay View,DN Nagar Metro
229,LM-031,767,10,Bayview,DN Nagar Metro
230,LM-031,767,10,Belscot Tower,DN Nagar Metro
231,LM-031,767,10,Benhur,DN Nagar Metro
232,LM-031,767,10,Benzer Apartment,DN Nagar Metro
233,LM-031,767,10,Beverley Hills,DN Nagar Metro
234,LM-031,767,10,Bhagtani Elegance,DN Nagar Metro
235,LM-031,767,10,Bharat Ark,DN Nagar Metro
236,LM-031,767,10,Bharat Belmonte,DN Nagar Metro
237,LM-031,767,10,Bharat Sky Vistas,DN Nagar Metro
238,LM-031,767,10,Bhartiya Rakshak,DN Nagar Metro
239,LM-031,767,10,Bhoomi Amogh,DN Nagar Metro
240,LM-031,767,10,Blue Arch Society,DN Nagar Metro
241,LM-031,767,10,Boston Harbor,DN Nagar Metro
242,LM-031,767,10,Breeze,DN Nagar Metro
243,LM-031,767,10,Brighton Tower,DN Nagar Metro
244,LM-031,767,10,Brook Hill Tower,DN Nagar Metro
245,LM-031,767,10,Brookfield,DN Nagar Metro
246,LM-031,767,10,Bunch Berry,DN Nagar Metro
247,LM-031,767,10,Business Point,DN Nagar Metro
248,LM-031,767,10,Business Square,DN Nagar Metro
249,LM-031,767,10,Camron Heights,DN Nagar Metro
250,LM-031,767,10,Capri Heights,DN Nagar Metro
251,LM-031,767,10,Casa Divine,DN Nagar Metro
252,LM-031,767,10,Casa Millennia,DN Nagar Metro
253,LM-031,767,10,Castle Yashodeep Tower,DN Nagar Metro
254,LM-031,767,10,Center Square,DN Nagar Metro
255,LM-031,767,10,Centre Square,DN Nagar Metro
256,LM-031,767,10,Chaitanya Anand,DN Nagar Metro
257,LM-031,767,10,Chandak Unicorn,DN Nagar Metro
258,LM-031,767,10,Chitralekha Haritage,DN Nagar Metro
259,LM-031,767,10,Citi Mall,DN Nagar Metro
260,LM-031,767,10,Citizen Apartment,DN Nagar Metro
261,LM-031,767,10,Claridge Apartment,DN Nagar Metro
262,LM-031,767,10,Cliff Tower,DN Nagar Metro
263,LM-031,767,10,Clifton,DN Nagar Metro
264,LM-031,767,10,Commerce Centre,DN Nagar Metro
265,LM-031,767,10,Commercial At Bramhand Near Hiranandani Estate,DN Nagar Metro
266,LM-031,767,10,Cosmic Tower,DN Nagar Metro
267,LM-031,767,10,Cosmopolis,DN Nagar Metro
268,LM-031,767,10,Cosmos,DN Nagar Metro
269,LM-031,767,10,Cosmos Plaza,DN Nagar Metro
270,LM-031,767,10,Cozy Apartment,DN Nagar Metro
271,LM-031,767,10,Creek Crest,DN Nagar Metro
272,LM-031,767,10,Crescent Royal,DN Nagar Metro
273,LM-031,767,10,Crest Apartment,DN Nagar Metro
274,LM-031,767,10,Crest Audeus,DN Nagar Metro
275,LM-031,767,10,Crest Mukta,DN Nagar Metro
276,LM-031,767,10,Cross Gate,DN Nagar Metro
277,LM-031,767,10,Crystal Paradise,DN Nagar Metro
278,LM-031,767,10,Crystal Plaza,DN Nagar Metro
279,LM-031,767,10,Crystal Point,DN Nagar Metro
280,LM-031,767,10,DLF WestPark,DN Nagar Metro
281,LM-031,767,10,DLH Darpan,DN Nagar Metro
282,LM-031,767,10,DLH Dream,DN Nagar Metro
283,LM-031,767,10,DLH Enclave,DN Nagar Metro
284,LM-031,767,10,DLH Imur,DN Nagar Metro
285,LM-031,767,10,DLH Junction,DN Nagar Metro
286,LM-031,767,10,DLH Leo,DN Nagar Metro
287,LM-031,767,10,DLH Mamta,DN Nagar Metro
288,LM-031,767,10,DLH Metro View,DN Nagar Metro
289,LM-031,767,10,DLH Orchid,DN Nagar Metro
290,LM-031,767,10,DLH Plaza,DN Nagar Metro
291,LM-031,767,10,DLH Prabhuvandan,DN Nagar Metro
292,LM-031,767,10,DLH Sorrento,DN Nagar Metro
293,LM-031,767,10,DLH Swakrut,DN Nagar Metro
294,LM-031,767,10,DLH Swanlake,DN Nagar Metro
295,LM-031,767,10,DLH Swapnadeep,DN Nagar Metro
296,LM-031,767,10,DLH Vishwa Prakash,DN Nagar Metro
297,LM-031,767,10,Deep Apartment,DN Nagar Metro
298,LM-031,767,10,Deepalika Apartment,DN Nagar Metro
299,LM-031,767,10,Deluxe House,DN Nagar Metro
300,LM-031,767,10,Denzil,DN Nagar Metro
301,LM-031,767,10,Dev Leo Tower,DN Nagar Metro
302,LM-031,767,10,Dev Prestige,DN Nagar Metro
303,LM-031,767,10,Dhanashree Heights,DN Nagar Metro
304,LM-031,767,10,Dheeraj Gaurav Heights,DN Nagar Metro
305,LM-031,767,10,Dhoop Chaon,DN Nagar Metro
306,LM-031,767,10,Dhoop Chaon Society,DN Nagar Metro
307,LM-031,767,10,Dilkap Chambers,DN Nagar Metro
308,LM-031,767,10,Divyam Heights,DN Nagar Metro
309,LM-031,767,10,Dream Aspire,DN Nagar Metro
310,LM-031,767,10,Duplex Heights,DN Nagar Metro
311,LM-031,767,10,Durga Chambers,DN Nagar Metro
312,LM-031,767,10,Durolite House,DN Nagar Metro
313,LM-031,767,10,Durva,DN Nagar Metro
314,LM-031,767,10,Eden Woods,DN Nagar Metro
315,LM-031,767,10,Ekta CHS Ltd,DN Nagar Metro
316,LM-031,767,10,Ekta Model Town,DN Nagar Metro
317,LM-031,767,10,El Signora,DN Nagar Metro
318,LM-031,767,10,Elegance,DN Nagar Metro
319,LM-031,767,10,Eleganzia Royale,DN Nagar Metro
320,LM-031,767,10,Embassy,DN Nagar Metro
321,LM-031,767,10,Enchante,DN Nagar Metro
322,LM-031,767,10,Eternia,DN Nagar Metro
323,LM-031,767,10,Everest,DN Nagar Metro
324,LM-031,767,10,Evershine Cosmic,DN Nagar Metro
325,LM-031,767,10,Evershine Embassy,DN Nagar Metro
326,LM-031,767,10,Evershine Green Tower,DN Nagar Metro
327,LM-031,767,10,Evershine Park,DN Nagar Metro
328,LM-031,767,10,Eversun CHS,DN Nagar Metro
329,LM-031,767,10,Excellency,DN Nagar Metro
330,LM-031,767,10,Excellency Society,DN Nagar Metro
331,LM-031,767,10,Fair Link Centre,DN Nagar Metro
332,LM-031,767,10,Fiona,DN Nagar Metro
333,LM-031,767,10,Flora Heights,DN Nagar Metro
334,LM-031,767,10,Fortune 59,DN Nagar Metro
335,LM-031,767,10,Fortune Terraces,DN Nagar Metro
336,LM-031,767,10,Ganga Bhavan,DN Nagar Metro
337,LM-031,767,10,Ganga Darshan,DN Nagar Metro
338,LM-031,767,10,Garden Rose,DN Nagar Metro
339,LM-031,767,10,Garden View,DN Nagar Metro
340,LM-031,767,10,Gautam Darshan,DN Nagar Metro
341,LM-031,767,10,Gayatri Apartments,DN Nagar Metro
342,LM-031,767,10,Gayatri Enclave,DN Nagar Metro
343,LM-031,767,10,Gazhdar Enclave,DN Nagar Metro
344,LM-031,767,10,Ghanshyam Chambers,DN Nagar Metro
345,LM-031,767,10,Ghanshyam Industrial Estate,DN Nagar Metro
346,LM-031,767,10,Godrej SkyShore,DN Nagar Metro
347,LM-031,767,10,Gokul Panchavati,DN Nagar Metro
348,LM-031,767,10,Gold Crown,DN Nagar Metro
349,LM-031,767,10,Golden Chamber,DN Nagar Metro
350,LM-031,767,10,Golden Chariot,DN Nagar Metro
351,LM-031,767,10,Golden Chariot | Lokhandwala,DN Nagar Metro
352,LM-031,767,10,Golden Heights,DN Nagar Metro
353,LM-031,767,10,Golden Rays,DN Nagar Metro
354,LM-031,767,10,Golds Green,DN Nagar Metro
355,LM-031,767,10,Gopi Chamber,DN Nagar Metro
356,LM-031,767,10,Grace Pinnacle,DN Nagar Metro
357,LM-031,767,10,Green Acres,DN Nagar Metro
358,LM-031,767,10,Green Blaze,DN Nagar Metro
359,LM-031,767,10,Green Court,DN Nagar Metro
360,LM-031,767,10,Green Crest,DN Nagar Metro
361,LM-031,767,10,Green Diamond,DN Nagar Metro
362,LM-031,767,10,Green Heights,DN Nagar Metro
363,LM-031,767,10,Green Tower,DN Nagar Metro
364,LM-031,767,10,Green Ville,DN Nagar Metro
365,LM-031,767,10,Grenville,DN Nagar Metro
366,LM-031,767,10,Guinea Paradise,DN Nagar Metro
367,LM-031,767,10,Gulmohar Garden,DN Nagar Metro
368,LM-031,767,10,Gulshan,DN Nagar Metro
369,LM-031,767,10,Gundecha Symphony,DN Nagar Metro
370,LM-031,767,10,Gurnani Palms,DN Nagar Metro
371,LM-031,767,10,Gurukripa Dhyanam,DN Nagar Metro
372,LM-031,767,10,Gurukrupa Dhayanam,DN Nagar Metro
373,LM-031,767,10,Gurukrupa Ekam,DN Nagar Metro
374,LM-031,767,10,HDIL Metropolis,DN Nagar Metro
375,LM-031,767,10,Harsha Apartments,DN Nagar Metro
376,LM-031,767,10,Harshvardhan,DN Nagar Metro
377,LM-031,767,10,Heritage CHS,DN Nagar Metro
378,LM-031,767,10,Hibiscus Apartment,DN Nagar Metro
379,LM-031,767,10,Highland Park,DN Nagar Metro
380,LM-031,767,10,Holar Samaj Chs,DN Nagar Metro
381,LM-031,767,10,Home Court,DN Nagar Metro
382,LM-031,767,10,Horizon Heights,DN Nagar Metro
383,LM-031,767,10,Horizon View,DN Nagar Metro
384,LM-031,767,10,Hubtown Premier,DN Nagar Metro
385,LM-031,767,10,Ideal Apartments,DN Nagar Metro
386,LM-031,767,10,Indra Darshan,DN Nagar Metro
387,LM-031,767,10,Indralok,DN Nagar Metro
388,LM-031,767,10,Indus Society,DN Nagar Metro
389,LM-031,767,10,Infinia Grand,DN Nagar Metro
390,LM-031,767,10,Integrated Kavya,DN Nagar Metro
391,LM-031,767,10,J View,DN Nagar Metro
392,LM-031,767,10,JP Eminence,DN Nagar Metro
393,LM-031,767,10,Jai Krishna Complex,DN Nagar Metro
394,LM-031,767,10,Jainam Elysium,DN Nagar Metro
395,LM-031,767,10,Janakdeep Apartment,DN Nagar Metro
396,LM-031,767,10,Janaki Centre,DN Nagar Metro
397,LM-031,767,10,Jawaharban CHS,DN Nagar Metro
398,LM-031,767,10,Jeevan Kanchan,DN Nagar Metro
399,LM-031,767,10,Jeevan Saathi Apartment,DN Nagar Metro
400,LM-031,767,10,Jiten Chs,DN Nagar Metro
401,LM-031,767,10,Juhu Abhishek,DN Nagar Metro
402,LM-031,767,10,Juhu Darshan,DN Nagar Metro
403,LM-031,767,10,Juhu Gulmohar,DN Nagar Metro
404,LM-031,767,10,Juhu Omkar,DN Nagar Metro
405,LM-031,767,10,Jyoti tower,DN Nagar Metro
406,LM-031,767,10,Kabra Metro One,DN Nagar Metro
407,LM-031,767,10,Kabra Paradise,DN Nagar Metro
408,LM-031,767,10,Kadambari,DN Nagar Metro
409,LM-031,767,10,Kailash Plaza,DN Nagar Metro
410,LM-031,767,10,Kalyan Complex,DN Nagar Metro
411,LM-031,767,10,Kamal Apartment,DN Nagar Metro
412,LM-031,767,10,Kamaldutt,DN Nagar Metro
413,LM-031,767,10,Kamdhenu,DN Nagar Metro
414,LM-031,767,10,Kamla Hub,DN Nagar Metro
415,LM-031,767,10,Kanakia Hollywood,DN Nagar Metro
416,LM-031,767,10,Kanchanganga,DN Nagar Metro
417,LM-031,767,10,Kanwal Apartment,DN Nagar Metro
418,LM-031,767,10,Karachi Citizens CHS,DN Nagar Metro
419,LM-031,767,10,Karan Apartment,DN Nagar Metro
420,LM-031,767,10,Kartik Complex,DN Nagar Metro
421,LM-031,767,10,Kaveri CHS,DN Nagar Metro
422,LM-031,767,10,Kedar Darshan,DN Nagar Metro
423,LM-031,767,10,Kedarnath,DN Nagar Metro
424,LM-031,767,10,Kia Park,DN Nagar Metro
425,LM-031,767,10,Kingston Apartment,DN Nagar Metro
426,LM-031,767,10,Kohinoor,DN Nagar Metro
427,LM-031,767,10,Kotia Nirman,DN Nagar Metro
428,LM-031,767,10,Krishna Kaveri,DN Nagar Metro
429,LM-031,767,10,Kshitij,DN Nagar Metro
430,LM-031,767,10,Kuber,DN Nagar Metro
431,LM-031,767,10,La Serena,DN Nagar Metro
432,LM-031,767,10,Landmark,DN Nagar Metro
433,LM-031,767,10,Lands End,DN Nagar Metro
434,LM-031,767,10,Laram Shopping Centre,DN Nagar Metro
435,LM-031,767,10,Lashkaria Anurag,DN Nagar Metro
436,LM-031,767,10,Lashkaria Empress,DN Nagar Metro
437,LM-031,767,10,Lashkaria Green Heights,DN Nagar Metro
438,LM-031,767,10,Lashkaria Indrasukh,DN Nagar Metro
439,LM-031,767,10,Lashkaria Pearl,DN Nagar Metro
440,LM-031,767,10,Laxmi Business Park,DN Nagar Metro
441,LM-031,767,10,Laxmi Industrial Estate,DN Nagar Metro
442,LM-031,767,10,Laxmi Mall,DN Nagar Metro
443,LM-031,767,10,Laxmi Plaza,DN Nagar Metro
444,LM-031,767,10,Leela Apartment,DN Nagar Metro
445,LM-031,767,10,Leela Sagar,DN Nagar Metro
446,LM-031,767,10,Legend,DN Nagar Metro
447,LM-031,767,10,Lennie Apartment,DN Nagar Metro
448,LM-031,767,10,Level The Residences,DN Nagar Metro
449,LM-031,767,10,Lila Apartment,DN Nagar Metro
450,LM-031,767,10,Link Plaza,DN Nagar Metro
451,LM-031,767,10,Linkbay Residences,DN Nagar Metro
452,LM-031,767,10,Lisbon Apartment,DN Nagar Metro
453,LM-031,767,10,Little Master,DN Nagar Metro
454,LM-031,767,10,Located In Industrial Estate,DN Nagar Metro
455,LM-031,767,10,Lodha Cullinan,DN Nagar Metro
456,LM-031,767,10,Lotus Arc One,DN Nagar Metro
457,LM-031,767,10,Lotus Aurus,DN Nagar Metro
458,LM-031,767,10,Lotus Business Park,DN Nagar Metro
459,LM-031,767,10,Lotus Grandeur,DN Nagar Metro
460,LM-031,767,10,Lotus Link Square,DN Nagar Metro
461,LM-031,767,10,Lotus Signature,DN Nagar Metro
462,LM-031,767,10,Lotus Trade Centre,DN Nagar Metro
463,LM-031,767,10,Lotus Unity,DN Nagar Metro
464,LM-031,767,10,Luxmi Business Park,DN Nagar Metro
465,LM-031,767,10,MDM Maestro,DN Nagar Metro
466,LM-031,767,10,MK Gracia,DN Nagar Metro
467,LM-031,767,10,Madhuban Tower,DN Nagar Metro
468,LM-031,767,10,Madhuvan,DN Nagar Metro
469,LM-031,767,10,Magnum Opus,DN Nagar Metro
470,LM-031,767,10,Magnum Tower,DN Nagar Metro
471,LM-031,767,10,Mahalaxmi Tower,DN Nagar Metro
472,LM-031,767,10,Maharaja Surajmal,DN Nagar Metro
473,LM-031,767,10,Makskap Centre,DN Nagar Metro
474,LM-031,767,10,Mangal Geeta,DN Nagar Metro
475,LM-031,767,10,Manik Moti,DN Nagar Metro
476,LM-031,767,10,Manish Sunflower,DN Nagar Metro
477,LM-031,767,10,Manish Tower,DN Nagar Metro
478,LM-031,767,10,Manju Tower,DN Nagar Metro
479,LM-031,767,10,Mantri Our Home,DN Nagar Metro
480,LM-031,767,10,Marble Arch,DN Nagar Metro
481,LM-031,767,10,Maruti Business Park,DN Nagar Metro
482,LM-031,767,10,Mary Ellen,DN Nagar Metro
483,LM-031,767,10,Mayfair Akshay,DN Nagar Metro
484,LM-031,767,10,Mayfair Apartments,DN Nagar Metro
485,LM-031,767,10,Mayfair Breeze,DN Nagar Metro
486,LM-031,767,10,Mayfair Gardens,DN Nagar Metro
487,LM-031,767,10,Mayfair Meridian,DN Nagar Metro
488,LM-031,767,10,Mazdock Apartment,DN Nagar Metro
489,LM-031,767,10,Meera,DN Nagar Metro
490,LM-031,767,10,Meghdoot,DN Nagar Metro
491,LM-031,767,10,Mesacon Nest,DN Nagar Metro
492,LM-031,767,10,Milap CHS,DN Nagar Metro
493,LM-031,767,10,Millenium Court,DN Nagar Metro
494,LM-031,767,10,Millionaire Heritage,DN Nagar Metro
495,LM-031,767,10,Minoo Minar,DN Nagar Metro
496,LM-031,767,10,Mittal Commercial Premises,DN Nagar Metro
497,LM-031,767,10,Mittal Cove,DN Nagar Metro
498,LM-031,767,10,Modi House,DN Nagar Metro
499,LM-031,767,10,Mohid Heights,DN Nagar Metro
500,LM-031,767,10,Mona Apartment,DN Nagar Metro
501,LM-031,767,10,Monika Apartment,DN Nagar Metro
502,LM-031,767,10,Monisha,DN Nagar Metro
503,LM-031,767,10,Montreal Tower,DN Nagar Metro
504,LM-031,767,10,Morya Blue Moon,DN Nagar Metro
505,LM-031,767,10,Morya Classic,DN Nagar Metro
506,LM-031,767,10,Morya Estate,DN Nagar Metro
507,LM-031,767,10,Morya Grand,DN Nagar Metro
508,LM-031,767,10,Morya House,DN Nagar Metro
509,LM-031,767,10,Morya Landmark,DN Nagar Metro
510,LM-031,767,10,Morya Landmark I,DN Nagar Metro
511,LM-031,767,10,Mota Mansion,DN Nagar Metro
512,LM-031,767,10,Movie Tower,DN Nagar Metro
513,LM-031,767,10,NG Eclat,DN Nagar Metro
514,LM-031,767,10,Nalanda,DN Nagar Metro
515,LM-031,767,10,Naman Habitat,DN Nagar Metro
516,LM-031,767,10,Nanak Chambers,DN Nagar Metro
517,LM-031,767,10,Natasha Tower,DN Nagar Metro
518,LM-031,767,10,Neelam Chs,DN Nagar Metro
519,LM-031,767,10,Neelgagan Society,DN Nagar Metro
520,LM-031,767,10,Neelganga Apartment,DN Nagar Metro
521,LM-031,767,10,Neminath Avenue,DN Nagar Metro
522,LM-031,767,10,Neminath Imperia,DN Nagar Metro
523,LM-031,767,10,Neminath Luxeria,DN Nagar Metro
524,LM-031,767,10,Neminath Ocean View,DN Nagar Metro
525,LM-031,767,10,Neptune Apartment,DN Nagar Metro
526,LM-031,767,10,New Ambivali CHS,DN Nagar Metro
527,LM-031,767,10,New Chandra,DN Nagar Metro
528,LM-031,767,10,New Heritage,DN Nagar Metro
529,LM-031,767,10,New Link Palace,DN Nagar Metro
530,LM-031,767,10,New Mahada,DN Nagar Metro
531,LM-031,767,10,New Mhada,DN Nagar Metro
532,LM-031,767,10,New Neelam Apartments,DN Nagar Metro
533,LM-031,767,10,New Parijat,DN Nagar Metro
534,LM-031,767,10,Nutan Abhishek,DN Nagar Metro
535,LM-031,767,10,Oakland Park,DN Nagar Metro
536,LM-031,767,10,Oberoi Chambers,DN Nagar Metro
537,LM-031,767,10,Oberoi Sky Garden,DN Nagar Metro
538,LM-031,767,10,Oberoi Sky Heights,DN Nagar Metro
539,LM-031,767,10,Oberoi Spring,DN Nagar Metro
540,LM-031,767,10,Oceanic,DN Nagar Metro
541,LM-031,767,10,Olympic Tower,DN Nagar Metro
542,LM-031,767,10,Om Apartment,DN Nagar Metro
543,LM-031,767,10,Om Sai,DN Nagar Metro
544,LM-031,767,10,Omkar CHS,DN Nagar Metro
545,LM-031,767,10,Orchid Residences,DN Nagar Metro
546,LM-031,767,10,Orchid Tower,DN Nagar Metro
547,LM-031,767,10,Oxford Tower,DN Nagar Metro
548,LM-031,767,10,Padmaja Apartments,DN Nagar Metro
549,LM-031,767,10,Padmavati Apartment,DN Nagar Metro
550,LM-031,767,10,Palash Tower,DN Nagar Metro
551,LM-031,767,10,Palm Beach Apartment,DN Nagar Metro
552,LM-031,767,10,Panchmukhi,DN Nagar Metro
553,LM-031,767,10,Panchsheel,DN Nagar Metro
554,LM-031,767,10,Panchtantra,DN Nagar Metro
555,LM-031,767,10,Panorama Tower,DN Nagar Metro
556,LM-031,767,10,Paradigm Alaya,DN Nagar Metro
557,LM-031,767,10,Paradigm Antalia,DN Nagar Metro
558,LM-031,767,10,Paradise,DN Nagar Metro
559,LM-031,767,10,Paras Apartment,DN Nagar Metro
560,LM-031,767,10,Parijat CHS,DN Nagar Metro
561,LM-031,767,10,Parinee,DN Nagar Metro
562,LM-031,767,10,Parinee I,DN Nagar Metro
563,LM-031,767,10,Parinee-I,DN Nagar Metro
564,LM-031,767,10,Park Altezza,DN Nagar Metro
565,LM-031,767,10,Park Avenue,DN Nagar Metro
566,LM-031,767,10,Park Plaza,DN Nagar Metro
567,LM-031,767,10,Parthenon,DN Nagar Metro
568,LM-031,767,10,Patliputra,DN Nagar Metro
569,LM-031,767,10,Payal CHS,DN Nagar Metro
570,LM-031,767,10,Pearl Apartment,DN Nagar Metro
571,LM-031,767,10,Pearl Heights,DN Nagar Metro
572,LM-031,767,10,Pearl Residency,DN Nagar Metro
573,LM-031,767,10,Pegasus Tower,DN Nagar Metro
574,LM-031,767,10,Peninsula Park,DN Nagar Metro
575,LM-031,767,10,Peninsula Plaza,DN Nagar Metro
576,LM-031,767,10,Platinium Casa Divine,DN Nagar Metro
577,LM-031,767,10,Platinum Casa Millenia,DN Nagar Metro
578,LM-031,767,10,Platinum Grandeur,DN Nagar Metro
579,LM-031,767,10,Platinum Heights,DN Nagar Metro
580,LM-031,767,10,Platinum Life,DN Nagar Metro
581,LM-031,767,10,Platinum Park,DN Nagar Metro
582,LM-031,767,10,Platinum Pristine,DN Nagar Metro
583,LM-031,767,10,Platinum Prive,DN Nagar Metro
584,LM-031,767,10,Platinum Tower,DN Nagar Metro
585,LM-031,767,10,Platinum Tower 1,DN Nagar Metro
586,LM-031,767,10,Pooja Shah,DN Nagar Metro
587,LM-031,767,10,Poseidon,DN Nagar Metro
588,LM-031,767,10,Pramukh Heights,DN Nagar Metro
589,LM-031,767,10,Pratik,DN Nagar Metro
590,LM-031,767,10,Prem Sagar,DN Nagar Metro
591,LM-031,767,10,Premium Tower,DN Nagar Metro
592,LM-031,767,10,Prerna,DN Nagar Metro
593,LM-031,767,10,Prim Rose,DN Nagar Metro
594,LM-031,767,10,Prime Rose,DN Nagar Metro
595,LM-031,767,10,Primrose Tower,DN Nagar Metro
596,LM-031,767,10,Purvi,DN Nagar Metro
597,LM-031,767,10,RNA Arcade,DN Nagar Metro
598,LM-031,767,10,RNA NG Eclat,DN Nagar Metro
599,LM-031,767,10,RNA Springs,DN Nagar Metro
600,LM-031,767,10,Raheja Classic,DN Nagar Metro
601,LM-031,767,10,Raheja Classique,DN Nagar Metro
602,LM-031,767,10,Raheja Crest,DN Nagar Metro
603,LM-031,767,10,Raheja Plaza,DN Nagar Metro
604,LM-031,767,10,Raheja Windermere,DN Nagar Metro
605,LM-031,767,10,Raj Classic,DN Nagar Metro
606,LM-031,767,10,Raj Kamal Apartment,DN Nagar Metro
607,LM-031,767,10,Raj Mahal,DN Nagar Metro
608,LM-031,767,10,Rajdoot CHS,DN Nagar Metro
609,LM-031,767,10,Rajveer Apartments,DN Nagar Metro
610,LM-031,767,10,Range Heights,DN Nagar Metro
611,LM-031,767,10,Ratna Sindhu CHS,DN Nagar Metro
612,LM-031,767,10,Ratnagar Chs,DN Nagar Metro
613,LM-031,767,10,Ratnakar CHS,DN Nagar Metro
614,LM-031,767,10,Raval Tower,DN Nagar Metro
615,LM-031,767,10,Ravi Kiran CHS,DN Nagar Metro
616,LM-031,767,10,Red Rose,DN Nagar Metro
617,LM-031,767,10,Reliable Business Center,DN Nagar Metro
618,LM-031,767,10,Remi Biz Court,DN Nagar Metro
619,LM-031,767,10,Remi Commerco,DN Nagar Metro
620,LM-031,767,10,Residency CHS,DN Nagar Metro
621,LM-031,767,10,Rich Living,DN Nagar Metro
622,LM-031,767,10,Richa,DN Nagar Metro
623,LM-031,767,10,Richmond CHS,DN Nagar Metro
624,LM-031,767,10,Ridhi Siddhi Vridhi,DN Nagar Metro
625,LM-031,767,10,Rishabh Tower,DN Nagar Metro
626,LM-031,767,10,Riya Palace,DN Nagar Metro
627,LM-031,767,10,Rohit Apartment,DN Nagar Metro
628,LM-031,767,10,Rose Villa,DN Nagar Metro
629,LM-031,767,10,Royal Accord,DN Nagar Metro
630,LM-031,767,10,Royal Classic,DN Nagar Metro
631,LM-031,767,10,Royal Empire,DN Nagar Metro
632,LM-031,767,10,Royal Gate,DN Nagar Metro
633,LM-031,767,10,Royal Heritage,DN Nagar Metro
634,LM-031,767,10,Royal Palace,DN Nagar Metro
635,LM-031,767,10,Royal Plaza,DN Nagar Metro
636,LM-031,767,10,Royal Resort Tower,DN Nagar Metro
637,LM-031,767,10,Royal Sand,DN Nagar Metro
638,LM-031,767,10,Royale Herritage,DN Nagar Metro
639,LM-031,767,10,Rukmini Vaibhav,DN Nagar Metro
640,LM-031,767,10,Runwal Codename Rare,DN Nagar Metro
641,LM-031,767,10,Runwal Elegante,DN Nagar Metro
642,LM-031,767,10,Runwal Rare,DN Nagar Metro
643,LM-031,767,10,Rushabh Tower,DN Nagar Metro
644,LM-031,767,10,Rushi Tower,DN Nagar Metro
645,LM-031,767,10,Rustomjee Elita,DN Nagar Metro
646,LM-031,767,10,Rustomjee Ocean Vista,DN Nagar Metro
647,LM-031,767,10,Saffron Heights,DN Nagar Metro
648,LM-031,767,10,Sagar City Atlantic,DN Nagar Metro
649,LM-031,767,10,Sagar Shrot,DN Nagar Metro
650,LM-031,767,10,Sai Apartment,DN Nagar Metro
651,LM-031,767,10,Sai Darshan,DN Nagar Metro
652,LM-031,767,10,Sai Dwar,DN Nagar Metro
653,LM-031,767,10,Sai Iconic,DN Nagar Metro
654,LM-031,767,10,Sai Krishna,DN Nagar Metro
655,LM-031,767,10,Sai Shakti,DN Nagar Metro
656,LM-031,767,10,Samarth,DN Nagar Metro
657,LM-031,767,10,Samarth Angan,DN Nagar Metro
658,LM-031,767,10,Samarth Deep,DN Nagar Metro
659,LM-031,767,10,Samarth Vaibhav,DN Nagar Metro
660,LM-031,767,10,Samartha Aangan,DN Nagar Metro
661,LM-031,767,10,Samartha Aishwarya,DN Nagar Metro
662,LM-031,767,10,Samartha Ashish,DN Nagar Metro
663,LM-031,767,10,Samartha Siddhi,DN Nagar Metro
664,LM-031,767,10,Sameer Apartment,DN Nagar Metro
665,LM-031,767,10,Samir Apartment,DN Nagar Metro
666,LM-031,767,10,Sandeep Sarovar,DN Nagar Metro
667,LM-031,767,10,Sangeeta Apartment,DN Nagar Metro
668,LM-031,767,10,Sani Park,DN Nagar Metro
669,LM-031,767,10,Sanjeev Enclave,DN Nagar Metro
670,LM-031,767,10,Santosh Tower,DN Nagar Metro
671,LM-031,767,10,Swapna Residency,DN Nagar Metro
672,LM-031,767,10,Saranga Tower,DN Nagar Metro
673,LM-031,767,10,Satra Nexus,DN Nagar Metro
674,LM-031,767,10,Satyadev Plaza,DN Nagar Metro
675,LM-031,767,10,Saujanya Rachanaa,DN Nagar Metro
676,LM-031,767,10,Savera,DN Nagar Metro
677,LM-031,767,10,Savgan Heights,DN Nagar Metro
678,LM-031,767,10,Sea Bird,DN Nagar Metro
679,LM-031,767,10,Sea Breeze,DN Nagar Metro
680,LM-031,767,10,Sea Castle Apartments,DN Nagar Metro
681,LM-031,767,10,Sea Shell,DN Nagar Metro
682,LM-031,767,10,Seema Society,DN Nagar Metro
683,LM-031,767,10,Serenity Complex,DN Nagar Metro
684,LM-031,767,10,Serenity Tower,DN Nagar Metro
685,LM-031,767,10,Shalimar Morya Park,DN Nagar Metro
686,LM-031,767,10,Shangrila Apartment,DN Nagar Metro
687,LM-031,767,10,Shankardham,DN Nagar Metro
688,LM-031,767,10,Shanti Tower,DN Nagar Metro
689,LM-031,767,10,Shantivan CHS,DN Nagar Metro
690,LM-031,767,10,Shatdal Society,DN Nagar Metro
691,LM-031,767,10,Sheffield Tower,DN Nagar Metro
692,LM-031,767,10,Shefield Tower,DN Nagar Metro
693,LM-031,767,10,Sheil Tower,DN Nagar Metro
694,LM-031,767,10,Shikhar Tower,DN Nagar Metro
695,LM-031,767,10,Shishira Tower,DN Nagar Metro
696,LM-031,767,10,Shiv Parvati,DN Nagar Metro
697,LM-031,767,10,Shiv Parwati,DN Nagar Metro
698,LM-031,767,10,Shiv Sagar,DN Nagar Metro
699,LM-031,767,10,Shiv Shakti,DN Nagar Metro
700,LM-031,767,10,Shiv Shivam Tower,DN Nagar Metro
701,LM-031,767,10,Shree CHS,DN Nagar Metro
702,LM-031,767,10,Shreedham Splendour,DN Nagar Metro
703,LM-031,767,10,Shreeji Paradise,DN Nagar Metro
704,LM-031,767,10,Shri Krishna,DN Nagar Metro
705,LM-031,767,10,Shubham,DN Nagar Metro
706,LM-031,767,10,Shubham Co-op Society,DN Nagar Metro
707,LM-031,767,10,Shubham Karoti CHS,DN Nagar Metro
708,LM-031,767,10,Siddhant,DN Nagar Metro
709,LM-031,767,10,Signature,DN Nagar Metro
710,LM-031,767,10,Signature BY Peridot,DN Nagar Metro
711,LM-031,767,10,Silver Anklet Apartments,DN Nagar Metro
712,LM-031,767,10,Silver Arch,DN Nagar Metro
713,LM-031,767,10,Silver Arch A,DN Nagar Metro
714,LM-031,767,10,Silver Nest,DN Nagar Metro
715,LM-031,767,10,Silver Oak,DN Nagar Metro
716,LM-031,767,10,Silver Sand,DN Nagar Metro
717,LM-031,767,10,Silver Spring,DN Nagar Metro
718,LM-031,767,10,Sky Anchorage,DN Nagar Metro
719,LM-031,767,10,Skylark,DN Nagar Metro
720,LM-031,767,10,Skypan,DN Nagar Metro
721,LM-031,767,10,Skyvistas,DN Nagar Metro
722,LM-031,767,10,Sneha,DN Nagar Metro
723,LM-031,767,10,Sorrento,DN Nagar Metro
724,LM-031,767,10,Springfield CHS,DN Nagar Metro
725,LM-031,767,10,Stadium View,DN Nagar Metro
726,LM-031,767,10,Stanford Plaza,DN Nagar Metro
727,LM-031,767,10,Status Chs,DN Nagar Metro
728,LM-031,767,10,Sterling,DN Nagar Metro
729,LM-031,767,10,Suman,DN Nagar Metro
730,LM-031,767,10,Sumeru,DN Nagar Metro
731,LM-031,767,10,Sumukh Heights,DN Nagar Metro
732,LM-031,767,10,Sun Swept,DN Nagar Metro
733,LM-031,767,10,Sunbeam Heights,DN Nagar Metro
734,LM-031,767,10,Sunil Niwas,DN Nagar Metro
735,LM-031,767,10,Sunny Side,DN Nagar Metro
736,LM-031,767,10,Sunrise Apartments,DN Nagar Metro
737,LM-031,767,10,Sunteck Gilbird,DN Nagar Metro
738,LM-031,767,10,Sunteck Grandeur,DN Nagar Metro
739,LM-031,767,10,Sunvin Apartment,DN Nagar Metro
740,LM-031,767,10,Supreme 19,DN Nagar Metro
741,LM-031,767,10,Supreme Chambers,DN Nagar Metro
742,LM-031,767,10,Surabhi,DN Nagar Metro
743,LM-031,767,10,Suresh Smruti,DN Nagar Metro
744,LM-031,767,10,Suvidha Square,DN Nagar Metro
745,LM-031,767,10,Suyog Darshan,DN Nagar Metro
746,LM-031,767,10,Swapnadeep,DN Nagar Metro
747,LM-031,767,10,Sweet Home,DN Nagar Metro
748,LM-031,767,10,Swiz Heights,DN Nagar Metro
749,LM-031,767,10,Talati Terrace,DN Nagar Metro
750,LM-031,767,10,Tarang CHS,DN Nagar Metro
751,LM-031,767,10,Tarapore Garden,DN Nagar Metro
752,LM-031,767,10,Tarapur Garden,DN Nagar Metro
753,LM-031,767,10,Tathastu,DN Nagar Metro
754,LM-031,767,10,Gateway,DN Nagar Metro
755,LM-031,767,10,Level Residence,DN Nagar Metro
756,LM-031,767,10,Nest,DN Nagar Metro
757,LM-031,767,10,Park,DN Nagar Metro
758,LM-031,767,10,Park Residency,DN Nagar Metro
759,LM-031,767,10,Spring Fields,DN Nagar Metro
760,LM-031,767,10,Time Chambers,DN Nagar Metro
761,LM-031,767,10,Tranquill Treat,DN Nagar Metro
762,LM-031,767,10,Trans Avenue,DN Nagar Metro
763,LM-031,767,10,Transcon Triumph,DN Nagar Metro
764,LM-031,767,10,Trishna,DN Nagar Metro
765,LM-031,767,10,Trishul,DN Nagar Metro
766,LM-031,767,10,Tulip CHS,DN Nagar Metro
767,LM-031,767,10,Twin Tower,DN Nagar Metro
768,LM-031,767,10,UK Arunodaya,DN Nagar Metro
769,LM-031,767,10,UK Sangfroid,DN Nagar Metro
770,LM-031,767,10,UK Sungfroid,DN Nagar Metro
771,LM-031,767,10,Umang Heights,DN Nagar Metro
772,LM-031,767,10,VIP Plaza,DN Nagar Metro
773,LM-031,767,10,Vaibhav Palace,DN Nagar Metro
774,LM-031,767,10,Valencia,DN Nagar Metro
775,LM-031,767,10,Vandana,DN Nagar Metro
776,LM-031,767,10,Vardhman Grandeur,DN Nagar Metro
777,LM-031,767,10,Vasant Prakash,DN Nagar Metro
778,LM-031,767,10,Vastu Precint,DN Nagar Metro
779,LM-031,767,10,Vastu Prestige,DN Nagar Metro
780,LM-031,767,10,Veena Crest,DN Nagar Metro
781,LM-031,767,10,Venus,DN Nagar Metro
782,LM-031,767,10,Versova Gurudrishti,DN Nagar Metro
783,LM-031,767,10,Versova Heaven,DN Nagar Metro
784,LM-031,767,10,Versova Heights,DN Nagar Metro
785,LM-031,767,10,Versova Kiran,DN Nagar Metro
786,LM-031,767,10,Versova Mangela CHS,DN Nagar Metro
787,LM-031,767,10,Versova View,DN Nagar Metro
788,LM-031,767,10,Very Nice Open,DN Nagar Metro
789,LM-031,767,10,Vicino,DN Nagar Metro
790,LM-031,767,10,Victoria Apartments,DN Nagar Metro
791,LM-031,767,10,Victoria CHS,DN Nagar Metro
792,LM-031,767,10,Vighnaharta,DN Nagar Metro
793,LM-031,767,10,Vinit Tower,DN Nagar Metro
794,LM-031,767,10,Viral Apartment,DN Nagar Metro
795,LM-031,767,10,Vithal Kunj,DN Nagar Metro
796,LM-031,767,10,Vitthal Darshan,DN Nagar Metro
797,LM-031,767,10,Vraj One,DN Nagar Metro
798,LM-031,767,10,Vraj Residency,DN Nagar Metro
799,LM-031,767,10,Wallfort Tower,DN Nagar Metro
800,LM-031,767,10,Wellington,DN Nagar Metro
801,LM-031,767,10,Wembley,DN Nagar Metro
802,LM-031,767,10,West wind,DN Nagar Metro
803,LM-031,767,10,Westin Joanita,DN Nagar Metro
804,LM-031,767,10,Westwood,DN Nagar Metro
805,LM-031,767,10,Wind Space Amelio,DN Nagar Metro
806,LM-031,767,10,Windermere,DN Nagar Metro
807,LM-031,767,10,Windsor Grande Residence,DN Nagar Metro
808,LM-031,767,10,Wood Rose,DN Nagar Metro
809,LM-031,767,10,Woodland,DN Nagar Metro
810,LM-031,767,10,Woodrow,DN Nagar Metro
811,LM-031,767,10,Woodstock,DN Nagar Metro
812,LM-031,767,10,X Cube,DN Nagar Metro
813,LM-031,767,10,Yamuna Nagar Welfare Society,DN Nagar Metro
814,LM-031,767,10,Yashodhan Apartment,DN Nagar Metro
815,LM-031,767,10,ZA Tower,DN Nagar Metro
816,LM-031,767,10,Zee Manubharti,DN Nagar Metro
2662,LM-014,769,10,Aum Saheel Tower,High Street Phoenix
2663,LM-014,769,10,Auro,High Street Phoenix
2664,LM-014,769,10,Avighna,High Street Phoenix
2665,LM-014,769,10,Avighna 9,High Street Phoenix
2666,LM-014,769,10,Baya Central,High Street Phoenix
2667,LM-014,769,10,Casa Grande,High Street Phoenix
2668,LM-014,769,10,Colo Rise,High Street Phoenix
2669,LM-014,769,10,Creative Industrial Estate,High Street Phoenix
2670,LM-014,769,10,DSK Trilok,High Street Phoenix
2671,LM-014,769,10,Darshan Ricco,High Street Phoenix
2672,LM-014,769,10,Falcon Castle,High Street Phoenix
2673,LM-014,769,10,Fortuna Blue,High Street Phoenix
2674,LM-014,769,10,Greenfield,High Street Phoenix
2675,LM-014,769,10,Indiabulls Sky,High Street Phoenix
2676,LM-014,769,10,Kamla Trade World,High Street Phoenix
2677,LM-014,769,10,Lifescapes Ambar,High Street Phoenix
2678,LM-014,769,10,Lodha Adrina,High Street Phoenix
2679,LM-014,769,10,Lodha Allura,High Street Phoenix
2680,LM-014,769,10,Lodha Ciel,High Street Phoenix
2681,LM-014,769,10,Lodha Park,High Street Phoenix
2682,LM-014,769,10,Lodha Primero,High Street Phoenix
2683,LM-014,769,10,Lodha Signet,High Street Phoenix
2684,LM-014,769,10,Lodha Supremus,High Street Phoenix
2685,LM-014,769,10,Lodha Trump,High Street Phoenix
2686,LM-014,769,10,Lodha Vista,High Street Phoenix
2687,LM-014,769,10,Lodha World Ciel Villa,High Street Phoenix
2688,LM-014,769,10,Lodha World Crest,High Street Phoenix
2689,LM-014,769,10,Lodha World One,High Street Phoenix
2690,LM-014,769,10,Lotus Enpar,High Street Phoenix
2691,LM-014,769,10,Lotus Enpar - Worli,High Street Phoenix
2692,LM-014,769,10,Mafatlal Chambers,High Street Phoenix
2693,LM-014,769,10,Mahavir Darshan,High Street Phoenix
2694,LM-014,769,10,Marathon Era,High Street Phoenix
2695,LM-014,769,10,Marathon Futurex,High Street Phoenix
2696,LM-014,769,10,Marathon Height,High Street Phoenix
2697,LM-014,769,10,Marathon Icon,High Street Phoenix
2698,LM-014,769,10,Marathon Innova,High Street Phoenix
2699,LM-014,769,10,Marathon Next Gen Era,High Street Phoenix
2700,LM-014,769,10,Marathon Next Gen Innova,High Street Phoenix
2701,LM-014,769,10,Mathuradas Mill Compound,High Street Phoenix
2702,LM-014,769,10,Mermit Tower,High Street Phoenix
2703,LM-014,769,10,Naman Midtown,High Street Phoenix
2704,LM-014,769,10,Nestle,High Street Phoenix
2705,LM-014,769,10,Neumec Elegance,High Street Phoenix
2706,LM-014,769,10,Next Gen Era,High Street Phoenix
2707,LM-014,769,10,One Avighna Park,High Street Phoenix
2708,LM-014,769,10,One Lodha Place,High Street Phoenix
2709,LM-014,769,10,One World Centre,High Street Phoenix
2710,LM-014,769,10,Orbit Eternia,High Street Phoenix
2711,LM-014,769,10,Orbit Grand,High Street Phoenix
2712,LM-014,769,10,Orbit Terraces,High Street Phoenix
2713,LM-014,769,10,Orbit Tower,High Street Phoenix
2714,LM-014,769,10,Peninsula Business Park,High Street Phoenix
2715,LM-014,769,10,Peninsula,High Street Phoenix
2716,LM-014,769,10,Phoenix Tower,High Street Phoenix
2717,LM-014,769,10,Plus Art,High Street Phoenix
2718,LM-014,769,10,Pragati Industrial Estate,High Street Phoenix
2719,LM-014,769,10,Raghuvanshi Mills,High Street Phoenix
2720,LM-014,769,10,Raheja Atlantis,High Street Phoenix
2721,LM-014,769,10,Sarvesh One,High Street Phoenix
2722,LM-014,769,10,Shah and Nahar Industrial Estate,High Street Phoenix
2723,LM-014,769,10,Shilp Tower,High Street Phoenix
2724,LM-014,769,10,Shilp Tower ( Lower Parel,High Street Phoenix
2725,LM-014,769,10,Siddharth Enclave,High Street Phoenix
2726,LM-014,769,10,Siroya Florence,High Street Phoenix
2727,LM-014,769,10,Sun Mill Compound,High Street Phoenix
2728,LM-014,769,10,Sun Palazzo,High Street Phoenix
2729,LM-014,769,10,Tantia Jogani Industrial Estate,High Street Phoenix
2730,LM-014,769,10,World Villa,High Street Phoenix
2731,LM-014,769,10,Todi Estate,High Street Phoenix
2732,LM-014,769,10,Trade world,High Street Phoenix
2733,LM-014,769,10,Unity Tower,High Street Phoenix
2734,LM-014,769,10,World Crest,High Street Phoenix
2735,LM-014,769,10,World Tower,High Street Phoenix
2736,LM-014,769,10,World View,High Street Phoenix
2306,LM-020,769,10,Banu Mansion,Pedder Road
2307,LM-020,769,10,Empire Estate,Pedder Road
2308,LM-020,769,10,Fariyas,Pedder Road
2309,LM-020,769,10,Grand Paradi,Pedder Road
2310,LM-020,769,10,Hanuman Sharan,Pedder Road
2311,LM-020,769,10,India House,Pedder Road
2312,LM-020,769,10,Kalpavruksha Residency,Pedder Road
2313,LM-020,769,10,Kwality House,Pedder Road
2314,LM-020,769,10,Le Palazzo,Pedder Road
2315,LM-020,769,10,Nirmala Mahal,Pedder Road
2316,LM-020,769,10,Shalimar,Pedder Road
2317,LM-020,769,10,Shalimar Apartments,Pedder Road
2318,LM-020,769,10,Sujata Apartment,Pedder Road
2319,LM-020,769,10,Sukhmani,Pedder Road
2320,LM-020,769,10,Surya Kiran,Pedder Road
2321,LM-020,769,10,Tej Apartment,Pedder Road
2322,LM-020,769,10,Turquoise,Pedder Road
2334,LM-009,778,10,259 Park Crest,Carter Road
2335,LM-009,778,10,268 Anand,Carter Road
2336,LM-009,778,10,52 Park Avenue,Carter Road
2337,LM-009,778,10,AP Florence,Carter Road
2338,LM-009,778,10,Aashray,Carter Road
2339,LM-009,778,10,Abde Villa,Carter Road
2340,LM-009,778,10,Aditya Kutir,Carter Road
2341,LM-009,778,10,Amber Croft CHS,Carter Road
2342,LM-009,778,10,Amore Edge,Carter Road
2343,LM-009,778,10,Anand 268,Carter Road
2344,LM-009,778,10,Anand Apartment,Carter Road
2345,LM-009,778,10,Anand Ashram,Carter Road
2346,LM-009,778,10,Anand Sagar,Carter Road
2347,LM-009,778,10,Apollo Heights,Carter Road
2348,LM-009,778,10,Arihant,Carter Road
2349,LM-009,778,10,Aroma Residency,Carter Road
2350,LM-009,778,10,Ashiana,Carter Road
2351,LM-009,778,10,Ashmita,Carter Road
2352,LM-009,778,10,Ashok Apartment,Carter Road
2353,LM-009,778,10,Asmita,Carter Road
2354,LM-009,778,10,Aum Nirvan,Carter Road
2355,LM-009,778,10,Badrinath,Carter Road
2356,LM-009,778,10,Bajaj Jade,Carter Road
2357,LM-009,778,10,Bay City,Carter Road
2358,LM-009,778,10,Baycity Apartments,Carter Road
2359,LM-009,778,10,Belleza,Carter Road
2360,LM-009,778,10,Belvedere,Carter Road
2361,LM-009,778,10,Benchmark Empresa,Carter Road
2362,LM-009,778,10,Bhagirathi Sadan,Carter Road
2363,LM-009,778,10,Bhagwanti Heights,Carter Road
2364,LM-009,778,10,Bhanu Vinayak,Carter Road
2365,LM-009,778,10,Bhavya Plaza,Carter Road
2366,LM-009,778,10,Bhoomi Gobind Bhavan,Carter Road
2367,LM-009,778,10,Bina Apartment,Carter Road
2368,LM-009,778,10,Blue Lotus,Carter Road
2369,LM-009,778,10,Brisa Marina,Carter Road
2370,LM-009,778,10,Bulbul Tarang,Carter Road
2371,LM-009,778,10,Chandralok,Carter Road
2372,LM-009,778,10,Chaya,Carter Road
2373,LM-009,778,10,Corinthian,Carter Road
2374,LM-009,778,10,Cosmos Commercial Centre,Carter Road
2375,LM-009,778,10,Crescent Heritage,Carter Road
2376,LM-009,778,10,Crest Link,Carter Road
2377,LM-009,778,10,DLH Ornate,Carter Road
2378,LM-009,778,10,Darvesh Belleza,Carter Road
2379,LM-009,778,10,Darvesh Grand,Carter Road
2380,LM-009,778,10,Dev Ashish,Carter Road
2381,LM-009,778,10,Dhairya Residency,Carter Road
2382,LM-009,778,10,Dheeraj Celestial,Carter Road
2383,LM-009,778,10,Dheeraj Izarra,Carter Road
2384,LM-009,778,10,Dreamland,Carter Road
2385,LM-009,778,10,Dunhill,Carter Road
2386,LM-009,778,10,Ecstasy-II,Carter Road
2387,LM-009,778,10,Ekta Empress,Carter Road
2388,LM-009,778,10,Ekta Eros,Carter Road
2389,LM-009,778,10,Ekta Iris,Carter Road
2390,LM-009,778,10,Ekta Verve,Carter Road
2391,LM-009,778,10,Elegant,Carter Road
2392,LM-009,778,10,Elite Vista,Carter Road
2393,LM-009,778,10,Embassy Chambers,Carter Road
2394,LM-009,778,10,Empressa,Carter Road
2395,LM-009,778,10,Florence,Carter Road
2396,LM-009,778,10,Fortune Paradise,Carter Road
2397,LM-009,778,10,Ganga Jamuna,Carter Road
2398,LM-009,778,10,Geetanjali Apartment,Carter Road
2399,LM-009,778,10,Glacis Tower,Carter Road
2400,LM-009,778,10,Golden Peak,Carter Road
2401,LM-009,778,10,Gulshan,Carter Road
2402,LM-009,778,10,Gurudev Bhavan,Carter Road
2403,LM-009,778,10,Gyan Ghar,Carter Road
2404,LM-009,778,10,Hamara Ghar,Carter Road
2405,LM-009,778,10,Hamrahi,Carter Road
2406,LM-009,778,10,Hari Bhavan,Carter Road
2407,LM-009,778,10,Hari Niwas,Carter Road
2408,LM-009,778,10,Himath Ghar,Carter Road
2409,LM-009,778,10,Indira Bhawan,Carter Road
2410,LM-009,778,10,Ira Chhaya,Carter Road
2411,LM-009,778,10,Ishaan,Carter Road
2412,LM-009,778,10,Jade Garden,Carter Road
2413,LM-009,778,10,Jagdambe,Carter Road
2414,LM-009,778,10,Jai Shankar Deep,Carter Road
2415,LM-009,778,10,Jamnotri,Carter Road
2416,LM-009,778,10,Jastcon Heights,Carter Road
2417,LM-009,778,10,Jaswant Heights,Carter Road
2418,LM-009,778,10,Jay Bharat Society Bungalow,Carter Road
2419,LM-009,778,10,Jayram Sadan,Carter Road
2420,LM-009,778,10,Jeevan Deep,Carter Road
2421,LM-009,778,10,Joy Legend,Carter Road
2422,LM-009,778,10,Jvpd 3rd,Carter Road
2423,LM-009,778,10,K L Regalia,Carter Road
2424,LM-009,778,10,K L Velkar Residency,Carter Road
2425,LM-009,778,10,K52,Carter Road
2426,LM-009,778,10,KK Elegance,Carter Road
2427,LM-009,778,10,KK Imperial,Carter Road
2428,LM-009,778,10,Kakad Enclave,Carter Road
2429,LM-009,778,10,Kalpana,Carter Road
2430,LM-009,778,10,Kanaiya Kutir,Carter Road
2431,LM-009,778,10,Kaniya,Carter Road
2432,LM-009,778,10,Kedarnath,Carter Road
2433,LM-009,778,10,Kesar Kripa,Carter Road
2434,LM-009,778,10,Khar Friends,Carter Road
2435,LM-009,778,10,Khar Garden,Carter Road
2436,LM-009,778,10,Kiran,Carter Road
2437,LM-009,778,10,Kirti Kunj,Carter Road
2438,LM-009,778,10,Kishni Kunj,Carter Road
2439,LM-009,778,10,Kool Breeze,Carter Road
2440,LM-009,778,10,Kripa Fabulous,Carter Road
2441,LM-009,778,10,Krishna Baug,Carter Road
2442,LM-009,778,10,Krishna Kunj,Carter Road
2443,LM-009,778,10,Krishna Niwas,Carter Road
2444,LM-009,778,10,Kudrat,Carter Road
2445,LM-009,778,10,Kumud,Carter Road
2446,LM-009,778,10,Lalani Fairmont,Carter Road
2447,LM-009,778,10,Laxmi Niwas,Carter Road
2448,LM-009,778,10,Lilaram Chs,Carter Road
2449,LM-009,778,10,Lilian Heights,Carter Road
2450,LM-009,778,10,Link Apartment,Carter Road
2451,LM-009,778,10,Linkway,Carter Road
2452,LM-009,778,10,Little Gift,Carter Road
2453,LM-009,778,10,Lok Nirman,Carter Road
2454,LM-009,778,10,Madhu Kunj,Carter Road
2455,LM-009,778,10,Madhu Park,Carter Road
2456,LM-009,778,10,Madhur Milan,Carter Road
2457,LM-009,778,10,Mahaveer,Carter Road
2458,LM-009,778,10,Makhan Dham,Carter Road
2459,LM-009,778,10,Makhija Arcade,Carter Road
2460,LM-009,778,10,Manchester Heights,Carter Road
2461,LM-009,778,10,Mangal Bhandar,Carter Road
2462,LM-009,778,10,Mangal Bhavna,Carter Road
2463,LM-009,778,10,Mangal Mahesh,Carter Road
2464,LM-009,778,10,Mansha,Carter Road
2465,LM-009,778,10,Maya Mahal,Carter Road
2466,LM-009,778,10,Mayfair Apartment,Carter Road
2467,LM-009,778,10,Mayfair Liv,Carter Road
2468,LM-009,778,10,Mayfair Muse,Carter Road
2469,LM-009,778,10,Mayfair Villa,Carter Road
2470,LM-009,778,10,Mehul,Carter Road
2471,LM-009,778,10,Metropolis - With Balcony,Carter Road
2472,LM-009,778,10,Mohini Castel,Carter Road
2473,LM-009,778,10,Mohini Castle,Carter Road
2474,LM-009,778,10,Mohini Heights,Carter Road
2475,LM-009,778,10,Mohini Tower,Carter Road
2476,LM-009,778,10,Mukta,Carter Road
2477,LM-009,778,10,Murli Govind,Carter Road
2478,LM-009,778,10,Nair House,Carter Road
2479,LM-009,778,10,Narang Mansion,Carter Road
2480,LM-009,778,10,Navkiran,Carter Road
2481,LM-009,778,10,Nebula Apartment,Carter Road
2482,LM-009,778,10,Neela Akash,Carter Road
2483,LM-009,778,10,Neera,Carter Road
2484,LM-009,778,10,New Light Apartments,Carter Road
2485,LM-009,778,10,New Poonam,Carter Road
2486,LM-009,778,10,Nine Aces,Carter Road
2487,LM-009,778,10,Nivan,Carter Road
2488,LM-009,778,10,Nivan Residency,Carter Road
2489,LM-009,778,10,Nugget,Carter Road
2490,LM-009,778,10,Nutan Yojana,Carter Road
2491,LM-009,778,10,Oberoi Crest,Carter Road
2492,LM-009,778,10,Om Shri Gurudev,Carter Road
2493,LM-009,778,10,Orion,Carter Road
2494,LM-009,778,10,Palazzo,Carter Road
2495,LM-009,778,10,Pali Vintage,Carter Road
2496,LM-009,778,10,Panoramic View,Carter Road
2497,LM-009,778,10,Paramount,Carter Road
2498,LM-009,778,10,Park Avenue,Carter Road
2499,LM-009,778,10,Park Crest,Carter Road
2500,LM-009,778,10,Park Heights,Carter Road
2501,LM-009,778,10,Park Vista,Carter Road
2502,LM-009,778,10,Pinky Paradise,Carter Road
2503,LM-009,778,10,Pioneer Heights,Carter Road
2504,LM-009,778,10,Prabhat Chamber,Carter Road
2505,LM-009,778,10,Prasad Prakalp,Carter Road
2506,LM-009,778,10,Prestige Court,Carter Road
2507,LM-009,778,10,Prime Rose,Carter Road
2508,LM-009,778,10,Pushp Vatika,Carter Road
2509,LM-009,778,10,Quantum Park,Carter Road
2510,LM-009,778,10,RK Apartment,Carter Road
2511,LM-009,778,10,Radha Niwas,Carter Road
2512,LM-009,778,10,Radhya,Carter Road
2513,LM-009,778,10,Rajdoot,Carter Road
2514,LM-009,778,10,Rajhans,Carter Road
2515,LM-009,778,10,Ram Bhavan,Carter Road
2516,LM-009,778,10,Ram Bhuvan,Carter Road
2517,LM-009,778,10,Rama Krishna,Carter Road
2518,LM-009,778,10,Red Rose Apartment,Carter Road
2519,LM-009,778,10,Regency Terraces,Carter Road
2520,LM-009,778,10,Rijuvalika,Carter Road
2521,LM-009,778,10,Rishikesh,Carter Road
2522,LM-009,778,10,Rose Queen,Carter Road
2523,LM-009,778,10,Russel House,Carter Road
2524,LM-009,778,10,Sadanand Classic,Carter Road
2525,LM-009,778,10,Sadguru Drishti,Carter Road
2526,LM-009,778,10,Sadhana Apartment,Carter Road
2527,LM-009,778,10,Sagar Apartment,Carter Road
2528,LM-009,778,10,Sagar Darshan,Carter Road
2529,LM-009,778,10,Sai Dham,Carter Road
2530,LM-009,778,10,Sai Drishti,Carter Road
2531,LM-009,778,10,Sai Jyoti,Carter Road
2532,LM-009,778,10,Sai Samarth,Carter Road
2533,LM-009,778,10,Saidhan Infinity,Carter Road
2534,LM-009,778,10,Sailesh Apartment,Carter Road
2535,LM-009,778,10,Samyakth Bliss,Carter Road
2536,LM-009,778,10,Sankalpita,Carter Road
2537,LM-009,778,10,Sapphire,Carter Road
2538,LM-009,778,10,Saraswati,Carter Road
2539,LM-009,778,10,Sarvottam,Carter Road
2540,LM-009,778,10,Satnam Sagar,Carter Road
2541,LM-009,778,10,Satra Residency,Carter Road
2542,LM-009,778,10,Shailesh Apartment,Carter Road
2543,LM-009,778,10,Shanti Sagar,Carter Road
2544,LM-009,778,10,Sheetal Hariniketan,Carter Road
2545,LM-009,778,10,Sheetal Vaibhav,Carter Road
2546,LM-009,778,10,Shewa,Carter Road
2547,LM-009,778,10,Shiv Heights,Carter Road
2548,LM-009,778,10,Shiv Om,Carter Road
2549,LM-009,778,10,Shiv Omm,Carter Road
2550,LM-009,778,10,Shiv Smruti,Carter Road
2551,LM-009,778,10,Shiv-Dham,Carter Road
2552,LM-009,778,10,Shivraj Classic,Carter Road
2553,LM-009,778,10,Shivraj Classique Loc 12,Carter Road
2554,LM-009,778,10,Shreenathji,Carter Road
2555,LM-009,778,10,Shreyas,Carter Road
2556,LM-009,778,10,Shreyas bldg,Carter Road
2557,LM-009,778,10,Shyam Kunj,Carter Road
2558,LM-009,778,10,Siddhi Apartment,Carter Road
2559,LM-009,778,10,Sigma Pearl,Carter Road
2560,LM-009,778,10,Simran Plaza,Carter Road
2561,LM-009,778,10,Sita Bhavan,Carter Road
2562,LM-009,778,10,Sosar Solaris,Carter Road
2563,LM-009,778,10,Sosar Solitaire,Carter Road
2564,LM-009,778,10,Sudhama Niwas,Carter Road
2565,LM-009,778,10,Supreme Alora,Carter Road
2566,LM-009,778,10,Supreme Badrinath,Carter Road
2567,LM-009,778,10,Supreme Pearl,Carter Road
2568,LM-009,778,10,Supreme Signet,Carter Road
2569,LM-009,778,10,Suraj Ashiana,Carter Road
2570,LM-009,778,10,Sushant,Carter Road
2571,LM-009,778,10,Swarna Rekha,Carter Road
2572,LM-009,778,10,Symphony,Carter Road
2573,LM-009,778,10,Tanish,Carter Road
2574,LM-009,778,10,Tara Mahal,Carter Road
2575,LM-009,778,10,50 Seven,Carter Road
2576,LM-009,778,10,Designate,Carter Road
2577,LM-009,778,10,Solaris,Carter Road
2578,LM-009,778,10,Trailokya,Carter Road
2579,LM-009,778,10,Tuscany,Carter Road
2580,LM-009,778,10,Tushar,Carter Road
2581,LM-009,778,10,Upasana,Carter Road
2582,LM-009,778,10,Uphar,Carter Road
2583,LM-009,778,10,Urmi,Carter Road
2584,LM-009,778,10,Urvashi,Carter Road
2585,LM-009,778,10,Usha Kiran,Carter Road
2586,LM-009,778,10,Vaibhav,Carter Road
2587,LM-009,778,10,Valentine,Carter Road
2588,LM-009,778,10,Vasant Vihar,Carter Road
2589,LM-009,778,10,Vayuputra Trident,Carter Road
2590,LM-009,778,10,Venue 52,Carter Road
2591,LM-009,778,10,Videocon Icon Apartment,Carter Road
2592,LM-009,778,10,Vidhata,Carter Road
2593,LM-009,778,10,Vienna,Carter Road
2594,LM-009,778,10,Vijaydeep CHS,Carter Road
2595,LM-009,778,10,Vinayak Chambers,Carter Road
2596,LM-009,778,10,Viraj Bliss,Carter Road
2597,LM-009,778,10,Virgo Heights,Carter Road
2598,LM-009,778,10,Vishambar Niwas,Carter Road
2599,LM-009,778,10,Vishamber Niwas,Carter Road
2600,LM-009,778,10,Vista,Carter Road
2601,LM-009,778,10,Whitefield,Carter Road
2602,LM-009,778,10,Wild Teasel,Carter Road
2603,LM-009,778,10,Wishram,Carter Road
2604,LM-009,778,10,Woodstock,Carter Road
2605,LM-009,778,10,Woodstock Apartments,Carter Road
2606,LM-009,778,10,XVI Avenue,Carter Road
2607,LM-009,778,10,Yogi Sea,Carter Road
2608,LM-009,778,10,Zindagi,Carter Road
2947,LM-021,782,10,Ajmera Midtown,Marine Drive
2948,LM-021,782,10,Bharat Mahal,Marine Drive
2949,LM-021,782,10,Krishna Mahal,Marine Drive
2950,LM-021,782,10,Mistry Court,Marine Drive
2951,LM-021,782,10,Niranjan,Marine Drive
2952,LM-021,782,10,Shanti Niketan,Marine Drive
2953,LM-021,782,10,Shyam Sadan,Marine Drive
2954,LM-021,782,10,Vijay Mahal,Marine Drive
2737,LM-014,788,10,25 Downtown,High Street Phoenix
2738,LM-014,788,10,Almas Apartment,High Street Phoenix
2739,LM-014,788,10,Belvedere Court,High Street Phoenix
2740,LM-014,788,10,Fortune Mignas,High Street Phoenix
2741,LM-014,788,10,Godrej Avenue Eleven B,High Street Phoenix
2742,LM-014,788,10,Ion House,High Street Phoenix
2743,LM-014,788,10,Kalpataru Heights,High Street Phoenix
2744,LM-014,788,10,Kinjal Tower,High Street Phoenix
2745,LM-014,788,10,La View,High Street Phoenix
2746,LM-014,788,10,Lodha Bellevue,High Street Phoenix
2747,LM-014,788,10,Lodha Bellissimo,High Street Phoenix
2748,LM-014,788,10,Lodha Excelus,High Street Phoenix
2749,LM-014,788,10,Lodha Primero,High Street Phoenix
2750,LM-014,788,10,Lokhandwala Minerva,High Street Phoenix
2751,LM-014,788,10,Mahalaxmi Height,High Street Phoenix
2752,LM-014,788,10,Mahalaxmi Prestige Jasdan Classic,High Street Phoenix
2753,LM-014,788,10,Minerva,High Street Phoenix
2754,LM-014,788,10,Model Residency,High Street Phoenix
2755,LM-014,788,10,Nirman Kendra,High Street Phoenix
2756,LM-014,788,10,Piramal Mahalaxmi,High Street Phoenix
2757,LM-014,788,10,Planet Godrej,High Street Phoenix
2758,LM-014,788,10,Prestige Jasdan,High Street Phoenix
2759,LM-014,788,10,Prestige Turf,High Street Phoenix
2760,LM-014,788,10,Raheja Vivarea,High Street Phoenix
2761,LM-014,788,10,Runwal 7 Mahalaxmi,High Street Phoenix
2762,LM-014,788,10,Siddhivinayak Darshan,High Street Phoenix
2763,LM-014,788,10,Thanks and Regards,High Street Phoenix
1803,LM-051,788,10,Lodha Fiorenza,Oberoi Mall
1804,LM-051,788,10,Raheja Sherwood,Oberoi Mall
1581,LM-022,803,10,CCI Chambers,Nariman Point
1582,LM-022,803,10,Churchgate Mansion,Nariman Point
1583,LM-022,803,10,Indus Court,Nariman Point
1584,LM-022,803,10,Krishna Mahal,Nariman Point
1585,LM-022,803,10,Moti Mahal,Nariman Point
1586,LM-022,803,10,Prem Court,Nariman Point
1587,LM-022,803,10,Raj Mahal,Nariman Point
1588,LM-022,803,10,Rakhi Mahal,Nariman Point
1589,LM-022,803,10,Ravindra Mansion,Nariman Point
1590,LM-022,803,10,Sahakar,Nariman Point
1591,LM-022,803,10,Vishnu Mahal,Nariman Point
1993,LM-032,805,10,Valencia,Versova Beach
927,LM-015,806,10,30 Union Park,Lilavati Hospital
928,LM-015,806,10,81 Aureate,Lilavati Hospital
929,LM-015,806,10,ALJ Residency,Lilavati Hospital
930,LM-015,806,10,AVD Residencia,Lilavati Hospital
931,LM-015,806,10,Aashiyana,Lilavati Hospital
932,LM-015,806,10,Aashna Apartments,Lilavati Hospital
933,LM-015,806,10,Allied,Lilavati Hospital
934,LM-015,806,10,Almeida Park,Lilavati Hospital
935,LM-015,806,10,Amin Alturas,Lilavati Hospital
936,LM-015,806,10,Amrit,Lilavati Hospital
937,LM-015,806,10,Anand Sagar,Lilavati Hospital
938,LM-015,806,10,Ananta,Lilavati Hospital
939,LM-015,806,10,Anchorage,Lilavati Hospital
940,LM-015,806,10,Apsara,Lilavati Hospital
941,LM-015,806,10,Ashiana,Lilavati Hospital
942,LM-015,806,10,Ashtavinayak,Lilavati Hospital
943,LM-015,806,10,Asiya Manor,Lilavati Hospital
944,LM-015,806,10,Avalon,Lilavati Hospital
945,LM-015,806,10,Avisa,Lilavati Hospital
946,LM-015,806,10,BKC 28,Lilavati Hospital
947,LM-015,806,10,Bajaj Diamond,Lilavati Hospital
948,LM-015,806,10,Bajaj Onyx,Lilavati Hospital
949,LM-015,806,10,Balmoral Hall,Lilavati Hospital
950,LM-015,806,10,Bandra Breeze,Lilavati Hospital
951,LM-015,806,10,Bandra Olympic,Lilavati Hospital
952,LM-015,806,10,Basheera Residency,Lilavati Hospital
953,LM-015,806,10,Bay View,Lilavati Hospital
954,LM-015,806,10,Beach View,Lilavati Hospital
955,LM-015,806,10,Beaupride,Lilavati Hospital
956,LM-015,806,10,Belfer,Lilavati Hospital
957,LM-015,806,10,Bella Rose,Lilavati Hospital
958,LM-015,806,10,Bella Vista,Lilavati Hospital
959,LM-015,806,10,Benezet,Lilavati Hospital
960,LM-015,806,10,Bhagtani Amber,Lilavati Hospital
961,LM-015,806,10,Bhagtani Apartment,Lilavati Hospital
962,LM-015,806,10,Bindiya,Lilavati Hospital
963,LM-015,806,10,Blue Bird,Lilavati Hospital
964,LM-015,806,10,Blue Moon Apartment,Lilavati Hospital
965,LM-015,806,10,Blue Rose,Lilavati Hospital
966,LM-015,806,10,Bonny Casa,Lilavati Hospital
967,LM-015,806,10,Brand New Apartment,Lilavati Hospital
968,LM-015,806,10,Breezy Heights,Lilavati Hospital
969,LM-015,806,10,Bright Land,Lilavati Hospital
970,LM-015,806,10,Buena Vista,Lilavati Hospital
971,LM-015,806,10,Bunglow,Lilavati Hospital
972,LM-015,806,10,Cannon,Lilavati Hospital
973,LM-015,806,10,Cannon Bldg,Lilavati Hospital
974,LM-015,806,10,Capri Heights,Lilavati Hospital
975,LM-015,806,10,Captain Villa,Lilavati Hospital
976,LM-015,806,10,Carlton Court,Lilavati Hospital
977,LM-015,806,10,Casa de Rosa,Lilavati Hospital
978,LM-015,806,10,Cassias,Lilavati Hospital
979,LM-015,806,10,Cenced,Lilavati Hospital
980,LM-015,806,10,Chand Terraces,Lilavati Hospital
981,LM-015,806,10,Char Dham,Lilavati Hospital
982,LM-015,806,10,Chardham,Lilavati Hospital
983,LM-015,806,10,Church View,Lilavati Hospital
984,LM-015,806,10,Citizen Apartment,Lilavati Hospital
985,LM-015,806,10,Classic Corner,Lilavati Hospital
986,LM-015,806,10,Clefepete,Lilavati Hospital
987,LM-015,806,10,Concrete Heritage,Lilavati Hospital
988,LM-015,806,10,Convent View,Lilavati Hospital
989,LM-015,806,10,Coral,Lilavati Hospital
990,LM-015,806,10,Corner View,Lilavati Hospital
991,LM-015,806,10,Cosmopolitan,Lilavati Hospital
992,LM-015,806,10,Cozy Home,Lilavati Hospital
993,LM-015,806,10,Crescent,Lilavati Hospital
994,LM-015,806,10,Crown Palace,Lilavati Hospital
995,LM-015,806,10,Dandelion,Lilavati Hospital
996,LM-015,806,10,Dango House,Lilavati Hospital
997,LM-015,806,10,Dattani Palace,Lilavati Hospital
998,LM-015,806,10,Deccan Court,Lilavati Hospital
999,LM-015,806,10,Deepak Silverene,Lilavati Hospital
1000,LM-015,806,10,Deepali,Lilavati Hospital
1001,LM-015,806,10,Deepika,Lilavati Hospital
1002,LM-015,806,10,Devansh Villa,Lilavati Hospital
1003,LM-015,806,10,Dharamjyot,Lilavati Hospital
1004,LM-015,806,10,Dheeraj Aashna,Lilavati Hospital
1005,LM-015,806,10,Dheeraj Arcade,Lilavati Hospital
1006,LM-015,806,10,Dheeraj Devika,Lilavati Hospital
1007,LM-015,806,10,Dheeraj Dhan,Lilavati Hospital
1008,LM-015,806,10,Dheeraj Plaza,Lilavati Hospital
1009,LM-015,806,10,Dheeraj Sneh,Lilavati Hospital
1010,LM-015,806,10,Dhiraj Devika,Lilavati Hospital
1011,LM-015,806,10,Diamond Palace,Lilavati Hospital
1012,LM-015,806,10,Dinaco Kiran,Lilavati Hospital
1013,LM-015,806,10,Dom Lucia,Lilavati Hospital
1014,LM-015,806,10,Duarte Haven,Lilavati Hospital
1015,LM-015,806,10,Dunhill,Lilavati Hospital
1016,LM-015,806,10,Ebenezer,Lilavati Hospital
1017,LM-015,806,10,Ebony,Lilavati Hospital
1018,LM-015,806,10,Ekta Elite,Lilavati Hospital
1019,LM-015,806,10,Ekta World WestBay,Lilavati Hospital
1020,LM-015,806,10,Elcid Apartment,Lilavati Hospital
1021,LM-015,806,10,Elco Arcade,Lilavati Hospital
1022,LM-015,806,10,Elco Residency,Lilavati Hospital
1023,LM-015,806,10,Elfreda,Lilavati Hospital
1024,LM-015,806,10,Elron Garden,Lilavati Hospital
1025,LM-015,806,10,Emerald CHS,Lilavati Hospital
1026,LM-015,806,10,Emily,Lilavati Hospital
1027,LM-015,806,10,Erlyn,Lilavati Hospital
1028,LM-015,806,10,Esperanza,Lilavati Hospital
1029,LM-015,806,10,Estrella,Lilavati Hospital
1030,LM-015,806,10,Evergreen,Lilavati Hospital
1031,LM-015,806,10,Evergreen Turner,Lilavati Hospital
1032,LM-015,806,10,Excella Apartment,Lilavati Hospital
1033,LM-015,806,10,Fatima Villa,Lilavati Hospital
1034,LM-015,806,10,Felicia,Lilavati Hospital
1035,LM-015,806,10,Flushel Apartment,Lilavati Hospital
1036,LM-015,806,10,Fortune Crown,Lilavati Hospital
1037,LM-015,806,10,Fortune Heritage,Lilavati Hospital
1038,LM-015,806,10,Francdel,Lilavati Hospital
1039,LM-015,806,10,Francesca,Lilavati Hospital
1040,LM-015,806,10,Gasper Enclave,Lilavati Hospital
1041,LM-015,806,10,Georgina Apartment,Lilavati Hospital
1042,LM-015,806,10,Gilder Villa,Lilavati Hospital
1043,LM-015,806,10,Gods Gift,Lilavati Hospital
1044,LM-015,806,10,Golden Palace,Lilavati Hospital
1045,LM-015,806,10,Golden Rock,Lilavati Hospital
1046,LM-015,806,10,Gopal Mansion,Lilavati Hospital
1047,LM-015,806,10,Grace Heritage,Lilavati Hospital
1048,LM-015,806,10,Grace Residency,Lilavati Hospital
1049,LM-015,806,10,Grand Bay,Lilavati Hospital
1050,LM-015,806,10,Grand Bella Vista,Lilavati Hospital
1051,LM-015,806,10,Grand Paradise,Lilavati Hospital
1052,LM-015,806,10,Guldev Sagar,Lilavati Hospital
1053,LM-015,806,10,Gulmohar,Lilavati Hospital
1054,LM-015,806,10,Gurudev Bhavan,Lilavati Hospital
1055,LM-015,806,10,Gurukrupa Marque,Lilavati Hospital
1056,LM-015,806,10,H and M Tower,Lilavati Hospital
1057,LM-015,806,10,HandM Tower,Lilavati Hospital
1058,LM-015,806,10,Happy Home,Lilavati Hospital
1059,LM-015,806,10,Hardik Villa,Lilavati Hospital
1060,LM-015,806,10,Harmony,Lilavati Hospital
1061,LM-015,806,10,Heritage,Lilavati Hospital
1062,LM-015,806,10,Hicons Residency,Lilavati Hospital
1063,LM-015,806,10,Highland,Lilavati Hospital
1064,LM-015,806,10,Hill Post,Lilavati Hospital
1065,LM-015,806,10,Hill Road Society,Lilavati Hospital
1066,LM-015,806,10,Hill Top,Lilavati Hospital
1067,LM-015,806,10,Hill View,Lilavati Hospital
1068,LM-015,806,10,Hill View Bldg,Lilavati Hospital
1069,LM-015,806,10,Hillary Apartments,Lilavati Hospital
1070,LM-015,806,10,Hilton Apartment,Lilavati Hospital
1071,LM-015,806,10,Hiranandani Bay Heights,Lilavati Hospital
1072,LM-015,806,10,Honeycomb,Lilavati Hospital
1073,LM-015,806,10,Ideal Manohar,Lilavati Hospital
1074,LM-015,806,10,Ideal Manohar Chs Ltd,Lilavati Hospital
1075,LM-015,806,10,Identity,Lilavati Hospital
1076,LM-015,806,10,Imperial Heights,Lilavati Hospital
1077,LM-015,806,10,Island Heights CHS,Lilavati Hospital
1078,LM-015,806,10,Jackers,Lilavati Hospital
1079,LM-015,806,10,Jeevan,Lilavati Hospital
1080,LM-015,806,10,Jercelle,Lilavati Hospital
1081,LM-015,806,10,Jewel Milan,Lilavati Hospital
1082,LM-015,806,10,Jolly Friends,Lilavati Hospital
1083,LM-015,806,10,Jolly Highrise,Lilavati Hospital
1084,LM-015,806,10,Josephine,Lilavati Hospital
1085,LM-015,806,10,Joy Apartment,Lilavati Hospital
1086,LM-015,806,10,Joy Legend,Lilavati Hospital
1087,LM-015,806,10,Joy Palace,Lilavati Hospital
1088,LM-015,806,10,June Blossom,Lilavati Hospital
1089,LM-015,806,10,K L Astoria,Lilavati Hospital
1090,LM-015,806,10,Kailash Enclave,Lilavati Hospital
1091,LM-015,806,10,Kakad Apartment,Lilavati Hospital
1092,LM-015,806,10,Kakad Bhavan,Lilavati Hospital
1093,LM-015,806,10,Kakad Heights,Lilavati Hospital
1094,LM-015,806,10,Kakad Imperial,Lilavati Hospital
1095,LM-015,806,10,Kalash,Lilavati Hospital
1096,LM-015,806,10,Kalpak Height,Lilavati Hospital
1097,LM-015,806,10,Kalpak Optimus,Lilavati Hospital
1098,LM-015,806,10,Kalpana,Lilavati Hospital
1099,LM-015,806,10,Kalpataru Nakshatra,Lilavati Hospital
1100,LM-015,806,10,Kamal Pushpa,Lilavati Hospital
1101,LM-015,806,10,Kanchan,Lilavati Hospital
1102,LM-015,806,10,Kankia Paris,Lilavati Hospital
1103,LM-015,806,10,Kanti Apartment,Lilavati Hospital
1104,LM-015,806,10,Kiara Apartment,Lilavati Hospital
1105,LM-015,806,10,Kishan Abode,Lilavati Hospital
1106,LM-015,806,10,Kismat,Lilavati Hospital
1107,LM-015,806,10,Konark Classic,Lilavati Hospital
1108,LM-015,806,10,Kripa Allure,Lilavati Hospital
1109,LM-015,806,10,Kripa Vue,Lilavati Hospital
1110,LM-015,806,10,Krishna Kutir,Lilavati Hospital
1111,LM-015,806,10,LA Fleur,Lilavati Hospital
1112,LM-015,806,10,La Roche,Lilavati Hospital
1113,LM-015,806,10,Labbaik House,Lilavati Hospital
1114,LM-015,806,10,Ladhani Legacy,Lilavati Hospital
1115,LM-015,806,10,Lake View,Lilavati Hospital
1116,LM-015,806,10,Lakhani Signature,Lilavati Hospital
1117,LM-015,806,10,Lalani Aura,Lilavati Hospital
1118,LM-015,806,10,Lamours,Lilavati Hospital
1119,LM-015,806,10,Land Breeze,Lilavati Hospital
1120,LM-015,806,10,Laxmi Chs,Lilavati Hospital
1121,LM-015,806,10,Legacy,Lilavati Hospital
1122,LM-015,806,10,Legend,Lilavati Hospital
1123,LM-015,806,10,Libra Tower,Lilavati Hospital
1124,LM-015,806,10,Lilian Heights,Lilavati Hospital
1125,LM-015,806,10,Lily Apartment,Lilavati Hospital
1126,LM-015,806,10,Link Side,Lilavati Hospital
1127,LM-015,806,10,Little Flower,Lilavati Hospital
1128,LM-015,806,10,Lou Paul,Lilavati Hospital
1129,LM-015,806,10,Lubina,Lilavati Hospital
1130,LM-015,806,10,M. B Tower,Lilavati Hospital
1131,LM-015,806,10,Makhija Chambers,Lilavati Hospital
1132,LM-015,806,10,Man Dune,Lilavati Hospital
1133,LM-015,806,10,Man Dunes,Lilavati Hospital
1134,LM-015,806,10,Mangal Darshan,Lilavati Hospital
1135,LM-015,806,10,Mangal Kunj,Lilavati Hospital
1136,LM-015,806,10,Manju Mahal,Lilavati Hospital
1137,LM-015,806,10,Manthan Embassy,Lilavati Hospital
1138,LM-015,806,10,Maqba Heights,Lilavati Hospital
1139,LM-015,806,10,Marble Arch,Lilavati Hospital
1140,LM-015,806,10,Maria bunglow,Lilavati Hospital
1141,LM-015,806,10,Marian House,Lilavati Hospital
1142,LM-015,806,10,Marina,Lilavati Hospital
1143,LM-015,806,10,Marinette,Lilavati Hospital
1144,LM-015,806,10,Mayfair Muse,Lilavati Hospital
1145,LM-015,806,10,Mayfair Serene,Lilavati Hospital
1146,LM-015,806,10,Mayqueen,Lilavati Hospital
1147,LM-015,806,10,Metropolitan,Lilavati Hospital
1148,LM-015,806,10,Mohini Castle,Lilavati Hospital
1149,LM-015,806,10,Mon Desire,Lilavati Hospital
1150,LM-015,806,10,Mon Repos,Lilavati Hospital
1151,LM-015,806,10,Mona Lisa,Lilavati Hospital
1152,LM-015,806,10,Monalisa,Lilavati Hospital
1153,LM-015,806,10,Moon Craft,Lilavati Hospital
1154,LM-015,806,10,Mooring,Lilavati Hospital
1155,LM-015,806,10,Morning Star,Lilavati Hospital
1156,LM-015,806,10,Moru Mahal,Lilavati Hospital
1157,LM-015,806,10,Morya Regency,Lilavati Hospital
1158,LM-015,806,10,Moti Mahal,Lilavati Hospital
1159,LM-015,806,10,Moti Mahal Apex,Lilavati Hospital
1160,LM-015,806,10,Mount Mary Apartment,Lilavati Hospital
1161,LM-015,806,10,Mukut,Lilavati Hospital
1162,LM-015,806,10,Narang Mantion,Lilavati Hospital
1163,LM-015,806,10,Nav Palmyra,Lilavati Hospital
1164,LM-015,806,10,Nav Sonarbala,Lilavati Hospital
1165,LM-015,806,10,Navratan,Lilavati Hospital
1166,LM-015,806,10,Navroze,Lilavati Hospital
1167,LM-015,806,10,Nectar,Lilavati Hospital
1168,LM-015,806,10,Neelam,Lilavati Hospital
1169,LM-015,806,10,Neelamber,Lilavati Hospital
1170,LM-015,806,10,New Apsara,Lilavati Hospital
1171,LM-015,806,10,New Garden View,Lilavati Hospital
1172,LM-015,806,10,New Imperial Plaza,Lilavati Hospital
1173,LM-015,806,10,New Jaldarshan,Lilavati Hospital
1174,LM-015,806,10,New Milan,Lilavati Hospital
1175,LM-015,806,10,New Silver Home,Lilavati Hospital
1176,LM-015,806,10,New Stock Alert,Lilavati Hospital
1177,LM-015,806,10,Next Avenue,Lilavati Hospital
1178,LM-015,806,10,Nibbana,Lilavati Hospital
1179,LM-015,806,10,Nibbana Annex,Lilavati Hospital
1180,LM-015,806,10,Nikita Enclave,Lilavati Hospital
1181,LM-015,806,10,Nirvana Apartment,Lilavati Hospital
1182,LM-015,806,10,Notan Casa,Lilavati Hospital
1183,LM-015,806,10,Notan Heights,Lilavati Hospital
1184,LM-015,806,10,Nutan Nagar Society,Lilavati Hospital
1185,LM-015,806,10,Om Palace,Lilavati Hospital
1186,LM-015,806,10,Orchard Palace,Lilavati Hospital
1187,LM-015,806,10,Orizzonte,Lilavati Hospital
1188,LM-015,806,10,Orva,Lilavati Hospital
1189,LM-015,806,10,Oxford,Lilavati Hospital
1190,LM-015,806,10,Palacio,Lilavati Hospital
1191,LM-015,806,10,Pali Hill Apartment,Lilavati Hospital
1192,LM-015,806,10,Pali Hill Niketan,Lilavati Hospital
1193,LM-015,806,10,Pali Palms,Lilavati Hospital
1194,LM-015,806,10,Palmera,Lilavati Hospital
1195,LM-015,806,10,Panchratan,Lilavati Hospital
1196,LM-015,806,10,Panju Mahal,Lilavati Hospital
1197,LM-015,806,10,Parijat,Lilavati Hospital
1198,LM-015,806,10,Park Reach,Lilavati Hospital
1199,LM-015,806,10,Passion Flower,Lilavati Hospital
1200,LM-015,806,10,Peridot Apartment,Lilavati Hospital
1201,LM-015,806,10,Pinnacle Gold,Lilavati Hospital
1202,LM-015,806,10,Platinum,Lilavati Hospital
1203,LM-015,806,10,Pleasant Park,Lilavati Hospital
1204,LM-015,806,10,Pooja,Lilavati Hospital
1205,LM-015,806,10,Prem Ghar,Lilavati Hospital
1206,LM-015,806,10,Prem Mayurasan,Lilavati Hospital
1207,LM-015,806,10,Prem Milan,Lilavati Hospital
1208,LM-015,806,10,Presidential,Lilavati Hospital
1209,LM-015,806,10,Prisca,Lilavati Hospital
1210,LM-015,806,10,Puja,Lilavati Hospital
1211,LM-015,806,10,Pushpa Vihar,Lilavati Hospital
1212,LM-015,806,10,Queen,Lilavati Hospital
1213,LM-015,806,10,Queens Apartment,Lilavati Hospital
1214,LM-015,806,10,Qureshi Heights,Lilavati Hospital
1215,LM-015,806,10,Raheja Avisa,Lilavati Hospital
1216,LM-015,806,10,Raheja Bay,Lilavati Hospital
1217,LM-015,806,10,Raheja Sunkist,Lilavati Hospital
1218,LM-015,806,10,Rang Mahal,Lilavati Hospital
1219,LM-015,806,10,Ratnagiri Apartment,Lilavati Hospital
1220,LM-015,806,10,Ravi Darshan,Lilavati Hospital
1221,LM-015,806,10,Reminess,Lilavati Hospital
1222,LM-015,806,10,Rendezvous,Lilavati Hospital
1223,LM-015,806,10,Residency,Lilavati Hospital
1224,LM-015,806,10,Richoux,Lilavati Hospital
1225,LM-015,806,10,Rizvi Chambers,Lilavati Hospital
1226,LM-015,806,10,Rizvi Mahal,Lilavati Hospital
1227,LM-015,806,10,Rocky Hill,Lilavati Hospital
1228,LM-015,806,10,Royal Crest,Lilavati Hospital
1229,LM-015,806,10,Rustomjee Orva,Lilavati Hospital
1230,LM-015,806,10,Rustomjee Parishram,Lilavati Hospital
1231,LM-015,806,10,Saba Heritage,Lilavati Hospital
1232,LM-015,806,10,Sabian,Lilavati Hospital
1233,LM-015,806,10,Sagar Apartments,Lilavati Hospital
1234,LM-015,806,10,Sagar Fortune,Lilavati Hospital
1235,LM-015,806,10,Sagar Resham,Lilavati Hospital
1236,LM-015,806,10,Sagar Sangam,Lilavati Hospital
1237,LM-015,806,10,Samarpan,Lilavati Hospital
1238,LM-015,806,10,Samrat,Lilavati Hospital
1239,LM-015,806,10,Sandhu Palace,Lilavati Hospital
1240,LM-015,806,10,Saquib,Lilavati Hospital
1241,LM-015,806,10,Sarita,Lilavati Hospital
1242,LM-015,806,10,Sarita Apartments,Lilavati Hospital
1243,LM-015,806,10,Satguru Rendezvous,Lilavati Hospital
1244,LM-015,806,10,Satguru Sharan,Lilavati Hospital
1245,LM-015,806,10,Satguru Shlok,Lilavati Hospital
1246,LM-015,806,10,Satguru Shristi,Lilavati Hospital
1247,LM-015,806,10,Satnam,Lilavati Hospital
1248,LM-015,806,10,Savijay,Lilavati Hospital
1249,LM-015,806,10,Savita Chhaya,Lilavati Hospital
1250,LM-015,806,10,Sayba Emerald,Lilavati Hospital
1251,LM-015,806,10,Sea Beach View,Lilavati Hospital
1252,LM-015,806,10,Sea Bird,Lilavati Hospital
1253,LM-015,806,10,Sea Breeze,Lilavati Hospital
1254,LM-015,806,10,Seema Apartments,Lilavati Hospital
1255,LM-015,806,10,Seep,Lilavati Hospital
1256,LM-015,806,10,Seeta Geeta,Lilavati Hospital
1257,LM-015,806,10,Shadaab Tower,Lilavati Hospital
1258,LM-015,806,10,Shale Rock,Lilavati Hospital
1259,LM-015,806,10,Shamiana Apartments,Lilavati Hospital
1260,LM-015,806,10,Shams Palace,Lilavati Hospital
1261,LM-015,806,10,Shangrila,Lilavati Hospital
1262,LM-015,806,10,Shanti Sadan,Lilavati Hospital
1263,LM-015,806,10,Sharan,Lilavati Hospital
1264,LM-015,806,10,Shehnaz,Lilavati Hospital
1265,LM-015,806,10,Sherly Queen,Lilavati Hospital
1266,LM-015,806,10,Shiv Asthan Heights Apartment,Lilavati Hospital
1267,LM-015,806,10,Shiv Darshan,Lilavati Hospital
1268,LM-015,806,10,Shree Prasad House,Lilavati Hospital
1269,LM-015,806,10,Silver Cascade,Lilavati Hospital
1270,LM-015,806,10,Silver Palace,Lilavati Hospital
1271,LM-015,806,10,Silver Rock,Lilavati Hospital
1272,LM-015,806,10,Silverene Apartments,Lilavati Hospital
1273,LM-015,806,10,Simar Tara,Lilavati Hospital
1274,LM-015,806,10,Singer Wood,Lilavati Hospital
1275,LM-015,806,10,Skylark,Lilavati Hospital
1276,LM-015,806,10,Skyper Tower,Lilavati Hospital
1277,LM-015,806,10,Snehal Apartments,Lilavati Hospital
1278,LM-015,806,10,Solitaire,Lilavati Hospital
1279,LM-015,806,10,Solitaire Apartments,Lilavati Hospital
1280,LM-015,806,10,Solomon Apartment,Lilavati Hospital
1281,LM-015,806,10,Somerset Apartments,Lilavati Hospital
1282,LM-015,806,10,Sona Villa,Lilavati Hospital
1283,LM-015,806,10,Sony Apartments,Lilavati Hospital
1284,LM-015,806,10,Spencer,Lilavati Hospital
1285,LM-015,806,10,Square Mall,Lilavati Hospital
1286,LM-015,806,10,Steesha,Lilavati Hospital
1287,LM-015,806,10,Sterling Diamond,Lilavati Hospital
1288,LM-015,806,10,Stone Arch,Lilavati Hospital
1289,LM-015,806,10,Suman,Lilavati Hospital
1290,LM-015,806,10,Summer Queen,Lilavati Hospital
1291,LM-015,806,10,Summer Ville,Lilavati Hospital
1292,LM-015,806,10,Sunbeam Apartment,Lilavati Hospital
1293,LM-015,806,10,Sunita,Lilavati Hospital
1294,LM-015,806,10,Sunkist,Lilavati Hospital
1295,LM-015,806,10,Sunny Side,Lilavati Hospital
1296,LM-015,806,10,Sunny Side APT,Lilavati Hospital
1297,LM-015,806,10,Sunset heights,Lilavati Hospital
1298,LM-015,806,10,Supreme Headquarters,Lilavati Hospital
1299,LM-015,806,10,Sweet Home,Lilavati Hospital
1300,LM-015,806,10,Chitrapur CHS,Lilavati Hospital
1301,LM-015,806,10,Moorings,Lilavati Hospital
1302,LM-015,806,10,One,Lilavati Hospital
1303,LM-015,806,10,Waterfront,Lilavati Hospital
1304,LM-015,806,10,Therese,Lilavati Hospital
1305,LM-015,806,10,Therese Ville Dawn,Lilavati Hospital
1306,LM-015,806,10,Tribeca,Lilavati Hospital
1307,LM-015,806,10,Tulip,Lilavati Hospital
1308,LM-015,806,10,Turner House,Lilavati Hospital
1309,LM-015,806,10,Tuscany Apartment,Lilavati Hospital
1310,LM-015,806,10,Two Roses,Lilavati Hospital
1311,LM-015,806,10,Union Park Ideal,Lilavati Hospital
1312,LM-015,806,10,Uttam Niwas,Lilavati Hospital
1313,LM-015,806,10,Vaikunth,Lilavati Hospital
1314,LM-015,806,10,Varde Villa,Lilavati Hospital
1315,LM-015,806,10,Varun,Lilavati Hospital
1316,LM-015,806,10,Vasukamal,Lilavati Hospital
1317,LM-015,806,10,Vasvani 36 AB,Lilavati Hospital
1318,LM-015,806,10,Victoria House,Lilavati Hospital
1319,LM-015,806,10,Videocon Icon,Lilavati Hospital
1320,LM-015,806,10,Videocon Sumukh,Lilavati Hospital
1321,LM-015,806,10,Villa Rosa,Lilavati Hospital
1322,LM-015,806,10,Vinayak Heights,Lilavati Hospital
1323,LM-015,806,10,Vintage Pearl,Lilavati Hospital
1324,LM-015,806,10,Vrindavan,Lilavati Hospital
1325,LM-015,806,10,Waheeda,Lilavati Hospital
1326,LM-015,806,10,Warden,Lilavati Hospital
1327,LM-015,806,10,Warden Bldg,Lilavati Hospital
1328,LM-015,806,10,Waroda Apartments,Lilavati Hospital
1329,LM-015,806,10,Water Queen,Lilavati Hospital
1330,LM-015,806,10,West Bay Apartments,Lilavati Hospital
1331,LM-015,806,10,West Coast Apartment,Lilavati Hospital
1332,LM-015,806,10,West Side,Lilavati Hospital
1333,LM-015,806,10,Whispering Heights,Lilavati Hospital
1334,LM-015,806,10,White Rose,Lilavati Hospital
1335,LM-015,806,10,Willadel,Lilavati Hospital
1336,LM-015,806,10,Willow Shades,Lilavati Hospital
1337,LM-015,806,10,Windermere,Lilavati Hospital
1338,LM-015,806,10,Wits End,Lilavati Hospital
1339,LM-015,806,10,Woodland Heights,Lilavati Hospital
1340,LM-015,806,10,Yasmin Villa,Lilavati Hospital
1341,LM-015,806,10,Zeba Corner,Lilavati Hospital
1342,LM-015,806,10,Zest,Lilavati Hospital
2737,LM-019,813,10,25 Downtown,Mahalaxmi Racecourse
2738,LM-019,813,10,Almas Apartment,Mahalaxmi Racecourse
2739,LM-019,813,10,Belvedere Court,Mahalaxmi Racecourse
2740,LM-019,813,10,Fortune Mignas,Mahalaxmi Racecourse
2741,LM-019,813,10,Godrej Avenue Eleven B,Mahalaxmi Racecourse
2742,LM-019,813,10,Ion House,Mahalaxmi Racecourse
2743,LM-019,813,10,Kalpataru Heights,Mahalaxmi Racecourse
2744,LM-019,813,10,Kinjal Tower,Mahalaxmi Racecourse
2745,LM-019,813,10,La View,Mahalaxmi Racecourse
2746,LM-019,813,10,Lodha Bellevue,Mahalaxmi Racecourse
2747,LM-019,813,10,Lodha Bellissimo,Mahalaxmi Racecourse
2748,LM-019,813,10,Lodha Excelus,Mahalaxmi Racecourse
2749,LM-019,813,10,Lodha Primero,Mahalaxmi Racecourse
2750,LM-019,813,10,Lokhandwala Minerva,Mahalaxmi Racecourse
2751,LM-019,813,10,Mahalaxmi Height,Mahalaxmi Racecourse
2752,LM-019,813,10,Mahalaxmi Prestige Jasdan Classic,Mahalaxmi Racecourse
2753,LM-019,813,10,Minerva,Mahalaxmi Racecourse
2754,LM-019,813,10,Model Residency,Mahalaxmi Racecourse
2755,LM-019,813,10,Nirman Kendra,Mahalaxmi Racecourse
2756,LM-019,813,10,Piramal Mahalaxmi,Mahalaxmi Racecourse
2757,LM-019,813,10,Planet Godrej,Mahalaxmi Racecourse
2758,LM-019,813,10,Prestige Jasdan,Mahalaxmi Racecourse
2759,LM-019,813,10,Prestige Turf,Mahalaxmi Racecourse
2760,LM-019,813,10,Raheja Vivarea,Mahalaxmi Racecourse
2761,LM-019,813,10,Runwal 7 Mahalaxmi,Mahalaxmi Racecourse
2762,LM-019,813,10,Siddhivinayak Darshan,Mahalaxmi Racecourse
2763,LM-019,813,10,Thanks and Regards,Mahalaxmi Racecourse
4053,LM-033,826,10,Crystal Paradise,Lokhandwala Complex
3238,LM-018,842,11,Ajanta Apartments,Haji Ali Dargah
3239,LM-018,842,11,Alpana,Haji Ali Dargah
3240,LM-018,842,11,Anand Darshan,Haji Ali Dargah
3241,LM-018,842,11,Asha Mahal,Haji Ali Dargah
3242,LM-018,842,11,Bhagwati Bhuvan,Haji Ali Dargah
3243,LM-018,842,11,Chandan,Haji Ali Dargah
3244,LM-018,842,11,Eddie House,Haji Ali Dargah
3245,LM-018,842,11,Kailash Mahal,Haji Ali Dargah
3246,LM-018,842,11,Maheshwari Niketan,Haji Ali Dargah
3247,LM-018,842,11,Marlboro House,Haji Ali Dargah
3248,LM-018,842,11,Nalanda,Haji Ali Dargah
3249,LM-018,842,11,Neelambar Annex,Haji Ali Dargah
3250,LM-018,842,11,Padam,Haji Ali Dargah
3251,LM-018,842,11,Pentacle,Haji Ali Dargah
3252,LM-018,842,11,Poonam Apartment,Haji Ali Dargah
3253,LM-018,842,11,Poornima Apartment,Haji Ali Dargah
3254,LM-018,842,11,Prabhu Kunj,Haji Ali Dargah
3255,LM-018,842,11,Prem Court @ Peddar Road,Haji Ali Dargah
3256,LM-018,842,11,Rijhumal Mansion,Haji Ali Dargah
3257,LM-018,842,11,Sadhna,Haji Ali Dargah
3258,LM-018,842,11,Shiv Tirth,Haji Ali Dargah
3259,LM-018,842,11,Sonarica,Haji Ali Dargah
3260,LM-018,842,11,Sukh Shanti,Haji Ali Dargah
3261,LM-018,842,11,Sunbeam,Haji Ali Dargah
3262,LM-018,842,11,Vasant Apartments,Haji Ali Dargah
3263,LM-018,842,11,Vimla Mahal,Haji Ali Dargah
3264,LM-018,842,11,Woodlands,Haji Ali Dargah
1991,LM-020,855,11,Heera Panna,Pedder Road
1992,LM-020,855,11,Sambhov Tirth,Pedder Road
3173,LM-022,887,11,Kakad House,Nariman Point
13,LM-030,896,11,Link Garden,Infinity Mall
14,LM-030,896,11,Moongipa Arcade,Infinity Mall
15,LM-030,896,11,Platinum Tower 4,Infinity Mall
16,LM-030,896,11,Remi Commercio,Infinity Mall
17,LM-030,896,11,Lumiere,Infinity Mall
1803,LM-050,898,11,Lodha Fiorenza,Goregaon Station
1804,LM-050,898,11,Raheja Sherwood,Goregaon Station
3115,LM-020,912,11,Aditya Akruti,Pedder Road
3116,LM-020,912,11,Orbit Heights,Pedder Road
2737,LM-018,913,11,25 Downtown,Haji Ali Dargah
2738,LM-018,913,11,Almas Apartment,Haji Ali Dargah
2739,LM-018,913,11,Belvedere Court,Haji Ali Dargah
2740,LM-018,913,11,Fortune Mignas,Haji Ali Dargah
2741,LM-018,913,11,Godrej Avenue Eleven B,Haji Ali Dargah
2742,LM-018,913,11,Ion House,Haji Ali Dargah
2743,LM-018,913,11,Kalpataru Heights,Haji Ali Dargah
2744,LM-018,913,11,Kinjal Tower,Haji Ali Dargah
2745,LM-018,913,11,La View,Haji Ali Dargah
2746,LM-018,913,11,Lodha Bellevue,Haji Ali Dargah
2747,LM-018,913,11,Lodha Bellissimo,Haji Ali Dargah
2748,LM-018,913,11,Lodha Excelus,Haji Ali Dargah
2749,LM-018,913,11,Lodha Primero,Haji Ali Dargah
2750,LM-018,913,11,Lokhandwala Minerva,Haji Ali Dargah
2751,LM-018,913,11,Mahalaxmi Height,Haji Ali Dargah
2752,LM-018,913,11,Mahalaxmi Prestige Jasdan Classic,Haji Ali Dargah
2753,LM-018,913,11,Minerva,Haji Ali Dargah
2754,LM-018,913,11,Model Residency,Haji Ali Dargah
2755,LM-018,913,11,Nirman Kendra,Haji Ali Dargah
2756,LM-018,913,11,Piramal Mahalaxmi,Haji Ali Dargah
2757,LM-018,913,11,Planet Godrej,Haji Ali Dargah
2758,LM-018,913,11,Prestige Jasdan,Haji Ali Dargah
2759,LM-018,913,11,Prestige Turf,Haji Ali Dargah
2760,LM-018,913,11,Raheja Vivarea,Haji Ali Dargah
2761,LM-018,913,11,Runwal 7 Mahalaxmi,Haji Ali Dargah
2762,LM-018,913,11,Siddhivinayak Darshan,Haji Ali Dargah
2763,LM-018,913,11,Thanks and Regards,Haji Ali Dargah
1748,LM-023,916,11,Ararat,Churchgate Station
1749,LM-023,916,11,MDP House,Churchgate Station
1750,LM-023,916,11,Rajabahadur Compound,Churchgate Station
1751,LM-023,916,11,Soonawala,Churchgate Station
3117,LM-023,916,11,Advent,Churchgate Station
3118,LM-023,916,11,Atlanta,Churchgate Station
3119,LM-023,916,11,Bajaj Bhavan,Churchgate Station
3120,LM-023,916,11,Dalamal Tower,Churchgate Station
3121,LM-023,916,11,Earnest House,Churchgate Station
3122,LM-023,916,11,Embassy Centre,Churchgate Station
3123,LM-023,916,11,Maker Chamber 3,Churchgate Station
3124,LM-023,916,11,Mittal Court,Churchgate Station
3125,LM-023,916,11,Mittal Tower,Churchgate Station
3126,LM-023,916,11,NCPA Apartments,Churchgate Station
3127,LM-023,916,11,Nariman Bhavan,Churchgate Station
3128,LM-023,916,11,Raheja Centre,Churchgate Station
3129,LM-023,916,11,Shreyas CHS,Churchgate Station
3130,LM-023,916,11,Sita Kunj,Churchgate Station
3131,LM-023,916,11,Tulsiani Chambers,Churchgate Station
872,LM-011,924,12,INS Tower,Bharat Diamond Bourse
18,LM-029,929,12,215 Atrium,Andheri Station
19,LM-029,929,12,72 Corp,Andheri Station
20,LM-029,929,12,93 East,Andheri Station
21,LM-029,929,12,93 Palladian,Andheri Station
22,LM-029,929,12,Ackruti Centre Point,Andheri Station
23,LM-029,929,12,Ackruti Trade Centre,Andheri Station
24,LM-029,929,12,Acme Plaza,Andheri Station
25,LM-029,929,12,Acropolis Apartment,Andheri Station
26,LM-029,929,12,Aerocity,Andheri Station
27,LM-029,929,12,Aerovista,Andheri Station
28,LM-029,929,12,Akruti Trade Centre,Andheri Station
29,LM-029,929,12,Alpine Industrial Estate,Andheri Station
30,LM-029,929,12,Amartaru,Andheri Station
31,LM-029,929,12,Arihant Enclave,Andheri Station
32,LM-029,929,12,Arkade Prime,Andheri Station
33,LM-029,929,12,Ascot Centre,Andheri Station
34,LM-029,929,12,Ashok Nagar,Andheri Station
35,LM-029,929,12,Atharv Aaradhyam,Andheri Station
36,LM-029,929,12,Aventa Palazzio,Andheri Station
37,LM-029,929,12,Bajaj Emerald,Andheri Station
38,LM-029,929,12,Bajsons Industrial Estate,Andheri Station
39,LM-029,929,12,Bianca,Andheri Station
40,LM-029,929,12,Bindra Complex,Andheri Station
41,LM-029,929,12,Bindra Orchid,Andheri Station
42,LM-029,929,12,Blue Fortuna,Andheri Station
43,LM-029,929,12,Blue Meadows,Andheri Station
44,LM-029,929,12,Blue Monarch,Andheri Station
45,LM-029,929,12,Brindavan,Andheri Station
46,LM-029,929,12,CNB Square,Andheri Station
47,LM-029,929,12,Callista,Andheri Station
48,LM-029,929,12,Chandak Sarvam,Andheri Station
49,LM-029,929,12,Citi Point,Andheri Station
50,LM-029,929,12,Crescent Business Park,Andheri Station
51,LM-029,929,12,Crescent Landmark,Andheri Station
52,LM-029,929,12,Crescent Solitaire,Andheri Station
53,LM-029,929,12,Crest Oaks,Andheri Station
54,LM-029,929,12,Crystal,Andheri Station
55,LM-029,929,12,Crystal Plaza,Andheri Station
56,LM-029,929,12,DSK Madhuban,Andheri Station
57,LM-029,929,12,DSK Madhukosh,Andheri Station
58,LM-029,929,12,Divya Darpan,Andheri Station
59,LM-029,929,12,Dreamax Height,Andheri Station
60,LM-029,929,12,Dynamix Luma,Andheri Station
61,LM-029,929,12,Dynasty Business Park,Andheri Station
62,LM-029,929,12,Eco Elegance,Andheri Station
63,LM-029,929,12,Eco Park,Andheri Station
64,LM-029,929,12,Eco Residency,Andheri Station
65,LM-029,929,12,Eco Space,Andheri Station
66,LM-029,929,12,Everest Chambers,Andheri Station
67,LM-029,929,12,Floral Deck Plaza,Andheri Station
68,LM-029,929,12,Gayatri Heights,Andheri Station
69,LM-029,929,12,Green Woods,Andheri Station
70,LM-029,929,12,Gundecha Asta,Andheri Station
71,LM-029,929,12,Hill Crest,Andheri Station
72,LM-029,929,12,Horizon Heights,Andheri Station
73,LM-029,929,12,Hub Town Solaris,Andheri Station
74,LM-029,929,12,Hubtown Hillcrest,Andheri Station
75,LM-029,929,12,Hubtown Sunmist,Andheri Station
76,LM-029,929,12,Hyde Park,Andheri Station
77,LM-029,929,12,Joy Valencia,Andheri Station
78,LM-029,929,12,Jyoti Skyline,Andheri Station
79,LM-029,929,12,Kaatyayni Heights,Andheri Station
80,LM-029,929,12,Kaatyayni Residency,Andheri Station
81,LM-029,929,12,Kalpataru Estate,Andheri Station
82,LM-029,929,12,Kalpita Enclave,Andheri Station
83,LM-029,929,12,Kanakia Atrium,Andheri Station
84,LM-029,929,12,Kanakia Rain Forest,Andheri Station
85,LM-029,929,12,Kanakia Sevens,Andheri Station
86,LM-029,929,12,Kanakia Wall Street,Andheri Station
87,LM-029,929,12,Katyani Residency,Andheri Station
88,LM-029,929,12,Krishna Residency,Andheri Station
89,LM-029,929,12,Kushwah Chambers,Andheri Station
90,LM-029,929,12,Lily White,Andheri Station
91,LM-029,929,12,Lodha Acenza,Andheri Station
92,LM-029,929,12,Lodha Eternis,Andheri Station
93,LM-029,929,12,Lodha Supremus,Andheri Station
94,LM-029,929,12,Lok Saritha,Andheri Station
95,LM-029,929,12,Lok Yamuna,Andheri Station
96,LM-029,929,12,Mahindra Vicino,Andheri Station
97,LM-029,929,12,Mahindra Vivante,Andheri Station
98,LM-029,929,12,Meadows,Andheri Station
99,LM-029,929,12,Merushikhar,Andheri Station
100,LM-029,929,12,Mickey Square,Andheri Station
101,LM-029,929,12,Mistry Industrial Complex,Andheri Station
102,LM-029,929,12,Mittal Commercia,Andheri Station
103,LM-029,929,12,Mittal Industrial Estate,Andheri Station
104,LM-029,929,12,Naman Premier,Andheri Station
105,LM-029,929,12,Nicco Residency,Andheri Station
106,LM-029,929,12,Oberoi Garden,Andheri Station
107,LM-029,929,12,Oberoi Maxima,Andheri Station
108,LM-029,929,12,Oberoi Prisma,Andheri Station
109,LM-029,929,12,Oberoi Splendor,Andheri Station
110,LM-029,929,12,Omkar Summit Business Park,Andheri Station
111,LM-029,929,12,Optima,Andheri Station
112,LM-029,929,12,Pallazio,Andheri Station
113,LM-029,929,12,Pearl Heaven,Andheri Station
114,LM-029,929,12,Pinnacle Business Park,Andheri Station
115,LM-029,929,12,Powerweave,Andheri Station
116,LM-029,929,12,Pramukh Plaza,Andheri Station
117,LM-029,929,12,Premier Emperor,Andheri Station
118,LM-029,929,12,Proxima,Andheri Station
119,LM-029,929,12,RNA Heights,Andheri Station
120,LM-029,929,12,Raj Paradise,Andheri Station
121,LM-029,929,12,Rassaz Castle,Andheri Station
122,LM-029,929,12,Raylon Arcade,Andheri Station
123,LM-029,929,12,Riverdale Tower,Andheri Station
124,LM-029,929,12,Romell Orbis,Andheri Station
125,LM-029,929,12,Rooftop,Andheri Station
126,LM-029,929,12,Rustomjee Central Park,Andheri Station
127,LM-029,929,12,Sakar Swapna,Andheri Station
128,LM-029,929,12,Saki Vihar,Andheri Station
129,LM-029,929,12,Sangam Veda,Andheri Station
130,LM-029,929,12,Savannah Avalon,Andheri Station
131,LM-029,929,12,Seagull House,Andheri Station
132,LM-029,929,12,Second Avenue,Andheri Station
133,LM-029,929,12,Serenity Heights,Andheri Station
134,LM-029,929,12,Sheth Vasant Oasis Jolan,Andheri Station
135,LM-029,929,12,Shilpoo Co-Operative Housing Society,Andheri Station
136,LM-029,929,12,Shubham Centre,Andheri Station
137,LM-029,929,12,Silver Arch,Andheri Station
138,LM-029,929,12,Silver Astra,Andheri Station
139,LM-029,929,12,Sneh Sarovar,Andheri Station
140,LM-029,929,12,Solitaire Corporate Park,Andheri Station
141,LM-029,929,12,Sparsh,Andheri Station
142,LM-029,929,12,Srishti Harmony,Andheri Station
143,LM-029,929,12,Star Hub,Andheri Station
144,LM-029,929,12,Steel House,Andheri Station
145,LM-029,929,12,Sudharshan Heights,Andheri Station
146,LM-029,929,12,Sumer Plaza,Andheri Station
147,LM-029,929,12,Sunrise Tower,Andheri Station
148,LM-029,929,12,Sunteck Crest,Andheri Station
149,LM-029,929,12,Swaroop Aditya Avenue,Andheri Station
150,LM-029,929,12,Symphony IT Park,Andheri Station
151,LM-029,929,12,Tex Centre,Andheri Station
152,LM-029,929,12,Kollage,Andheri Station
153,LM-029,929,12,Time Square,Andheri Station
154,LM-029,929,12,Timmy Arcade,Andheri Station
155,LM-029,929,12,Trans Residency,Andheri Station
156,LM-029,929,12,VKG Krishna Residences,Andheri Station
157,LM-029,929,12,VKG Park Estate,Andheri Station
158,LM-029,929,12,Vaidya West World Harmony,Andheri Station
159,LM-029,929,12,Vasant Blossom,Andheri Station
160,LM-029,929,12,Vasant Oasis,Andheri Station
161,LM-029,929,12,Vasant Oasis I,Andheri Station
162,LM-029,929,12,Vasudev Chamber,Andheri Station
163,LM-029,929,12,Veda Sangam Lifespaces,Andheri Station
164,LM-029,929,12,Vedanta,Andheri Station
165,LM-029,929,12,Vijay Nagar,Andheri Station
166,LM-029,929,12,Wadhwa 723 Avenue,Andheri Station
167,LM-029,929,12,Wellington Business Park 1,Andheri Station
168,LM-029,929,12,Xtrium,Andheri Station
2955,LM-028,930,12,Churchgate Chambers,Wankhede Stadium
2956,LM-028,930,12,Dalamal Chambers,Wankhede Stadium
2957,LM-028,930,12,Engineer,Wankhede Stadium
2958,LM-028,930,12,Jolly Bhavan No. 2,Wankhede Stadium
2959,LM-028,930,12,Marine Palace,Wankhede Stadium
2960,LM-028,930,12,One Marina,Wankhede Stadium
2961,LM-028,930,12,Pearl mansion,Wankhede Stadium
2962,LM-028,930,12,Pil Court,Wankhede Stadium
2963,LM-028,930,12,Prestige Ocean,Wankhede Stadium
2964,LM-028,930,12,Rewa Chambers,Wankhede Stadium
2965,LM-028,930,12,Standard House,Wankhede Stadium
1412,LM-053,931,12,66 Avenue,Borivali Station
1413,LM-053,931,12,Acharya Aashram,Borivali Station
1414,LM-053,931,12,Akshaya Residency,Borivali Station
1415,LM-053,931,12,Ananda Residency,Borivali Station
1416,LM-053,931,12,Arihant,Borivali Station
1417,LM-053,931,12,Arkade Crown,Borivali Station
1418,LM-053,931,12,Aura Biplex,Borivali Station
1419,LM-053,931,12,Auriga 9,Borivali Station
1420,LM-053,931,12,Avyukta Vedant,Borivali Station
1421,LM-053,931,12,Bhoomi Pratishta,Borivali Station
1422,LM-053,931,12,Chand Ganga,Borivali Station
1423,LM-053,931,12,Classic Corner,Borivali Station
1424,LM-053,931,12,DLH Kesley,Borivali Station
1425,LM-053,931,12,Dotom Hilton,Borivali Station
1426,LM-053,931,12,Durga Smruti CHS,Borivali Station
1427,LM-053,931,12,Empress,Borivali Station
1428,LM-053,931,12,Express Tower,Borivali Station
1429,LM-053,931,12,Fortune Exotica,Borivali Station
1430,LM-053,931,12,Gaurav Galaxy,Borivali Station
1431,LM-053,931,12,Happy Homes,Borivali Station
1432,LM-053,931,12,Heena,Borivali Station
1433,LM-053,931,12,Kalpataru Advay,Borivali Station
1434,LM-053,931,12,Kamla Lucky,Borivali Station
1435,LM-053,931,12,Kastur Park,Borivali Station
1436,LM-053,931,12,LIC Colony,Borivali Station
1437,LM-053,931,12,Lakshman,Borivali Station
1438,LM-053,931,12,Madhuban,Borivali Station
1439,LM-053,931,12,Ostwal Tower,Borivali Station
1440,LM-053,931,12,Paradigm Anantaara,Borivali Station
1441,LM-053,931,12,Parinee Adney,Borivali Station
1442,LM-053,931,12,Pee Dee Society,Borivali Station
1443,LM-053,931,12,Phoenix,Borivali Station
1444,LM-053,931,12,Puri Tower,Borivali Station
1445,LM-053,931,12,Pushp Vinod Tower,Borivali Station
1446,LM-053,931,12,Rishabraj Aradhana,Borivali Station
1447,LM-053,931,12,Romell Ariana,Borivali Station
1448,LM-053,931,12,Romell Empress,Borivali Station
1449,LM-053,931,12,Romell Serene,Borivali Station
1450,LM-053,931,12,Satra Park,Borivali Station
1451,LM-053,931,12,Sheetal Meghdoot,Borivali Station
1452,LM-053,931,12,Shree Complex,Borivali Station
1453,LM-053,931,12,Shree Gokuldham,Borivali Station
1454,LM-053,931,12,Siddhivinayak Tower,Borivali Station
1455,LM-053,931,12,Techno Park,Borivali Station
1456,LM-053,931,12,West End,Borivali Station
2324,LM-011,935,12,Aditaya Kutir,Bharat Diamond Bourse
2325,LM-011,935,12,Azumi,Bharat Diamond Bourse
2326,LM-011,935,12,Govind Kutir,Bharat Diamond Bourse
2327,LM-011,935,12,Kedarnath apt,Bharat Diamond Bourse
2328,LM-011,935,12,Nivaan,Bharat Diamond Bourse
2329,LM-011,935,12,Rustomjee Paramount,Bharat Diamond Bourse
2330,LM-011,935,12,Shree Shakti,Bharat Diamond Bourse
2331,LM-011,935,12,Solitaire,Bharat Diamond Bourse
2332,LM-011,935,12,Trinity,Bharat Diamond Bourse
2333,LM-011,935,12,Tulsi Apartment,Bharat Diamond Bourse
1748,LM-028,950,12,Ararat,Wankhede Stadium
1749,LM-028,950,12,MDP House,Wankhede Stadium
1750,LM-028,950,12,Rajabahadur Compound,Wankhede Stadium
1751,LM-028,950,12,Soonawala,Wankhede Stadium
13,LM-031,958,12,Link Garden,DN Nagar Metro
14,LM-031,958,12,Moongipa Arcade,DN Nagar Metro
15,LM-031,958,12,Platinum Tower 4,DN Nagar Metro
16,LM-031,958,12,Remi Commercio,DN Nagar Metro
17,LM-031,958,12,Lumiere,DN Nagar Metro
1977,LM-020,960,12,Akruti Aditya,Pedder Road
1978,LM-020,960,12,Darshan Volanzo,Pedder Road
1979,LM-020,960,12,Ghaswala Tower,Pedder Road
1980,LM-020,960,12,Hilla Heights,Pedder Road
1981,LM-020,960,12,Jamasji Apartment,Pedder Road
1982,LM-020,960,12,Navyug Mansion,Pedder Road
1983,LM-020,960,12,Padmavati Heights,Pedder Road
1984,LM-020,960,12,Rubberwala Orion,Pedder Road
1985,LM-020,960,12,Shreepati Arcade,Pedder Road
1986,LM-020,960,12,Siddhesh Jyoti,Pedder Road
1987,LM-020,960,12,Sunkersett Palace,Pedder Road
1988,LM-020,960,12,Primordial House,Pedder Road
1989,LM-020,960,12,Promordial House,Pedder Road
1990,LM-020,960,12,Universal Heights,Pedder Road
2645,LM-039,969,12,Lake Florence,Powai Lake
3107,LM-020,981,12,Aqua Pearl,Pedder Road
3108,LM-020,981,12,Bismillah Castle,Pedder Road
3109,LM-020,981,12,Dudhwala Complex,Pedder Road
3110,LM-020,981,12,KSA Palms,Pedder Road
3111,LM-020,981,12,Nathani Heights,Pedder Road
3112,LM-020,981,12,Navjeevan Society,Pedder Road
3113,LM-020,981,12,Navjivan Society,Pedder Road
3114,LM-020,981,12,Orchid Enclave,Pedder Road
3504,LM-056,988,12,AP Ekam,Santacruz Station
3505,LM-056,988,12,Chitra,Santacruz Station
3506,LM-056,988,12,Shalaka,Santacruz Station
3507,LM-056,988,12,White Lotus,Santacruz Station
840,LM-011,989,12,Aquarius Tower,Bharat Diamond Bourse
841,LM-011,989,12,Bandstand Apartment,Bharat Diamond Bourse
842,LM-011,989,12,Continental Tower,Bharat Diamond Bourse
843,LM-011,989,12,Crystal Plaza,Bharat Diamond Bourse
844,LM-011,989,12,DLH Signature,Bharat Diamond Bourse
845,LM-011,989,12,Dakshin Pali,Bharat Diamond Bourse
846,LM-011,989,12,Deeraj Devika,Bharat Diamond Bourse
847,LM-011,989,12,Dheeraj Swapna,Bharat Diamond Bourse
848,LM-011,989,12,Ekta Everglades,Bharat Diamond Bourse
849,LM-011,989,12,Elisha Apartment,Bharat Diamond Bourse
850,LM-011,989,12,Eternity,Bharat Diamond Bourse
851,LM-011,989,12,Fortune Heights,Bharat Diamond Bourse
852,LM-011,989,12,G Block,Bharat Diamond Bourse
853,LM-011,989,12,Hicon Classes,Bharat Diamond Bourse
854,LM-011,989,12,Hicon Residency,Bharat Diamond Bourse
855,LM-011,989,12,Joanna Villa,Bharat Diamond Bourse
856,LM-011,989,12,Le Reve,Bharat Diamond Bourse
857,LM-011,989,12,Little Hut,Bharat Diamond Bourse
858,LM-011,989,12,Makhija Arcade,Bharat Diamond Bourse
859,LM-011,989,12,Mantri Sujata,Bharat Diamond Bourse
860,LM-011,989,12,Matai Mansion,Bharat Diamond Bourse
861,LM-011,989,12,Notan Chambers,Bharat Diamond Bourse
862,LM-011,989,12,Pacific Heights,Bharat Diamond Bourse
863,LM-011,989,12,Regiland,Bharat Diamond Bourse
864,LM-011,989,12,Roha Orion,Bharat Diamond Bourse
865,LM-011,989,12,Rustomjee Seasons,Bharat Diamond Bourse
866,LM-011,989,12,Sagar Kiran,Bharat Diamond Bourse
867,LM-011,989,12,Sahana Enclave,Bharat Diamond Bourse
868,LM-011,989,12,Satguru Paman,Bharat Diamond Bourse
869,LM-011,989,12,Signature Lakhani,Bharat Diamond Bourse
870,LM-011,989,12,Sumukh,Bharat Diamond Bourse
871,LM-011,989,12,Supreme Residency,Bharat Diamond Bourse
840,LM-010,990,12,Aquarius Tower,Bandra Kurla Complex
841,LM-010,990,12,Bandstand Apartment,Bandra Kurla Complex
842,LM-010,990,12,Continental Tower,Bandra Kurla Complex
843,LM-010,990,12,Crystal Plaza,Bandra Kurla Complex
844,LM-010,990,12,DLH Signature,Bandra Kurla Complex
845,LM-010,990,12,Dakshin Pali,Bandra Kurla Complex
846,LM-010,990,12,Deeraj Devika,Bandra Kurla Complex
847,LM-010,990,12,Dheeraj Swapna,Bandra Kurla Complex
848,LM-010,990,12,Ekta Everglades,Bandra Kurla Complex
849,LM-010,990,12,Elisha Apartment,Bandra Kurla Complex
850,LM-010,990,12,Eternity,Bandra Kurla Complex
851,LM-010,990,12,Fortune Heights,Bandra Kurla Complex
852,LM-010,990,12,G Block,Bandra Kurla Complex
853,LM-010,990,12,Hicon Classes,Bandra Kurla Complex
854,LM-010,990,12,Hicon Residency,Bandra Kurla Complex
855,LM-010,990,12,Joanna Villa,Bandra Kurla Complex
856,LM-010,990,12,Le Reve,Bandra Kurla Complex
857,LM-010,990,12,Little Hut,Bandra Kurla Complex
858,LM-010,990,12,Makhija Arcade,Bandra Kurla Complex
859,LM-010,990,12,Mantri Sujata,Bandra Kurla Complex
860,LM-010,990,12,Matai Mansion,Bandra Kurla Complex
861,LM-010,990,12,Notan Chambers,Bandra Kurla Complex
862,LM-010,990,12,Pacific Heights,Bandra Kurla Complex
863,LM-010,990,12,Regiland,Bandra Kurla Complex
864,LM-010,990,12,Roha Orion,Bandra Kurla Complex
865,LM-010,990,12,Rustomjee Seasons,Bandra Kurla Complex
866,LM-010,990,12,Sagar Kiran,Bandra Kurla Complex
867,LM-010,990,12,Sahana Enclave,Bandra Kurla Complex
868,LM-010,990,12,Satguru Paman,Bandra Kurla Complex
869,LM-010,990,12,Signature Lakhani,Bandra Kurla Complex
870,LM-010,990,12,Sumukh,Bandra Kurla Complex
871,LM-010,990,12,Supreme Residency,Bandra Kurla Complex
840,LM-006,994,12,Aquarius Tower,Hill Road
841,LM-006,994,12,Bandstand Apartment,Hill Road
842,LM-006,994,12,Continental Tower,Hill Road
843,LM-006,994,12,Crystal Plaza,Hill Road
844,LM-006,994,12,DLH Signature,Hill Road
845,LM-006,994,12,Dakshin Pali,Hill Road
846,LM-006,994,12,Deeraj Devika,Hill Road
847,LM-006,994,12,Dheeraj Swapna,Hill Road
848,LM-006,994,12,Ekta Everglades,Hill Road
849,LM-006,994,12,Elisha Apartment,Hill Road
850,LM-006,994,12,Eternity,Hill Road
851,LM-006,994,12,Fortune Heights,Hill Road
852,LM-006,994,12,G Block,Hill Road
853,LM-006,994,12,Hicon Classes,Hill Road
854,LM-006,994,12,Hicon Residency,Hill Road
855,LM-006,994,12,Joanna Villa,Hill Road
856,LM-006,994,12,Le Reve,Hill Road
857,LM-006,994,12,Little Hut,Hill Road
858,LM-006,994,12,Makhija Arcade,Hill Road
859,LM-006,994,12,Mantri Sujata,Hill Road
860,LM-006,994,12,Matai Mansion,Hill Road
861,LM-006,994,12,Notan Chambers,Hill Road
862,LM-006,994,12,Pacific Heights,Hill Road
863,LM-006,994,12,Regiland,Hill Road
864,LM-006,994,12,Roha Orion,Hill Road
865,LM-006,994,12,Rustomjee Seasons,Hill Road
866,LM-006,994,12,Sagar Kiran,Hill Road
867,LM-006,994,12,Sahana Enclave,Hill Road
868,LM-006,994,12,Satguru Paman,Hill Road
869,LM-006,994,12,Signature Lakhani,Hill Road
870,LM-006,994,12,Sumukh,Hill Road
871,LM-006,994,12,Supreme Residency,Hill Road
