building,location
Sigma IT Park,Airoli
Whispering Palm,Airoli
Alt View,Altamount Road
Jupiter,Altamount Road
Jupiter Apartment,Altamount Road
Kalpataru Prive,Altamount Road
Khushnuma Apartment,Altamount Road
Lodha Altamount,Altamount Road
Olympus,Altamount Road
Prabhu Kutir Apartment,Altamount Road
Pushpak,Altamount Road
Rizvi Park,Altamount Road
Venus Apartment,Altamount Road
Link Garden,Andheri
Moongipa Arcade,Andheri
Platinum Tower 4,Andheri
Remi Commercio,Andheri
The Lumiere,Andheri
215 Atrium,Andheri East
72 Corp,Andheri East
93 East,Andheri East
93 Palladian,Andheri East
Ackruti Centre Point,Andheri East
Ackruti Trade Centre,Andheri East
Acme Plaza,Andheri East
Acropolis Apartment,Andheri East
Aerocity,Andheri East
Aerovista,Andheri East
Akruti Trade Centre,Andheri East
Alpine Industrial Estate,Andheri East
Amartaru,Andheri East
Arihant Enclave,Andheri East
Arkade Prime,Andheri East
Ascot Centre,Andheri East
Ashok Nagar,Andheri East
Atharv Aaradhyam,Andheri East
Aventa Palazzio,Andheri East
Bajaj Emerald,Andheri East
Bajsons Industrial Estate,Andheri East
Bianca,Andheri East
Bindra Complex,Andheri East
Bindra Orchid,Andheri East
Blue Fortuna,Andheri East
Blue Meadows,Andheri East
Blue Monarch,Andheri East
Brindavan,Andheri East
CNB Square,Andheri East
Callista,Andheri East
Chandak Sarvam,Andheri East
Citi Point,Andheri East
Crescent Business Park,Andheri East
Crescent Landmark,Andheri East
Crescent Solitaire,Andheri East
Crest Oaks,Andheri East
Crystal,Andheri East
Crystal Plaza,Andheri East
DSK Madhuban,Andheri East
DSK Madhukosh,Andheri East
Divya Darpan,Andheri East
Dreamax Height,Andheri East
Dynamix Luma,Andheri East
Dynasty Business Park,Andheri East
Eco Elegance,Andheri East
Eco Park,Andheri East
Eco Residency,Andheri East
Eco Space,Andheri East
Everest Chambers,Andheri East
Floral Deck Plaza,Andheri East
Gayatri Heights,Andheri East
Green Woods,Andheri East
Greenwoods CHS,Andheri East
Gundecha Asta,Andheri East
Hill Crest,Andheri East
Horizon Heights,Andheri East
Hub Town Solaris,Andheri East
Hubtown Hillcrest,Andheri East
Hubtown Solaris,Andheri East
Hubtown Sunmist,Andheri East
Hyde Park,Andheri East
Joy Valencia,Andheri East
Jyoti Skyline,Andheri East
Kaatyayni Heights,Andheri East
Kaatyayni Residency,Andheri East
Kalpataru Estate,Andheri East
Kalpita Enclave,Andheri East
Kanakia Atrium 215,Andheri East
Kanakia Rain Forest,Andheri East
Kanakia Rainforest,Andheri East
Kanakia Sevens,Andheri East
Kanakia Wall Street,Andheri East
Katyani Residency,Andheri East
Krishna Residency,Andheri East
Kushwah Chambers,Andheri East
Lily White,Andheri East
Lodha Acenza,Andheri East
Lodha Eternis,Andheri East
Lodha Supremus,Andheri East
Lok Saritha,Andheri East
Lok Yamuna,Andheri East
Mahindra Vicino,Andheri East
Mahindra Vivante,Andheri East
Meadows,Andheri East
Merushikhar,Andheri East
Mickey Square,Andheri East
Mistry Industrial Complex,Andheri East
Mittal Commercia,Andheri East
Mittal Industrial Estate,Andheri East
Naman Premier,Andheri East
Nicco Residency,Andheri East
Oberoi Garden,Andheri East
Oberoi Garden Estate,Andheri East
Oberoi Maxima,Andheri East
Oberoi Prisma,Andheri East
Oberoi Splendor,Andheri East
Oberoi Splendor Grande,Andheri East
Omkar Summit Business Park,Andheri East
Optima,Andheri East
Pallazio,Andheri East
Pearl Heaven,Andheri East
Pinnacle Business Park,Andheri East
Powerweave,Andheri East
Pramukh Plaza,Andheri East
Premier Emperor,Andheri East
Proxima,Andheri East
RNA Heights,Andheri East
Raj Paradise,Andheri East
Rassaz Castle,Andheri East
Raylon Arcade,Andheri East
Riverdale Towers,Andheri East
Romell Orbis,Andheri East
Rooftop,Andheri East
Rustomjee Central Park,Andheri East
Sakar Swapna,Andheri East
Saki Vihar,Andheri East
Sangam Veda,Andheri East
Savannah Avalon,Andheri East
Seagull House,Andheri East
Second Avenue,Andheri East
Serenity Heights,Andheri East
Sheth Vasant Oasis Jolan Tower 14,Andheri East
Shilpoo Co-Operative Housing Society,Andheri East
Shubham Centre,Andheri East
Silver Arch,Andheri East
Silver Astra,Andheri East
Sneh Sarovar,Andheri East
Solitaire Corporate Park,Andheri East
Sparsh,Andheri East
Srishti Harmony,Andheri East
Star Hub,Andheri East
Steel House,Andheri East
Sudharshan Heights,Andheri East
Sumer Plaza,Andheri East
Sunrise Tower,Andheri East
Sunteck Crest,Andheri East
Swaroop Aditya Avenue,Andheri East
Symphony IT Park,Andheri East
Tex Centre,Andheri East
The Kollage,Andheri East
Time Square,Andheri East
Times Square,Andheri East
Timmy Arcade,Andheri East
Trans Residency,Andheri East
VKG Krishna Residences,Andheri East
VKG Park Estate,Andheri East
Vaidya West World Harmony,Andheri East
Vasant Blossom,Andheri East
Vasant Oasis,Andheri East
Vasant Oasis I,Andheri East
Vasudev Chamber,Andheri East
Veda Sangam Lifespaces,Andheri East
Vedanta,Andheri East
Vijay Nagar,Andheri East
Wadhwa 723 Avenue,Andheri East
Wellington Business Park 1,Andheri East
Wellington Business Park 2,Andheri East
Xtrium,Andheri East
5th Element,Andheri West
72 West,Andheri West
AR Avenue,Andheri West
ARC Aura,Andheri West
Aakanksha Tower,Andheri West
Aakansha Tower,Andheri West
Aarc Residency,Andheri West
Aashirwad,Andheri West
Aashirwad Building,Andheri West
Aashirwad CHS,Andheri West
Aashiyana,Andheri West
Aashiyana Apt,Andheri West
Abhar CHS,Andheri West
Abhishek,Andheri West
Abhishek Bldg,Andheri West
Accord,Andheri West
Acme Stadium View,Andheri West
Acme Sweet 16,Andheri West
Adani Inspire,Andheri West
Adani Inspire Hub,Andheri West
Adani Western Heights,Andheri West
Aditi,Andheri West
Aditya,Andheri West
Aditya Apartment,Andheri West
Agarwal Golden Chambers,Andheri West
Aishwarya,Andheri West
Ajod One,Andheri West
Akash Deep,Andheri West
Alfa,Andheri West
Alpine Primo - Commercial,Andheri West
Amarnath Tower,Andheri West
Ambika Acropolis,Andheri West
Amit Estate,Andheri West
Amit Kamble,Andheri West
Amrut Smruti,Andheri West
Amrut Tara,Andheri West
Andheri Ekta,Andheri West
Andheri Gulmohur CHS,Andheri West
Andheri Industrial Estate,Andheri West
Andheri Sahkar Co Op HSG SOC LTD,Andheri West
Anisha Apartments,Andheri West
Ankita Building,Andheri West
Antalya,Andheri West
Anuprita Housing Society,Andheri West
Anushka,Andheri West
Apeksha,Andheri West
Apna Ghar,Andheri West
Aradhana,Andheri West
Arena Apartment,Andheri West
Aroma,Andheri West
Arshi Complex,Andheri West
Arshie Complex,Andheri West
Arunodaya,Andheri West
Ashirwad,Andheri West
Ashirwad Apartment,Andheri West
Ashirwad Tower,Andheri West
Ashish Apartment,Andheri West
Ashiyana,Andheri West
Ashiyana CHS,Andheri West
Ashtavinayak CHS,Andheri West
Astavinayak,Andheri West
Aston,Andheri West
Aston Building,Andheri West
Atlantis,Andheri West
Atlantis Apartment,Andheri West
Atlantis Apartments,Andheri West
Atlas Skywalker,Andheri West
Autograph Residency,Andheri West
Awadhoot CHS,Andheri West
Azad Nagar Kedar Darshan CHLS,Andheri West
Basera,Andheri West
Bay View,Andheri West
Bayview,Andheri West
Belscot Tower,Andheri West
Benhur,Andheri West
Benzer Apartment,Andheri West
Beverley Hills,Andheri West
Beverly Hills,Andheri West
Beverly Hills Tower,Andheri West
Bhagtani Elegance,Andheri West
Bharat Ark,Andheri West
Bharat Belmonte,Andheri West
Bharat Sky Vistas,Andheri West
Bhartiya Rakshak,Andheri West
Bhoomi Amogh,Andheri West
Blue Arch Society,Andheri West
Boston Harbor,Andheri West
Breeze,Andheri West
Brighton Towers,Andheri West
Brook Hill Tower,Andheri West
Brookfield,Andheri West
Bunch Berry,Andheri West
Business Point,Andheri West
Business Square,Andheri West
Camron Heights,Andheri West
Capri Heights,Andheri West
Casa Divine,Andheri West
Casa Millennia,Andheri West
Castle Yashodeep Tower,Andheri West
Center Square,Andheri West
Centre Square,Andheri West
Chaitanya Anand,Andheri West
Chandak Unicorn,Andheri West
Chitralekha Haritage,Andheri West
Chitralekha Heritage,Andheri West
Citi Mall,Andheri West
Citizen Apartment,Andheri West
Claridge Apartment,Andheri West
Cliff Tower,Andheri West
Clifton,Andheri West
Clifton Apartment,Andheri West
Commerce Centre,Andheri West
Commercial At Bramhand Near Hiranandani Estate,Andheri West
Cosmic Tower,Andheri West
Cosmopolis,Andheri West
Cosmopolis Tower,Andheri West
Cosmos,Andheri West
Cosmos Plaza,Andheri West
Cosmos Plazza,Andheri West
Cozy Apartment,Andheri West
Creek Crest,Andheri West
Crescent Royal,Andheri West
Crescent Royale,Andheri West
Crest Apartment,Andheri West
Crest Audeus,Andheri West
Crest Mukta,Andheri West
Cross Gate,Andheri West
Crystal Paradise,Andheri West
Crystal Plaza,Andheri West
Crystal Point,Andheri West
DLF WestPark,Andheri West
DLH Darpan,Andheri West
DLH Dream Tower,Andheri West
DLH Enclave,Andheri West
DLH Imur,Andheri West
DLH Junction,Andheri West
DLH Leo,Andheri West
DLH Leo Tower,Andheri West
DLH Mamta,Andheri West
DLH Metro View,Andheri West
DLH Metroview,Andheri West
DLH Orchid,Andheri West
DLH Plaza,Andheri West
DLH Prabhuvandan,Andheri West
DLH Sorrento,Andheri West
DLH Swakrut,Andheri West
DLH Swanlake,Andheri West
DLH Swapnadeep,Andheri West
DLH Vishwa Prakash,Andheri West
Deep Apartment,Andheri West
Deep Chs,Andheri West
Deep Tower,Andheri West
Deep Towers,Andheri West
Deepalika Apartment,Andheri West
Deluxe House,Andheri West
Denzil,Andheri West
Denzil CHS,Andheri West
Dev Leo Tower,Andheri West
Dev Prestige,Andheri West
Dhanashree Heights,Andheri West
Dheeraj Gaurav Heights,Andheri West
Dhoop Chaon,Andheri West
Dhoop Chaon Society,Andheri West
Dilkap Chambers,Andheri West
Divyam Heights,Andheri West
Dream Aspire,Andheri West
Duplex Heights,Andheri West
Durga Chambers,Andheri West
Durolite House,Andheri West
Durva,Andheri West
Eden Woods,Andheri West
Ekta CHS Ltd,Andheri West
Ekta Model Town,Andheri West
El Signora,Andheri West
Elegance,Andheri West
Eleganzia Royale,Andheri West
Embassy,Andheri West
Enchante,Andheri West
Eternia,Andheri West
Everest,Andheri West
Evershine Cosmic,Andheri West
Evershine Embassy,Andheri West
Evershine Green Tower,Andheri West
Evershine Greens,Andheri West
Evershine Park,Andheri West
Eversun CHS,Andheri West
Excellency,Andheri West
Excellency Apartment,Andheri West
Excellency Society,Andheri West
Fair Link Centre,Andheri West
Fairlink Centre,Andheri West
Fiona,Andheri West
Flora Heights,Andheri West
Fortune 59,Andheri West
Fortune Terraces,Andheri West
Ganga Bhavan,Andheri West
Ganga Darshan,Andheri West
Garden Rose,Andheri West
Garden View,Andheri West
Garden View CHS,Andheri West
Gautam Darshan,Andheri West
Gayatri Apartments,Andheri West
Gayatri Enclave,Andheri West
Gazhdar Enclave,Andheri West
Ghanshyam Chambers,Andheri West
Ghanshyam Industrial Estate,Andheri West
Godrej SkyShore,Andheri West
Gokul Panchavati,Andheri West
Gold Crown,Andheri West
Golden Chamber,Andheri West
Golden Chambers,Andheri West
Golden Chariot,Andheri West
Golden Chariot | Lokhandwala,Andheri West
Golden Heights,Andheri West
Golden Rays,Andheri West
Golds Green,Andheri West
Gopi Chamber,Andheri West
Grace Pinnacle,Andheri West
Green Acres,Andheri West
Green Blaze,Andheri West
Green Court,Andheri West
Green Crest,Andheri West
Green Diamond,Andheri West
Green Heights,Andheri West
Green Tower,Andheri West
Green Towers,Andheri West
Green Ville,Andheri West
Grenville,Andheri West
Guinea Paradise,Andheri West
Gulmohar Garden,Andheri West
Gulshan,Andheri West
Gundecha Symphony,Andheri West
Gurnani Palms,Andheri West
Gurukripa Dhyanam,Andheri West
Gurukrupa Dhayanam,Andheri West
Gurukrupa Dhyanam,Andheri West
Gurukrupa Ekam,Andheri West
HDIL Metropolis,Andheri West
Harsha Apartments,Andheri West
Harshvardhan,Andheri West
Heritage CHS,Andheri West
Hibiscus Apt,Andheri West
Highland Park,Andheri West
Holar Samaj Chs,Andheri West
Home Court,Andheri West
Horizon Heights,Andheri West
Horizon View,Andheri West
Hubtown Premier,Andheri West
Hubtown Premiere,Andheri West
Hubtown Premiere Residences,Andheri West
Hubtown The Premiere Residence,Andheri West
Ideal Apartments,Andheri West
Indra Darshan,Andheri West
Indradarshan,Andheri West
Indralok,Andheri West
Indus Society,Andheri West
Infinia Grand,Andheri West
Infinia Grande,Andheri West
Integrated Kavya,Andheri West
J View,Andheri West
JP Eminence,Andheri West
Jai Krishna Complex,Andheri West
Jainam Elysium,Andheri West
Janakdeep Apartment,Andheri West
Janaki Centre,Andheri West
Janki Centre,Andheri West
Jawaharban CHS,Andheri West
Jeevan Kanchan,Andheri West
Jeevan Saathi Apartment,Andheri West
Jiten Chs,Andheri West
Juhu Abhishek,Andheri West
Juhu Darshan,Andheri West
Juhu Gulmohar,Andheri West
Juhu Omkar,Andheri West
Jyoti tower,Andheri West
Kabra Metro One,Andheri West
Kabra Paradise,Andheri West
Kadambari,Andheri West
Kailash Plaza,Andheri West
Kalyan Complex,Andheri West
Kamal Apartment,Andheri West
Kamaldutt,Andheri West
Kamdhenu,Andheri West
Kamla Hub,Andheri West
Kanakia Hollywood,Andheri West
Kanchanganga Building,Andheri West
Kanwal Apartment,Andheri West
Karachi Citizens CHS,Andheri West
Karan Apartment,Andheri West
Kartik Complex,Andheri West
Kaveri CHS,Andheri West
Kedar Darshan,Andheri West
Kedarnath,Andheri West
Kia Park,Andheri West
Kingston Apartment,Andheri West
Kingston Building,Andheri West
Kohinoor 2,Andheri West
Kotia Nirman,Andheri West
Krishna Kaveri,Andheri West
Kshitij,Andheri West
Kuber,Andheri West
La Serena,Andheri West
Landmark,Andheri West
Landmark Building,Andheri West
Lands End,Andheri West
Laram Shopping Centre,Andheri West
Lashkaria Anurag,Andheri West
Lashkaria Empress,Andheri West
Lashkaria Green Heights,Andheri West
Lashkaria Indrasukh,Andheri West
Lashkaria Pearl,Andheri West
Lashkarya Green Heights,Andheri West
Laxmi Business Park,Andheri West
Laxmi Industrial Estate,Andheri West
Laxmi Mall,Andheri West
Laxmi Plaza,Andheri West
Leela Apartment,Andheri West
Leela Sagar,Andheri West
Leela Sagar CHS,Andheri West
Legend,Andheri West
Lennie Apartment,Andheri West
Level The Residences,Andheri West
Lila Apartment,Andheri West
Link Garden Tower,Andheri West
Link Plaza,Andheri West
Linkbay Residences,Andheri West
Lisbon Apartment,Andheri West
Little Master,Andheri West
Located In Industrial Estate,Andheri West
Lodha Cullinan,Andheri West
Lotus Arc One,Andheri West
Lotus Aurus,Andheri West
Lotus Business Park,Andheri West
Lotus Grandeur,Andheri West
Lotus Link Square,Andheri West
Lotus Signature,Andheri West
Lotus Trade Centre,Andheri West
Lotus Unity,Andheri West
Lumiere,Andheri West
Lumiere Tower,Andheri West
Luxmi Business Park,Andheri West
MDM Maestro,Andheri West
MK Gracia,Andheri West
Madhuban Tower,Andheri West
Madhuban Towers,Andheri West
Madhuvan,Andheri West
Madhuvan Tower,Andheri West
Magnum Opus,Andheri West
Magnum Tower,Andheri West
Mahalaxmi Tower,Andheri West
Mahalaxmi Towers,Andheri West
Maharaja Surajmal,Andheri West
Makskap Centre,Andheri West
Mangal Geeta,Andheri West
Manik Moti,Andheri West
Manish Sunflower,Andheri West
Manish Tower,Andheri West
Manju Tower,Andheri West
Manju Towers,Andheri West
Mantri Our Home,Andheri West
Marble Arch,Andheri West
Maruti Business Park,Andheri West
Mary Ellen,Andheri West
Mayfair Akshay,Andheri West
Mayfair Apartments,Andheri West
Mayfair Breeze,Andheri West
Mayfair Gardens,Andheri West
Mayfair Meridian,Andheri West
Mazdock Apartment,Andheri West
Meera,Andheri West
Meera Tower,Andheri West
Meghdoot,Andheri West
Meghdoot Tower,Andheri West
Mesacon Nest,Andheri West
Milap CHS,Andheri West
Millenium Court,Andheri West
Millennium Court,Andheri West
Millennium Court CHS,Andheri West
Millionaire Heritage,Andheri West
Minoo Minar,Andheri West
Mittal Commercial Premises,Andheri West
Mittal Cove,Andheri West
Modi House,Andheri West
Mohid Heights,Andheri West
Mona Apartment,Andheri West
Monika Apartment,Andheri West
Monisha,Andheri West
Monisha Tower,Andheri West
Montreal Tower,Andheri West
Moongipa Arcade,Andheri West
Morya Blue Moon,Andheri West
Morya Classic,Andheri West
Morya Estate,Andheri West
Morya Grand,Andheri West
Morya House,Andheri West
Morya Landmark,Andheri West
Morya Landmark I,Andheri West
Morya Landmark II,Andheri West
Mota Mansion,Andheri West
Movie Tower,Andheri West
NG Eclat,Andheri West
Nalanda,Andheri West
Naman Habitat,Andheri West
Nanak Chambers,Andheri West
Natasha Tower,Andheri West
Neelam Chs,Andheri West
Neelgagan Society,Andheri West
Neelganga Apartment,Andheri West
Neminath Avenue,Andheri West
Neminath Imperia,Andheri West
Neminath Luxeria,Andheri West
Neminath Ocean View,Andheri West
Neptune Apartment,Andheri West
Neptune Apartments,Andheri West
Neptune Chs,Andheri West
New Ambivali CHS,Andheri West
New Chandra,Andheri West
New Chandra CHS,Andheri West
New Heritage,Andheri West
New Link Palace,Andheri West
New Mahada,Andheri West
New Mhada,Andheri West
New Neelam Apartments,Andheri West
New Parijat,Andheri West
Nutan Abhishek,Andheri West
Oakland Park,Andheri West
Oberoi Chambers,Andheri West
Oberoi Sky Garden,Andheri West
Oberoi Sky Heights,Andheri West
Oberoi Skyheights,Andheri West
Oberoi Spring,Andheri West
Oberoi Springs,Andheri West
Oceanic,Andheri West
Olympic Tower,Andheri West
Olympic Towers,Andheri West
Om Apartment,Andheri West
Om Sai,Andheri West
Omkar CHS,Andheri West
Orchid Residences,Andheri West
Orchid Tower,Andheri West
Oxford Tower,Andheri West
Padmaja Apartments,Andheri West
Padmavati Apartment,Andheri West
Palash Tower,Andheri West
Palash Towers,Andheri West
Palm Beach Apartment,Andheri West
Panchmukhi Building,Andheri West
Panchsheel,Andheri West
Panchsheel Apt,Andheri West
Panchsheel Chsl,Andheri West
Panchtantra,Andheri West
Panorama Tower,Andheri West
Paradigm Alaya,Andheri West
Paradigm Antalia,Andheri West
Paradigm Antaliya,Andheri West
Paradigm Antalya,Andheri West
Paradise,Andheri West
Paras Apartment,Andheri West
Parijat CHS,Andheri West
Parinee,Andheri West
Parinee I,Andheri West
Parinee-I,Andheri West
Park Altezza,Andheri West
Park Avenue,Andheri West
Park Plaza,Andheri West
Parthenon,Andheri West
Patliputra,Andheri West
Payal CHS,Andheri West
Pearl Apartment,Andheri West
Pearl Heights,Andheri West
Pearl Residency,Andheri West
Pegasus Tower,Andheri West
Peninsula Park,Andheri West
Peninsula Plaza,Andheri West
Peninsular Park,Andheri West
Platinium Casa Divine,Andheri West
Platinum Casa Divine,Andheri West
Platinum Casa Millenia,Andheri West
Platinum Casa Millennia,Andheri West
Platinum Grandeur,Andheri West
Platinum Heights,Andheri West
Platinum Life,Andheri West
Platinum Park,Andheri West
Platinum Pristine,Andheri West
Platinum Prive,Andheri West
Platinum Tower,Andheri West
Platinum Tower 1,Andheri West
Pooja Shah,Andheri West
Poseidon,Andheri West
Pramukh Heights,Andheri West
Pratik,Andheri West
Prem Sagar,Andheri West
Premium Tower,Andheri West
Prerna,Andheri West
Prim Rose,Andheri West
Prim Rose Tower,Andheri West
Prime Rose,Andheri West
Primrose Tower,Andheri West
Purvi,Andheri West
RNA Arcade,Andheri West
RNA NG Eclat,Andheri West
RNA Springs,Andheri West
Raheja Classic,Andheri West
Raheja Classique,Andheri West
Raheja Classique 3,Andheri West
Raheja Classique 5,Andheri West
Raheja Crest,Andheri West
Raheja Plaza,Andheri West
Raheja Windermere,Andheri West
Raj Classic,Andheri West
Raj Kamal Apartment,Andheri West
Raj Kamal CHS,Andheri West
Raj Mahal,Andheri West
Rajdoot CHS,Andheri West
Rajveer Apartments,Andheri West
Range Heights,Andheri West
Ratna Sindhu CHS,Andheri West
Ratnagar Chs,Andheri West
Ratnakar CHS,Andheri West
Raval Tower,Andheri West
Ravi Kiran CHS,Andheri West
Red Rose,Andheri West
Reliable Business Center,Andheri West
Remi Biz Court,Andheri West
Remi Bizcourt,Andheri West
Remi Commercio,Andheri West
Remi Commerco,Andheri West
Residency CHS,Andheri West
Rich Living,Andheri West
Richa,Andheri West
Richmond CHS,Andheri West
Ridhi Siddhi Vridhi,Andheri West
Rishabh Tower,Andheri West
Riya Palace,Andheri West
Rohit Apartment,Andheri West
Rose Villa,Andheri West
Royal Accord,Andheri West
Royal Classic,Andheri West
Royal Empire,Andheri West
Royal Gate,Andheri West
Royal Heritage,Andheri West
Royal Palace,Andheri West
Royal Plaza,Andheri West
Royal Resort Tower,Andheri West
Royal Sand,Andheri West
Royale Herritage,Andheri West
Rukmini Vaibhav,Andheri West
Rukmini Vaibhav Apartment,Andheri West
Rukmini Vaibhav CHS,Andheri West
Runwal Codename Rare,Andheri West
Runwal Elegante,Andheri West
Runwal Rare,Andheri West
Rushabh Tower,Andheri West
Rushi Tower,Andheri West
Rushi Towers,Andheri West
Rustomjee Elita,Andheri West
Rustomjee Ocean Vista,Andheri West
Saffron Heights,Andheri West
Sagar City Atlantic,Andheri West
Sagar Shrot Building,Andheri West
Sai Apartment,Andheri West
Sai Darshan,Andheri West
Sai Dwar,Andheri West
Sai Iconic,Andheri West
Sai Krishna,Andheri West
Sai Shakti,Andheri West
Samarth,Andheri West
Samarth Angan,Andheri West
Samarth Deep,Andheri West
Samarth Vaibhav,Andheri West
Samartha Aangan,Andheri West
Samartha Aishwarya,Andheri West
Samartha Ashish,Andheri West
Samartha Deep,Andheri West
Samartha Siddhi,Andheri West
Sameer Apartment,Andheri West
Samir Apartment,Andheri West
Sandeep Sarovar,Andheri West
Sangeeta Apartment,Andheri West
Sani Park,Andheri West
Sanjeev Enclave,Andheri West
Santosh Towers,Andheri West
Sapna Residency,Andheri West
Saranga Tower,Andheri West
Satra Nexus,Andheri West
Satyadev Plaza,Andheri West
Saujanya Rachanaa,Andheri West
Saujanya Rachnaa,Andheri West
Savera,Andheri West
Savgan Heights,Andheri West
Sea Bird Building,Andheri West
Sea Breeze,Andheri West
Sea Castle Apartments,Andheri West
Sea Shell,Andheri West
Seema Society,Andheri West
Serenity Complex,Andheri West
Serenity Tower,Andheri West
Shalimar Morya Park,Andheri West
Shangrila Apartment,Andheri West
Shankardham,Andheri West
Shanti Towers,Andheri West
Shantivan CHS,Andheri West
Shatdal Society,Andheri West
Sheffield Tower,Andheri West
Shefield Tower,Andheri West
Sheil Tower,Andheri West
Shikhar Tower,Andheri West
Shishira Tower,Andheri West
Shiv Parvati,Andheri West
Shiv Parwati,Andheri West
Shiv Sagar,Andheri West
Shiv Shakti,Andheri West
Shiv Shivam Towers,Andheri West
Shree CHS,Andheri West
Shreedham Splendour,Andheri West
Shreeji Paradise,Andheri West
Shri Krishna,Andheri West
Shubham,Andheri West
Shubham Co-op Society,Andheri West
Shubham Karoti CHS,Andheri West
Siddhant,Andheri West
Signature,Andheri West
Signature BY Peridot,Andheri West
Silver Anklet Apartments,Andheri West
Silver Arch,Andheri West
Silver Arch A,Andheri West
Silver Nest,Andheri West
Silver Oak,Andheri West
Silver Sand,Andheri West
Silver Sands,Andheri West
Silver Spring,Andheri West
Sky Anchorage,Andheri West
Skylark,Andheri West
Skypan,Andheri West
Skyvistas,Andheri West
Sneha Building,Andheri West
Sorrento,Andheri West
Springfield CHS,Andheri West
Stadium View,Andheri West
Stanford Plaza,Andheri West
Status Chs,Andheri West
Sterling,Andheri West
Sterling Apartment,Andheri West
Sterling Tower,Andheri West
Suman,Andheri West
Suman Tower,Andheri West
Sumeru,Andheri West
Sumukh Heights,Andheri West
Sun Swept,Andheri West
Sunbeam Heights,Andheri West
Sunil Niwas,Andheri West
Sunil Niwas Tower,Andheri West
Sunny Side,Andheri West
Sunrise Apartments,Andheri West
Sunteck Gilbird,Andheri West
Sunteck Grandeur,Andheri West
Sunvin Apartment,Andheri West
Supreme 19,Andheri West
Supreme Chambers,Andheri West
Surabhi,Andheri West
Suresh Smruti,Andheri West
Suvidha Square,Andheri West
Suyog Darshan,Andheri West
Swapnadeep,Andheri West
Sweet Home,Andheri West
Sweet Homes,Andheri West
Swiz Heights,Andheri West
Talati Terrace,Andheri West
Tarang CHS,Andheri West
Tarapore Garden,Andheri West
Tarapur Garden,Andheri West
Tathastu,Andheri West
The Gateway,Andheri West
The Level Residence,Andheri West
The Lumiere,Andheri West
The Nest,Andheri West
The Park,Andheri West
The Park Residency,Andheri West
The Platinum,Andheri West
The Spring Fields,Andheri West
Time Chambers,Andheri West
Tranquill Treat,Andheri West
Trans Avenue,Andheri West
Transcon Triumph,Andheri West
Transcon Triumph - Tower 1,Andheri West
Transcon Triumph - Tower 4,Andheri West
Trishna,Andheri West
Trishul,Andheri West
Tulip CHS,Andheri West
Twin Tower,Andheri West
UK Arunodaya,Andheri West
UK Sangfroid,Andheri West
UK Sungfroid,Andheri West
Umang Heights,Andheri West
VIP Plaza,Andheri West
Vaibhav Palace,Andheri West
Valencia,Andheri West
Vandana,Andheri West
Vardhman Grandeur,Andheri West
Vasant Prakash,Andheri West
Vastu Precint,Andheri West
Vastu Prestige,Andheri West
Veena Crest,Andheri West
Venus,Andheri West
Venus Apartment,Andheri West
Versova Gurudrishti,Andheri West
Versova Heaven,Andheri West
Versova Heavens,Andheri West
Versova Heights,Andheri West
Versova Kiran,Andheri West
Versova Mangela CHS,Andheri West
Versova View,Andheri West
Very Nice Open,Andheri West
Vicino,Andheri West
Victoria Apartments,Andheri West
Victoria CHSL,Andheri West
Vighnaharta,Andheri West
Vinit Tower,Andheri West
Vinit Towers,Andheri West
Viral Apartment,Andheri West
Vithal Kunj,Andheri West
Vitthal Darshan,Andheri West
Vraj One,Andheri West
Vraj Residency,Andheri West
Wallfort Tower,Andheri West
Wellington,Andheri West
Wembley,Andheri West
West wind,Andheri West
Westin Joanita,Andheri West
Westwood,Andheri West
Wind Space Amelio,Andheri West
Windermere,Andheri West
Windsor Grande Residence,Andheri West
Windsor Grande Residences,Andheri West
Windspace Amelio,Andheri West
Winspace Amelio,Andheri West
Wood Rose,Andheri West
Woodland,Andheri West
Woodland Apartment,Andheri West
Woodland CHS,Andheri West
Woodland CHSL,Andheri West
Woodrow,Andheri West
Woodstock,Andheri West
X Cube,Andheri West
Yamuna Nagar Welfare Society,Andheri West
Yashodhan Apartment,Andheri West
ZA Tower,Andheri West
Zee Manubharti,Andheri West
DLH Imur,Azad Nagar
Jiten,Azad Nagar
Adani Inspire,BKC
INS Tower,BKC
Jagat Vidya,BKC
Kalpataru Magnus,BKC
Kanakia Paris,BKC
Laxmi Tower,BKC
Madhava,BKC
Naman Centre,BKC
Omkar Meridia,BKC
Omkar Vive,BKC
One BKC,BKC
Pinnacle Corporate Park,BKC
Rachana CHS,BKC
Rustomjee Season Annexe,BKC
Rustomjee Seasons,BKC
Serendipity,BKC
Sunteck Signature Island,BKC
The Capital,BKC
The Metropolitan,BKC
Trade Center,BKC
Revika Apartment,Babulnath
Aquarius Tower,Bandra
Bandstand Apt,Bandra
Continental Tower,Bandra
Continental Towers,Bandra
Crystal Plaza,Bandra
DLH Signature,Bandra
Dakshin Pali,Bandra
Deeraj Devika,Bandra
Dheeraj Swapna,Bandra
Ekta Everglades,Bandra
Ektaa Everglades,Bandra
Elisha Apartment,Bandra
Eternity,Bandra
Fortune Heights,Bandra
G Block,Bandra
Hicon Classes,Bandra
Hicon Residency,Bandra
Joanna Villa,Bandra
Le Reve,Bandra
Little Hut,Bandra
Makhija Arcade,Bandra
Mantri Sujata,Bandra
Matai Mansion,Bandra
Notan Chambers,Bandra
Pacific Heights,Bandra
Regiland,Bandra
Roha Orion,Bandra
Rustomjee Seasons,Bandra
Sagar Kiran,Bandra
Sahana Enclave,Bandra
Satguru Paman,Bandra
Signature Lakhani,Bandra
Sumukh,Bandra
Supreme Residency,Bandra
INS Tower,Bandra BKC
12 Pegasus,Bandra East
Address 51,Bandra East
Agami Eternity,Bandra East
Agami Legend,Bandra East
Antariksh,Bandra East
Antariksh Ace,Bandra East
Arista,Bandra East
Arista Prime,Bandra East
Azzure,Bandra East
BKC 28,Bandra East
Bandra North,Bandra East
Buena Vista,Bandra East
Fifty One East,Bandra East
Geetanjali Apts,Bandra East
Geetanjali CHS,Bandra East
Gurukrupa Nirmalam,Bandra East
Hallmark Business Plaza,Bandra East
Hubtown Sunstone,Bandra East
Jade Gardens,Bandra East
Jagat Vidya,Bandra East
Kalpataru Magnus,Bandra East
Kalpataru Sparkle,Bandra East
Kanakia Paris,Bandra East
Keshava,Bandra East
Mitra Parivaar,Bandra East
Monarch,Bandra East
Naman Residency,Bandra East
Nyay Sagar,Bandra East
Parinee Crescenzo,Bandra East
Pinnacle Corporate Park,Bandra East
RNA Azzure,Bandra East
Ramaa Krishna,Bandra East
Rustomjee Cleon,Bandra East
Rustomjee Erika,Bandra East
Rustomjee Oriana,Bandra East
Rustomjee Prive,Bandra East
Rustomjee Seasons,Bandra East
Rustomjee Seasons - Wing D,Bandra East
Rustomjee Stella,Bandra East
Sangam Nero,Bandra East
Serendipity,Bandra East
Sethia Grandeur,Bandra East
Shakti Sadan,Bandra East
Shapoorji Pallonji,Bandra East
Shapoorji Pallonji BKC 28,Bandra East
Signature Island,Bandra East
Signia Isles,Bandra East
Signia Pearl,Bandra East
Sunteck Pearl,Bandra East
The Address By GS,Bandra East
Trade Centre,Bandra East
Vaibhav Chambers,Bandra East
Vaibhav Chember,Bandra East
Vaibhavlaxmi,Bandra East
Vaibhavlaxmi Address51,Bandra East
Wahedna Apartment,Bandra East
X BKC,Bandra East
30 Union Park,Bandra West
81 Aureate,Bandra West
ALJ Residency,Bandra West
AVD Residencia,Bandra West
Aashiyana,Bandra West
Aashna Apartments,Bandra West
Allied,Bandra West
Almeida Park,Bandra West
Amin Alturas,Bandra West
Amrit,Bandra West
Anand Sagar,Bandra West
Ananta,Bandra West
Anchorage,Bandra West
Apsara,Bandra West
Aquarius Towers,Bandra West
Ashiana Building,Bandra West
Ashiana Glaxo,Bandra West
Ashtavinayak,Bandra West
Asiya Manor,Bandra West
Avalon,Bandra West
Avisa,Bandra West
BKC 28,Bandra West
Bajaj Diamond,Bandra West
Bajaj Onyx,Bandra West
Bajaj Onyx Apt,Bandra West
Balmoral Hall,Bandra West
Bandra Breeze,Bandra West
Bandra Olympic,Bandra West
Bandstand,Bandra West
Bandstand Apartment,Bandra West
Basheera Residency,Bandra West
Bay View,Bandra West
Beach View,Bandra West
Beaupride,Bandra West
Belfer,Bandra West
Belfer Apt,Bandra West
Bella Rose,Bandra West
Bella Vista,Bandra West
Benezet,Bandra West
Bhagtani Amber,Bandra West
Bhagtani Apartment,Bandra West
Bindiya,Bandra West
Blue Bird,Bandra West
Blue Moon Apartment,Bandra West
Blue Rose,Bandra West
Bonny Casa,Bandra West
Brand New Apartment,Bandra West
Breezy Heights,Bandra West
Bright Land,Bandra West
Buena Vista,Bandra West
Bunglow,Bandra West
Cannon,Bandra West
Cannon Bldg,Bandra West
Capri Heights,Bandra West
Captain Villa,Bandra West
Carlton Court,Bandra West
Casa de Rosa,Bandra West
Cassias,Bandra West
Cenced,Bandra West
Chand Terraces,Bandra West
Char Dham,Bandra West
Chardham,Bandra West
Church View,Bandra West
Citizen Apartment,Bandra West
Classic Corner,Bandra West
Clefepete,Bandra West
Concrete Heritage,Bandra West
Continental,Bandra West
Continental Tower,Bandra West
Continental Towers,Bandra West
Convent View,Bandra West
Coral,Bandra West
Corner View,Bandra West
Cosmopolitan,Bandra West
Cozy Home,Bandra West
Crescent,Bandra West
Crown Palace,Bandra West
DLH Signature,Bandra West
Dakshin Pali,Bandra West
Dandelion,Bandra West
Dango House,Bandra West
Dattani Palace,Bandra West
Deccan Court,Bandra West
Deepak Silverene,Bandra West
Deepali,Bandra West
Deepika,Bandra West
Deepika Apt,Bandra West
Devansh Villa,Bandra West
Dharamjyot,Bandra West
Dheeraj Aashna,Bandra West
Dheeraj Arcade,Bandra West
Dheeraj Devika,Bandra West
Dheeraj Devika Apt,Bandra West
Dheeraj Dhan,Bandra West
Dheeraj Plaza,Bandra West
Dheeraj Sapna,Bandra West
Dheeraj Sneh,Bandra West
Dheeraj Swapna,Bandra West
Dhiraj Devika,Bandra West
Diamond Palace,Bandra West
Dinaco Kiran,Bandra West
Dom Lucia,Bandra West
Duarte Haven,Bandra West
Dunhill,Bandra West
Dunhill Apartment,Bandra West
Ebenezer,Bandra West
Ebony,Bandra West
Ekta Elite,Bandra West
Ekta Everglades,Bandra West
Ekta World WestBay,Bandra West
Elcid Apartment,Bandra West
Elco Arcade,Bandra West
Elco Residency,Bandra West
Elfreda,Bandra West
Elron Garden,Bandra West
Emerald CHS,Bandra West
Emily,Bandra West
Erlyn,Bandra West
Esperanza,Bandra West
Estrella,Bandra West
Eternity,Bandra West
Evergreen,Bandra West
Evergreen Turner,Bandra West
Excella Apartment,Bandra West
Fatima Villa,Bandra West
Felicia,Bandra West
Flushel Apartment,Bandra West
Fortune Crown,Bandra West
Fortune Heritage,Bandra West
Francdel,Bandra West
Francesca,Bandra West
Gasper Enclave,Bandra West
Georgina Apartment,Bandra West
Gilder Villa,Bandra West
Gods Gift,Bandra West
Golden Palace,Bandra West
Golden Rock,Bandra West
Gopal Mansion,Bandra West
Grace Heritage,Bandra West
Grace Residency,Bandra West
Grand Bay,Bandra West
Grand Bella Vista,Bandra West
Grand Paradise,Bandra West
Guldev Sagar,Bandra West
Gulmohar,Bandra West
Gurudev Bhavan,Bandra West
Gurukrupa Marque,Bandra West
H and M Tower,Bandra West
H&M Tower,Bandra West
Happy Home,Bandra West
Hardik Villa,Bandra West
Harmony,Bandra West
Heritage,Bandra West
Hicon Residency,Bandra West
Hicons Residency,Bandra West
Highland,Bandra West
Hill Post,Bandra West
Hill Road Society,Bandra West
Hill Top,Bandra West
Hill View,Bandra West
Hill View Bldg,Bandra West
Hillary Apartments,Bandra West
Hilton Apartment,Bandra West
Hiranandani Bay Heights,Bandra West
Honeycomb,Bandra West
Ideal Manohar,Bandra West
Ideal Manohar Chs Ltd,Bandra West
Identity,Bandra West
Imperial Heights,Bandra West
Island Heights CHSL,Bandra West
Jackers,Bandra West
Jeevan,Bandra West
Jercelle,Bandra West
Jewel Milan,Bandra West
Joanna Villa,Bandra West
Jolly Friends,Bandra West
Jolly Highrise,Bandra West
Josephine,Bandra West
Josephine CHS,Bandra West
Joy Apartment,Bandra West
Joy Legend,Bandra West
Joy Palace,Bandra West
June Blossom,Bandra West
June Blossoms,Bandra West
K L Astoria,Bandra West
Kailash Enclave,Bandra West
Kakad Apartment,Bandra West
Kakad Bhavan,Bandra West
Kakad Heights,Bandra West
Kakad Imperial,Bandra West
Kalash,Bandra West
Kalpak Height,Bandra West
Kalpak Optimus,Bandra West
Kalpana,Bandra West
Kalpataru Nakshatra,Bandra West
Kamal Pushpa,Bandra West
Kanchan,Bandra West
Kankia Paris,Bandra West
Kanti Apartment,Bandra West
Kiara Apartment,Bandra West
Kishan Abode,Bandra West
Kismat,Bandra West
Konark Classic,Bandra West
Kripa Allure,Bandra West
Kripa Vue,Bandra West
Krishna Kutir,Bandra West
LA Fleur,Bandra West
La Roche,Bandra West
Labbaik House,Bandra West
Ladhani Legacy,Bandra West
Lake View,Bandra West
Lakhani Signature,Bandra West
Lalani Aura,Bandra West
Lamours,Bandra West
Land Breeze,Bandra West
Laxmi Chs,Bandra West
Le Reve,Bandra West
Legacy,Bandra West
Legend,Bandra West
Libra Tower,Bandra West
Lilian Heights,Bandra West
Lily Apartment,Bandra West
Link Side,Bandra West
Little Flower,Bandra West
Lou Paul,Bandra West
Lubina,Bandra West
M. B Tower,Bandra West
Makhija Arcade,Bandra West
Makhija Chambers,Bandra West
Man Dune,Bandra West
Man Dunes,Bandra West
Mangal Darshan,Bandra West
Mangal Kunj,Bandra West
Manju Mahal,Bandra West
Manthan Embassy,Bandra West
Maqba Heights,Bandra West
Marble Arch,Bandra West
Maria bunglow,Bandra West
Marian House,Bandra West
Marina,Bandra West
Marina Apartment,Bandra West
Marinette,Bandra West
Matai Mansion,Bandra West
Mayfair Muse,Bandra West
Mayfair Serene,Bandra West
Mayqueen,Bandra West
Metropolitan,Bandra West
Mohini Castle,Bandra West
Mon Desire,Bandra West
Mon Repos,Bandra West
Mona Lisa,Bandra West
Monalisa,Bandra West
Moon Craft,Bandra West
Mooring,Bandra West
Morning Star,Bandra West
Moru Mahal,Bandra West
Morya Regency,Bandra West
Moti Mahal,Bandra West
Moti Mahal Apex,Bandra West
Mount Mary Apartment,Bandra West
Mukut,Bandra West
Narang Mantion,Bandra West
Nav Palmyra,Bandra West
Nav Sonarbala,Bandra West
Navratan,Bandra West
Navroze,Bandra West
Nectar,Bandra West
Neelam,Bandra West
Neelam Apartment,Bandra West
Neelamber,Bandra West
Neelamber Apt,Bandra West
New Apsara,Bandra West
New Garden View,Bandra West
New Imperial Plaza,Bandra West
New Jaldarshan,Bandra West
New Milan,Bandra West
New Silver Home,Bandra West
New Stock Alert,Bandra West
Next Avenue,Bandra West
Nibbana,Bandra West
Nibbana Annex,Bandra West
Nibbana Annexe,Bandra West
Nikita Enclave,Bandra West
Nirvana Apartment,Bandra West
Notan Casa,Bandra West
Notan Chambers,Bandra West
Notan Heights,Bandra West
Nutan Nagar Society,Bandra West
Om Palace,Bandra West
Orchard Palace,Bandra West
Orizzonte,Bandra West
Orva,Bandra West
Orva Apt,Bandra West
Oxford,Bandra West
Pacific Heights,Bandra West
Palacio,Bandra West
Pali Hill Apartment,Bandra West
Pali Hill Niketan,Bandra West
Pali Palms,Bandra West
Palmera,Bandra West
Panchratan,Bandra West
Panju Mahal,Bandra West
Parijat,Bandra West
Park Reach,Bandra West
Passion Flower,Bandra West
Peridot Apt,Bandra West
Pinnacle Gold,Bandra West
Platinum,Bandra West
Pleasant Park,Bandra West
Pooja,Bandra West
Prem Ghar,Bandra West
Prem Mayurasan,Bandra West
Prem Milan,Bandra West
Presidential,Bandra West
Prisca,Bandra West
Puja,Bandra West
Pushpa Vihar,Bandra West
Queen,Bandra West
Queens Apartment,Bandra West
Qureshi Heights,Bandra West
Raheja Avisa,Bandra West
Raheja Bay,Bandra West
Raheja Sunkist,Bandra West
Rang Mahal,Bandra West
Ratnagiri Apartment,Bandra West
Ravi Darshan,Bandra West
Regiland,Bandra West
Reminess,Bandra West
Rendezvous,Bandra West
Residency,Bandra West
Richoux,Bandra West
Rizvi Chambers,Bandra West
Rizvi Mahal,Bandra West
Rocky Hill,Bandra West
Royal Crest,Bandra West
Rustomjee Orva,Bandra West
Rustomjee Orva Residency,Bandra West
Rustomjee Parishram,Bandra West
Saba Heritage,Bandra West
Sabian,Bandra West
Sagar Apartments,Bandra West
Sagar Fortune,Bandra West
Sagar Resham,Bandra West
Sagar Sangam,Bandra West
Sahana Enclave,Bandra West
Samarpan,Bandra West
Samrat,Bandra West
Samrat CHS,Bandra West
Sandhu Palace,Bandra West
Saquib,Bandra West
Sarita,Bandra West
Sarita Apartments,Bandra West
Satguru Paman,Bandra West
Satguru Rendezvous,Bandra West
Satguru Sharan,Bandra West
Satguru Shlok,Bandra West
Satguru Shristi,Bandra West
Satnam,Bandra West
Savijay,Bandra West
Savita Chhaya,Bandra West
Sayba Emerald,Bandra West
Sea Beach View,Bandra West
Sea Bird,Bandra West
Sea Breeze,Bandra West
Seema Apartments,Bandra West
Seep Building,Bandra West
Seeta Geeta,Bandra West
Shadaab Tower,Bandra West
Shale Rock,Bandra West
Shamiana Apartments,Bandra West
Shams Palace,Bandra West
Shangrila,Bandra West
Shangrila Apt,Bandra West
Shanti Sadan,Bandra West
Sharan,Bandra West
Shehnaz,Bandra West
Sherly Queen,Bandra West
Shiv Asthan Heights Apartment,Bandra West
Shiv Darshan,Bandra West
Shree Prasad House,Bandra West
Silver Cascade,Bandra West
Silver Palace,Bandra West
Silver Rock,Bandra West
Silverene Apartments,Bandra West
Simar Tara,Bandra West
Singer Wood,Bandra West
Singers Wood,Bandra West
Skylark,Bandra West
Skyper Tower,Bandra West
Snehal Apartments,Bandra West
Solitaire,Bandra West
Solitaire Apartments,Bandra West
Solomon Apartment,Bandra West
Somerset Apartments,Bandra West
Sona Villa,Bandra West
Sony Apartments,Bandra West
Soona Villa,Bandra West
Spencer,Bandra West
Square Mall,Bandra West
Steesha,Bandra West
Sterling Diamond,Bandra West
Stone Arch,Bandra West
Suman,Bandra West
Summer Queen,Bandra West
Summer Ville,Bandra West
Sunbeam Apartment,Bandra West
Sunita,Bandra West
Sunkist,Bandra West
Sunny Side,Bandra West
Sunny Side APT,Bandra West
Sunset heights,Bandra West
Supreme Headquarters,Bandra West
Supreme Residency,Bandra West
Sweet Home,Bandra West
The Chitrapur CHS,Bandra West
The Jackers,Bandra West
The Moorings,Bandra West
The One,Bandra West
The Presidential,Bandra West
The Waterfront,Bandra West
Therese,Bandra West
Therese Ville Dawn,Bandra West
Tribeca,Bandra West
Tulip,Bandra West
Turner House,Bandra West
Tuscany Apt,Bandra West
Two Roses,Bandra West
Union Park Ideal,Bandra West
Uttam Niwas,Bandra West
Vaikunth,Bandra West
Varde Villa,Bandra West
Varun,Bandra West
Vasukamal,Bandra West
Vasvani 36 AB,Bandra West
Victoria House,Bandra West
Videocon Icon,Bandra West
Videocon Sumukh,Bandra West
Villa Rosa,Bandra West
Vinayak Heights,Bandra West
Vintage Pearl,Bandra West
Vrindavan,Bandra West
Waheeda,Bandra West
Warden,Bandra West
Warden Bldg,Bandra West
Waroda Apartments,Bandra West
Water Queen,Bandra West
West Bay Apartments,Bandra West
West Coast Apartment,Bandra West
West Side,Bandra West
Whispering Heights,Bandra West
White Rose,Bandra West
Willadel,Bandra West
Willow Shades,Bandra West
Windermere,Bandra West
Wits End,Bandra West
Woodland Heights,Bandra West
Yasmin Villa,Bandra West
Zeba Corner,Bandra West
Zest,Bandra West
Antalya,Belapur
Green Views,Belapur
K K Tower,Belapur
Sky Lark,Belapur
Tower - 1,Belapur
V Times Square,Belapur
Arihant,Bhandup
Celestial,Bhandup
Dreams,Bhandup
Filix Towers,Bhandup
Hicons Harmony,Bhandup
Kalpataru Crest,Bhandup
Kukreja Complex,Bhandup
Mahavir Imperial Co-operative Housing Society,Bhandup
Mahavir Universe,Bhandup
Mahindra Splendour,Bhandup
Majestic Tower,Bhandup
Mayuresh Srishti,Bhandup
Mayuresh Srishti Park,Bhandup
Neptune Living Point,Bhandup
Primo,Bhandup
Shraddha Evoque,Bhandup
Srishti Oasis,Bhandup
Mahavir Universe,Bhandup West
Marathon Neo Hills,Bhandup West
Runwal Forest,Bhandup West
Rustomjee Bella,Bhandup West
Shraddha Evoque,Bhandup West
Anand Regency,Bhayandar
Indraprasth,Bhayandar
Kanakia Beverly Heights,Bhayandar
Ramdev Paradise,Bhayandar
Akar Pinnacle,Borivali East
Ambrosia Tower,Borivali East
"Ashar Bellezza, Wagle Estate",Borivali East
Avon Majesty,Borivali East
Chandak Nischay,Borivali East
Clarion,Borivali East
Country Park,Borivali East
DGS Sheetal Regalia,Borivali East
Dheeraj Upvan,Borivali East
Ekta Bhoomi Garden,Borivali East
Ekta Bhoomi Garden III,Borivali East
Ekta Bhoomi Gardens,Borivali East
Esspee Tower,Borivali East
Hill View Tower,Borivali East
Jaliyan Height,Borivali East
Jaliyan Heights,Borivali East
Kanakia Samarpan Exotica,Borivali East
Kaustubh Platinum,Borivali East
Laxmi Narayan Mansion,Borivali East
Oberai Sky City,Borivali East
Oberoi Sky City,Borivali East
Omkareshwar,Borivali East
Parijat Hill View,Borivali East
Pinnacle,Borivali East
Radha Govind,Borivali East
Radha Krishna,Borivali East
Raj Hills,Borivali East
Rivali Park,Borivali East
Rivali Park D,Borivali East
Rivali Park F,Borivali East
Romell Allure,Borivali East
Rustomjee Pinnacle,Borivali East
Rustomjee Summit,Borivali East
Samarpan Exotica,Borivali East
Sanghvi Solitaire,Borivali East
Shivoham Enclave,Borivali East
Shree Krishna Complex,Borivali East
Siddhivinayak,Borivali East
Signia High,Borivali East
Sun and Moon,Borivali East
TeenMurty Summit,Borivali East
The Grand Residences,Borivali East
Western Edge 1,Borivali East
Western Edge 2,Borivali East
66 Avenue,Borivali West
Acharya Aashram,Borivali West
Akshaya Residency,Borivali West
Ananda Residency,Borivali West
Arihant Building,Borivali West
Arkade Crown,Borivali West
Aura Biplex,Borivali West
Auriga 9,Borivali West
Avyukta Vedant,Borivali West
Bhoomi Pratishta,Borivali West
Chand Ganga,Borivali West
Classic Corner,Borivali West
DLH Kesley,Borivali West
Dotom Hilton,Borivali West
Durga Smruti CHS,Borivali West
Empress,Borivali West
Express Tower,Borivali West
Fortune Exotica,Borivali West
Gaurav Galaxy,Borivali West
Happy Homes,Borivali West
Heena,Borivali West
Kalpataru Advay,Borivali West
Kamla Lucky,Borivali West
Kastur Park,Borivali West
Kasturpark,Borivali West
LIC Colony,Borivali West
Lakshman,Borivali West
Madhuban,Borivali West
Ostwal Tower,Borivali West
Paradigm Anantaara,Borivali West
Parinee Adney,Borivali West
Pee Dee Society,Borivali West
Phoenix,Borivali West
Puri Tower,Borivali West
Pushp Vinod Tower,Borivali West
Rishabraj Aradhana,Borivali West
Romell Ariana,Borivali West
Romell Empress,Borivali West
Romell Serene,Borivali West
Satra Park,Borivali West
Sheetal Meghdoot,Borivali West
Shree Complex,Borivali West
Shree Gokuldham,Borivali West
Siddhivinayak Tower,Borivali West
Techno Park,Borivali West
West End,Borivali West
Akash Ganga,Breach Candy
Apartment FOR L&L,Breach Candy
Aqua Marine,Breach Candy
Belle View,Breach Candy
Breach Candy 1.5,Breach Candy
Breach Candy Apartment,Breach Candy
Breach Candy Gardens,Breach Candy
Breach Candy House,Breach Candy
Coolshanagh,Breach Candy
Firpos,Breach Candy
Geeta Bhavan,Breach Candy
Gold Cornet,Breach Candy
Goolestan,Breach Candy
Kala Niketan,Breach Candy
Kalaniketan,Breach Candy
Laxmi Mahal,Breach Candy
Mazda Apartment,Breach Candy
Mohan House,Breach Candy
Munira Gandhi,Breach Candy
Nanik Niwas,Breach Candy
Ocean Crest,Breach Candy
Ocean View Annexe,Breach Candy
Oceanic,Breach Candy
Palacimo,Breach Candy
Peacock Palace Apartment,Breach Candy
Petit Tower,Breach Candy
Prabhat,Breach Candy
Pushpa Milan,Breach Candy
Rasik Niwas At Girgaon Chowpatty,Breach Candy
Sagar Darshan,Breach Candy
Sagar Tarang,Breach Candy
Sangeet Sarita,Breach Candy
Sarnath,Breach Candy
Shankar Sagar,Breach Candy
Shanker Sagar,Breach Candy
Shyam Niwas,Breach Candy
Skyscraper,Breach Candy
Somerset House,Breach Candy
Sputnik,Breach Candy
Sunshine Apartment,Breach Candy
Sunshine Apt,Breach Candy
Suraj Millenium,Breach Candy
Tirupati Apartment,Breach Candy
Waves,Breach Candy
Ajay Apartment,Byculla
Batul House,Byculla
Fortune Tower,Byculla
Monte South,Byculla
Monte South Tower 2,Byculla
Nakoda Heights,Byculla
Peninsula Salsette 27,Byculla
Piramal Aarav,Byculla
Piramal Aranya,Byculla
Piramal Aranya Ahan,Byculla
Piramal Aranya Arav,Byculla
Piramal Aranya Avyan,Byculla
Piramal Arav,Byculla
Ruparel Vivanza,Byculla
Saifee Park,Byculla
Salsette 27,Byculla
Sanghvi Estella,Byculla
Sarah Continental,Byculla
Sarkar Residency,Byculla
The Baya Victoria,Byculla
Wallace Fortuna,Byculla
Prestige Jasdan Classic,Byculla West
Carmichael Residences,Carmichael Road
Ghia Mansion,Carmichael Road
Gulistan,Carmichael Road
Mayflower,Carmichael Road
Sea Gull,Carmichael Road
Boomerang,Chandivali
Godrej Urban Park,Chandivali
Orchid Enclave,Chandivali
Vicinia,Chandivali
5 Diamond Garden,Chembur
71 Midtown,Chembur
Adityaraj Platinum,Chembur
Akansha,Chembur
Almeida Ark,Chembur
Altavista,Chembur
Atul Park,Chembur
Baba Sadguru,Chembur
Belvedere,Chembur
Central Park,Chembur
Centrio,Chembur
Chembur Castle,Chembur
Collectors Colony,Chembur
Crystal Armus,Chembur
Dukes Horizon,Chembur
Godrej Central,Chembur
Godrej Prime,Chembur
Godrej RKS,Chembur
Godrej Serenity,Chembur
Gurukripa,Chembur
Gurukrupa,Chembur
Heritage One,Chembur
Highscape City,Chembur
Hubtown Seasons,Chembur
Jasmine,Chembur
Keshav Kohinoor,Chembur
Kukreja Chembur Heights,Chembur
MM Spectra,Chembur
Manjari Arcade,Chembur
Mass Metropolis,Chembur
Morya Moheni,Chembur
Nav Parmanu,Chembur
Nisarg,Chembur
Nityanand Baug,Chembur
Omkar Raga,Chembur
Orchid,Chembur
Purva Clarmont,Chembur
RNA Continental,Chembur
Raheja Acropolis,Chembur
Safal Sky,Chembur
Sai Krupa,Chembur
Sai Sanskar,Chembur
Samruddhi,Chembur
Satyam Springs,Chembur
Signature Business Park,Chembur
Sindhi Society,Chembur
Spenta Ornata,Chembur
Supreme Boulevard,Chembur
Swastik Solitaire,Chembur
The Epicentre,Chembur
Tina Bliss,Chembur
Tridhaatu Aum,Chembur
Triveni,Chembur
Vikas Centre,Chembur
Zynergy,Chembur
CCI Chambers,Churchgate
Churchgate Mansion,Churchgate
Indus Court,Churchgate
Krishna Mahal,Churchgate
Moti Mahal,Churchgate
Prem Court,Churchgate
Raj Mahal,Churchgate
Rakhi Mahal,Churchgate
Ravindra Mansion,Churchgate
Sahakar,Churchgate
Vishnu Mahal,Churchgate
Ahmed Mansion,Colaba
Anjali Building,Colaba
Apartment FOR L&L,Colaba
Apna Ghar,Colaba
Atur Apartment,Colaba
Bela Court 1,Colaba
Bennett Villa,Colaba
Colaba Court,Colaba
Connaught Mansion,Colaba
Corinthian,Colaba
Daulat Shirin,Colaba
Exclusive,Colaba
Girdhar Nivas,Colaba
Gitanjali,Colaba
Harbour Height,Colaba
Jamuna Sagar,Colaba
Kismet,Colaba
Kuvar House,Colaba
Lovedale,Colaba
Mistry Chamber,Colaba
Owners Court,Colaba
Poornima,Colaba
Pushpa Bhavan,Colaba
Pushpa Vihar,Colaba
Pushpa Vihar CHS,Colaba
Ruki Mahal,Colaba
Sangam Bhavan,Colaba
Sangita,Colaba
Surat Bahar,Colaba
Usha Sadan,Colaba
Veena Tower,Colaba
Waterfront Towers,Colaba
West View,Colaba
Windmere,Colaba
York House,Colaba
Atur Terraces,Cuffe Parade
Basant Apartment,Cuffe Parade
Cuffe Castle,Cuffe Parade
DSK Durgamata,Cuffe Parade
Durgamata Tower,Cuffe Parade
Hassa Mahal,Cuffe Parade
Jalkiran,Cuffe Parade
Jolly Maker,Cuffe Parade
Jolly Maker I,Cuffe Parade
Jupiter,Cuffe Parade
Maker Tower,Cuffe Parade
Maker Tower - B,Cuffe Parade
Maker Tower J,Cuffe Parade
Mehrnaz,Cuffe Parade
Palm Spring,Cuffe Parade
Persepolis,Cuffe Parade
Revills,Cuffe Parade
Sainara,Cuffe Parade
Satnam Apartment,Cuffe Parade
Sea Land,Cuffe Parade
Sea Lord,Cuffe Parade
Sunflower,Cuffe Parade
Veena Tower,Cuffe Parade
Venus,Cuffe Parade
World Trade Centre,Cuffe Parade
Cosmos Plaza,D N Nagar
Kohinoor Square,Dadar
Kohinoor Square Tower,Dadar
Aradhana Apt,Dadar East
Avenue 14,Dadar East
Civic Centre,Dadar East
Crystal Tower,Dadar East
Ekta Invictus,Dadar East
El Prado,Dadar East
Ganesh Apartment,Dadar East
Garden Court,Dadar East
Hindu Colony,Dadar East
Island City Centre 1,Dadar East
Island City Centre 2,Dadar East
Kesar Equinox,Dadar East
Landmark Tower,Dadar East
Mehta Residency,Dadar East
Monalisa Tower,Dadar East
One ICC,Dadar East
One ICC Tower,Dadar East
Palai Plaza,Dadar East
R A Residences,Dadar East
R A Residency,Dadar East
Rangoli Time Complex,Dadar East
Ratnamani Tower,Dadar East
Shanta Durga,Dadar East
Shri Niwas,Dadar East
Spring Tower,Dadar East
Springs,Dadar East
Sugee Mahalaxmi,Dadar East
Supreme Melange,Dadar East
The Baya Sunrise,Dadar East
Wadala Udyog Bhavan,Dadar East
140 Shivaji Park,Dadar West
Aadeshwar,Dadar West
Anand Apartment,Dadar West
Avhad Oasis,Dadar West
Baya Park,Dadar West
Bhakti Park,Dadar West
"Bhawani Shankar,dadar",Dadar West
Bliss Kasa,Dadar West
DLF The Crest,Dadar West
Dotom Desire,Dadar West
Earth Ventage,Dadar West
Earth Vintage,Dadar West
Hiranya,Dadar West
Inder Tower,Dadar West
Kalaya Tower,Dadar West
Kohinoor Altissimo,Dadar West
Kohinoor Square,Dadar West
Laxmi Commercial Centre,Dadar West
Luis Apartment,Dadar West
Mandarmala,Dadar West
Mangesh Sadan,Dadar West
Moti Bhuvan,Dadar West
Omkar Belleza,Dadar West
Palette,Dadar West
Park Mist,Dadar West
Royal Accord,Dadar West
Royal Tusk,Dadar West
Sai Siddhi,Dadar West
Silver Beach Apartments,Dadar West
Sugee Akanksha,Dadar West
Sugee Hiranya,Dadar West
Sugee Sadan,Dadar West
Sugee Shubhada,Dadar West
Sujatha Apartment,Dadar West
Suraj Louisandra,Dadar West
Suraj Park View,Dadar West
Suraj Vista,Dadar West
The Baya Park,Dadar West
The Crest,Dadar West
The Ruby,Dadar West
Vardhaman Estate,Dadar West
Vishal Villa,Dadar West
Wisteria,Dadar West
Yash Plaza,Dadar West
"3️⃣ Shivalaya Apartment, Azad Nagar 2",Dahisar East
Abhimanyu,Dahisar East
Bhagtani Sapphire,Dahisar East
Chandak Nishchay,Dahisar East
Crescent Sky Heights,Dahisar East
DB Ozone,Dahisar East
Darvesh Horizon,Dahisar East
Eminente,Dahisar East
Grandness,Dahisar East
Lodha Aqua,Dahisar East
Lodha Casa Essenza,Dahisar East
Northern Heights,Dahisar East
Sai Orchid,Dahisar East
Tanvi Eminence,Dahisar East
Timber Green Park IV and V,Dahisar East
Bhimashankar Height,Dahisar West
Dahisar Sumati,Dahisar West
Gagangiri Complex,Dahisar West
Galassia,Dahisar West
Rustomjee Regency,Dahisar West
Siddhi Samarpan,Dahisar West
Viceroy Park,Dahisar West
Siddhivinayak Residency,Dombivali
Signature Residency,Dronagiri
Indiabulls Sky Forest,Elphinstone
Ararat building,Fort
MDP House,Fort
Rajabahadur Compound,Fort
Soonawala Building,Fort
Central Building,Gamdevi
Deepak,Gamdevi
Gamdevi CHSL,Gamdevi
Hari Bhavan,Gamdevi
Laxmi Niwas,Gamdevi
Panchshil Plaza,Gamdevi
Shiv Tapi,Gamdevi
Shiv Tapi – Gamdevi,Gamdevi
Shivam,Gamdevi
Alliance One,Ghansoli
Ashtavinayak,Ghansoli
Atlantis,Ghansoli
Gami Asters,Ghansoli
Krishna Kunj,Ghansoli
Krishna Residency,Ghansoli
Mohsin Khan,Ghansoli
Neelkanth Height,Ghansoli
Skyline Seaview,Ghansoli
Wadhwa The Address,Ghatkopar
Kukreja Palace,Ghatkopar East
Neelkanth Regent,Ghatkopar East
RNA Sagar,Ghatkopar East
Sati Ashish,Ghatkopar East
Siddheshwar,Ghatkopar East
The Legend,Ghatkopar East
Vishal CHS,Ghatkopar East
Ajmera Sikova,Ghatkopar West
Amber Mahavir,Ghatkopar West
D N S Tower,Ghatkopar West
Gold Crest Business Park,Ghatkopar West
Heritage,Ghatkopar West
Kalpataru Aura,Ghatkopar West
Lifescapes Prithvii,Ghatkopar West
Mahindra Park,Ghatkopar West
Metropole,Ghatkopar West
Neelkanth,Ghatkopar West
Nikita Natasha CHS,Ghatkopar West
Rajhans Helix 3,Ghatkopar West
Residency,Ghatkopar West
Runwal Orchard Residency,Ghatkopar West
Skyline Oasis,Ghatkopar West
The Address - Boulevard,Ghatkopar West
The Address - Vista,Ghatkopar West
The Orchard Residency,Ghatkopar West
Wadhwa,Ghatkopar West
Wadhwa Promenade,Ghatkopar West
Wadhwa The Address,Ghatkopar West
Earth Castle,Girgaon
Loyalka Apartment,Girgaon
Sea Pearl Building,Girgaon
Shreepati Castle,Girgaon
Shreepati Jewels,Girgaon
The Odyssey,Girgaon
Lodha Fiorenza,Goregaon
Raheja Sherwood,Goregaon
Accord Classic,Goregaon East
Acme Amay,Goregaon East
"Acme Amay, Churiwadi",Goregaon East
Applaud 38,Goregaon East
Arkade Aspire,Goregaon East
Ashraya Heights,Goregaon East
Aspen Garden,Goregaon East
Aspen Park,Goregaon East
Aster Tower,Goregaon East
Avant Hillway,Goregaon East
Bhanushanti,Goregaon East
Bhoomi Samarth,Goregaon East
Bla Business Park,Goregaon East
Chandak Paloma,Goregaon East
Conwood Astoria,Goregaon East
Corporate Annexe,Goregaon East
Corporate Avenue,Goregaon East
DB Woods,Goregaon East
De Elmas,Goregaon East
Deep Darshan,Goregaon East
Dheeraj Valley,Goregaon East
Dynamix Divum,Goregaon East
Eco House,Goregaon East
Eco Star,Goregaon East
Gardenia Apartment,Goregaon East
Gokuldham,Goregaon East
Golden Isle,Goregaon East
Harmony Society,Goregaon East
Ivy Tower,Goregaon East
JP Deck,Goregaon East
JP Decks,Goregaon East
Jyoti Sukriti,Goregaon East
Kabra Tiara,Goregaon East
Lakshachandi Heights,Goregaon East
Lalani Grandeur,Goregaon East
Lodha Fiorenza,Goregaon East
Lodha Fiorenza Milano,Goregaon East
Lotus Corporate Park,Goregaon East
Maharaja Retreat,Goregaon East
Mantri Serene,Goregaon East
Metropolis,Goregaon East
Navnath Jayas,Goregaon East
Oberoi Elysian C Wing,Goregaon East
Oberoi Esquire,Goregaon East
Oberoi Exquisite,Goregaon East
Oberoi Garden City,Goregaon East
Oberoi Woods,Goregaon East
Omkar Ananta,Goregaon East
Panchsheel,Goregaon East
Prayag Heights,Goregaon East
Raag,Goregaon East
Raghav,Goregaon East
Raheja Heights,Goregaon East
Raheja Heights Wing E,Goregaon East
Raheja Ridgewood,Goregaon East
Raheja Sherwood,Goregaon East
Riddhi Garden,Goregaon East
Romell Aether,Goregaon East
Rushi Heights,Goregaon East
Sadguru Complex,Goregaon East
Sai Radha,Goregaon East
Satellite Tower,Goregaon East
Shagun Towers,Goregaon East
Sheetal Infinity,Goregaon East
Shree Shakun Heights,Goregaon East
Silver Metropolis,Goregaon East
Sky Villa,Goregaon East
Suchi Heights,Goregaon East
Swapnalok Tower,Goregaon East
VKG Centurion,Goregaon East
Valentine Apartment,Goregaon East
Western Woods,Goregaon East
Yash Orion,Goregaon East
34 Park Estate,Goregaon West
36 Allure,Goregaon West
36 Avenue,Goregaon West
63 Rishabraj Avenue,Goregaon West
Acme Complex,Goregaon West
Anand Vatika,Goregaon West
Anmol Enclave,Goregaon West
Anmol Fortune,Goregaon West
Anmol Fortune Akshay Chs,Goregaon West
Anmol Fortune F,Goregaon West
Anmol Prestige,Goregaon West
Anmol Pride,Goregaon West
Anmol Tower,Goregaon West
Archana,Goregaon West
Ariha Vincere,Goregaon West
Asmi Legacy,Goregaon West
Asshna Samadhan,Goregaon West
Athena,Goregaon West
Aurum,Goregaon West
Avalon Residency,Goregaon West
Bharat Arize,Goregaon West
Bhoomi Classic,Goregaon West
Blue Excellency,Goregaon West
Chandak Stella,Goregaon West
DGS Sheetal Kiara,Goregaon West
DLH Park,Goregaon West
DPS Park View,Goregaon West
Dattani Shelter,Goregaon West
Dheeraj Residency,Goregaon West
Ekta Tripolis,Goregaon West
Galaxy Heights,Goregaon West
Garden Estate,Goregaon West
Garden Estate Tower,Goregaon West
Garden Estates,Goregaon West
Goregaon One,Goregaon West
Gulmohar Apartment,Goregaon West
HDIL Harmony,Goregaon West
Happy Homes Enclave,Goregaon West
Hari Niketan,Goregaon West
Harmony,Goregaon West
Harmony CHS,Goregaon West
Harmony CHSL,Goregaon West
Imperial Heights,Goregaon West
Kabra Aurum,Goregaon West
Kalpataru Radiance,Goregaon West
Kalpataru Radiance Ora,Goregaon West
Kalpataru Yugdharma,Goregaon West
Kapil Vastu,Goregaon West
Kapilvastu CHS Ltd,Goregaon West
Kolte Patil Verve,Goregaon West
Konark Vaayu,Goregaon West
Laxmi Heights,Goregaon West
Laxmi namah,Goregaon West
Lotus Residency,Goregaon West
Madhuban Society,Goregaon West
Mahindra Eminente,Goregaon West
Mahindra Gardens,Goregaon West
Meeras Empire,Goregaon West
Navrang Navkar,Goregaon West
Navrang Oasis,Goregaon West
Nemi Bhavan,Goregaon West
Nirlon,Goregaon West
Nisha Residency,Goregaon West
Nutan Annex,Goregaon West
Oshiwara Mhada,Goregaon West
Parekh Celeste,Goregaon West
Pearl Classic,Goregaon West
Polaris,Goregaon West
Polaris Tower,Goregaon West
Poonam Heights,Goregaon West
Prabhat Co-operative Housing Society,Goregaon West
Raheja Solitaire,Goregaon West
Rahul C.H.S,Goregaon West
Raj Spaces,Goregaon West
Raj Spaces Tower,Goregaon West
Rexon Aura,Goregaon West
Rustomjee Ozone,Goregaon West
Samadhan,Goregaon West
Samarth,Goregaon West
Satyam,Goregaon West
Sejal Tower,Goregaon West
Sethia Green View,Goregaon West
Sethia Link View,Goregaon West
Sethia Sea View,Goregaon West
Shepherd Residency,Goregaon West
Shepherd Royal,Goregaon West
Shreedham Classic,Goregaon West
Shri Ganesh Apartment,Goregaon West
Silver Sand,Goregaon West
Silver Sands,Goregaon West
Silver Serene,Goregaon West
Skyline Heights,Goregaon West
Suntech City Avenue 2,Goregaon West
Sunteck 4th Avenue,Goregaon West
Sunteck City,Goregaon West
Sunteck City Avenue 1,Goregaon West
Sunteck City Avenue 2,Goregaon West
Sunteck City Avenue 4,Goregaon West
Sunteck Pinnacle,Goregaon West
Techniplex I,Goregaon West
The Lion Park,Goregaon West
The Luxor,Goregaon West
Udaka Heights,Goregaon West
Udyog Bhavan,Goregaon West
Unnat Nagar Akshay CHS,Goregaon West
VIra One,Goregaon West
Vaibhav,Goregaon West
Vasant Galaxy,Goregaon West
Vedant,Goregaon West
Vivan,Goregaon West
Vogue 77,Goregaon West
Washington Plaza,Goregaon West
Akruti Aditya,Grant Road
Darshan Volanzo,Grant Road
Ghaswala Tower,Grant Road
Hilla Heights,Grant Road
Jamasji Apartment,Grant Road
Navyug Mansion,Grant Road
Padmavati Heights,Grant Road
Rubberwala Orion,Grant Road
Shreepati Arcade,Grant Road
Siddhesh Jyoti,Grant Road
Sunkersett Palace,Grant Road
The Primordial House,Grant Road
The Promordial House,Grant Road
Universal Heights,Grant Road
Heera Panna,Haji Ali
Sambhov Tirth,Haji Ali
Valencia,Hiranandani
Dharam Palace,Hughes Road
AND,JVPD
Hiranya,JVPD Scheme
Avant Heritage,Jogeshwari
Dlf The Park Place,Jogeshwari
Garden View Apartment,Jogeshwari
Golden Jubile,Jogeshwari
Hubtown Viva,Jogeshwari
Jvlr 60,Jogeshwari
Key Tech Park,Jogeshwari
Lodha Bel Air,Jogeshwari
Lodha Unica,Jogeshwari
One Jogeshwari,Jogeshwari
Palazzio,Jogeshwari
Radha Residency,Jogeshwari
Rajal Classic,Jogeshwari
Roswalt Zaiden,Jogeshwari
SMGK Associates Residency,Jogeshwari
Universal Cubical,Jogeshwari
Universal Garden,Jogeshwari
Vision Heights,Jogeshwari
Oberoi Splendor,Jogeshwari East
Key Tech Park,Jogeshwari West
Lashkaria Pearl,Jogeshwari West
Lodha Bel Air,Jogeshwari West
Lodha Unica,Jogeshwari West
Mayfair Astral,Jogeshwari West
Universal Garden 2,Jogeshwari West
7 Jvpd,Juhu
9 Jvpd,Juhu
A G House,Juhu
Aaradhya Evoq,Juhu
Aashray Apartment,Juhu
Ajmera Prive,Juhu
Alaknanda,Juhu
Amar Tower,Juhu
Apsara Apartment,Juhu
Beach House,Juhu
Bhanu Apartment,Juhu
Bharat Acropolis,Juhu
Blue Diamond,Juhu
Casablanca,Juhu
Chalet Amar,Juhu
Chrysalis,Juhu
Crystal Apartments,Juhu
DLH Legacy,Juhu
DLH Mamta,Juhu
Dev Park,Juhu
Dilrag,Juhu
Exotica,Juhu
Gada Residency,Juhu
Gagandeep Apartment,Juhu
Gokul Blossom,Juhu
Gokul Darshan,Juhu
Gold Mist,Juhu
Green Acres,Juhu
Green Field,Juhu
Green Field Society,Juhu
Green Fields Society,Juhu
Gulmohar Heights,Juhu
Gurukrupa Vyom,Juhu
Hari Om CHS,Juhu
Harsh Jyot,Juhu
High Tide,Juhu
Ideal Apartments,Juhu
Imperial Windsor,Juhu
Ivory Tower,Juhu
Janki Kutir,Juhu
Jeevan Jyot,Juhu
Juhu Acropolis,Juhu
Juhu Ankur,Juhu
Juhu Apartment,Juhu
Juhu Ashish,Juhu
Juhu Dhara Complex,Juhu
Juhu Griha Swapna,Juhu
Juhu Gulmohar,Juhu
Juhu Harshal,Juhu
Juhu Jivan,Juhu
Juhu Natraj,Juhu
Juhu Sagar,Juhu
Juhu Sai Darshan,Juhu
Juhu Sameep,Juhu
Juhu Sangeeta,Juhu
Juhu Sheetal,Juhu
Juhu Tarang,Juhu
Juhu Vishal 2,Juhu
Jyoti Sadan,Juhu
Kalpataru Amare,Juhu
Kalpataru Solitaire,Juhu
Kalumal Estate,Juhu
Kamla Heritage,Juhu
Kinara,Juhu
Kings Apartment,Juhu
Kings Building,Juhu
Kripa Nidhi,Juhu
Kutch House,Juhu
Lodha One,Juhu
Lotus Ananya,Juhu
Lotus Ayana,Juhu
Mahran,Juhu
Mangal Meeth,Juhu
Mangal Millap,Juhu
Mayfair Silver Beach,Juhu
Megh Apartment,Juhu
Milton Apartment,Juhu
Mittal Park,Juhu
NHP Meghdoot,Juhu
Navratana Apartment,Juhu
New Monalisa,Juhu
Nidhi Towers,Juhu
North Bombay Society,Juhu
Oyster Shell I,Juhu
Oyster Shell II,Juhu
Parinee 11 West,Juhu
Parinee Aria,Juhu
Parinee Liva Roca,Juhu
Park Grandeur,Juhu
Prabhu Krupa,Juhu
Prabhu Vijay,Juhu
Queens Park,Juhu
Raheja 7,Juhu
Raj Rahul,Juhu
Raj Vastu,Juhu
Ramkrishna Mission,Juhu
Riviera,Juhu
Row House,Juhu
Ruia Park,Juhu
Rustomjee 9,Juhu
Rustomjee Elements,Juhu
Sagar Sangeet,Juhu
Sai Juhu Tara,Juhu
Shabnam,Juhu
Shanghvi Udyan,Juhu
Shishir,Juhu
Shreeji krupa,Juhu
Silver Sand Bunglow,Juhu
Sukh Shanti,Juhu
Sukhmani Apartment,Juhu
Sun Villa,Juhu
Sweet Home,Juhu
Tirupati,Juhu
Tulsi,Juhu
Usha Kunj,Juhu
Vaastu,Juhu
Vaishali Shopping Centre,Juhu
Valencia,Juhu
Vasundhara,Juhu
Vaswani Seascape,Juhu
Vikas Park,Juhu
Vipank Krishaang,Juhu
Vyom,Juhu
Pinnacle Heights,Kalachowki
Sapphire,Kalamboli
Valencia,Kalamboli
Neptune Tower,Kamothe
Swastik Park,Kamothe
Acme Oasis,Kandivali East
Alpine,Kandivali East
Ambica Darshan,Kandivali East
Anita,Kandivali East
Astron,Kandivali East
Auriegae Residency,Kandivali East
Aurigae Residency,Kandivali East
Avon Plaza,Kandivali East
Bhoomi Arcade,Kandivali East
Bhoomi Elegant,Kandivali East
Bhoomi Hills,Kandivali East
Bhoomi Legend,Kandivali East
Bhoomi Valley,Kandivali East
Challenger Tower,Kandivali East
Dattani Park,Kandivali East
Ekta Meadows,Kandivali East
Epsilon,Kandivali East
Epsilon Tower,Kandivali East
Evershine Crown,Kandivali East
Evershine Millennium Paradise,Kandivali East
Fountain Heights,Kandivali East
Gayatri Satsang,Kandivali East
Godrej Bliss,Kandivali East
Godrej Nest,Kandivali East
Godrej Reserve,Kandivali East
Gokul Concord,Kandivali East
Grande Edifice,Kandivali East
Gundecha Greens,Kandivali East
Gundecha Trillium,Kandivali East
Gundecha Valley of Flowers,Kandivali East
Kalpataru Gardens,Kandivali East
Kalpataru Tower,Kandivali East
Kalpataru Towers,Kandivali East
Kalpataru Vienta,Kandivali East
Kalpatru Vienta,Kandivali East
Kanakia Challengers,Kandivali East
Kanakia Park,Kandivali East
Lodha Woods,Kandivali East
Lokhandwala Sapphire Heights,Kandivali East
Mahindra Roots,Kandivali East
Mahindra Vista,Kandivali East
N G Suncity Phase I,Kandivali East
Oberoi Gardens,Kandivali East
Oberoi Park View,Kandivali East
Octa Crest,Kandivali East
Octacrest,Kandivali East
Raheja Odyssey,Kandivali East
Raheja Reflection Eternity,Kandivali East
Raheja Reflections Odyssey,Kandivali East
Raheja Serenity,Kandivali East
Sapphire Heights I,Kandivali East
Sarova,Kandivali East
Satyam Tower,Kandivali East
Sethia Aashray,Kandivali East
Shantivan,Kandivali East
Shraddha Tower,Kandivali East
Siennaa,Kandivali East
Silver Leaf,Kandivali East
Solitaire Edge,Kandivali East
Spring Grove,Kandivali East
TW Gardens,Kandivali East
Thakur Jewel,Kandivali East
UK Iridium,Kandivali East
Valley of Flowers Tulip,Kandivali East
Vasant Sagar,Kandivali East
Vasant Utsav,Kandivali East
Vedic Heights,Kandivali East
Veena Saaz,Kandivali East
Viceroy Park CHS,Kandivali East
Viceroy Prive,Kandivali East
Viceroy Savana,Kandivali East
Vishnu Shivam Tower,Kandivali East
Wadhwa TW Gardens,Kandivali East
Whispering Palms Exclusive,Kandivali East
Whispering Palms XX-Clusives II,Kandivali East
White City,Kandivali East
19 North,Kandivali West
19th North,Kandivali West
73 East,Kandivali West
Abhilasha,Kandivali West
Acme Avenue,Kandivali West
Agarwal Residency,Kandivali West
Amann Spring,Kandivali West
Anant Tara,Kandivali West
Arcade Bhoomi,Kandivali West
Arthaya,Kandivali West
Aspire,Kandivali West
Bhoomi Garden,Kandivali West
Blue Arch,Kandivali West
Blue Empire Complex,Kandivali West
Blue Empress,Kandivali West
Breezy Corner,Kandivali West
Chandak Breezy Corner,Kandivali West
Dosti Oro 67,Kandivali West
Eden Garden,Kandivali West
Ekta Bhoomi,Kandivali West
Gaurav Garden,Kandivali West
Gaurav Gardens,Kandivali West
Gauri Excellency,Kandivali West
Gulmohar,Kandivali West
Heeraji Heritage,Kandivali West
Hiranandani Heritage Rivona,Kandivali West
Ibis,Kandivali West
Jaydev Tower,Kandivali West
Jeevan Deep,Kandivali West
Jeevandeep,Kandivali West
Kalpavruksh Garden,Kandivali West
Kalpavruksh Gardens,Kandivali West
Kalpavruksh Heights,Kandivali West
Kalpvruksh,Kandivali West
Leela Raj,Kandivali West
Mansarovar,Kandivali West
Mayfair Greens,Kandivali West
Nand Dham,Kandivali West
Olive,Kandivali West
Orchid Suburbia,Kandivali West
Panchsheel,Kandivali West
Panchsheel Garden,Kandivali West
Panchsheel Height,Kandivali West
Parinee Essence,Kandivali West
Platinum Tower,Kandivali West
Praful Apartment,Kandivali West
RNA Regency Park,Kandivali West
RNA Royale Park,Kandivali West
Raj Heights,Kandivali West
Rajeshri Apartment,Kandivali West
Rishabraj Samaj Darshan,Kandivali West
Rock Enclave,Kandivali West
Rodium Xone,Kandivali West
Royal Samarpan,Kandivali West
Ruparel Elara,Kandivali West
Ruparel Palacio,Kandivali West
Ruparel Sky Green,Kandivali West
Ruparel Sky Greens,Kandivali West
Rustomjee Meridian,Kandivali West
Saffron,Kandivali West
Sahil Apartment,Kandivali West
Sai Dham,Kandivali West
Sai Elegance,Kandivali West
Sheth Edmont,Kandivali West
Shiv Parvati,Kandivali West
Shiv Shrushti,Kandivali West
Shivani Rudram,Kandivali West
Shree Nikunj,Kandivali West
Shree Vallabh Residency,Kandivali West
Shubham,Kandivali West
Siddha Seabrook,Kandivali West
Supreme Willows,Kandivali West
Surbhi Complex,Kandivali West
Symphony,Kandivali West
Tanna Height,Kandivali West
The Breezy Corner,Kandivali West
Trishul Heights,Kandivali West
Veena Santoor,Kandivali West
Veena Santoor 2,Kandivali West
Veena Smart Homes,Kandivali West
Vora Icon,Kandivali West
Westwood,Kandivali West
Arkade Earth,Kanjur Marg
Great Eastern Garden,Kanjur Marg
Gundecha Heights,Kanjur Marg
Hiranandani Estate,Kanjur Marg
Hiranandani Industrial Estate,Kanjur Marg
Kanakia Zen World,Kanjur Marg
Lodha Aurum Grande,Kanjur Marg
Mahavir Trinkets,Kanjur Marg
N G Royal Park,Kanjur Marg
Nirvana,Kanjur Marg
Runwal Bliss,Kanjur Marg
Runwal Bliss - Phase 1,Kanjur Marg
Runwal Forest,Kanjur Marg
Sheth Avante,Kanjur Marg
Kanakia Zen World,Kanjurmarg East
Lodha Signet,Kanjurmarg East
Orion Business Park,Kapurbawdi
Banu Mansion,Kemps Corner
Empire Estate,Kemps Corner
Fariyas Building,Kemps Corner
Grand Paradi,Kemps Corner
Hanuman Sharan,Kemps Corner
India House,Kemps Corner
Kalpavruksha Residency,Kemps Corner
Kwality House,Kemps Corner
Le Palazzo,Kemps Corner
Nirmala Mahal,Kemps Corner
Shalimar,Kemps Corner
Shalimar Apartments,Kemps Corner
Sujata Apartment,Kemps Corner
Sukhmani Building,Kemps Corner
Surya Kiran,Kemps Corner
Tej Apartment,Kemps Corner
Turquoise,Kemps Corner
Silver Crest,Khandeshwar
Aditaya Kutir,Khar
Azumi,Khar
Govind Kutir,Khar
Kedarnath apt,Khar
Nivaan,Khar
Rustomjee Paramount,Khar
Shree Shakti,Khar
Solitaire,Khar
Trinity,Khar
Tulsi Apt,Khar
259 Park Crest,Khar West
268 Anand,Khar West
52 Park Avenue,Khar West
AP Florence,Khar West
Aashray,Khar West
Abde Villa,Khar West
Aditya Kutir,Khar West
Amber Croft CHS,Khar West
Amore Edge,Khar West
Anand 268,Khar West
Anand Apartment,Khar West
Anand Ashram,Khar West
Anand Sagar,Khar West
Apollo Heights,Khar West
Arihant,Khar West
Arihant Apartment,Khar West
Aroma Residency,Khar West
Ashiana,Khar West
Ashmita,Khar West
Ashok Apartment,Khar West
Asmita,Khar West
Aum Nirvan,Khar West
Azumi,Khar West
Badrinath,Khar West
Bajaj Jade,Khar West
Bay City,Khar West
Baycity Apartments,Khar West
Belleza,Khar West
Belvedere,Khar West
Benchmark Empresa,Khar West
Bhagirathi Sadan,Khar West
Bhagwanti Heights,Khar West
Bhanu Vinayak,Khar West
Bhavya Plaza,Khar West
Bhoomi Gobind Bhavan,Khar West
Bina Apartment,Khar West
Blue Lotus,Khar West
Brisa Marina,Khar West
Bulbul Tarang,Khar West
Chandralok,Khar West
Chaya,Khar West
Corinthian,Khar West
Cosmos Commercial Centre,Khar West
Crescent Heritage,Khar West
Crescent Heritage Apt,Khar West
Crest Link,Khar West
DLH Ornate,Khar West
Darvesh Belleza,Khar West
Darvesh Grand,Khar West
Dev Ashish,Khar West
Dhairya Residency,Khar West
Dheeraj Celestial,Khar West
Dheeraj Izarra,Khar West
Dreamland,Khar West
Dunhill,Khar West
Dunhill Apt,Khar West
Ecstasy-II,Khar West
Ekta Empress,Khar West
Ekta Eros,Khar West
Ekta Iris,Khar West
Ekta Verve,Khar West
Elegant,Khar West
Elite Vista,Khar West
Elite Vista Apt,Khar West
Embassy Chambers,Khar West
Empressa,Khar West
Florence,Khar West
Fortune Paradise,Khar West
Ganga Jamuna,Khar West
Geetanjali Apartment,Khar West
Glacis Tower,Khar West
Golden Peak,Khar West
Govind Kutir,Khar West
Gulshan,Khar West
Gurudev Bhavan,Khar West
Gyan Ghar,Khar West
Hamara Ghar,Khar West
Hamrahi,Khar West
Hari Bhavan,Khar West
Hari Niwas,Khar West
Himath Ghar,Khar West
Indira Bhawan,Khar West
Ira Chhaya,Khar West
Ishaan,Khar West
Jade Garden,Khar West
Jagdambe,Khar West
Jai Shankar Deep,Khar West
Jamnotri,Khar West
Jastcon Heights,Khar West
Jaswant Heights,Khar West
Jay Bharat Society Bungalow,Khar West
Jayram Sadan,Khar West
Jeevan Deep,Khar West
Joy Legend,Khar West
Joy Legend Apt,Khar West
Jvpd 3rd,Khar West
K L Regalia,Khar West
K L Velkar Residency,Khar West
K52,Khar West
KK Elegance,Khar West
KK Imperial,Khar West
Kakad Enclave,Khar West
Kalpana,Khar West
Kalpana Building,Khar West
Kanaiya Kutir,Khar West
Kaniya,Khar West
Kedarnath,Khar West
Kesar Kripa,Khar West
Khar Friends,Khar West
Khar Garden,Khar West
Kiran,Khar West
Kirti Kunj,Khar West
Kishni Kunj,Khar West
Kool Breeze,Khar West
Kripa Fabulous,Khar West
Krishna Baug,Khar West
Krishna Kunj,Khar West
Krishna Niwas,Khar West
Kudrat,Khar West
Kumud,Khar West
Lalani Fairmont,Khar West
Laxmi Niwas,Khar West
Lilaram Chs,Khar West
Lilian Heights,Khar West
Link Apartment,Khar West
Linkway,Khar West
Little Gift,Khar West
Lok Nirman,Khar West
Madhu Kunj,Khar West
Madhu Park,Khar West
Madhur Milan,Khar West
Mahaveer,Khar West
Makhan Dham,Khar West
Makhija Arcade,Khar West
Manchester Heights,Khar West
Mangal Bhandar,Khar West
Mangal Bhavna,Khar West
Mangal Mahesh,Khar West
Mansha,Khar West
Maya Mahal,Khar West
Mayfair Apartment,Khar West
Mayfair Liv,Khar West
Mayfair Muse,Khar West
Mayfair Villa,Khar West
Mehul,Khar West
Metropolis - With Balcony,Khar West
Mohini Castel,Khar West
Mohini Castle,Khar West
Mohini Heights,Khar West
Mohini Tower,Khar West
Mukta,Khar West
Murli Govind,Khar West
Nair House,Khar West
Narang Mansion,Khar West
Navkiran,Khar West
Nebula Apartment,Khar West
Neela Akash,Khar West
Neera,Khar West
New Light Apartments,Khar West
New Poonam,Khar West
Nine Aces,Khar West
Nivan,Khar West
Nivan Residency,Khar West
Nugget,Khar West
Nutan Yojana,Khar West
Oberoi Crest,Khar West
Om Shri Gurudev,Khar West
Orion,Khar West
Palazzo,Khar West
Pali Vintage,Khar West
Panoramic View,Khar West
Paramount,Khar West
Park Avenue,Khar West
Park Crest,Khar West
Park Heights,Khar West
Park Vista,Khar West
Pinky Paradise,Khar West
Pioneer Heights,Khar West
Prabhat Chamber,Khar West
Prasad Prakalp,Khar West
Prestige Court,Khar West
Prime Rose,Khar West
Pushp Vatika,Khar West
Quantum Park,Khar West
RK Apartment,Khar West
Radha Niwas,Khar West
Radhya,Khar West
Rajdoot,Khar West
Rajhans,Khar West
Ram Bhavan,Khar West
Ram Bhuvan,Khar West
Rama Krishna,Khar West
Red Rose Apartment,Khar West
Regency Terraces,Khar West
Rijuvalika,Khar West
Rishikesh,Khar West
Rose Queen,Khar West
Russel House,Khar West
Rustomjee Paramount,Khar West
Sadanand Classic,Khar West
Sadguru Drishti,Khar West
Sadhana Apt,Khar West
Sagar Apartment,Khar West
Sagar Apt,Khar West
Sagar Darshan,Khar West
Sai Dham,Khar West
Sai Drishti,Khar West
Sai Jyoti,Khar West
Sai Samarth,Khar West
Saidhan Infinity,Khar West
Sailesh Apartment,Khar West
Samyakth Bliss,Khar West
Sankalpita,Khar West
Sapphire,Khar West
Saraswati,Khar West
Sarvottam,Khar West
Satnam Sagar,Khar West
Satra Residency,Khar West
Shailesh Apartment,Khar West
Shanti Sagar,Khar West
Sheetal Hariniketan,Khar West
Sheetal Vaibhav,Khar West
Shewa,Khar West
Shiv Heights,Khar West
Shiv Om,Khar West
Shiv Omm,Khar West
Shiv Smruti,Khar West
Shiv-Dham,Khar West
Shivraj Classic,Khar West
Shivraj Classique Loc 12,Khar West
Shree Shakti,Khar West
Shreenathji,Khar West
Shreyas,Khar West
Shreyas bldg,Khar West
Shyam Kunj,Khar West
Siddhi Apartment,Khar West
Sigma Pearl,Khar West
Simran Plaza,Khar West
Sita Bhavan,Khar West
Sosar Solaris,Khar West
Sosar Solitaire,Khar West
Sosar Solitare,Khar West
Sudhama Niwas,Khar West
Supreme Alora,Khar West
Supreme Badrinath,Khar West
Supreme Pearl,Khar West
Supreme Signet,Khar West
Suraj Ashiana,Khar West
Suraj Ashiyana Apt,Khar West
Sushant,Khar West
Swarna Rekha,Khar West
Symphony,Khar West
Tanish,Khar West
Tara Mahal,Khar West
The 50 Seven,Khar West
The Designate,Khar West
The Solaris,Khar West
Trailokya,Khar West
Trinity,Khar West
Tuscany,Khar West
Tushar,Khar West
Upasana,Khar West
Uphar,Khar West
Urmi,Khar West
Urvashi,Khar West
Usha Kiran,Khar West
Vaibhav,Khar West
Valentine,Khar West
Vasant Vihar,Khar West
Vayuputra Trident,Khar West
Venue 52,Khar West
Videocon Icon Apt,Khar West
Vidhata,Khar West
Vienna,Khar West
Vijaydeep CHS,Khar West
Vinayak Chambers,Khar West
Viraj Bliss,Khar West
Viraj-Bliss,Khar West
Virgo Heights,Khar West
Vishambar Niwas,Khar West
Vishamber Niwas,Khar West
Vista,Khar West
Whitefield,Khar West
Wild Teasel,Khar West
Wishram,Khar West
Woodstock,Khar West
Woodstock Apartments,Khar West
XVI Avenue,Khar West
Yogi Sea,Khar West
Zindagi,Khar West
Zindagi CHS,Khar West
Akashdeep CHS,Kharghar
Asian Galaxy,Kharghar
Galaxy Nebula,Kharghar
Hyde Park,Kharghar
Kasturi,Kharghar
Land Breeze,Kharghar
Monarch Ambience,Kharghar
Om Apartment,Kharghar
Payal Riddhi,Kharghar
R S Residency,Kharghar
Residency Park,Kharghar
Riddhi Siddhi,Kharghar
Riddhi Siddhi Apts,Kharghar
Royal Residency,Kharghar
SM Residency,Kharghar
Sai Symphony,Kharghar
Sai World Empire,Kharghar
Shah Corner,Kharghar
Shree Sai,Kharghar
Shubharambh,Kharghar
Tiara,Kharghar
Progressive Crown,Koparkhairne
Rupa Solitaire Millennium Business Park,Koparkhairne
Sai Bhakti,Koparkhairne
Sai Veera,Koparkhairne
Shikha,Koparkhairne
Suyash Tower,Koparkhairne
Art Guild House,Kurla
Kanakia Zillion,Kurla
Kohinoor City,Kurla
Omkar Meridia,Kurla
Omkar Vive,Kurla
Phoenix Marketcity,Kurla
Premier Residences,Kurla
SKG Eastern Winds,Kurla
Ivy Homes,Kurla West
Kanakia Zillion,LBS Marg
Lake Florence,Lake Homes
Royal Residency,Lalbaug
Sri Vijaya Residency,Lalbaug
Vardhaman Estate,Lalbaug
Vardhaman Heights,Lalbaug
Golden Charriot,Lokhandwala
Manju Tower CHS,Lokhandwala
Meghdoot,Lokhandwala
Meghdoot Apt,Lokhandwala
Neptune,Lokhandwala
New Mhada,Lokhandwala
Oberoi Spring,Lokhandwala
Parijat,Lokhandwala
Raheja Classic,Lokhandwala
Runwal Elegante,Lokhandwala
Samartha Siddhi,Lokhandwala
Sweet Home,Lokhandwala
Woodrose,Lokhandwala
Aum Saheel Tower,Lower Parel
Auro,Lower Parel
Avighna,Lower Parel
Avighna 9,Lower Parel
Baya Central,Lower Parel
Casa Grande,Lower Parel
Colo Rise,Lower Parel
Creative Industrial Estate,Lower Parel
DSK Trilok,Lower Parel
Darshan Ricco,Lower Parel
Darshan Rico,Lower Parel
Falcon Castle,Lower Parel
Fortuna Blue,Lower Parel
Greenfield,Lower Parel
Indiabulls Sky,Lower Parel
Indiabulls Sky Forest,Lower Parel
Indiabulls Sky Forest Prabhadevi A3,Lower Parel
Kamla Trade World,Lower Parel
Lifescapes Ambar,Lower Parel
Lodha Adrina,Lower Parel
Lodha Allura,Lower Parel
Lodha Ciel,Lower Parel
Lodha Park,Lower Parel
Lodha Parkside,Lower Parel
Lodha Primero,Lower Parel
Lodha Signet,Lower Parel
Lodha Supremus,Lower Parel
Lodha Trump Tower,Lower Parel
Lodha Vista,Lower Parel
Lodha World Ciel Villa,Lower Parel
Lodha World Crest,Lower Parel
Lodha World One,Lower Parel
Lodha World Tower,Lower Parel
Lodha World View,Lower Parel
Lotus Enpar,Lower Parel
Lotus Enpar - Worli,Lower Parel
Mafatlal Chambers,Lower Parel
Mahavir Darshan,Lower Parel
Marathon Era,Lower Parel
Marathon Futurex,Lower Parel
Marathon Height,Lower Parel
Marathon Icon,Lower Parel
Marathon Innova,Lower Parel
Marathon Next Gen Era,Lower Parel
Marathon Next Gen Innova,Lower Parel
Mathuradas Mill Compound,Lower Parel
Mermit Tower,Lower Parel
Mermit Towers,Lower Parel
Naman Midtown,Lower Parel
Nestle,Lower Parel
Neumec Elegance,Lower Parel
Next Gen Era,Lower Parel
One Avighna Park,Lower Parel
One Lodha Place,Lower Parel
One World Centre,Lower Parel
Orbit Eternia,Lower Parel
Orbit Grand,Lower Parel
Orbit Terraces,Lower Parel
Orbit Tower,Lower Parel
Peninsula Business Park,Lower Parel
Peninsula Tower,Lower Parel
Phoenix Tower,Lower Parel
Phoenix Towers,Lower Parel
Plus Art,Lower Parel
Pragati Industrial Estate,Lower Parel
Raghuvanshi Mills,Lower Parel
Raheja Atlantis,Lower Parel
Sarvesh One,Lower Parel
Shah and Nahar Industrial Estate,Lower Parel
Shilp Tower,Lower Parel
Shilp Tower ( Lower Parel,Lower Parel
Siddharth Enclave,Lower Parel
Siroya Florence,Lower Parel
Sun Mill Compound,Lower Parel
Sun Palazzo,Lower Parel
Tantia Jogani Industrial Estate,Lower Parel
The Auro,Lower Parel
The Baya Central,Lower Parel
The World Villa,Lower Parel
Todi Estate,Lower Parel
Trade world,Lower Parel
Unity Tower,Lower Parel
World Crest,Lower Parel
World Towers,Lower Parel
World View,Lower Parel
Trinity,Madhu Park
25 Downtown,Mahalakshmi
Almas Apartment,Mahalakshmi
Belvedere Court,Mahalakshmi
Fortune Mignas,Mahalakshmi
Godrej Avenue Eleven B,Mahalakshmi
Ion House,Mahalakshmi
Kalpataru Heights,Mahalakshmi
Kinjal Tower,Mahalakshmi
La View,Mahalakshmi
Lodha Bellevue,Mahalakshmi
Lodha Bellissimo,Mahalakshmi
Lodha Excelus,Mahalakshmi
Lodha Primero,Mahalakshmi
Lodha Primero - Mahalaxmi,Mahalakshmi
Lokhandwala Minerva,Mahalakshmi
Mahalaxmi Height,Mahalakshmi
Mahalaxmi Prestige Jasdan Classic,Mahalakshmi
Minerva,Mahalakshmi
Minerva Tower,Mahalakshmi
Model Residency,Mahalakshmi
Nirman Kendra,Mahalakshmi
Piramal Mahalaxmi,Mahalakshmi
Piramal Mahalaxmi Central,Mahalakshmi
Piramal Mahalaxmi Central Tower,Mahalakshmi
Piramal Mahalaxmi North Tower,Mahalakshmi
Piramal Mahalaxmi South Tower,Mahalakshmi
Planet Godrej,Mahalakshmi
Prestige Jasdan,Mahalakshmi
Prestige Jasdan Classic,Mahalakshmi
Prestige Turf,Mahalakshmi
Prestige Turf Tower,Mahalakshmi
Raheja Vivarea,Mahalakshmi
Raheja Vivarea Tower E,Mahalakshmi
Runwal 7 Mahalaxmi,Mahalakshmi
Siddhivinayak Darshan,Mahalakshmi
Thanks & Regards,Mahalakshmi
Aditya Elegance,Mahim
Belmonte,Mahim
Evershine Meadows,Mahim
Gokul Niwas,Mahim
Inez Tower,Mahim
Island Cove,Mahim
Kanakia Miami,Mahim
Keer Towers,Mahim
La Rose,Mahim
Manikya,Mahim
Midtown Bay,Mahim
Neel Tarang,Mahim
Sumeet Sadan,Mahim
Suraj Eterna,Mahim
Suraj Vitalis,Mahim
White Rose Apartment,Mahim
Rajendra Apartments,Mahim West
Loyalka Apartment,Malabar Hill
Nishant,Malabar Hill
Nishat,Malabar Hill
Nishat Building,Malabar Hill
Auris Serenity,Malad
Alta Monte,Malad East
Alta Monte Tower B,Malad East
Altamonte,Malad East
Bhoomi Gokul,Malad East
Blue Mountain,Malad East
Blue Mountains,Malad East
Boulevard 15,Malad East
DEM Phoenix,Malad East
DGS Sheetal Ekta,Malad East
Express Zone,Malad East
F Residences,Malad East
F Residency,Malad East
Fressia Rani Bello,Malad East
Geetanjali CHS,Malad East
Kanakia Levels,Malad East
Lemont,Malad East
Mauli Pride,Malad East
Mohan Mahal,Malad East
Neev Galaxy Tower,Malad East
Om Trimurti,Malad East
Omkar Alta Monte,Malad East
Omkar Alta Monte Tower A,Malad East
Omkar Signet,Malad East
Raheja Residency,Malad East
Raheja Residency Tower T,Malad East
Raheja Township,Malad East
Rishabraj Sujai,Malad East
Rizvi Cedar,Malad East
Rizvi Oak,Malad East
Serenity,Malad East
Sethia Imperial Avenue,Malad East
Shah Arcade,Malad East
Shah Arcade 2,Malad East
Sheetal Dwar,Malad East
Sheetal Tapovan,Malad East
Shree Ram Nivas,Malad East
Sumit Pramukh Enclave,Malad East
The Park Residence,Malad East
Tower 28,Malad East
Upper 97 East,Malad East
Upper East 97,Malad East
Velentine Apartment,Malad East
Vrindavan Apartment,Malad East
9 Business Bay,Malad West
Abhimanyu,Malad West
Abrol Vastu Park,Malad West
Accord Nidhi,Malad West
Acme Enclave,Malad West
Adarsh Regal,Malad West
Aditya Heritage,Malad West
Ahimsa Tower,Malad West
Ajmera Boulevard,Malad West
Anand,Malad West
Ankur,Malad West
Arista Orlem Highrise,Malad West
Arkade Eden,Malad West
Arkade Serene,Malad West
Ascend Tower,Malad West
Ashirwad,Malad West
Ashok Enclave,Malad West
Auris Bliss,Malad West
Auris Clara,Malad West
Auris Galleria,Malad West
Auris Serenity,Malad West
Auris Serenity 3,Malad West
Auris Serenity Tower 2,Malad West
Auris Serinity,Malad West
Avalon Paradise,Malad West
Avirahi Heights,Malad West
Bay Vue,Malad West
Bhagat Grandeur,Malad West
Bhoomi Celestia,Malad West
Bhoomi Park,Malad West
Bhumi Celestia,Malad West
Blu Horizon,Malad West
Blue Horizon,Malad West
Blue Orbit,Malad West
Blue Orbit 3,Malad West
Chetna Kunj,Malad West
DLH Pride,Malad West
Dharti Pressidio,Malad West
Dheeraj Diamond,Malad West
Dheeraj Jamuna,Malad West
Dheeraj Solitaire,Malad West
Ekta Tripolis,Malad West
Evershine Grandeur,Malad West
Girdhar Park,Malad West
Heritage,Malad West
Interface 7,Malad West
Interface Heights,Malad West
Irene,Malad West
Jaswanti Allied Business Centre,Malad West
Jay Nagar,Malad West
Jayshree,Malad West
Kalpataru Pinnacle,Malad West
Kalpataru Radiance,Malad West
Keval Tower,Malad West
Kingston Palace,Malad West
Kingston Tower,Malad West
Knox Plaza,Malad West
Krishna Balaji,Malad West
Lodha Raj Infinia,Malad West
Lotus,Malad West
Lotus Link Square,Malad West
Lotus Sky Gardens,Malad West
Malad Swing,Malad West
Malad West – Gurukrupa Marina Enclave,Malad West
Manavsthal,Malad West
Marina Enclave,Malad West
Marquis Residences,Malad West
Mashayakh Tower,Malad West
Mayfair Marvel,Malad West
Metro Millenium,Malad West
Metro Millennium,Malad West
Montreal,Malad West
Nakul Raj,Malad West
Narang Vivenda,Malad West
New Simit Apartment,Malad West
Nirman,Malad West
One World,Malad West
Optimus,Malad West
Palm Springs,Malad West
Pratap Cress,Malad West
Quantum Towers,Malad West
Quiescent Heights,Malad West
Raheja Exotica,Malad West
Raheja Exotica Cyprus,Malad West
Raheja Exotica Sorento,Malad West
Raheja Interface,Malad West
Raheja Interface Heights,Malad West
Raj Infina,Malad West
Raj Infinia,Malad West
Raj Shiv Ganga,Malad West
Regent Galaxy,Malad West
Rishikesh Chs,Malad West
Rohit Tower,Malad West
Romell Diva,Malad West
Romell Rhythm,Malad West
Royal Oasis,Malad West
Runwal Auris,Malad West
Ruparel Stardom,Malad West
Rustomjee Adarsh Excellency,Malad West
Rustomjee Elanza,Malad West
Rustomjee Riviera,Malad West
Sand Dunes,Malad West
Saptaratna Tower,Malad West
Sati Darshan,Malad West
Serenity Heights,Malad West
Shakti Enclave,Malad West
Shakti Tower,Malad West
Sheth Irene,Malad West
Shree Ahimsa Dham,Malad West
Shree Balaji Aashirwad,Malad West
Shree Vallabh Tower,Malad West
Shreeji Aspire,Malad West
Shreeji Atlantis,Malad West
Shreeji Eternity,Malad West
Shreeji Nakshatra,Malad West
Shri Balaji Ashirwad,Malad West
Shri Balaji Enclave,Malad West
Silicon Park,Malad West
Silicon Park 3,Malad West
Solitaire Heights,Malad West
Sonata,Malad West
Treesourous,Malad West
VIR Paradise,Malad West
Vastu Park,Malad West
Vikas Park,Malad West
Vikas Park Tower,Malad West
Vineet Tower,Malad West
Vini Tower,Malad West
Whispering Heights,Malad West
World One,Malad West
Ajmera Midtown,Marine Drive
Bharat Mahal,Marine Drive
Krishna Mahal,Marine Drive
Mistry Court,Marine Drive
Niranjan,Marine Drive
Shanti Niketan,Marine Drive
Shyam Sadan,Marine Drive
Vijay Mahal,Marine Drive
Churchgate Chambers,Marine Lines
Dalamal Chambers,Marine Lines
Engineer Building,Marine Lines
Jolly Bhavan No. 2,Marine Lines
Marine Palace,Marine Lines
One Marina,Marine Lines
Pearl mansion,Marine Lines
Pil Court,Marine Lines
Prestige Ocean Towers,Marine Lines
Rewa Chambers,Marine Lines
Standard House,Marine Lines
Aangan,Matunga
Ajay Shopping Centre,Matunga
Cote De Orient,Matunga
Dwarkamai Tower,Matunga
Hubtown Harmony,Matunga
Hubtown Heavens,Matunga
Kesar Horizon,Matunga
Lifescapes Mirage,Matunga
Lifespaces Mirage,Matunga
Lodha Signet,Matunga
Mahavir Ville,Matunga
Modi Kunj,Matunga
Pinnacle,Matunga
Pratibha,Matunga
Ruparel Iris,Matunga
Rupji Swapnapurti,Matunga
Rustomjee 180 Bayview,Matunga
Siddhachal,Matunga
Tridhaatu Aaroha,Matunga
Venus,Matunga
W54,Matunga
Wadhwa Pristine,Matunga
Hubtown Harmony,Matunga East
Manav Heights,Matunga East
Aaditya Elegance,Matunga West
Infinity,Mazgaon
Aangan Avalon,Mira Road
Antariksh,Mira Road
Arch Garden,Mira Road
Arena,Mira Road
Arkade Art,Mira Road
Avant Garde,Mira Road
Beverly Park,Mira Road
Bhairav Residency,Mira Road
Cluster,Mira Road
Delta Vrindavan,Mira Road
Delta Woods,Mira Road
Dev Paradise,Mira Road
Evershine Woods,Mira Road
Gaurav Avishkar,Mira Road
Gaurav Chintan,Mira Road
Gaurav Excellency,Mira Road
Gaurav Greens,Mira Road
Gaurav Regency,Mira Road
Gaurav Samruddhi,Mira Road
Gaurav Woods,Mira Road
Heena Presidency,Mira Road
Hetal Park,Mira Road
Hubtown Gardenia,Mira Road
Hubtown Iris,Mira Road
JK Iris,Mira Road
JP North,Mira Road
JP North Garden City,Mira Road
Kakad Paradise,Mira Road
Kalpataru Srishti Namaah,Mira Road
Kasturi Heights,Mira Road
Laxmi Paradise,Mira Road
Lodha Aqua Artica,Mira Road
Mahadev Complex,Mira Road
Man Opus,Mira Road
Mira Sagar,Mira Road
N G Shelter,Mira Road
N.G.Galaxy,Mira Road
N.G.Palms,Mira Road
N.G.Vedant,Mira Road
Nakshatra Tower,Mira Road
Neminath Heights,Mira Road
Om Tower,Mira Road
Ostwal Orbit,Mira Road
Ostwal Orchid,Mira Road
Ostwal Point,Mira Road
Pinnacolo,Mira Road
Poonam Orbit,Mira Road
RNA Courtyard,Mira Road
Raj Exotica,Mira Road
Raj Horizon,Mira Road
Raj Mandir Complex,Mira Road
Rashmi Hetal,Mira Road
Rashmi Prime Corner,Mira Road
Raviraj Spring,Mira Road
S.K. Imperial Height,Mira Road
Sadguru Complex,Mira Road
Salasar Aashirwad,Mira Road
Sandstone,Mira Road
Sanghvi Complex,Mira Road
Sanghvi Ecocity,Mira Road
Sanghvi Nagar,Mira Road
Shanti Garden,Mira Road
Srishti,Mira Road
Sunder Aagan,Mira Road
Swarna,Mira Road
Swayam,Mira Road
Unique Aurum,Mira Road
Unique Signature,Mira Road
Vasudev Planet,Mira Road
Vrindavan Tower,Mira Road
Beverly Park,Mira Road East
Kalpataru Elitus,Mulund
Arihant Darpan,Mulund East
Sanskar,Mulund East
Shree Ram,Mulund East
Asha Apartment,Mulund West
Ashford Royale,Mulund West
Ashwa Platinum,Mulund West
Atmosphere,Mulund West
Atmosphere 02,Mulund West
City Of Joy,Mulund West
City Of Joy II,Mulund West
Golden Willows,Mulund West
Kalpataru Elitus,Mulund West
Kalpataru Elitus Mulund Weast,Mulund West
Kalpataru Summit,Mulund West
Kingston,Mulund West
L&T Rejuve 360,Mulund West
Lok Everest,Mulund West
Maple Heights,Mulund West
Marathon Cosmos,Mulund West
Marathon Millennia,Mulund West
Maxima,Mulund West
Oberoi Enigma,Mulund West
Oberoi Eternia,Mulund West
Om Shivam,Mulund West
Park Royale,Mulund West
Piramal Revanta,Mulund West
Prestige Forest Hills,Mulund West
Prestige Siesta,Mulund West
Rejuve 360,Mulund West
Runwal Anthurium,Mulund West
Runwal Chestnut,Mulund West
Runwal Greens,Mulund West
Runwal Pinnacle,Mulund West
Runwal Sanctuary,Mulund West
Runwal Tower,Mulund West
Ruparel Premia,Mulund West
Sheth Montana,Mulund West
Shreenath Tower,Mulund West
Silver Park,Mulund West
The Blue Diamond,Mulund West
The Gateway,Mulund West
Vasant Oscar,Mulund West
Wadhwa Atmosphere,Mulund West
Wadhwa Atmosphere O2,Mulund West
World Homes,Mulund West
Yogi Hills,Mulund West
Aqua Pearl,Mumbai Central
Bismillah Castle,Mumbai Central
Dudhwala Complex,Mumbai Central
KSA Palms,Mumbai Central
Nathani Heights,Mumbai Central
Navjeevan Society,Mumbai Central
Navjivan Society,Mumbai Central
Orchid Enclave,Mumbai Central
Aditya Akruti,Nana Chowk
Orbit Heights,Nana Chowk
Advent,Nariman Point
Atlanta,Nariman Point
Bajaj Bhavan,Nariman Point
Dalamal Tower,Nariman Point
Dalamal Towers,Nariman Point
Earnest House,Nariman Point
Embassy Centre,Nariman Point
Maker Chamber 3,Nariman Point
Mittal Court,Nariman Point
Mittal Tower,Nariman Point
Mittal Towers,Nariman Point
NCPA Apartments,Nariman Point
Nariman Bhavan,Nariman Point
Raheja Centre,Nariman Point
Shreyas CHS,Nariman Point
Sita Kunj,Nariman Point
Tulsiani Chambers,Nariman Point
Delta Wood,Near Thakur Mall Highway
"1️⃣ Gitanjali Apartment, Seven Bungalows",Nepean Sea Road
Apurva,Nepean Sea Road
Arun Building,Nepean Sea Road
Aryavarta,Nepean Sea Road
Ashutosh,Nepean Sea Road
Belmont,Nepean Sea Road
Bhaktawar Annexe,Nepean Sea Road
Brighton,Nepean Sea Road
Brij Kutir,Nepean Sea Road
Chandralok,Nepean Sea Road
Dariya Mahal,Nepean Sea Road
Diamond Court,Nepean Sea Road
"Eden Wood, Shastri",Nepean Sea Road
Embassy Apartments,Nepean Sea Road
Gulmarg,Nepean Sea Road
Kalpataru Kshitij,Nepean Sea Road
Kshitij,Nepean Sea Road
Laxmi Vilas,Nepean Sea Road
Lodha Costiera,Nepean Sea Road
Malabar Apartment,Nepean Sea Road
Matru Ashish,Nepean Sea Road
Monolith,Nepean Sea Road
Nepean House,Nepean Sea Road
Om Dariya Mahal,Nepean Sea Road
Orbit Arya,Nepean Sea Road
Punam,Nepean Sea Road
Raheja Regale,Nepean Sea Road
Raj Mala,Nepean Sea Road
Rubans,Nepean Sea Road
Runwal Residence,Nepean Sea Road
Sagar Kunj,Nepean Sea Road
Shanti Nagar,Nepean Sea Road
Shripal Nagar Building,Nepean Sea Road
Tahnee Heights,Nepean Sea Road
Videocon House,Nepean Sea Road
Beverly Park,Nerul
Neptune,Nerul
Shagun,Nerul
Shree Krishna,Nerul
The Signature,Nerul
Kakad House,New Marine Lines
Siddhivinayak,New Panvel
Opera House,Opera House
Panchratna Building,Opera House
Prasad Chambers,Opera House
Indra Darshan,Oshiwara
Indradarshan,Oshiwara
Kohinoor Apartment,Oshiwara
Reliable Business Centre,Oshiwara
Samarth Aangan,Oshiwara
Serenity Complex,Oshiwara
Shiv Shivam Tower,Oshiwara
Surabhi CHS,Oshiwara
Surabhi CHS – Oshiwara,Oshiwara
Tarapore Garden,Oshiwara
Indradarshan II,Oshiwara Andheri West
Dunhill Apartment,Pali Hill
Parishram Rustomjee,Pali Hill
Shubham,Pant Nagar
Anchor Victorian,Parel
Arihant Apartment,Parel
Arihant Tower,Parel
Ashok Tower,Parel
Ashok Towers,Parel
Bhavya Supreme,Parel
Crescent Bay Tower 3,Parel
Crescent Tower 6,Parel
Crystal Tower,Parel
Deep Residency,Parel
Dosti Belleza,Parel
Dosti Flamingos,Parel
Evita Empress,Parel
Falcon Crest,Parel
Glen Eagle,Parel
K K Tower,Parel
Kalpataru Avana,Parel
Kalpataru Habitat,Parel
Kingston Tower,Parel
"L , Type Balcony",Parel
L&T Crescent Bay,Parel
"L&T Crescent Bay, Parel",Parel
Lodha Aria,Parel
Lodha Azzuro,Parel
Lodha Primo,Parel
Lodha Venezia,Parel
Magnum Tower,Parel
Matoshree Pride,Parel
Mittal Aristo,Parel
Om Residency,Parel
Omkar Veda,Parel
One Avighna Park,Parel
Prarthana Heights,Parel
Prathana Heights,Parel
Publicis House,Parel
Raj Kamal Park,Parel
Rajkamal Heights,Parel
Ratan Central,Parel
Rishabh Tower,Parel
Royale Imperia,Parel
Runwal Nirvana,Parel
Runwal Nirwana,Parel
Ruparel Ariana,Parel
Ruparel Jewel,Parel
Ruparel Nova,Parel
Rupji Castle,Parel
Shree Vijaya Residency,Parel
Siddhivinayak Vastu,Parel
Sky Flama,Parel
Sun Tower,Parel
Vardhaman Estate,Parel
Vardhman Estate,Parel
Venezia,Parel
Ajanta Apartments,Peddar Road
Alpana,Peddar Road
Alpana Building,Peddar Road
Anand Darshan,Peddar Road
Asha Mahal,Peddar Road
Bhagwati Bhuvan,Peddar Road
Chandan,Peddar Road
Eddie House,Peddar Road
Kailash Mahal,Peddar Road
Maheshwari Niketan,Peddar Road
Marlboro House,Peddar Road
Nalanda,Peddar Road
Neelambar Annex,Peddar Road
Padam,Peddar Road
Pentacle,Peddar Road
Poonam Apartment,Peddar Road
Poornima Apartment,Peddar Road
Prabhu Kunj,Peddar Road
Prem Court @ Peddar Road,Peddar Road
Rijhumal Mansion,Peddar Road
Sadhna,Peddar Road
Shiv Tirth,Peddar Road
Sonarica,Peddar Road
Sukh Shanti,Peddar Road
Sunbeam,Peddar Road
Vasant Apartments,Peddar Road
Vimla Mahal,Peddar Road
Woodlands,Peddar Road
ATL Corporate Park,Powai
Adityavardhan,Powai
Amaryllis,Powai
Ambrosia,Powai
Atlantis,Powai
Avalon,Powai
Birchwood,Powai
Blue Heaven,Powai
Boomerang,Powai
Brentwood,Powai
Canna,Powai
Castle Rock,Powai
Castle Rock Hiranandani,Powai
Chittaranjan Tower,Powai
Cosmopolitan,Powai
Crescent Silverwoods,Powai
Daffodil,Powai
Delta,Powai
Dilkap Grandeur,Powai
Eden Building,Powai
Eden IV,Powai
Eldora,Powai
Eldora Hiranandani,Powai
Elixir Reserve,Powai
Emerald Isle,Powai
Emerald Park,Powai
Evening Glory,Powai
Evening Star,Powai
Evershine Sapphire,Powai
Excel Tower,Powai
Florentine,Powai
Frangipani,Powai
Galleria Mall,Powai
Gateway Plaza,Powai
Glen Gate,Powai
Glen Heights,Powai
Glen Ridge,Powai
Godrej Urban Park,Powai
Golden Oak,Powai
Gundecha Hills,Powai
Harmony,Powai
Harshvardhan CHS,Powai
Harshwardhan,Powai
Highland,Powai
Hiranandani Atlantis,Powai
Hiranandani Business Park,Powai
Hiranandani Castle Rock,Powai
Hiranandani Empress Hill,Powai
Hiranandani Heritage,Powai
Hiranandani Highland,Powai
Hiranandani Lighthall,Powai
Hiranandani Octavius,Powai
Hiranandani Regent Hill,Powai
Hiranandani Solitaire,Powai
Hiranandani Zen Maple,Powai
Horizon,Powai
Jal Vayu Vihar,Powai
Jamaica,Powai
Jonquille and Jamaica,Powai
Kalpataru Woodsville,Powai
Kanakia Silicon Valley,Powai
Kanakia Silicon Valley Tower-C,Powai
Kanakia Zillion,Powai
Kingston,Powai
L&T Elixir Reserve,Powai
L&T Emerald Isle,Powai
L&T Emerald Isle Tower 10,Powai
L&T Veridian,Powai
L&T Veridian Powai,Powai
Lake Castle,Powai
Lake Florence,Powai
Lake Lucerne,Powai
Lake Pleasant,Powai
Lake Primrose,Powai
Lake Side,Powai
Lake Superior,Powai
Lantana,Powai
Laurel and Lilac,Powai
"Lnt Emerald Isle & Vedician, Powai",Powai
Lodha Bellagio,Powai
Lodha Bellagio Tower C,Powai
Lodha Supremus,Powai
Lok Milan,Powai
Mahavir Classik,Powai
Mahindra Alcove,Powai
Maple Leaf,Powai
Minal Apartment,Powai
Nahar Barberry and Bryony,Powai
Nahar Cayenne,Powai
Nahar Lilium Lantana,Powai
Octavius,Powai
Olivia,Powai
Orchid Enclave,Powai
Palatial Heights,Powai
Panch Leela,Powai
Panch Mahal,Powai
Panch Srishti Complex,Powai
Panch Vati,Powai
Pluto,Powai
Powai Cosmopolitan Society,Powai
Powai Park,Powai
Powai Vihar,Powai
Powai Vihar Complex,Powai
Princeton,Powai
Raheja Ascencio,Powai
Raheja Ascensio,Powai
Raheja Nest,Powai
Raheja Vihar,Powai
Raheja Vistas,Powai
Rainbow,Powai
Raj Grandeur,Powai
Ramesh Divekar,Powai
Regency Park,Powai
Regent Hill,Powai
Richmond,Powai
Rosa Alba,Powai
Sahil Exotica,Powai
Sahil Exotica Chandivali,Powai
Sahil Exotica – Chandivali,Powai
Sapphire Lakeside,Powai
Shiv Om Tower,Powai
Shree Krishna,Powai
Silicon Valley,Powai
Silver Oak,Powai
Somerset,Powai
Sun Glory,Powai
Sun Heights,Powai
Suncity Complex,Powai
Synchronicity,Powai
Tata Symphony,Powai
Torino,Powai
Towards D-mart Side,Powai
Trinity,Powai
Tulip,Powai
Tulipia and Tilia,Powai
Twilight,Powai
Valencia,Powai
Vasukamal,Powai
Veridian,Powai
Veridian at Emerald Isle,Powai
Verona,Powai
Vicinia,Powai
Wadhwa Solitaire,Powai
Water Lily & White Lily,Powai
Whispering Woods,Powai
Woodland Heights,Powai
Yarrow,Powai
Zen Atlantis,Powai
Zinnia,Powai
1515 Moneco,Prabhadevi
25 South,Prabhadevi
25 South Tower,Prabhadevi
Ahuja Tower,Prabhadevi
Asteria Height,Prabhadevi
Atlanta,Prabhadevi
Atlanta Heights,Prabhadevi
Avershakhar Shrusti,Prabhadevi
Bay View Terraces,Prabhadevi
Bayview Terraces,Prabhadevi
Beaumonde,Prabhadevi
Bhagyashree CHS,Prabhadevi
Bussa Industrial Estate,Prabhadevi
Cadel Plaza,Prabhadevi
Chaitanya Tower,Prabhadevi
Chaitanya Towers,Prabhadevi
Classique Heights,Prabhadevi
Cnergy,Prabhadevi
Cosmo Majestic,Prabhadevi
Cosmos Majestic,Prabhadevi
El Dorado,Prabhadevi
El-Dorado,Prabhadevi
Elanza,Prabhadevi
Eon One,Prabhadevi
Gandhar Tower,Prabhadevi
Grace Orchid,Prabhadevi
Hrishikesh Apartment,Prabhadevi
Indiabulls Sky Forest,Prabhadevi
Ivory Tower,Prabhadevi
Jahangir,Prabhadevi
Jayant Apartment,Prabhadevi
Jayant Sapphire,Prabhadevi
Kalpataru Oceana,Prabhadevi
Kamana Apartment,Prabhadevi
Krypton Tower,Prabhadevi
Kuber Tower,Prabhadevi
Kuber Towers,Prabhadevi
Laxmi Gopal,Prabhadevi
Lifescapes Aquino,Prabhadevi
Lodha Grandeur,Prabhadevi
MAK Mariano,Prabhadevi
Madhukunj Apartment,Prabhadevi
Maimoon Apartment,Prabhadevi
Majestic Tower,Prabhadevi
Mamta,Prabhadevi
Mamta Apartment,Prabhadevi
Moon Reach,Prabhadevi
Naman Midtown,Prabhadevi
Neel Sagar,Prabhadevi
Ocean Gold,Prabhadevi
Ocean Star,Prabhadevi
Omega Luxuria,Prabhadevi
Orbit Plaza,Prabhadevi
Paschim Apartment,Prabhadevi
Pearl Residency,Prabhadevi
"Pearl Residency , Prabhadevi",Prabhadevi
Prabhadevi Industrial Estate,Prabhadevi
Prestige Heights,Prabhadevi
Prithvi Emperor,Prabhadevi
Purshottam Tower,Prabhadevi
Raheja Empress,Prabhadevi
Raheja Princess,Prabhadevi
Rameshwaram Apartment,Prabhadevi
Rishabh Tower,Prabhadevi
Royal Accord,Prabhadevi
Rustom,Prabhadevi
Rustomjee Crown,Prabhadevi
Rustomjee Crown Tower A,Prabhadevi
Rustomjee Crown Tower B,Prabhadevi
Rustomjee Crown Tower C,Prabhadevi
Sanghi Residency,Prabhadevi
Sanjay CHS,Prabhadevi
Sanskruti,Prabhadevi
Sea Sequence,Prabhadevi
Shaan Apartment,Prabhadevi
Siddhivinayak Grandeur,Prabhadevi
Siddhivinayak Horizon,Prabhadevi
Silver Apartment,Prabhadevi
Silver Dune,Prabhadevi
Star Apartment,Prabhadevi
Sugee Atharva,Prabhadevi
Sumer Apartment,Prabhadevi
Sumer Trinity,Prabhadevi
Sumer Trinity Vertical,Prabhadevi
Summer Trinity,Prabhadevi
Sunset heights,Prabhadevi
Suraj Tranquil Bay,Prabhadevi
Suvidha Emerald,Prabhadevi
Tanna Residency,Prabhadevi
The Majestic,Prabhadevi
Tranquil Bay,Prabhadevi
Trevadia Vue Point,Prabhadevi
Trivedia Vue Point,Prabhadevi
Twin Tower,Prabhadevi
Twin Towers,Prabhadevi
Udhyan Darshan,Prabhadevi
Udyan Darshan,Prabhadevi
Utkarsh,Prabhadevi
Vaibhav Apartment,Prabhadevi
Vaibhav Apartments,Prabhadevi
Vinayak Angan,Prabhadevi
Vision Crest,Prabhadevi
Wadhwa 25 South,Prabhadevi
Harmony,Raheja Vihar
Lotus Residency,Ram Mandir
Aishwarya,Samartha
Bhoomi Paradise,Sanpada
Goodwill Unity,Sanpada
Tricity Skyline,Sanpada
Vivant,Sanpada
AP Ekam,Santacruz
Chitra,Santacruz
Shalaka,Santacruz
White Lotus,Santacruz
A.G Park,Santacruz East
Alpine Vistara,Santacruz East
Ambit Vista,Santacruz East
Amity Apartments,Santacruz East
Atmiya Centria,Santacruz East
Bougainvillea,Santacruz East
Conwood Astoria,Santacruz East
Dani Corporate Park,Santacruz East
Dheeraj Insignia,Santacruz East
Dunhill Corner,Santacruz East
Emerald,Santacruz East
Florence,Santacruz East
Golden Square,Santacruz East
Harmony Apartment,Santacruz East
Insignia,Santacruz East
Kabra Centroid,Santacruz East
Kalpataru Bliss,Santacruz East
Kalpataru Primus,Santacruz East
Kings,Santacruz East
Krishna Regency,Santacruz East
Legend,Santacruz East
Legend Apartments,Santacruz East
MS H20,Santacruz East
Morya Crystal,Santacruz East
New Vinay,Santacruz East
Olive,Santacruz East
Palazzo,Santacruz East
Prabhat Residency,Santacruz East
Prasanna Ashiana Chsl,Santacruz East
Primus Residences,Santacruz East
Runwal Symphony,Santacruz East
Sagar Avenue,Santacruz East
Sagar Avenue II,Santacruz East
Sanghvi Aria,Santacruz East
Sheetal Airwings,Santacruz East
Sheil Estate,Santacruz East
Silver Nook,Santacruz East
Spring Time,Santacruz East
Sumit Artista,Santacruz East
Sunshine Heights,Santacruz East
Vaibhav Paradise,Santacruz East
Windsor,Santacruz East
64 Greens,Santacruz West
81 Crest,Santacruz West
AP Cosmos,Santacruz West
AP Ekam,Santacruz West
Acharat Baug,Santacruz West
Anand Bhavan,Santacruz West
Anand Bhuvan,Santacruz West
Anand Bhuwan,Santacruz West
Anand Villa,Santacruz West
Ariisto Sapphire,Santacruz West
Aristo Sapphire,Santacruz West
Arkade Aura,Santacruz West
Arsha Villa,Santacruz West
Artteza,Santacruz West
Arvasu,Santacruz West
Ashiana,Santacruz West
Atlanta,Santacruz West
Aum Sequoia,Santacruz West
Avanti,Santacruz West
Avanti Society,Santacruz West
Ave Maria,Santacruz West
Avenue 14 For Lease At Dadar East,Santacruz West
Balaji Tower,Santacruz West
Balkrishna Apartment,Santacruz West
Beacon,Santacruz West
Bhagtani Pearl,Santacruz West
Bombino Apartments,Santacruz West
Business Suites 9,Santacruz West
Business Suits 9,Santacruz West
Casa Bianca,Santacruz West
Casablanca,Santacruz West
Central Avenue,Santacruz West
Chamunda Niwas,Santacruz West
Chandak 69,Santacruz West
Chitra,Santacruz West
Chitra Apartments,Santacruz West
Commerz 54,Santacruz West
Cosmos,Santacruz West
DLH Dawn,Santacruz West
Darshan Smruti,Santacruz West
Del House,Santacruz West
Dheeraj Heritage,Santacruz West
Dheeraj Heritage Residency,Santacruz West
Dheeraj Serenity,Santacruz West
Diamond Palace,Santacruz West
Dream Queen,Santacruz West
Dwarka Building,Santacruz West
Ekam,Santacruz West
Ekta Trinity,Santacruz West
Elite Simran,Santacruz West
Exclusive,Santacruz West
Fairwinds,Santacruz West
Fernvel,Santacruz West
Garden King,Santacruz West
Geetanjali,Santacruz West
Girnar Society,Santacruz West
Gladhurst,Santacruz West
Goghari Mansion,Santacruz West
Gokul Mohan,Santacruz West
Gokul Sangeet,Santacruz West
Gokul Shushma,Santacruz West
Gokul Sushma,Santacruz West
Grandeur,Santacruz West
Greenfield,Santacruz West
Haripreet,Santacruz West
Heimat,Santacruz West
Holly Hock,Santacruz West
Jai View,Santacruz West
Jeevan Sona,Santacruz West
Juhu Breeze CHS,Santacruz West
Jyoti,Santacruz West
K L Mehrise,Santacruz West
Kakad Mansion,Santacruz West
Kala Kunj CHS Ltd,Santacruz West
Kalpana,Santacruz West
Kalpataru Imperia,Santacruz West
Kamla Space,Santacruz West
Kamleshwar,Santacruz West
Khira Nagar,Santacruz West
Krimson Aurum,Santacruz West
Krishna Heritage,Santacruz West
Landmark,Santacruz West
Laxmi Narayan,Santacruz West
Le Chateau,Santacruz West
Le Repos,Santacruz West
Leocadia,Santacruz West
Link Palace,Santacruz West
Little Star,Santacruz West
Louisiana Apartments,Santacruz West
Madhuvan,Santacruz West
Maheshwar Darshan,Santacruz West
Maheshwar Prakash II,Santacruz West
Maheshwar Shikhar,Santacruz West
Manas Rangoli,Santacruz West
Manas Rangoli Residency,Santacruz West
Manek,Santacruz West
Mangal Kripa,Santacruz West
Mangesh Darshan,Santacruz West
Mantri Parijat,Santacruz West
Mantri Sujata,Santacruz West
Marble Arch,Santacruz West
Mayfair Boulevard,Santacruz West
Mayfair Liv,Santacruz West
Meera,Santacruz West
Mehrise,Santacruz West
Midsummer,Santacruz West
Mirchandani Triton,Santacruz West
Modern Silver Moon,Santacruz West
Monarch Westview,Santacruz West
More Bunglow,Santacruz West
Mystique Rose Apartment,Santacruz West
Nav Chetna,Santacruz West
Nav Natraj,Santacruz West
New Diamond Palace Building,Santacruz West
New Ratnadeep,Santacruz West
New Saket,Santacruz West
North 19,Santacruz West
Nutex,Santacruz West
Odina,Santacruz West
Omkar,Santacruz West
Options World,Santacruz West
Orchid Elegance,Santacruz West
Orchid Pride,Santacruz West
Orchid Vasundhara,Santacruz West
Orion,Santacruz West
Orion West,Santacruz West
Palacimo,Santacruz West
Palazzo Opulence,Santacruz West
Palm Grove,Santacruz West
Panchsheel Society,Santacruz West
Panorama,Santacruz West
Paradigm Vogue,Santacruz West
Parishram,Santacruz West
Pebbles Marina,Santacruz West
Pegasus,Santacruz West
Phalguni,Santacruz West
Pioneer Heritage Residency,Santacruz West
Platina,Santacruz West
Prakash Building,Santacruz West
Prakash Villa,Santacruz West
Prayushi,Santacruz West
Preetika Apartment,Santacruz West
Prem Sagar,Santacruz West
Prem Sagar Building,Santacruz West
Prime Centre,Santacruz West
Prime Plaza,Santacruz West
Pushpa Vatika,Santacruz West
"Pushpa Vatika, Poddar",Santacruz West
RNA Aurovilla,Santacruz West
RNA Auroville,Santacruz West
Raheja Sapphire,Santacruz West
Raj Kamal,Santacruz West
Rajhans Otium,Santacruz West
Rajnigandha CHS,Santacruz West
Regal,Santacruz West
Rehana Heights,Santacruz West
Retreat II,Santacruz West
Rishabraj Blue Lotus,Santacruz West
Rishabraj Mangal Varsha,Santacruz West
Rosie Apartment,Santacruz West
Ruparel Panache,Santacruz West
Sagar Darshan,Santacruz West
Sailesh Building,Santacruz West
Sainara,Santacruz West
Salmona Ville,Santacruz West
Sangam Apartment,Santacruz West
Sangeeta,Santacruz West
Sapphire,Santacruz West
Saraswat Colony,Santacruz West
Sarkar Avenue,Santacruz West
Saryu,Santacruz West
Satguru Tower,Santacruz West
Saturn,Santacruz West
Saurabh,Santacruz West
Savoy Chambers,Santacruz West
Seasons Residency,Santacruz West
Seasons Trimurti,Santacruz West
Sequoia,Santacruz West
Serenity Tower,Santacruz West
Serenity Towers,Santacruz West
Shalaka,Santacruz West
Shalimar,Santacruz West
Shalimar Apartments,Santacruz West
Shankardeep,Santacruz West
Shikhar,Santacruz West
Shilpa Apartment,Santacruz West
Shiv Laj,Santacruz West
Shivdham,Santacruz West
Shreyas Residency,Santacruz West
Silicon Valley,Santacruz West
Sorrento,Santacruz West
Span Centre,Santacruz West
Sujal Apartments,Santacruz West
Sunaina,Santacruz West
Suraj Apartments,Santacruz West
Suvarna Apartment,Santacruz West
Tapovan,Santacruz West
The Designate,Santacruz West
Unique Aura,Santacruz West
Usha Villa,Santacruz West
Valencia,Santacruz West
Vasant Kunj,Santacruz West
Vasundhara,Santacruz West
Veena Solace,Santacruz West
Victoria,Santacruz West
Vikas Center,Santacruz West
Villa Capri,Santacruz West
Violet Villa,Santacruz West
Vogue,Santacruz West
Well Finished With Srtb,Santacruz West
West View,Santacruz West
White Lotus,Santacruz West
Winderme,Santacruz West
Windermere,Santacruz West
Woodstock,Santacruz West
Woodstock Garden,Santacruz West
Woodstock Gardens,Santacruz West
Yogniti,Santacruz West
Hubtown Premier,Seven Bungalow
Ashok Gardens,Sewri
Celestia Space,Sewri
Celestia Spaces,Sewri
Dosti Flamingos,Sewri
Kingston Tower,Sewri
Krypton Tower,Sewri
L&T Crescent Bay,Sewri
Metropolis,Sewri
Prarthana Grand,Sewri
Regal Industrial Estate,Sewri
Rushab Tower,Sewri
Rushabh Tower,Sewri
Hiranya CHS,Shivaji Park
Arihant Residency,Sion
Dosti Elite,Sion
Dosti Mezzo 22,Sion
Hubtown Vedant,Sion
Kalpataru Residency,Sion
Raheja Amaltis,Sion
Raheja Regency,Sion
Rustomjee Aspiree,Sion
Shikara Heights,Sion
Temple Hill,Sion
Sheth Beaumonte,Sion East
Aaradhya Avaan,Tardeo
Aarti Building,Tardeo
Adinath,Tardeo
Adinath Apartments,Tardeo
Aditya Heights,Tardeo
Arun Chambers,Tardeo
Crescent Aria,Tardeo
Crescent Heights,Tardeo
Crescent Tower,Tardeo
Fort,Tardeo
GRS Imperia,Tardeo
Girnar Building,Tardeo
Gold Coin,Tardeo
Great Eastern Royale,Tardeo
Imperia Garden,Tardeo
Imperial Tower,Tardeo
Imperial Towers,Tardeo
Khalakdina Terrace,Tardeo
Khushnuma Apartment,Tardeo
Kinjal Heaven,Tardeo
Le Jardine,Tardeo
Le Palazzo,Tardeo
Lodha Altamount,Tardeo
Lodha Marq,Tardeo
Meru Tower,Tardeo
Nishat,Tardeo
Orbit Heights,Tardeo
Pashmina,Tardeo
Petit Mansion,Tardeo
Prithvi Apartments,Tardeo
Raheja Excelsior,Tardeo
Sahakar Niwas,Tardeo
Shree Villa,Tardeo
Solitaire Apartments,Tardeo
Spenta Stardeous,Tardeo
Tardeo Court,Tardeo
The Imperial,Tardeo
Turf View,Tardeo
Valencia Tower,Tardeo
Vastu Shilp,Tardeo
Veesita Luxuria,Tardeo
Walchand Terraces,Tardeo
Wellingdon View,Tardeo
Wellington Heights,Tardeo
Wellington View,Tardeo
Yash Apartment,Tardeo
Gundecha Trillium,Thakur Village
Ashar Sapphire,Thane
Ashar Sapphire CHS,Thane
27 GBR,Thane West
Aakar Residency,Thane West
Aarambh,Thane West
Ace Enclave,Thane West
Acme Ozone,Thane West
Acura,Thane West
Ashar Axis,Thane West
Ashar Enclave,Thane West
Ashar Residency,Thane West
Athena,Thane West
Auralis The Twins,Thane West
Azelia,Thane West
Bella Vista,Thane West
Bhakti Park,Thane West
Bhoomi Acres,Thane West
Brahmand,Thane West
Canary,Thane West
Cardinal,Thane West
Casa Marina,Thane West
Casa Ultima,Thane West
"Centrum Business Square, Wagle Estate",Thane West
Centura Square,Thane West
Cosmos Horizon,Thane West
Cosmos Jewels Ruby Phase III,Thane West
Cosmos Lounge,Thane West
Cosmos Orchid Iris,Thane West
Cosmos Park I,Thane West
Crown,Thane West
Crystal Spires,Thane West
Dev Corpora,Thane West
Devashree Park,Thane West
Dosti Desire Pearl,Thane West
Dosti Imperia,Thane West
Dosti Imperia Gracia,Thane West
Dosti Majesta,Thane West
Dosti Pinnacle,Thane West
Dosti Vihar,Thane West
Dosti West County,Thane West
Dosti West County - Dosti Cedar,Thane West
Dosti West County Heron,Thane West
Dosti West County Olive,Thane West
Eden Woods,Thane West
Elysium,Thane West
Everest World Phase V,Thane West
Flamingo,Thane West
G Corp,Thane West
Galaxy Tower,Thane West
Godrej Emerald,Thane West
Golden Park,Thane West
Grand Square,Thane West
Greeshma,Thane West
Hansraj Heights,Thane West
Happy Valley Homes,Thane West
Harmony Horizon,Thane West
Harmony Sky Suites,Thane West
Haware Citi,Thane West
Haware Estate Tulip,Thane West
Highland Gardens,Thane West
Highland Haven,Thane West
Highland Park,Thane West
Highland residency,Thane West
Hiranandani Estate Caviana,Thane West
Hiranandani Lake Enclave Glenwood,Thane West
Hiranandani Meadows,Thane West
"Hiranandani Meadows, Manpada",Thane West
Hiranandani Solitaire,Thane West
Hiranandani Solus,Thane West
Hiranandani The Walk,Thane West
Horizon Flora,Thane West
Hubtown Greenwoods,Thane West
Imperial,Thane West
Jangid Galaxy,Thane West
Jasmine Towers,Thane West
Jasper,Thane West
Jupiter,Thane West
Kabra Galaxy,Thane West
Kalpataru Hills,Thane West
Kalpataru Hills Pristine,Thane West
Kalpataru Immensa,Thane West
Kalpataru Paramount,Thane West
Kalpataru Sunrise,Thane West
Kalpataru Sunrise Kolshet,Thane West
Kanchanganga Tower,Thane West
Kavya Hill View,Thane West
Kingston Hiranandani,Thane West
Lalani Residency,Thane West
Larkins 315,Thane West
Laxmi Narayan Residency,Thane West
Lodha Amara,Thane West
Lodha Casa Viva,Thane West
Lodha Iris,Thane West
Lodha Luxuria,Thane West
Lodha Luxuria Priva,Thane West
Lodha Luxuria Secret 9,Thane West
Lodha Splendora,Thane West
Lodha Stella,Thane West
Lodha Sterling,Thane West
MBC Park,Thane West
Mahavir Kalpavruksha,Thane West
Mansarovar,Thane West
Marigold,Thane West
Marigold Tulip,Thane West
Mayfair Meridian,Thane West
Mayflower,Thane West
Meadows,Thane West
Mount Casa,Thane West
Nakshatra Arena,Thane West
Neelkanth Greens,Thane West
Neelkanth Heights,Thane West
Neelkanth Palms,Thane West
Neelkanth Valley,Thane West
Neelkanth Woods,Thane West
Olympia,Thane West
Om Sai,Thane West
Om Sai Plaza,Thane West
Opal Square,Thane West
"Opal Square, Wagle Estate",Thane West
Oriana Business Park,Thane West
Palacia,Thane West
Palacia Phase 2,Thane West
Palash,Thane West
Park Woods,Thane West
Pinewood,Thane West
Pioneer Park,Thane West
Piramal Vaikunth,Thane West
Piramal Vaikunth Vairat,Thane West
Piramal Vaikunth Vyan,Thane West
Platina,Thane West
Prakruti Palms,Thane West
Prakruti Pearl,Thane West
"Prestige Garden, Panchpakhadi",Thane West
Prestige Gardens,Thane West
Prestige Residency,Thane West
Prestige Valley,Thane West
Pride Palms,Thane West
Pride Residency,Thane West
Puranik Aarambh,Thane West
Puranik City,Thane West
Puranik City Reserva,Thane West
Puranik Hometown,Thane West
Puranik Rumah Bali,Thane West
Puraniks Tokyo Bay,Thane West
Pushpanjali Residency,Thane West
Queensgate,Thane West
Raheja Complex,Thane West
Raj Tattva,Thane West
Raunak Heights,Thane West
Raunak Paradise,Thane West
Regency Heights,Thane West
Regency Towers,Thane West
Residency,Thane West
Rodas Enclave Rosemount,Thane West
Rodas Enclave Royce,Thane West
Rosa Bella,Thane West
Rosa Classic,Thane West
Rosa Gardenia,Thane West
Rosa Manhattan,Thane West
Rosa Oasis,Thane West
Rosa Royale,Thane West
Rumah Bali B1,Thane West
Runwal Eirene,Thane West
Runwal Estate,Thane West
Runwal Garden City,Thane West
Runwal Pearl,Thane West
Rustomjee Athena,Thane West
Rustomjee Azziano,Thane West
Rustomjee Azziano J Wing,Thane West
Rustomjee Urbania,Thane West
Rutu City Richmond,Thane West
Rutu Estate,Thane West
STG Signature,Thane West
Sagar Residency,Thane West
Sanghvi Hills,Thane West
Sanskar CHS,Thane West
Satguru Solitaire,Thane West
Satya Shankar Residency,Thane West
Serita,Thane West
Sheth Avalon,Thane West
Sheth Avalon G Wing,Thane West
Sheth Juri Majiwada,Thane West
Sheth Zuri,Thane West
Shiv Sai Paradise,Thane West
Shree Drushti,Thane West
Siddhachal Elite,Thane West
Silver Woods,Thane West
Soham Gardens,Thane West
Soham Tropical Lagoon,Thane West
Solitare-A,Thane West
Solus,Thane West
Sparta,Thane West
Springhill,Thane West
Sudarshan Sky Garden,Thane West
Sukur Residency,Thane West
Supernal Garden,Thane West
Swastik Plaza,Thane West
Swastik Regalia,Thane West
Tata Glendale,Thane West
Tata Serein,Thane West
The Walk,Thane West
Tribeca,Thane West
Tropical Elite,Thane West
Tropical Lagoon Bougainvillea,Thane West
Tropical Lagoon Jacaranda,Thane West
Twinkle Tower,Thane West
Unique Greens,Thane West
Unnathi Woods,Thane West
Unnathi Woods 6,Thane West
Vardhman Garden,Thane West
Vasant Athena,Thane West
Vasant Lawns,Thane West
Vasant Vihar,Thane West
Vatika,Thane West
Vihang Hills,Thane West
Vihang Valley,Thane West
Vihang Vermont,Thane West
Vijay Annex 29,Thane West
Vijay Galaxy,Thane West
Vijay Orion,Thane West
Vijay Park,Thane West
Vijay Vatika,Thane West
Vijay Vilas,Thane West
Villa Grand,Thane West
Wadhwa Courtyard,Thane West
Wadhwa Elite-Platina,Thane West
Wadhwa Rhodesia,Thane West
Wonder Mall,Thane West
Eden Park,Ulwe
Icon,Ulwe
Orchid Heights,Ulwe
Orchid Woods,Ulwe
Sai Sapphire,Ulwe
Today Imperia,Ulwe
Today Shree Smaran,Ulwe
White Woods,Ulwe
BSEL Tech Park,Vashi
Barcelona,Vashi
Cyber One,Vashi
Four Units Bungalows,Vashi
Gami Jade,Vashi
Maruti Prasad,Vashi
Platinum Technopark,Vashi
Crystal Paradise,Veera Desai
Akansha,Versova
Arshie Complex,Versova
Cozy Apartment,Versova
Lumiere Tower,Versova
Anjali,Vikhroli
Godrej Platinum,Vikhroli
Godrej The Trees,Vikhroli
Godrej The Trees I,Vikhroli
Godrej Trees,Vikhroli
Mayfair Hillcrest,Vikhroli
Mayfair The View,Vikhroli
Raj Legacy,Vikhroli
Abr Signature,Vile Parle East
Airport View,Vile Parle East
Akruti Erica,Vile Parle East
Akruti Orion,Vile Parle East
Arkade Pearl 2,Vile Parle East
Bajaj Shubhada,Vile Parle East
Bileshwar Darshan,Vile Parle East
Charmee Enclave,Vile Parle East
E Square,Vile Parle East
Everest Cleopatra,Vile Parle East
Galaxy Pinnacle,Vile Parle East
Harshail Horizon,Vile Parle East
Jai Vijay,Vile Parle East
Jeevan Tara Chs Ltd,Vile Parle East
Kalpavriksha,Vile Parle East
Kamal,Vile Parle East
Krishna Kunj,Vile Parle East
Milan Apartment,Vile Parle East
Samkit,Vile Parle East
Shamik Odyssey,Vile Parle East
Siddha Niwas,Vile Parle East
Umia CHS,Vile Parle East
Universal Paradise,Vile Parle East
VKG Park Estate,Vile Parle East
Vaidya Cottage,Vile Parle East
Zee Heights,Vile Parle East
Ajmera Shringaar,Vile Parle West
Anand Bhavan,Vile Parle West
Arihant,Vile Parle West
Bharat Primavistas,Vile Parle West
Cello,Vile Parle West
Chandak Vansham,Vile Parle West
Dev Plaza,Vile Parle West
Insignia,Vile Parle West
Insignia Apartment,Vile Parle West
Irla,Vile Parle West
Jade Park,Vile Parle West
Juhu Griha Swapna,Vile Parle West
Kothare CHS,Vile Parle West
Kuber Villa,Vile Parle West
ML Spaces,Vile Parle West
Man Excellenza,Vile Parle West
New Vrindavan,Vile Parle West
Options Emporio,Vile Parle West
Parijat,Vile Parle West
Pooja Apartments,Vile Parle West
Pratap Elegance,Vile Parle West
Prem Nagar,Vile Parle West
Priti Paradise,Vile Parle West
Rushabh,Vile Parle West
Sangam Arcade,Vile Parle West
Shagun Residency,Vile Parle West
Shelton CHS,Vile Parle West
Shiv Om Building,Vile Parle West
Snehadhara CHSL,Vile Parle West
Tirthal,Vile Parle West
Trishla Apartment,Vile Parle West
Wisteria,Vile Parle West
Kastur Park,Virar
Ajmera Aeon,Wadala
Ajmera Greenfinity,Wadala
Ajmera Manhattan 3A-3B,Wadala
Ajmera Treon,Wadala
Ajmera Zeon,Wadala
Aster,Wadala
Bhavya Heights,Wadala
Chinar CHS,Wadala
Cosmic Heights,Wadala
Desai Harmony,Wadala
Dosti Acres,Wadala
Dosti Ambrosia,Wadala
Dosti Aster,Wadala
Dosti Blossom,Wadala
Dosti Eastern Bay,Wadala
Dosti Florentine,Wadala
Emgee Greens,Wadala
Girnar Heights,Wadala
Godrej Horizon,Wadala
Lodha Altia,Wadala
Lodha Dioro,Wadala
Lodha Elisium,Wadala
Lodha Enchante,Wadala
Lodha Estrella,Wadala
Lodha Evoq,Wadala
Lodha Gardenia,Wadala
Lodha New Cuffe Parade,Wadala
Lodha Supremus,Wadala
Lodha Supremus Kolshet,Wadala
Siddha Sky,Wadala
Sunshine Infinity,Wadala
Golden Oak,Wadala East
A1 Apartments,Walkeshwar
Adarsh,Walkeshwar
Anita,Walkeshwar
Anita Apts,Walkeshwar
Aravali,Walkeshwar
Asmita Apartment,Walkeshwar
Bakhtawar Annexe,Walkeshwar
Capri,Walkeshwar
Chandanbala,Walkeshwar
Cosmopolise,Walkeshwar
Dani Sadan,Walkeshwar
Darshan Apartment,Walkeshwar
Dunkeld,Walkeshwar
Everest Apartments,Walkeshwar
Ganges Apartments,Walkeshwar
Jamuna Niketan,Walkeshwar
Jeevan Vihar,Walkeshwar
Kalpavraksha,Walkeshwar
Lands End,Walkeshwar
Las Palmas,Walkeshwar
Lodha Seamont,Walkeshwar
Loyalka Compound,Walkeshwar
Manavi Apartment,Walkeshwar
Mangal Kunj,Walkeshwar
Meera,Walkeshwar
Necklace View,Walkeshwar
Nishat,Walkeshwar
Park View,Walkeshwar
Prakash,Walkeshwar
Pushpanjali,Walkeshwar
Ritu Apartments,Walkeshwar
Sagar Mahal,Walkeshwar
Sanidhya,Walkeshwar
Shamkala,Walkeshwar
Shri Ishwar Bhawan,Walkeshwar
Sorento,Walkeshwar
Sudha Kalash,Walkeshwar
Suryadarshan,Walkeshwar
Tenerife,Walkeshwar
The Legend,Walkeshwar
Veena Apartment,Walkeshwar
Sky Scraper,Warden Road
"Allura , Lodha Park",Worli
"Allura, Lodha Park",Worli
Ansal Heights,Worli
Aseem,Worli
Aurum Arts,Worli
Aurus Chambers,Worli
Avanti Apartment,Worli
Avarsekar Heights,Worli
Aversekar Heights,Worli
Awarsekar Height,Worli
B.Y. Apartment,Worli
Birla Niyaara,Worli
Campa Cola Compound,Worli
Ceejay House,Worli
Chandak Cornerstone,Worli
Chandelier Court,Worli
Cornerstone,Worli
Cornerstone Worli,Worli
Deepak Mahal,Worli
Desai Oceanic,Worli
Eden Hall,Worli
Esha Ekta,Worli
Four Seasons Private Residences,Worli
Godavari,Worli
Gulistan Building,Worli
Gulrukh,Worli
Hargun CHS,Worli
Harmony Tower,Worli
Harsiddhi Heights,Worli
Hill Crest,Worli
Himachal House,Worli
Himalaya Building,Worli
India Bulls Blue,Worli
Indiabulls Blu,Worli
Jayshree Apartment,Worli
Kakad Chambers,Worli
Kakad Estate Society,Worli
Kalpataru Horizon,Worli
Konark Empress,Worli
Lady Ratan Tower,Worli
Lalit kunj,Worli
Lodha Adrina,Worli
Lodha Adrina Tower,Worli
Lodha Allura,Worli
Lodha Kiara,Worli
Lodha Maison,Worli
Lodha Marquise,Worli
Lodha Park,Worli
Lodha Parkside,Worli
Lodha Supremus,Worli
Lodha The Park,Worli
Lodha Trump,Worli
Lodha Trump Tower,Worli
Lodha Trump Towers,Worli
Lodha World View,Worli
Lokhandwala Harmony,Worli
Lokhandwala Residency,Worli
Lotus Court,Worli
MIG Colony,Worli
Madhuban,Worli
Madhuban Apartments,Worli
Madhuli,Worli
Malkani Mahal,Worli
Marina Bay,Worli
Marquise,Worli
New Pushpa Milan,Worli
Nutan Madhuban,Worli
Oberoi 360 West,Worli
Ocean View,Worli
Om Ratan,Worli
Omkar 1973,Worli
Orchid Tower,Worli
Orchid Towers,Worli
Palm Beach,Worli
Pankaj Mansion,Worli
Paragon Centre,Worli
Patel Apartments,Worli
Pitale Prasad,Worli
Poonam Apartment,Worli
Poonam Apt,Worli
Poonam Chambers,Worli
Poornima Apartment,Worli
Praneet,Worli
Priya Building,Worli
Queen,Worli
Queens Court,Worli
RNA Mirage,Worli
RNA Miraj,Worli
RNA Miraj - Worli,Worli
Racecourse & Sea View | South Mumbai,Worli
Raheja Artesia,Worli
Raheja Atlantis,Worli
Raheja Imperia,Worli
Rakhangi Mahal,Worli
Rashid Mansion,Worli
Rashid Mension,Worli
Ready Money Terrace,Worli
Runwal Raaya,Worli
Runwal Reserve,Worli
Runwal Reserve ( Worli,Worli
Runwal The Reserve,Worli
Sagar Tarang,Worli
Samudra Gaurav,Worli
Samudra Mahal,Worli
Sanghvi Evana,Worli
Sea Mist,Worli
Shah And Nahar Industrial Premises,Worli
Sheelmarie CHS,Worli
Shiv Sagar Apartment,Worli
Shubh Apartment,Worli
Shubhda Towers,Worli
Siddivinayak Horizon,Worli
Starling Sea Face,Worli
Sterling Seaface,Worli
Sukhada,Worli
Sumer Kendra,Worli
Tejas Harmony,Worli
The Park,Worli
"The Park, Lodha",Worli
Trump Tower,Worli
Trump Towers,Worli
Tulsi Vihar,Worli
Turf View,Worli
Vaitarna,Worli
Venus,Worli
Venus Apartment,Worli
Venus Apartments,Worli
Victoria Tower,Worli
Vinod Villa,Worli
Vraj Tiara,Worli
Zahra,Worli
B.Y. Apartment,Worli Naka
Campa Cola Compound,Worli Naka
Runwal Reserve,Worli Naka
Elysium,Worli Sea Face
Pitale Prasad,Worli Sea Face
Link Garden Tower,Yamuna Nagar
Lila Apartment,Yari Road
Mangal Orchid,Yari Road
Pearl Heights,Yari Road
25 South,—
36 Allure,—
81 Crest,—
81-Aureate,—
AH Heights,—
Aishwarya CHS,—
Anmol Towers,—
Artteza,—
Ascot,—
Ashok Gardens,—
Auris Bliss,—
Birla Niyara,—
Bkc-x,—
Blue Lotus,—
Bussa Industrial Estate,—
Castle Rock,—
Chaitanya Tower,—
Chandak Unicorn,—
Chitra,—
Crescent Tower,—
Darshan Ricco,—
Desai Oceanic,—
Dhanlaxmi,—
Divine Heights,—
Godrej Trees,—
Godrej Urban Park,—
Grand Paradi,—
Gundecha Trillium,—
INS Tower,—
Indiabull Sky Forest,—
Indiabulls Blu,—
Indiabulls Sky,—
Joy Legend,—
Kalpataru Avana,—
Kalpataru Magnus,—
Kalpataru Pinnacle,—
Kalpataru Solitaire,—
Kanakia Paris,—
Kanakia Rainforest,—
Kanakia Silicon Valley,—
Kanti Apartment,—
Kastur Park,—
L&T Crescent Bay,—
L&T Emerald Isle,—
L&T Veridian,—
Lashkaria Empress,—
Laxmi Industrial Estate,—
Link Plaza,—
Lodha Allura,—
Lodha Aura,—
Lodha Bel Air,—
Lodha Bellagio,—
Lodha Grandeur,—
Lodha Marquise,—
Lodha Park,—
Lodha Parkside,—
Lodha World Tower,—
Lodha World Towers,—
Lok Nirman,—
Lokhandwala Minerva,—
Lotus Enpar,—
Madhuban Tower,—
Maker Chamber,—
Manju Mahal,—
Maple Leaf,—
Maple Tower,—
Marathon Cosmos,—
Marathon Icon,—
Marathon NextGen Innova,—
Marina Enclave,—
Millennium Court,—
Mohini Castle,—
Montreal Tower,—
Naman Midtown,—
Nathani Heights,—
Navrang,—
Oakland Park,—
Oberoi Spring,—
Omkar 1973,—
Omkar Signet,—
One Avighna Park,—
Orion West,—
Panchsheel,—
Park Reach,—
Piramal Aranya,—
Piramal Mahalaxmi,—
Piramal Revanta,—
Platinum Life,—
Prabhat CHSL,—
Prestige Jasdan Classic,—
Prestige Siesta,—
Private Building,—
Raheja Classic,—
Raheja Imperia,—
Raheja Vistas,—
Range Heights,—
Regent Hill,—
Remi Biz Court,—
Rivali Park,—
Rivali Park Tower D,—
Runwal Elegant,—
Runwal Forest,—
Runwal Greens,—
Runwal Nirvana,—
Ruparel Ariana,—
Rustomjee Crown,—
Rustomjee Paramount,—
Rustomjee Seasons,—
Salsette 27,—
Samartha Aishwarya,—
Samartha Deep,—
Sheetal Vaibhav,—
Sheth Montana,—
Shishira Tower,—
Siddhivinayak Horizon,—
Silver Arch,—
Sky Forest Indiabulls,—
Sugee Atharva,—
Sunny Side,—
Sunteck Avenue 4th,—
Supreme 19,—
Supreme Headquarter,—
TW Gardens,—
The Gateway,—
The Level Residence,—
The Park,—
The Park Residence,—
Tivoli,—
Transcon Triumph,—
Universal Garden 1,—
Valentine Apartment,—
Vasant Oasis,—
Velkar Residency,—
Vicinia,—
Wadhwa Atmosphere O2,—
World One,—
World Towers,—
Yashodeep Castle Tower,—
— Uk Sangfroid,—
