building,location
Cadel Plaza,Prabhadevi
Lodha Marquise,Worli
Lodha Trump Tower,Worli
India Bulls Sky Forest,Lower Parel
Lodha Aria,Parel
Inez Tower,Mahim
Rustomjee Crown,Prabhadevi
Link Garden Tower,Andheri West
Azumi,Khar West
Casa Bianca,Santacruz West
Lodha World Crest,Lower Parel
Dosti Flamingos,Parel
Chandelier Court,Worli
Omkar Belleza,Dadar West
Chaitanya Tower,Prabhadevi
Eden Hall,Worli
Trump Tower,Worli
Madhuban Apartments,Worli
Lodha Grandeur,Prabhadevi
Runwal Reserve,Worli
Kalpataru Horizon,Worli
Marathon Era,Lower Parel
Unity Tower,Lower Parel
Wild Teasel,Khar West
Nav Chetna,Santacruz West
Acharat Baug,Santacruz West
Lodha Bellissimo,Mahalaxmi
Four Seasons Private Residences,Worli
Celestia Spaces,Sewri
Elite Vista,Khar West
Rustomjee Seasons,Bandra East
Silver Metropolis,Goregaon East
Green Crest,Andheri West
Darvesh Grand,Khar West
Blue Excellency,Goregaon West
Runwal Elegante,Andheri West
Mohini Castle,Khar West
Sangam Bhavan,Colaba
DLH Orchid,Andheri West
Torino,Powai
Sigma Pearl,Khar West
Captain Villa,Bandra West
Hubtown Gardenia,Mira Road
Sandstone,Mira Road
Pinnacolo,Mira Road
Gaurav Chintan,Mira Road
Siddhivinayak Horizon,Prabhadevi
Versova Kiran,Andheri West
Oberoi Maxima,Andheri East
Oberoi Esquire,Goregaon East
Veena Solace,Santacruz West
Woodstock Gardens,Santacruz West
Anmol Fortune,Goregaon West
KK Elegance,Khar West
DLH Sorrento,Andheri West
Lodha Fiorenza,Goregaon East
Elixir Reserve,Powai
Kalpataru Solitaire,Juhu
Dynamix Divum,Goregaon East
Sunteck City,Goregaon West
Piramal Aranya,Byculla
Hiranandani Highland,Powai
Monte South,Byculla
Bharat Acropolis,Juhu
Kanakia Paris,Bandra East
Piramal Aranya Arav,Byculla
One Avighna Park,Lower Parel
Signia Pearl,Bandra East
Prestige Jasdan Classic,Mahalaxmi
Lodha Venezia,Parel
Kalpataru Avana,Parel
World Towers,Lower Parel
Kanakia Silicon Valley,Powai
Velentine Apartment,Malad East
L&T Crescent Bay,Parel
Veena Smart Homes,Kandivali West
DSK Durgamata,Cuffe Parade
Piramal Mahalaxmi,Mahalaxmi
Lodha Woods,Kandivali East
RNA NG Eclat,Andheri West
Planet Godrej,Mahalaxmi
Oberoi Exquisite,Goregaon East
Sheth Irene,Malad West
Pearl Residency,Andheri West
Kalpataru Magnus,Bandra East
Raheja Vistas,Powai
Vasant Blossom,Andheri East
Cosmos Majestic,Prabhadevi
Suvidha Emerald,Prabhadevi
DLH Metroview,Andheri West
Transcon Triumph,Andheri West
Ruia Park,Juhu
Apollo Heights,Khar West
Concrete Heritage,Bandra West
Raj Infinia,Malad West
Dosti Eastern Bay,Wadala
Neminath Luxeria,Andheri West
Sunteck City Avenue 1,Goregaon West
Northern Heights,Dahisar East
Kalpataru Habitat,Parel
Ekta Tripolis,Goregaon West
Benhur,Andheri West
Shishira Tower,Andheri West
Mayfair Liv,Khar West
Akruti Trade Centre,Andheri East
Urmi,Khar West
Acme Enclave,Malad West
Ashok Enclave,Malad West
Reliable Business Center,Andheri West
Soona Villa,Bandra West
Chitra,Santacruz West
DLH Signature,Bandra West
Sagar Resham,Bandra West
The Park,Andheri West
Lodha Bel Air,Jogeshwari
Mahalaxmi Tower,Andheri West
Gurukrupa Dhyanam,Andheri West
Lashkaria Anurag,Andheri West
Rustomjee Cleon,Bandra East
Agami Eternity,Bandra East
Evershine Cosmic,Andheri West
Time Chambers,Andheri West
Raheja Classique,Andheri West
Pearl Residency,Prabhadevi
Beacon,Santacruz West
Lotus Link Square,Andheri West
Remi Biz Court,Andheri West
Royal Sand,Andheri West
Amrut Tara,Andheri West
Oakland Park,Andheri West
Royal Accord,Prabhadevi
Ajay Apartment,Byculla
Samarth Vaibhav,Andheri West
Floral Deck Plaza,Andheri East
Platinum Casa Millennia,Andheri West
Magnum Tower,Andheri West
Hyde Park,Andheri East
Crystal Paradise,Andheri West
Badrinath,Khar West
Oberoi Crest,Khar West
Shalimar Apartments,Santacruz West
Morya House,Andheri West
Golden Chambers,Andheri West
Durga Chambers,Andheri West
Shalimar Morya Park,Andheri West
Crystal Plaza,Andheri West
Indra Darshan,Andheri West
Centura Square,Thane West
Marina Enclave,Malad West
Lotus Arc One,Andheri West
Samartha Aangan,Andheri West
Mistry Industrial Complex,Andheri East
New Monalisa,Juhu
Arista Prime,Bandra East
Lodha World Tower,Lower Parel
Indiabulls Sky Forest,Lower Parel
Oberoi 360 West,Worli
Sorrento,Andheri West
Vraj Residency,Andheri West
Sunshine Apartment,Breach Candy
Kakad Heights,Bandra West
Auris Serenity,Malad West
Seep Building,Bandra West
Kohinoor 2,Andheri West
Sagar Shrot Building,Andheri West
Pushpanjali,Walkeshwar
Ambika Acropolis,Andheri West
Amit Estate,Andheri West
Natasha Tower,Andheri West
Atlas Skywalker,Andheri West
Gayatri Enclave,Andheri West
Sanjeev Enclave,Andheri West
New Chandra,Andheri West
Kalumal Estate,Juhu
Vasant Prakash,Andheri West
Navratan,Bandra West
Gulrukh,Worli
White Lotus,Santacruz West
Ashirwad,Malad West
Platinum Life,Andheri West
Ashtavinayak CHS,Andheri West
DLH Dream Tower,Andheri West
Eleganzia Royale,Andheri West
New Heritage,Andheri West
Sheetal Hariniketan,Khar West
Mayfair Apartments,Andheri West
Sai Krishna,Andheri West
Ankita Building,Andheri West
Silver Anklet Apartments,Andheri West
Padmavati Apartment,Andheri West
Yamuna Nagar Welfare Society,Andheri West
Prabhat Co-operative Housing Society,Goregaon West
Sunvin Apartment,Andheri West
Jeevan Saathi Apartment,Andheri West
Brookfield,Andheri West
Oberoi Garden Estate,Andheri East
Athena,Goregaon West
Adarsh Regal,Malad West
New Simit Apartment,Malad West
Gauri Excellency,Kandivali West
Veda Sangam Lifespaces,Andheri East
Grace Pinnacle,Andheri West
Chitralekha Heritage,Andheri West
Victoria Apartments,Andheri West
New Mhada,Andheri West
Wahedna Apartment,Bandra East
Gundecha Symphony,Andheri West
Cliff Tower,Andheri West
HDIL Harmony,Goregaon West
North Bombay Society,Juhu
Abhimanyu,Malad West
Mehta Residency,Dadar East
Lodha Eternis,Andheri East
Zindagi,Khar West
Sunteck Gilbird,Andheri West
Green Diamond,Andheri West
Panchmukhi Building,Andheri West
Raj Rahul,Juhu
9 JVPD,Juhu
Nisha Residency,Goregaon West
Parijat,Vile Parle West
Ritu Apartments,Walkeshwar
Piramal Aranya Avyan,Byculla
Palazzo,Khar West
Dheeraj Izarra,Khar West
New Apsara,Bandra West
Lily Apartment,Bandra West
Blue Empire Complex,Kandivali West
Kabra Metro One,Andheri West
Valencia,Andheri West
Omkar 1973,Worli
Corporate Annexe,Goregaon East
Sunteck Pearl,Bandra East
Kolte Patil Verve,Goregaon West
Parinee Liva Roca,Juhu
Mayfair Silver Beach,Juhu
Sun and Moon,Borivali East
Arista Orlem Highrise,Malad West
Shah Arcade 2,Malad East
Madhuban Towers,Andheri West
Sagar Avenue,Santacruz East
Linkway,Khar West
Olympus,Altamount Road
Indiabulls Blu,Worli
Tej Apartment,Kemps Corner
Majestic Tower,Prabhadevi
Oceanic,Breach Candy
Vinayak Heights,Bandra West
Dheeraj Diamond,Malad West
Satguru Rendezvous,Bandra West
Ravi Kiran CHS,Andheri West
Sumer Trinity,Prabhadevi
Sherly Queen,Bandra West
Tower 28,Malad East
Oberoi Sky City,Borivali East
Rustomjee Adarsh Excellency,Malad West
Bharat Belmonte,Andheri West
Samarth Deep,Andheri West
Sneha Building,Andheri West
Shantivan CHS,Andheri West
Godrej The Trees,Vikhroli
Orva,Bandra West
Gautam Darshan,Andheri West
Cozy Apartment,Andheri West
25 South Tower,Prabhadevi
Indiabulls Sky,Lower Parel
Krishna Residency,Andheri East
Metro Millenium,Malad West
Palm Springs,Malad West
Richa,Andheri West
Bhimashankar Height,Dahisar West
Siddhi Samarpan,Dahisar West
Radha Krishna,Borivali East
Viceroy Prive,Kandivali East
Windsor Grande Residences,Andheri West
Raheja Imperia,Worli
Suman,Bandra West
Anand Sagar,Bandra West
Rustomjee Parishram,Bandra West
Prakash Villa,Santacruz West
Flushel Apartment,Bandra West
Rang Mahal,Bandra West
Hubtown Sunstone,Bandra East
Solitaire Apartments,Bandra West
Kakad Imperial,Bandra West
Bajaj Onyx,Bandra West
Joanna Villa,Bandra West
Classic Corner,Bandra West
Anand Bhuvan,Santacruz West
West Coast Apartment,Bandra West
Dheeraj Aashna,Bandra West
Rustomjee 9,Juhu
West Bay Apartments,Bandra West
Kohinoor Altissimo,Dadar West
Samarth Angan,Andheri West
Kalpana,Khar West
Shreyas CHS,Nariman Point
Jupiter,Cuffe Parade
Lovedale,Colaba
Orchid Enclave,Mumbai Central
Sarkar Residency,Byculla
MAK Mariano,Prabhadevi
Lifescapes Aquino,Prabhadevi
Gokul Mohan,Santacruz West
Kesar Kripa,Khar West
Villa Rosa,Bandra West
Nalanda,Peddar Road
Bhagwati Bhuvan,Peddar Road
Runwal Rare,Andheri West
Panorama Tower,Andheri West
Monisha Tower,Andheri West
Kanchanganga Building,Andheri West
Raheja Residency,Malad East
Mon Desire,Bandra West
Neelam,Bandra West
Rishabraj Mangal Varsha,Santacruz West
Jyoti,Santacruz West
Aashiyana,Bandra West
Gurudev Bhavan,Khar West
Rama Krishna,Khar West
Land Breeze,Bandra West
Arihant Apartment,Khar West
Golden Heights,Andheri West
Auris Bliss,Malad West
Lodha Bellagio,Powai
Frangipani,Powai
Lotus Ayana,Juhu
Lodha Evoq,Wadala
Versova View,Andheri West
Vasant Oasis,Andheri East
Marina Bay,Worli
K K Tower,Parel
DLH Leo Tower,Andheri West
Runwal Forest,Kanjur Marg
Silver Palace,Bandra West
Omkar Vive,Bandra Kurla Complex
Duplex Heights,Andheri West
Sheth Avante,Kanjur Marg
N G Royal Park,Kanjur Marg
Lodha Aurum Grande,Kanjur Marg
Lokhandwala Harmony,Worli
Dgs Sheetal Regalia,Borivali East
Gami Jade,Vashi
Arkade Earth,Kanjur Marg
Runwal Bliss,Kanjur Marg
Sona Villa,Bandra West
Neelgagan Society,Andheri West
Omkar Alta Monte,Malad East
NG Eclat,Andheri West
Tulsi Vihar,Worli
Sheelmarie CHS,Worli
Raheja Princess,Prabhadevi
Madhuli,Worli
Shiv Sagar Apartment,Worli
Himachal House,Worli
Moon Reach,Prabhadevi
Gulistan Building,Worli
Lodha Raj Infinia,Malad West
Bhoomi Arcade,Kandivali East
Kingston Apartment,Andheri West
Kakad Apartment,Bandra West
L&T Veridian,Powai
Trans Residency,Andheri East
DGS Sheetal Regalia,Borivali East
Water Lily & White Lily,Powai
Chandak Stella,Goregaon West
Royal Resort Tower,Andheri West
Bajaj Diamond,Bandra West
Skyper Tower,Bandra West
Bhagwanti Heights,Khar West
Sarkar Avenue,Santacruz West
Rustomjee Elita,Andheri West
Ruparel Palacio,Kandivali West
Supreme Residency,Bandra West
Excellency Society,Andheri West
Mary Ellen,Andheri West
Sukhmani Apartment,Juhu
Pitale Prasad,Worli
Govind Kutir,Khar West
Nanak Chambers,Andheri West
Woodland CHSL,Andheri West
Raheja Atlantis,Worli
Shree Shakti,Khar West
Prestige Heights,Prabhadevi
HDIL Metropolis,Andheri West
Regent Hill,Powai
Samartha Siddhi,Andheri West
Lotus Aurus,Andheri West
Chand Terraces,Bandra West
Dwarkamai Tower,Matunga
Steesha,Bandra West
Integrated Kavya,Andheri West
Agami Legend,Bandra East
19 North,Kandivali West
Sunteck City Avenue 2,Goregaon West
Manikya,Mahim
Island City Centre 1,Dadar East
Ruparel Nova,Parel
Neminath Avenue,Andheri West
Mauli Pride,Malad East
Lodha Adrina,Worli
Runwal The Reserve,Worli
Silver Rock,Bandra West
Sky Flama,Parel
Juhu Gulmohar,Andheri West
Moon Craft,Bandra West
Sukh Shanti,Peddar Road
Dheeraj Upvan,Borivali East
Blue Mountains,Malad East
Panch Srishti Complex,Powai
Prime Rose,Andheri West
Churchgate Mansion,Churchgate
Jeevan Deep,Khar West
Sunteck 4th Avenue,Goregaon West
Lodha The Park,Worli
Mantri Our Home,Andheri West
Prime Rose,Khar West
Harmony,Goregaon West
Sunny Side,Andheri West
Ekta Model Town,Andheri West
Jeevan Deep,Kandivali West
RNA Mirage,Worli
Lodha Gardenia,Wadala
Palazzo Opulence,Santacruz West
Benezet,Bandra West
Sarita Apartments,Bandra West
Eternity,Bandra West
Landmark,Santacruz West
Midsummer,Santacruz West
Kool Breeze,Khar West
Hiranandani Meadows,Thane West
Cosmos Horizon,Thane West
Rustomjee Ozone,Goregaon West
Mathuradas Mill Compound,Lower Parel
Neminath Ocean View,Andheri West
Rishikesh Chs,Malad West
Shree Vallabh Tower,Malad West
Marian House,Bandra West
Ekta Trinity,Santacruz West
Siddhachal Elite,Thane West
Jaswant Heights,Khar West
Tara Mahal,Khar West
Brisa Marina,Khar West
Antalya,Belapur
Trade world,Lower Parel
Ashiana,Santacruz West
Ashiana Building,Bandra West
Pacific Heights,Bandra West
TW Gardens,Kandivali East
Lotus Trade Centre,Andheri West
Transcon Triumph - Tower 1,Andheri West
Devansh Villa,Bandra West
Marathon Innova,Lower Parel
Lodha Supremus,Worli
Raheja Centre,Nariman Point
Prestige Turf Tower,Mahalaxmi
Avanti Apartment,Worli
Advent,Nariman Point
Tantia Jogani Industrial Estate,Lower Parel
Lodha Parkside,Worli
Lodha World View,Lower Parel
Omkar Veda,Parel
Sun Mill Compound,Lower Parel
Sugee Atharva,Prabhadevi
Ruparel Ariana,Parel
Sagar Tarang,Worli
Ivory Tower,Prabhadevi
Lodha World One,Lower Parel
Mittal Tower,Nariman Point
Sheth Zuri,Thane West
Amarnath Tower,Andheri West
Cross Gate,Andheri West
Mayfair Meridian,Andheri West
Eden IV,Powai
Morya Blue Moon,Andheri West
Notan Chambers,Bandra West
Tapovan,Santacruz West
Shyam Niwas,Breach Candy
Oberoi Springs,Andheri West
Royal Classic,Andheri West
H and M Tower,Bandra West
Lotus Residency,Goregaon West
Somerset,Powai
Lake Pleasant,Powai
Lotus Court,Worli
Mahavir Kalpavruksha,Thane West
Kalpataru Radiance,Goregaon West
AP Ekam,Santacruz
Mangal Kripa,Santacruz West
Mirchandani Triton,Santacruz West
Yogi Sea,Khar West
Mukta,Khar West
Nutex,Santacruz West
52 Park Avenue,Khar West
Girnar Building,Tardeo
81 Aureate,Bandra West
Kanaiya Kutir,Khar West
Status Chs,Andheri West
Mangal Darshan,Bandra West
Om Shivam,Mulund West
Saidhan Infinity,Khar West
Hari Bhavan,Khar West
Pali Vintage,Khar West
Seasons Residency,Santacruz West
Park Crest,Khar West
Saraswat Colony,Santacruz West
Vasukamal,Powai
Sweet Home,Juhu
Lodha Primero,Mahalaxmi
Pankaj Mansion,Worli
Sukhada,Worli
Maimoon Apartment,Prabhadevi
Fressia Rani Bello,Malad East
Godrej Urban Park,Powai
Amaryllis,Powai
Mount Mary Apartment,Bandra West
Neptune Chs,Andheri West
Parinee I,Andheri West
Lily White,Andheri East
Shilpa Apartment,Santacruz West
Ashiana,Khar West
Makhan Dham,Khar West
Omkar Signet,Malad East
Rejuve 360,Mulund West
Sagar Darshan,Khar West
Gulmohar Heights,Juhu
Indira Bhawan,Khar West
Esperanza,Bandra West
Gurukrupa Nirmalam,Bandra East
Vaibhavlaxmi,Bandra East
Zee Manubharti,Andheri West
Juhu Sai Darshan,Juhu
Kamaldutt,Andheri West
Legend,Bandra West
Palazzo,Santacruz East
Anmol Tower,Goregaon West
Shiv Shakti,Andheri West
Willow Shades,Bandra West
Omkareshwar,Borivali East
Highland,Powai
Kadambari,Andheri West
Bhavya Plaza,Khar West
Kalpataru Primus,Santacruz East
Dheeraj Insignia,Santacruz East
Sunset heights,Prabhadevi
Prem Court,Churchgate
Lodha Supremus,Powai
Oshiwara Mhada,Goregaon West
Kanchanganga Tower,Thane West
Mayfair Akshay,Andheri West
Rustomjee Erika,Bandra East
Mayfair The View,Vikhroli
Delta Vrindavan,Mira Road
Unique Aurum,Mira Road
Shiv Smruti,Khar West
Cosmos,Andheri West
Vasant Sagar,Kandivali East
Dosti Belleza,Parel
Cosmic Heights,Wadala
The Majestic,Prabhadevi
Flora Heights,Andheri West
Kanwal Apartment,Andheri West
Oberoi Gardens,Kandivali East
Skypan,Andheri West
Amore Edge,Khar West
Ashok Tower,Parel
Blue Monarch,Andheri East
Abhar CHS,Andheri West
Lotus Ananya,Juhu
Shubh Apartment,Worli
Raheja Avisa,Bandra West
Bombino Apartments,Santacruz West
Peninsula Plaza,Andheri West
R S Residency,Kharghar
Palash,Thane West
Rushabh Tower,Sewri
Claridge Apartment,Andheri West
Crest Audeus,Andheri West
Suvidha Square,Andheri West
Savannah Avalon,Andheri East
Palash Towers,Andheri West
Jeevan Kanchan,Andheri West
Ashish Apartment,Andheri West
Vasant Utsav,Kandivali East
Grande Edifice,Kandivali East
Sunbeam Apartment,Bandra West
Emerald Isle,Powai
Lashkaria Green Heights,Andheri West
DLH Swakrut,Andheri West
Rustomjee Paramount,Khar West
Gopal Mansion,Bandra West
Ivory Tower,Juhu
Jeevan Sona,Santacruz West
Crest Mukta,Andheri West
Raheja Reflection Eternity,Kandivali East
Rainbow,Powai
Silicon Valley,Santacruz West
Godrej Trees,Vikhroli
Sky Lark,Belapur
The Nest,Andheri West
Harsha Apartments,Andheri West
Kamal Pushpa,Bandra West
Felicia,Bandra West
Videocon Icon,Bandra West
The Capital,Bandra Kurla Complex
Piramal Vaikunth,Thane West
Patliputra,Andheri West
Aster Tower,Goregaon East
Trinity,Khar West
Raheja Sapphire,Santacruz West
Anand Bhavan,Vile Parle West
Aashna Apartments,Bandra West
Louisiana Apartments,Santacruz West
Landmark,Andheri West
Laxmi Plaza,Andheri West
Panch Mahal,Powai
Lake Lucerne,Powai
Brentwood,Powai
Shapoorji Pallonji,Bandra East
Everest Apartments,Walkeshwar
Dreamax Height,Andheri East
Belvedere,Khar West
Ekta Bhoomi,Kandivali West
Neelamber,Bandra West
Ivy Tower,Goregaon East
Morya Landmark I,Andheri West
Blue Meadows,Andheri East
Ankur,Malad West
JP Decks,Goregaon East
Manju Mahal,Bandra West
Sahakar Niwas,Tardeo
72 West,Andheri West
Imperial Towers,Tardeo
Lokhandwala Minerva,Mahalaxmi
Jewel Milan,Bandra West
Ekta Empress,Khar West
Ocean Star,Prabhadevi
Suraj Ashiana,Khar West
Skyscraper,Breach Candy
Lodha Park,Worli
Alpine Primo - Commercial,Andheri West
L&T Emerald Isle,Powai
Imperial Heights,Goregaon West
Kalpataru Yugdharma,Goregaon West
Ashtavinayak,Bandra West
Continental Tower,Bandra West
Manju Towers,Andheri West
Tulip,Bandra West
Suraj Eterna,Mahim
Campa Cola Compound,Worli
Royal Plaza,Andheri West
Maruti Business Park,Andheri West
Valencia,Powai
Hicons Residency,Bandra West
Span Centre,Santacruz West
Raheja Vihar,Powai
Olivia,Powai
Birla Niyaara,Worli
Paradigm Antalya,Andheri West
Marlboro House,Peddar Road
Cluster,Mira Road
Evershine Woods,Mira Road
Shabnam,Juhu
Goregaon One,Goregaon West
Bla Business Park,Goregaon East
Shyam Sadan,Marine Drive
Lodha Dioro,Wadala
Tata Serein,Thane West
Lalani Grandeur,Goregaon East
Premium Tower,Andheri West
Platinum Tower,Andheri West
Shreenathji,Khar West
Kanti Apartment,Bandra West
Sharan,Bandra West
Arihant Residency,Sion
Ackruti Trade Centre,Andheri East
Sagar Darshan,Santacruz West
Kia Park,Andheri West
Gulistan,Carmichael Road
New Imperial Plaza,Bandra West
Orion,Khar West
Vikas Center,Santacruz West
Windermere,Santacruz West
Whispering Heights,Malad West
Almeida Ark,Chembur
X BKC,Bandra East
Morya Grand,Andheri West
Sumit Pramukh Enclave,Malad East
INS Tower,Bandra Kurla Complex
Jiten Chs,Andheri West
81 Crest,Santacruz West
Ideal Apartments,Andheri West
Woodstock Apartments,Khar West
V Times Square,Belapur
Vasundhara,Juhu
Sparsh,Andheri East
The Crest,Dadar West
Techno Park,Borivali West
Vasudev Chamber,Andheri East
Kiara Apartment,Bandra West
Express Zone,Malad East
Venus Apartment,Andheri West
Raheja Plaza,Andheri West
Maker Chamber 3,Nariman Point
Corporate Avenue,Goregaon East
Aashirwad Building,Andheri West
Panchsheel Chsl,Andheri West
Gyan Ghar,Khar West
Nathani Heights,Mumbai Central
Suvarna Apartment,Santacruz West
Benchmark Empresa,Khar West
Kala Niketan,Breach Candy
The Chitrapur CHS,Bandra West
Shree CHS,Andheri West
Sanjay CHS,Prabhadevi
Kumud,Khar West
Gayatri Apartments,Andheri West
Kings Apartment,Juhu
Little Master,Andheri West
Residency CHS,Andheri West
Sea Bird Building,Andheri West
Elcid Apartment,Bandra West
New Light Apartments,Khar West
Eden Building,Powai
Alpana,Peddar Road
Jupiter Apartment,Altamount Road
R A Residences,Dadar East
Jamasji Apartment,Grant Road
Heritage CHS,Andheri West
Hyde Park,Kharghar
Pearl Heaven,Andheri East
Sai Juhu Tara,Juhu
Sorento,Walkeshwar
Raj Grandeur,Powai
Platina,Thane West
Central Park,Chembur
Raheja Reflections Odyssey,Kandivali East
N.G.Palms,Mira Road
Sanghvi Ecocity,Mira Road
Ostwal Orchid,Mira Road
Blue Moon Apartment,Bandra West
Makskap Centre,Andheri West
Dilkap Chambers,Andheri West
Pashmina,Tardeo
36 Allure,Goregaon West
Viceroy Park CHS,Kandivali East
Rivali Park,Borivali East
Jalkiran,Cuffe Parade
Piramal Mahalaxmi Central Tower,Mahalaxmi
The Platinum,Andheri West
Ambica Darshan,Kandivali East
Windermere,Bandra West
Marathon Next Gen Innova,Lower Parel
Infinia Grande,Andheri West
Samarpan,Bandra West
K L Astoria,Bandra West
Beverly Park,Nerul
Happy Valley Homes,Thane West
Highland Park,Andheri West
Kalpataru Srishti Namaah,Mira Road
Runwal Estate,Thane West
Puranik City Reserva,Thane West
Lalani Residency,Thane West
Sanghvi Hills,Thane West
Springhill,Thane West
Avalon,Powai
Olympia,Thane West
Jai Krishna Complex,Andheri West
Orchid Enclave,Powai
Jyoti Sukriti,Goregaon East
Wadhwa TW Gardens,Kandivali East
Oberoi Sky Garden,Andheri West
Crystal Plaza,Andheri East
The Lion Park,Goregaon West
Geetanjali,Santacruz West
Retreat II,Santacruz West
Orchid Residences,Andheri West
Jolly Maker,Cuffe Parade
Madhava,Bandra Kurla Complex
Neelganga Apartment,Andheri West
Siennaa,Kandivali East
One BKC,Bandra Kurla Complex
Rustomjee Azziano,Thane West
Rodium Xone,Kandivali West
Solitaire Corporate Park,Andheri East
Laxmi Industrial Estate,Andheri West
Soham Gardens,Thane West
Prestige Siesta,Mulund West
Oberoi Enigma,Mulund West
Juhu Natraj,Juhu
Ocean View,Worli
DLH Swapnadeep,Andheri West
Garden View,Andheri West
Lodha Signet,Lower Parel
Ira Chhaya,Khar West
Midtown Bay,Mahim
Kailash Plaza,Andheri West
Apna Ghar,Andheri West
Vijay Annex 29,Thane West
Adani Western Heights,Andheri West
Nyay Sagar,Bandra East
Sea Shell,Andheri West
Makhija Chambers,Bandra West
Bhagat Grandeur,Malad West
Pooja,Bandra West
Lotus Unity,Andheri West
Arshie Complex,Andheri West
Maker Tower J,Cuffe Parade
Earth Castle,Girgaon
Crescent Bay Tower 3,Parel
Platinum Prive,Andheri West
Regiland,Bandra West
Shanti Sagar,Khar West
Anand,Malad West
Sunshine Heights,Santacruz East
Sagar Apartment,Khar West
Om Sai,Andheri West
Blue Arch Society,Andheri West
Crescent Heights,Tardeo
Vinit Towers,Andheri West
Astron,Kandivali East
Serenity Towers,Santacruz West
Radha Niwas,Khar West
Serenity,Malad East
Lok Everest,Mulund West
Merushikhar,Andheri East
Godrej Serenity,Chembur
Hindu Colony,Dadar East
Silver Sands,Goregaon West
Green Acres,Andheri West
Crystal Armus,Chembur
Sunrise Apartments,Andheri West
Omkar CHS,Andheri West
Evershine Sapphire,Powai
Platina,Santacruz West
Arihant Building,Borivali West
Gulmohar,Bandra West
Shreepati Castle,Girgaon
Necklace View,Walkeshwar
Auris Serenity 3,Malad West
Oberoi Garden City,Goregaon East
Hill View,Bandra West
K L Regalia,Khar West
Om Palace,Bandra West
Vipank Krishaang,Juhu
Atlantis Apartments,Andheri West
New Neelam Apartments,Andheri West
Swiz Heights,Andheri West
Lok Yamuna,Andheri East
Harmony Society,Goregaon East
Kuber Villa,Vile Parle West
Shiv Shivam Towers,Andheri West
Sumukh Heights,Andheri West
Cornerstone,Worli
Parijat CHS,Andheri West
Raheja Exotica,Malad West
Palm Beach,Worli
Neminath Imperia,Andheri West
Aashirwad CHS,Andheri West
Rajveer Apartments,Andheri West
Mahalaxmi Towers,Andheri West
Neptune Tower,Kamothe
Sea Bird,Bandra West
Pearl Heights,Andheri West
Golds Green,Andheri West
Raheja Classique 3,Andheri West
Aston,Andheri West
Surya Kiran,Kemps Corner
Shubham Co-op Society,Andheri West
Montreal,Malad West
Bhoomi Classic,Goregaon West
One World,Malad West
Patel Apartments,Worli
Lilian Heights,Khar West
The Auro,Lower Parel
Vardhaman Estate,Parel
Mazda Apartment,Breach Candy
Paschim Apartment,Prabhadevi
Shiv Sagar,Andheri West
Maharaja Surajmal,Andheri West
Shantivan,Kandivali East
Palmera,Bandra West
Harmony,Powai
Filix Towers,Bhandup
Raheja Vivarea,Mahalaxmi
Mayflower,Carmichael Road
Wellington Business Park 2,Andheri East
Kanakia Rainforest,Andheri East
Olympic Towers,Andheri West
Garden Estates,Goregaon West
Earth Vintage,Dadar West
Purshottam Tower,Prabhadevi
Mittal Court,Nariman Point
Vintage Pearl,Bandra West
Golden Peak,Khar West
Usha Kiran,Khar West
Ebenezer,Bandra West
The Jackers,Bandra West
Sahana Enclave,Bandra West
Satguru Paman,Bandra West
Belfer,Bandra West
Odina,Santacruz West
Grand Bay,Bandra West
Dattani Palace,Bandra West
Marble Arch,Andheri West
Dhoop Chaon Society,Andheri West
Ekta Everglades,Bandra West
LA Fleur,Bandra West
Char Dham,Bandra West
Regency Terraces,Khar West
Dheeraj Devika,Bandra West
June Blossoms,Bandra West
Panju Mahal,Bandra West
Abhishek,Andheri West
Oberoi Chambers,Andheri West
Shri Ganesh Apartment,Goregaon West
Kalpataru Towers,Kandivali East
Lodha Aqua Artica,Mira Road
Rustomjee Orva Residency,Bandra West
Dango House,Bandra West
Lady Ratan Tower,Worli
Arihant Tower,Parel
Aseem,Worli
Lisbon Apartment,Andheri West
Sun Swept,Andheri West
Ekta World WestBay,Bandra West
Anand 268,Khar West
Orion west,Santacruz West
Kuber Tower,Prabhadevi
SMGK Associates Residency,Jogeshwari
Beverly Park,Mira Road
Asiya Manor,Bandra West
Dharamjyot,Bandra West
Man Dunes,Bandra West
Kalpataru Sparkle,Bandra East
Kanakia Rainforest,—
Dheeraj Swapna,Bandra
Bhumi Celestia,Malad West
Metro Millennium,Malad West
Jal Vayu Vihar,Powai
Trishla Apartment,Vile Parle West
Kingston,Powai
Raheja Ascensio,Powai
Godrej RKS,Chembur
Vicinia,Chandivali
Godrej Urban Park,—
Raheja Vistas,—
Wadhwa The Address,Ghatkopar
Veridian,Powai
Valencia,Hiranandani
Lake Florence,Lake Homes
Regent Hill,—
Godrej Urban Park,Chandivali
Vicinia,—
Indradarshan II,Oshiwara Andheri West
L&T Veridian,—
Sorrento,Santacruz West
Glen Gate,Hiranandani Gardens Powai
Lake Primrose,Powai
Harmony,Raheja Vihar
Castle Rock,—
Lodha Bellagio,—
Kanakia Silicon Valley,—
Shishira Tower,—
Vrindavan Apartment,Malad East
Omkar Signet,—
Citi Mall,Andheri West
Woodrow,Andheri West
Landmark Building,Andheri West
Crystal Paradise,Veera Desai
Cosmos Plaza,D N Nagar
Aishwarya,Samartha
Rustomjee Pinnacle,Borivali East
The Park Residency,Andheri West
Ashok Garden,—
Beverly Hills Tower,Andheri West
Blue Empress,Kandivali West
Runwal Forest,Bhandup West
Shraddha Evoque,Bhandup West
Mahavir Universe,Bhandup West
Neptune Living Point,Bhandup
Wadhwa Atmosphere O2,—
Wadhwa Atmosphere O2,Mulund West
Runwal Forest,—
Runwal Greens,—
Marathon Neo Hills,Bhandup West
Raj Legacy,Vikhroli
Wadhwa Atmosphere,Mulund West
Kalpataru Crest,Bhandup
Rustomjee Bella,Bhandup West
Link Palace,Santacruz West
Kalash,Bandra West
Manchester Heights,Khar West
Supreme 19,Andheri West
Sunteck Signature Island,BKC
Everest,Andheri West
Panchsheel,Andheri West
Winderme,Santacruz West
Auris Galleria,Malad West
Samrat,Bandra West
L&T Emerald Isle,—
Orion West,Santacruz West
Raheja Classic,Andheri West
Karan Apartment,Andheri West
Madhur Milan,Khar West
Oakland Park,—
Ajmera Prive,Juhu
Orizzonte,Bandra West
Libra Tower,Bandra West
Tribeca,Bandra West
AP Ekam,Santacruz West
Gulshan,Khar West
259 Park Crest,Khar West
Lodha Parkside,Lower Parel
Silver Nook,Santacruz East
Rustomjee Seasons,Bandra
Hubtown Seasons,Chembur
Omkar Meridia,Kurla
Indiabulls Skyforest,Prabhadevi
Serendipity,BKC
Kalpataru Magnus,BKC
Ajmera Greenfinity,Wadala
Jagat Vidya,BKC
Kanakia Paris,—
Rustomjee Season,BKC
Runwal Nirvana,Parel
H&M Tower,Bandra West
Salsette 27,Byculla
Lodha Vista,Lower Parel
Omkar Vive,Kurla
Artteza,—
Alpana Building,Peddar Road
Kshitij,Nepeansea Road
Indiabulls Sky Forest,Prabhadevi
Queens Court,Worli
Navjeevan Society,Mumbai Central
Imperial Tower,Tardeo
Kanakia Zillion,LBS Marg
Loyalka Apartment,Malabar Hill
Lodha Grandeur,—
Prestige Jasdan Classic,—
Dalamal Towers,Nariman Point
Avarsekar Heights,Worli
Lodha Park,—
Lokhandwala Minerva,—
Kalpataru Avana,—
Maker Chamber,—
World Towers,—
Ashok Garden,Sewri
One Avighna Park,Parel
Lodha World Tower,—
Mayfair Astral,Jogeshwari West
Lodha Supremus,Lower Parel
Piramal Aranya,—
Veena Apartment,Walkeshwar
Omkar 1973,—
Chaitanya Tower,—
L&T Crescent Bay,—
Marathon NextGen Innova,—
Marathon Next Gen Era,Lower Parel
Nishat,Malabar Hill
One ICC,Dadar East
Cosmo Majestic,Prabhadevi
One Lodha Place,Lower Parel
Laxmi Commercial Centre,Dadar West
Piramal Mahalaxmi South Tower,Mahalaxmi
Lokhandwala Residency,Worli
Sarnath,Breach Candy
Shankar Sagar,Breach Candy
Victoria Tower,Worli
MBC Park,Thane West
Fortune Heights,Bandra
Sagar Apartments,Bandra West
Continental Tower,Bandra
Deepika Apt,Bandra West
Dunhill Apt,Khar West
Fernvel,Santacruz West
Joy Legend Apt,Khar West
White Lotus,Santacruz
Silver Sands,Andheri West
Sagar Kiran,Bandra
Heritage,Bandra West
Therese,Bandra West
Rizvi Chambers,Bandra West
Spencer,Bandra West
Anand Ashram,Khar West
Joanna Villa,Bandra
Notan Chambers,Bandra
Mohini Heights,Khar West
BKC 28,Bandra West
Shikhar,Santacruz West
Rustomjee Paramount,Khar
DLH Legacy,Juhu
Videocon Icon Apt,Khar West
Blue Lotus,—
268 Anand,Khar West
Trinity,Khar
Continental Towers,Bandra West
Vineet Tower,Malad West
Chitra,Santacruz
Supreme Headquarter,—
Aristo Sapphire,Santacruz West
Kamal,Vile Parle East
Remi Bizcourt,Andheri West
Emily,Bandra West
Montreal Tower,—
The Spring Fields,Andheri West
Gold's Green,Andheri West
Manas Rangoli,Santacruz West
Prestige Turf,Mahalaxmi
Mashayakh Tower,Malad West
Shreeji Atlantis,Malad West
The Gateway,—
Vinit Tower,Andheri West
Mangal Orchid,"Yari Road, Andheri West"
Lodha Bel Air,—
UK Sungfroid,Andheri West
Universal Cubical,Jogeshwari
Applaud 38,Goregaon East
Kastur Park,Borivali West
Kohinoor Square,Dadar West
Mafatlal Chambers,Lower Parel
L&T Crescent Bay,Sewri
Lodha Signet,Kanjurmarg East
Mohini Castel,Khar West
Pramukh Heights,Andheri West
Supreme Headquarters,Bandra West
Sadanand Classic,Khar West
Zeba Corner,Bandra West
Cosmos,Santacruz West
Geetanjali CHS,Bandra East
Serenity Tower,Santacruz West
Notan Casa,Bandra West
The Park,—
Moti Mahal,Bandra West
Dhoop Chaon,Andheri West
Rustomjee Orva,Bandra West
Sadhana Apt,Khar West
Nugget,Khar West
Goghari Mansion,Santacruz West
Woodstock Garden,Santacruz West
Boomerang,Chandivali
Viraj-Bliss,Khar West
Orchid Enclave,Chandivali
RNA Aurovilla,Santacruz West
Lila Apartment,Yari Road
Vasant Oasis,—
Almeida Park,Bandra West
Sagar Apt,Khar West
Josephine CHS,Bandra West
Shangrila Apt,Bandra West
Zindagi CHS,Khar West
Trinity,Madhu Park
Marina Apartment,Bandra West
Bhagtani Pearl,Santacruz West
Sheetal Vaibhav,—
Orva Apt,Bandra West
Savita Chhaya,Bandra West
June Blossom,Bandra West
Tuscany Apt,Bandra West
Crescent Heritage,Khar West
Kohinoor Apartment,Oshiwara
Neev Galaxy Tower,Malad East
The Baya Central,Lower Parel
DLH Signature,Bandra
Ektaa Everglades,Bandra
Kuber Towers,Prabhadevi
Park Altezza,Andheri West
Anand Darshan,Peddar Road
Gurukrupa Vyom,Juhu
Veridian at Emerald Isle,Powai
The Capital,BKC
Vaibhav Chember,Bandra East
Kakad Chambers,Worli
Ins Tower,Bandra BKC
Durolite House,Andheri West
Man Dune,Bandra West
Kohinoor City,Kurla
Hubtown Premier,Seven Bungalow
Panch Leela,Powai
Shiv Om Building,Vile Parle West
Palatial Heights,Powai
Woodland Heights,Bandra West
Omkar Summit Business Park,Andheri East
Cassias,Bandra West
Sheth Montana,—
Oberoi Eternia,Mulund West
Piramal Revanta,—
Runwal Sanctuary,Mulund West
Prestige Siesta,—
Gulmohar Apartment,Goregaon West
Beverly Park,Mira Road East
Jolly Friends,Bandra West
Beverly Hills,Andheri West
Garden Estate,Goregaon West
Shree Balaji Aashirwad,Malad West
Hdil Metropolis,Andheri West
Kalpataru Elitus,Mulund
Mahindra Vivante,Andheri East
Asha Apartment,Mulund West
Matai Mansion,Bandra West
Joy Legend,Khar West
Dunhill,Khar West
Hub Town Solaris,Andheri East
Lodha Supremus,Andheri East
Sandeep Sarovar,Andheri West
Ashar Sapphire CHS,Thane
Prestige Jasdan Classic,Byculla West
Maple Leaf,—
Indiabulls Skyforest,Elphinstone
Oberoi Splendor,Jogeshwari East
Samartha Aishwarya,—
Sumer Plaza,Andheri East
Platinum Technopark,Vashi
Time Square,Andheri East
Kanakia Zen World,Kanjurmarg East
Morya Estate,Andheri West
Vardhaman Heights,Lalbaug
Sri Vijaya Residency,Lalbaug
Blue Orbit,Malad West
Marina Enclave,—
Avalon Paradise,Malad West
Auris Bliss,—
Phoenix Tower,Lower Parel West
Anand Bhuwan,Santacruz West
Lodha Bel Air,Jogeshwari West
Godrej Trees,—
Baya Park,Dadar West
Deep Residency,Parel
Shubham,Pant Nagar
Gold Crest Business Park,Ghatkopar West
Neelkanth Regent,Ghatkopar East
Purva Clarmont,Chembur
Romell Empress,Borivali West
Raheja Ascencio,Powai
Lodha World Towers,—
Ansal Heights,Worli
Nibbana Annex,Bandra West
Orchid Suburbia,Kandivali West
Neelambar Annex,Peddar Road
Presidential,Bandra West
Rock Enclave,Kandivali West
Tivoli,—
Vasant Oscar,Mulund West
Marathon Cosmos,—
Ocean Gold,Prabhadevi
Marathon Icon,—
Atlanta,Nariman Point
Nanik Niwas,Breach Candy
Bussa Industrial Estate,—
Garden Court,Dadar East
Avanti,Santacruz West
Shri Niwas,Dadar East
Bhavya Heights,Wadala
Sunrise Tower,Andheri East
Lodha Park,Lower Parel
Sheth Montana,Mulund West
Lodha New Cuffe Parade,Wadala
Link Garden,Andheri
Lodha Marquise,—
Suntech City Avenue 2,Goregaon West
RNA Regency Park,Kandivali West
Parinee Essence,Kandivali West
Orion Business Park,Kapurbawdi
Eternity,Bandra
Pacific Heights,Bandra
BKC-X,—
Tanish,Khar West
Birla Niyara,—
Rustomjee Crown,—
Kalpataru Magnus,—
Trump Towers,Worli
Velkar Residency,—
36 Allure,—
Suraj Ashiyana Apt,Khar West
Raheja Empress,Prabhadevi
Silver Sand,Goregaon West
Tulsi Apt,Khar
Stone Arch,Bandra West
Arkade Aura,Santacruz West
Bhoomi Gobind Bhavan,Khar West
Altamonte,Malad East
Dheeraj Devika Apt,Bandra West
Bajaj Onyx Apt,Bandra West
Crescent Heritage Apt,Khar West
Mittal Commercial Premises,Andheri West
Simran Plaza,Khar West
Raheja Excelsior,Tardeo
The Promordial House,Grant Road
Golden Oak,Wadala East
Shyam Kunj,Khar West
Kalpak Optimus,Bandra (w)
Kohinoor Square,Dadar
INS Tower,—
Naman Centre,BKC
Marathon Futurex,Lower Parel
Standard House,Marine Lines
Trade Center,BKC
Creative Industrial Estate,Lower Parel
Atul Park,Chembur
Tridhaatu Aum,Chembur
Altavista,Chembur
Moongipa Arcade,Andheri
Gazhdar Enclave,Andheri West
Platinum Tower 4,Andheri
Oberoi Spring,Andheri West
Laxmi Business Park,Andheri West
Rukmini Vaibhav,Andheri West
Panchsheel Apt,Andheri West
Rushi Tower,Andheri West
Beverley Hills,Andheri West
Green Field Society,Juhu
Leela Apartment,Andheri West
Hibiscus Apt,Andheri West
Janakdeep Apartment,Andheri West
Bileshwar Darshan,Vile Parle East
Royal Heritage,Andheri West
Mazdock Apartment,Andheri West
Lok Nirman,—
Sahana Enclave,Bandra
Gokul Sushma,Santacruz West
25 South,Prabhadevi
Manju Mahal,—
Heera Panna,Haji Ali
Raheja Ridgewood,Goregaon East
Shreyas bldg,Khar West
Omkar,Santacruz West
Valentine Apartment,—
Juhu Tarang,Juhu
Shraddha Tower,Kandivali East
Ekta Meadows,Kandivali East
Kastur Park,—
Maheshwar Darshan,Santacruz West
Pinnacle Corporate Park,Bandra East
Sandhu palace,Bandra West
Sai Jyoti,Khar West
81 Crest,—
Orion West,—
Vicinia,Powai
DLH Kesley,Borivali West
Shiv Parvati,Kandivali West
Praful Apartment,Kandivali West
Gundecha Trillium,—
UK Sangfroid,Andheri West
Oceanic,Andheri West
Octacrest,Kandivali East
Gundecha Trillium,Kandivali East
Parinee-I,Andheri West
Delta Wood,Near Thakur Mall Highway
Bhairav Residency,Mira Road
Shelton CHS,Vile Parle West
Mesacon Nest,Andheri West
Lotus Residency,Ram Mandir
Rustomjee Elanza,Malad West
Veena Crest,Andheri West
Accord Classic,Goregaon East
Heeraji Heritage,Kandivali West
Reliable Business Centre,Oshiwara
Cozy Apartment,Versova
Garden Estate Tower,Goregaon West
Ekta CHS Ltd,Andheri West
DLH Mamta,Andheri West
Anmol Prestige,Goregaon West
Kastur Park,Virar
Auriegae Residency,Kandivali East
JP Deck,Goregaon East
Siddivinayak Horizon,Worli
Aradhana Apt,Dadar East
Lodha Altia,Wadala
Padmavati Heights,Grant Road
Model Residency,Mahalakshmi
A1 Apartments,Walkeshwar
Lodha Parkside,—
Sky Forest Indiabulls,—
Piramal Mahalaxmi,—
One Avighna Park,Lower Parel East
Suryadarshan,Walkeshwar
Chinar CHS,Wadala
Baya Central,Lower Parel
Rijhumal Mansion,Pedder Road
Aditya Elegance,Mahim
Kanakia Paris,BKC
Aversekar Heights,Worli
B.Y. Apartment,Worli
Twin Tower,Prabhadevi
Raheja Imperia,—
Hiranya CHS,Shivaji Park
Ratnamani Tower,Dadar East
Monalisa Tower,Dadar East
Royal Residency,Lalbaug
Sanskruti,Prabhadevi
Ruparel Ariana,—
Minerva,Mahalaxmi
Water Queen,Bandra West
Orchid Towers,Worli
Pinnacle Heights,Kalachowki
Park View,Walkeshwar
Lotus Enpar,Lower Parel
Arista,Bandra East
Lodha Aura,—
Phoenix Towers,Lower Parel
Raheja Heights,Goregaon East
Geetanjali Chs,Malad East
Lemont,Malad East
Sheetal Tapovan,Malad East
Jeevandeep,Kandivali West
Kalpavruksh Gardens,Kandivali West
Satyam Tower,Kandivali East
Ruparel Sky Green,Kandivali West
19th North,Kandivali West
Mansarovar,Kandivali West
Sahil Apartment,Kandivali West
Ananda Residency,Borivali West
Arcade Bhoomi,Kandivali West
Oberoi Splendor,Andheri East
Gaurav Garden,Kandivali West
Shiv Shrushti,Kandivali West
Bhoomi Garden,Kandivali West
Breezy Corner,Kandivali West
Kalpatru Vienta,Kandivali East
Panchsheel Garden,Kandivali West
Kalpataru Tower,Kandivali East
Express Tower,Borivali West
Mantri Sujata,Bandra
Rachana CHS,BKC
Dakshin Pali,Bandra
Celestia Spaces,Sewree
Rustomjee Seasons,BKC
Lodha Allura,Lower Parel
Omkar Meridia,Bandra Kurla Complex
Golden Jubile,Jogeshwari
Akruti Erica,Vile Parle East
Silver Sand,Andheri West
AH Heights,—
Supreme 19,—
Lodha Belair,—
Universal Garden 1,—
215 Atrium,Andheri East
Bajsons Industrial Estate,Andheri East
Maple Tower,—
Pinnacle Business Park,Andheri East
Oberoi Garden,Andheri East
Xtrium,Andheri East
The Lumiere,Andheri
Desai Oceanic,—
RNA Miraj,Worli
Hicon Classes,Bandra
81-Aureate,—
Azumi,Khar
Park Reach,—
Chandak Nischay,Borivali East
Neelamber Apt,Bandra West
Divyam Heights,Andheri West
Suyog Darshan,Andheri West
Madhuban Tower,Andheri West
Dheeraj Sapna,Bandra West
Hill View Bldg,Bandra West
Dhanlaxmi,—
Divine Heights,—
Manish Tower,Andheri West
Joy Legend,—
Rustomjee Season,Bandra East
RNA Auroville,Santacruz West
Two Roses,Bandra West
Jade Garden,Khar West
Acme Plaza,Andheri East
Solitaire,Khar
Mohini Castle,Bandra West
Shams Palace,Bandra West
Grace Heritage,Bandra West
Bright Land,Bandra West
Arvasu,Santacruz West
Rocky Hill,Bandra West
Sadguru Drishti,Khar West
Cenced,Bandra West
Sandhu Palace,Bandra West
Matai Mansion,Bandra
The Primordial House,Grant road
Belfer Apt,Bandra West
Shree Shakti,Khar
Kedarnath,Khar West
Makhija Arcade,Bandra
Auris Serenity,Malad
Le Reve,Bandra
Joy Palace,Bandra West
Continental,Bandra West
Gurudev Bhavan,Bandra West
Narang Mantion,Bandra West
Shalaka,Santacruz
Neera,Khar West
Vasant Kunj,Santacruz West
Dreamland,Khar West
Sumukh,Bandra
Cannon Bldg,Bandra West
Kedarnath apt,Khar
Little Hut,Bandra
Chitra,—
Sainara,Santacruz West
DLH Dawn,Santacruz West
Rustomjee Paramount,—
Marble Arch,Bandra West
Prakash Building,Santacruz West
Maheshwar Shikhar,Santacruz West
Pali Hill Niketan,Bandra West
Kanti Apartment,—
Ladhani Legacy,Bandra West
Govind Kutir,Khar
Ostwal Tower,Borivali West
Indradarshan,Andheri West
Sterling Apartment,Andheri West
Ashirwad Apartment,Andheri West
Hubtown The Premiere Residence,Andheri West
Shikhar Tower,Andheri West
Blue Arch,Kandivali West
Atlantis Apartment,Andheri West
Shangrila Apartment,Andheri West
Laxmi Industrial Estate,—
Sadguru Complex,Goregaon East
Morya Landmark II,Andheri West
Cosmos Plazza,Andheri West
Hiranya,JVPD Scheme
Versova Heaven,Andheri West
Aakansha Tower,Andheri West
Sheil Tower,Andheri West
Ganga Darshan,Andheri West
Juhu Acropolis,Juhu
Runwal Elegant,—
New Mahada,Andheri West
Parinee,Andheri West
Lodha World Crest,Lower Parel West
Clifton,Andheri West
Millennium Court,—
Serenity Complex,Oshiwara
Lashkaria Indrasukh,Andheri West
Horizon View,Andheri West
Gardenia Apartment,Goregaon East
Basera,Andheri West
The Park Residence,—
Harmony CHS,Goregaon West
Crest Link,Khar West
Winspace Amelio,Andheri West
Silver Arch,—
Ascot,—
Lila Apartment,Andheri West
Gada Residency,Juhu
Peninsula Park,Andheri West
Rukmini Vaibhav Apartment,Andheri West
Pratap Elegance,Vile Parle West
Navratana Apartment,Juhu
Platinum Heights,Andheri West
Peninsular Park,Andheri West
Naman Habitat,Andheri West
Wind Space Amelio,Andheri West
Tathastu,Andheri West
Panchsheel,—
Rohit Apartment,Andheri West
Green Tower,Andheri West
Kankia Paris,Bandra West
VKG Park Estate,Andheri East
Prem Sagar,Andheri West
Kalpataru Pinnacle,—
Chandak Unicorn,Andheri West
Upper 97 East,Malad East
Millennium Court CHS,Andheri West
Oberoi Skyheights,Andheri West
Navrang,—
Ashtavinayak,Ghansoli
Raheja Interface,Malad West
Lodha Fiorenza,Goregaon
Lotus Link Square,Malad West
Link Garden Tower,Yamuna Nagar
Yashodeep Castle Tower,—
Remi Commercio,Andheri
Gurukrupa Dhayanam,Andheri West
The Level Residence,—
Andheri Ekta,Andheri West
Kings Building,Juhu
Elco Arcade,Bandra West
DLH Mamta,Juhu
Tarapore Garden,Oshiwara
Morya Landmark,Andheri West
Oberai Sky City,Borivali East
Madhuvan Tower,Andheri West
Parijat,Lokhandwala
Woodrose,Lokhandwala
Windspace Amelio,Andheri West
Monika Apartment,Andheri West
Umang Heights,Andheri West
Jiten,Azad Nagar
Millionaire Heritage,Andheri West
Signature Lakhani,Bandra
Ekam,Santacruz West
Indra Darshan,Oshiwara
Meghdoot Apt,Lokhandwala complex back road
Lotus Signature,Andheri West
Parijat,Lokhandwala market
Bunch Berry,Andheri West
Cosmos Plaza,Andheri West
Aradhana,Andheri West
Shubham,Andheri West
Tarapur Garden,Andheri West
Udaka Heights,Goregaon West
Sunteck Avenue 4th,—
Excellency,Andheri West
36 Avenue,Goregaon West
Paradigm Antalia,Andheri West
Green Acres,Juhu
Transcon Triumph,—
Royal Empire,Andheri West
Movie Tower,Andheri West
Vision Heights,Jogeshwari
El Signora,Andheri West
Lodha Unica,Jogeshwari West
Raj Infina,Malad West
AISHWARYA CHS,—
DUNHILL APARTMENT,Pali Hill
DHEERAJ GAURAV HEIGHTS,Andheri West
PRIVATE BUILDING,—
MANJU TOWER CHS,Lokhandwala
K L ASTORIA,Bandra West
INDRADARSHAN,Oshiwara
ANTARIKSH,Bandra East
ANMOL TOWERS,—
LINK PLAZA,—
Samartha Siddhi,Lokhandwala
Madhuban Tower,—
Brook Hill Tower,Andheri West
Meghdoot Tower,Andheri West
GOLDEN CHARRIOT,Lokhandwala
Oberoi Spring,Lokhandwala
JOY LEGEND,Bandra West
Raheja Classic,—
Platinum Life,—
Sweet Home,Lokhandwala
JUHU SAMEEP,Juhu
AND,JVPD
VENUS,Matunga
Range Heights,—
— Uk Sangfroid,—
Hubtown Premiere,Andheri West
Chaitanya Anand,Andheri West
Level The Residences,Andheri West
Woodland,Andheri West
Mahindra Gardens,Goregaon West
Arshi Complex,Andheri West
Snehadhara CHSL,Vile Parle West
Paradigm Antaliya,Andheri West
Remi Commercio,Andheri West
Hubtown Premier,Andheri West
Fair Link Centre,Andheri West
Sunil Niwas,Andheri West
Palash Tower,Andheri West
Chitralekha Haritage,Andheri West
Samadhan,Goregaon West
New MHADA,Lokhandwala
Paradise,Andheri West
Eden Woods,Andheri West
Rukmini Vaibhav CHS,Andheri West
Denzil,Andheri West
Montreal Tower,Andheri West
DLH Imur,Azad Nagar
Denzil CHS,Andheri West
Kalpataru Solitaire,—
Lashkaria Empress,—
Awadhoot CHS,Andheri West
Prabhat CHSL,—
New MHADA,Andheri West
Sunteck City Avenue 4,Goregaon West
The Level Residence,Andheri West
Aashirwad,Andheri West
Crescent Royale,Andheri West
34 Park Estate,Goregaon West
Key Tech Park,Jogeshwari West
Abhishek Bldg,Andheri West
Oberoi Spring,—
Ridhi Siddhi Vridhi,Andheri West
Shatdal Society,Andheri West
Olympic Tower,Andheri West
Astavinayak,Andheri West
Juhu Darshan,Andheri West
Golden Chariot,Andheri West
Excellency Apartment,Andheri West
Cosmopolis Tower,Andheri West
Windsor Grande Residence,Andheri West
Golden Chamber,Andheri West
Victoria CHSL,Andheri West
Kanakia Zillion,Kurla
Garden Rose,Andheri West
Ashirwad,Andheri West
Runwal Elegante,Lokhandwala
Ratnakar CHS,Andheri West
Deep Tower,Andheri West
Stadium View,Andheri West
Indradarshan,Oshiwara
Leela Sagar CHS,Andheri West
Shiv Parwati,Andheri West
Dev Leo Tower,Andheri West
Luxmi Business Park,Andheri West
DLH Leo,Andheri West
Shreeji Paradise,Andheri West
Riya Palace,Andheri West
Arshie Complex,"Versova, Andheri West"
Akansha,"Versova, Andheri West"
Skyline Heights,Goregaon West
Vandana,Andheri West
Manju Tower,Andheri West
Dheeraj Gaurav Heights,Andheri West
Supreme Residency,Bandra
Lumiere,Andheri West
Breeze,Andheri West
Lennie Apartment,Andheri West
New Chandra CHS,Andheri West
Joy Legend,Bandra West
Gold Crown,Andheri West
Vastu Prestige,Andheri West
Sai Dwar,Andheri West
Shiv Shivam Tower,"Oshiwara, Andheri West"
Sai Darshan,Andheri West
Polaris Tower,Goregaon West
RNA Springs,Andheri West
Samarth Aangan,Oshiwara
Crescent Tower,—
Rustomjee Central Park,Andheri East
Arsha Villa,Santacruz West
Crest Apartment,Andheri West
Chrysalis,Juhu
Insignia,Vile Parle West
Lodha Adrina Tower,Worli
Meghdoot,Lokhandwala
Parinee 11 West,Juhu
Rushabh tower,Andheri West
Vasundhara,Santacruz West
Aditaya Kutir,Khar
Deeraj Devika,Bandra
Duplex heights,Andheri West
Ratnagar Chs,Andheri West
Samartha Deep,—
Mayfair Liv,Santacruz West
Universal Garden 2,Jogeshwari West
Vaikunth,Bandra West
Samartha Aishwarya,Andheri West
Abde Villa,Khar West
Yasmin Villa,Bandra West
Raheja Sherwood,Goregaon
Crystal plaza,Bandra
Nivaan,Khar
Nivan,Khar West
Lumiere Tower,Andheri West
Celestia Space,Sewri
93 East,Andheri East
Sudharshan Heights,Andheri East
DLH Metro View,Andheri West
Kalpataru Elitus,Mulund West
TW Gardens,—
Hubtown Harmony,Matunga East
Darshan Ricco,Lower Parel
Bhagyashree CHS,Prabhadevi
Chandak Unicorn,—
Rosa Gardenia,Thane West
Chand Ganga,Borivali West
Katyani Residency,Andheri East
Samir Apartment,Andheri West
Gundecha Trillium,Thakur Village
Laxmi Mall,Andheri West
Deluxe House,Andheri West
Phoenix Tower,Lower Parel
Kanakia Rain Forest,Andheri East
Rivali Park Tower D,—
Blu Horizon,Malad West
Durva,Andheri West
Trishna,Andheri West
Raj Spaces,Goregaon West
Adani Inspire,Andheri West
Krishna Kunj,Khar West
Infinia Grand,Andheri West
Belscot Tower,Andheri West
Aston Building,Andheri West
Evershine Embassy,Andheri West
Sweet Home,Andheri West
Platinum Casa Millenia,Andheri West
Rushabh Tower,Andheri West
Romell Diva,Malad West
Sunil Niwas Tower,Andheri West
Evershine Green Tower,Andheri West
Auris Serinity,Malad West
Shefield Tower,Andheri West
Kaveri CHS,Andheri West
Aashiyana Apt,Andheri West
Janaki Centre,Andheri West
Lashkaria Pearl,Jogeshwari West
Mermit Towers,Lower Parel
Grenville,Andheri West
Gurnani Palms,Andheri West
Juhu Gulmohar,Juhu
Madhuvan,Andheri West
Center Square,Andheri West
Prim Rose Tower,Andheri West
Sakar Swapna,Andheri East
Mangal Meeth,Juhu
Prim Rose,Andheri West
Saujanya Rachnaa,Andheri West
Jawaharban Chs,Andheri West
Remi Biz Court,—
Gurukripa Dhyanam,Andheri West
Notan Heights,Bandra West
Rajeshri Apartment,Kandivali West
Kalpataru Vienta,Kandivali East
Trans Avenue,Andheri West
Kingston Palace,Malad West
Rivali Park,—
Kalpavruksha Residency,Kemps Corner
Earth Ventage,Dadar West
Crystal Tower,Parel
Shreedham Splendour,Andheri West
Trade Centre,Bandra East
Ekta Everglades,Bandra
Dharam Palace,Hughes Road
Vastu Shilp,Tardeo
Jercelle,Bandra West
Turquoise,Kemps Corner
Sugee Atharva,—
Lodha Casa Viva,Thane West
Castle Rock Hiranandani,Powai
Samarpan Exotica,Borivali East
Rustomjee Season Annexe,BKC
Shamkala,Walkeshwar
Lumiere Tower,Versova
Raheja Classic,Lokhandwala
Bandstand Apt,Bandra
Francesca,Bandra West
Dhiraj Devika,Bandra West
Kasturpark,Borivali West
Poonam Chambers,Worli
Shree Villa,Tardeo
Runwal Reserve,Worli Naka
B.Y. Apartment,Worli Naka
Campa Cola Compound,Worli Naka
Nishat Building,Malabar Hill
Shanker Sagar,Breach Candy
Ceejay House,Worli
Krishna Mahal,Marine Drive
Wellington Business Park 1,Andheri East
Castle Rock,Powai
L&T Elixir Reserve,Powai
Indiabulls Blu,—
Darshan Ricco,—
Green Ville,Andheri West
Nutan Annex,Goregaon West
Parishram Rustomjee,Pali Hill
Satguru Paman,Bandra
Lodha Trump Towers,Worli
Elysium,Worli Sea Face
Shiv-Dham,Khar West
Harmony CHSL,Goregaon West
Raj Shiv Ganga,Malad West
Ekta Tripolis,Malad West
Kalpataru Radiance,Malad West
Mayfair Breeze,Andheri West
Kalpataru Pinnacle,Malad West
Silicon Park,Malad West
Empire Estate,Kemps Corner
Lodha Signet,Matunga
Piramal Aarav,Byculla
Ajmera Aeon,Wadala
"The Park, Lodha",Worli
Lodha World View,Worli
Sea Lord,Cuffe Parade
Orion,Santacruz West
Lodha Azzuro,Parel
The Park,Worli
Ashok Towers,Parel
Chaitanya Towers,Prabhadevi
Lodha Allura,Worli
Trivedia Vue Point,Prabhadevi
RNA Continental,Chembur
Pitale Prasad,Worli Sea Face
The Metropolitan,Bandra Kurla Complex
Naman Midtown,Prabhadevi
Summer Trinity,Prabhadevi
Manav Heights,Matunga East
Kanakia Atrium 215,Andheri East
Naman Midtown,—
Rushabh Tower,Sewri West
Sea Mist,Worli
Lotus Enpar,—
Arihant Apartment,Parel
Avenue 14,Dadar East
G Block,Bandra
Kanakia Wall Street,Andheri East
Marlboro House,Pedder Road
Bay View Terraces,Prabhadevi
Lodha Trump Tower,Lower Parel
Insignia,Santacruz East
Samartha Deep,Andheri West
Millennium Court,Andheri West
Supreme Chambers,Andheri West
Aashiyana,Andheri West
Remi Commerco,Andheri West
Lashkarya Green Heights,Andheri West
Sai Apartment,Andheri West
Lok Saritha,Andheri East
Madhu Kunj,Khar West
Sea Breeze,Andheri West
Lashkaria Empress,Andheri West
Jyoti Sadan,Juhu
Versova Mangela CHS,Andheri West
Platinum Tower 1,Andheri West
Mohini Castle,—
Usha Sadan,Colaba
Mount Casa,Thane West
Jyoti tower,Andheri West
The Lumiere,Andheri West
Vardhaman Estate,Lalbaug
Rustomjee Seasons,—
Siddhivinayak Horizon,—
Geeta Bhavan,Breach Candy
25 South,—
Woodlands,Peddar Road
Kamana Apartment,Prabhadevi
One Avighna Park,—
Dosti Flamingos,Sewri
Lodha Allura,—
Grand Paradi,—
Mittal Towers,Nariman Point
Ashok Gardens,—
Nirman Kendra,Mahalaxmi
Raheja Atlantis,Lower Parel
Laxmi Vilas,Nepeansea Road
Alt View,Altamount Road
Ashutosh,Nepeansea Road
Rustomjee Seasons,BKC Annex
Udhyan Darshan,Prabhadevi
Auro,Lower Parel
Sagar Darshan,Breach Candy
Jupiter,Altamount Road
Revika Apartment,Babulnath
Walchand Terraces,Tardeo
Nishant,Malabar Hill
Sunbeam,Peddar Road
Vaidya Cottage,Vile Parle East
R A Residency,Dadar East
Indiabull Sky Forest,—
Dariya Mahal,Nepean Sea Road
Salsette 27,—
Grand Paradi,Kemps Corner
Kakad House,New Marine Lines
Rushab Tower,Sewri
Runwal Nirvana,—
El-Dorado,Prabhadevi
Sambhov Tirth,Haji Ali
Arun Chambers,Tardeo
Nathani Heights,—
Indiabulls Sky,—
Rishabh Tower,Parel
Kalaniketan,Breach Candy
Adinath,Tardeo
Awarsekar Height,Worli
Lodha Primero,Lower Parel
Rashid Mension,Worli
CCI Chambers,Churchgate
Shiv Tapi,Gamdevi
Hicon Residency,Bandra
Dheeraj Swapna,Bandra West
Bella Vista,Bandra West
Empressa,Khar West
Evergreen,Bandra West
Chardham,Bandra West
Makhija Arcade,Bandra West
Moti Mahal,Churchgate
Pil Court,Marine Lines
Crescent Tower 6,Parel
Hilla Heights,Grant Road
Malabar Apartment,Nepean Sea Road
Hicon Residency,Bandra West
Infinity,Mazgaon
Minerva Tower,Mahalaxmi
Firpos,Breach Candy
Arun Building,Nepean Sea Road
Kinjal Heaven,Tardeo
Kohinoor Square Tower,Dadar
Lokhandwala Minerva,Mahalakshmi
Ashar Sapphire,Thane
Seeta Geeta,Bandra West
Ideal Manohar,Bandra West
Anand Bhavan,Santacruz West
Sunny Side,—
Dream Queen,Santacruz West
Nishat,Walkeshwar
Ganges Apartments,Walkeshwar
Green Fields Society,Juhu
Regiland,Bandra
Avisa,Bandra West
Continental Towers,Bandra
Sai Dham,Khar West
Chandan,Peddar Road
Elisha Apartment,Bandra
Aquarius Tower,Bandra
World One,Malad West
Crystal Point,Andheri West
Legend,Andheri West
Bayview,Andheri West
DPS Park View,Goregaon West
Pearl Heights,Yari Road
Lodha Adrina,Lower Parel
Lodha Kiara,Worli
Oberoi Woods,Goregaon East
Pushp Vinod Tower,Borivali West
Kalpataru Summit,Mulund West
World One,—
Kotia Nirman,Andheri West
Lotus ARC One,Andheri West
Runwal Nirwana,Parel
Nebula Apartment,Khar West
Ivy Homes,Kurla West
Shilpoo Co-Operative Housing Society,Andheri East
Juhu Griha Swapna,Vile Parle West
Aditi,Andheri West
Orbit Heights,Nana Chowk
Piramal Mahalaxmi Central,Mahalaxmi
Roha Orion,Bandra
Passion Flower,Bandra West
Cosmopolise,Walkeshwar
Cosmic Tower,Andheri West
Woodland CHS,Andheri West
Platinium Casa Divine,Andheri West
Aditya Akruti,Nana Chowk
L&T Rejuve 360,Mulund West
Parthenon,Andheri West
Jagat Vidya,Bandra East
Tushar,Khar West
Mantri Sujata,Santacruz West
Sailesh Building,Santacruz West
Hubtown Solaris,Andheri East
Dheeraj Solitaire,Malad West
Navrang Navkar,Goregaon West
Fortuna Blue,Lower Parel
Ideal Apartments,Juhu
Himalaya Building,Worli
Sahakar,Churchgate
El Dorado,Prabhadevi
Sai World Empire,Kharghar
Hiranandani Zen Maple,Powai
Sahil Exotica,Powai
Nahar Cayenne,Powai
Juhu Abhishek,Andheri West
Hubtown Iris,Mira Road
Raj Mala,Nepeansea Road
Ramdev Paradise,Bhayandar
Vijay Vilas,Thane West
MK Gracia,Andheri West
Lotus Sky Gardens,Malad West
Summer Queen,Bandra West
Crescent Sky Heights,Dahisar East
Silver Cascade,Bandra West
Apsara Apartment,Juhu
Buena vista,Bandra East
Sai Elegance,Kandivali West
Amber Croft CHS,Khar West
Woodstock,Andheri West
New Saket,Santacruz West
Spring Tower,Dadar East
Park Heights,Khar West
Heritage One,Chembur
Grandeur,Santacruz West
5th Element,Andheri West
ARC Aura,Andheri West
Gulshan,Andheri West
Anand Apartment,Khar West
Rishabraj Samaj Darshan,Kandivali West
Deep Darshan,Goregaon East
Veena Santoor,Kandivali West
Gilder Villa,Bandra West
Kakad Enclave,Khar West
Qureshi Heights,Bandra West
Jai Shankar Deep,Khar West
Rajhans,Khar West
Sayba Emerald,Bandra West
Fatima Villa,Bandra West
Esspee Tower,Borivali East
Ekta Bhoomi Garden III,Borivali East
Rustomjee Summit,Borivali East
Fortune Paradise,Khar West
Ishaan,Khar West
Narang Mansion,Khar West
Amin Alturas,Bandra West
Ganga Bhavan,Andheri West
Dosti Ambrosia,Wadala
Lok Nirman,Khar West
Queens Park,Juhu
Thakur Jewel,Kandivali East
Bhanu Vinayak,Khar West
Khar Friends,Khar West
Chaya,Khar West
STG Signature,Thane West
Emgee Greens,Wadala
Sarova,Kandivali East
Unique Greens,Thane West
Arihant,Vile Parle West
Krishna Baug,Khar West
Zynergy,Chembur
Wellingdon View,Tardeo
Vardhman Estate,Parel
Krypton Tower,Prabhadevi
Mangal Kunj,Bandra West
Satnam Apartment,Cuffe Parade
Neumec Elegance,Lower Parel
Desai Oceanic,Worli
Om Dariya Mahal,Nepeansea Road
Konark Empress,Worli
Vision Crest,Prabhadevi
Atlanta Heights,Prabhadevi
Ashok Gardens,Sewri
Royal Palace,Andheri West
New Silver Home,Bandra West
Next Gen Era,Lower Parel
Neptune Apartments,Andheri West
Sindhi Society,Chembur
Sankalpita,Khar West
Nalanda,Andheri West
Lodha Splendora,Thane West
Sheth Avalon,Thane West
Vinayak Chambers,Khar West
Bandstand,Bandra West
Virgo Heights,Khar West
Mahindra Alcove,Powai
UK Iridium,Kandivali East
Dev Prestige,Andheri West
Godrej Nest,Kandivali East
Acme Oasis,Kandivali East
Vedic Heights,Kandivali East
Aurigae Residency,Kandivali East
Parekh Celeste,Goregaon West
Dev Paradise,Mira Road
Raj Kamal Apartment,Andheri West
Gokul Darshan,Juhu
Manik Moti,Andheri West
Laxmi Chs,Bandra West
Rajdoot CHS,Andheri West
Anisha Apartments,Andheri West
Dattani Park,Kandivali East
Steel House,Andheri East
Bhoomi Hills,Kandivali East
Happy Homes,Borivali West
Ostwal Orbit,Mira Road
Sailesh Apartment,Khar West
Shree Ahimsa Dham,Malad West
Kalpana Building,Khar West
Vaibhav Chambers,Bandra East
Ambrosia,Powai
Kailash Enclave,Bandra West
Rubans,Nepeansea Road
Konark Classic,Bandra West
Poseidon,Andheri West
Crescent Solitaire,Andheri East
Western Woods,Goregaon East
Avon Plaza,Kandivali East
Deepak Silverene,Bandra West
Inder Tower,Dadar West
Ravindra Mansion,Churchgate
Universal Heights,Grant Road
Pearl mansion,Marine Lines
Kamla Heritage,Juhu
Bhoomi Valley,Kandivali East
Simar Tara,Bandra West
Riviera,Juhu
Shah And Nahar Industrial Premises,Worli
Anand Villa,Santacruz West
Belvedere Court,Mahalaxmi
Meera Tower,Andheri West
Regal,Santacruz West
Lodha Seamont,Walkeshwar
Aurum Arts,Worli
Crystal Tower,Dadar East
Raj Spaces Tower,Goregaon West
Aakanksha Tower,Andheri West
Om Ratan,Worli
Janki Centre,Andheri West
Rustomjee Crown Tower B,Prabhadevi
NCPA Apartments,Nariman Point
Gaurav Woods,Mira Road
Palm Beach Apartment,Andheri West
Pooja Apartments,Vile Parle West
Shadaab Tower,Bandra West
Rakhangi Mahal,Worli
Samyakth Bliss,Khar West
Mangal Millap,Juhu
Pushp Vatika,Khar West
Ace Enclave,Thane West
S.K. Imperial Height,Mira Road
Shreyas,Khar West
Dheeraj Serenity,Santacruz West
DGS Sheetal Ekta,Malad East
Puraniks Tokyo Bay,Thane West
Haware Estate Tulip,Thane West
Galleria Mall,Powai
Florence,Khar West
Arihant,Khar West
Gaurav Greens,Mira Road
Shri Balaji Ashirwad,Malad West
Embassy,Andheri West
Marathon Millennia,Mulund West
Solitaire Heights,Malad West
Imperial Heights,Bandra West
Kakad Paradise,Mira Road
Whispering Palm,Airoli
Universal Garden,Jogeshwari
Maple Leaf,Powai
Bhoomi Park,Malad West
Bhoomi Paradise,Sanpada
Omkar Raga,Chembur
Vishnu Shivam Tower,Kandivali East
Neela Akash,Khar West
Ruparel Panache,Santacruz West
Shivam,Gamdevi
Jackers,Bandra West
Sunny Side,Bandra West
Amar Tower,Juhu
XVI Avenue,Khar West
Tuscany,Khar West
Lodha Elisium,Wadala
Akshaya Residency,Borivali West
Panchsheel,Goregaon East
Lodha Unica,Jogeshwari
Antariksh Ace,Bandra East
Kushwah Chambers,Andheri East
Piramal Aranya Ahan,Byculla
Western Edge 2,Borivali East
Siddhivinayak,Borivali East
Oyster Shell II,Juhu
Neelam Apartment,Bandra West
Hiranandani Atlantis,Powai
Supreme Willows,Kandivali West
Millenium Court,Andheri West
Acharya Aashram,Borivali West
Rustomjee Meridian,Kandivali West
Prarthana Grand,Sewri
Blue Lotus,Khar West
Mehrise,Santacruz West
Raheja Bay,Bandra West
Om Sai Plaza,Thane West
Dosti West County,Thane West
Neelkanth Valley,Thane West
Sethia Link View,Goregaon West
Ruparel Jewel,Parel
Heena,Borivali West
Bhakti Park,Thane West
Park Grandeur,Juhu
Pushpa Vatika,Santacruz West
Rosie Apartment,Santacruz West
Aditya Heritage,Malad West
Vijay Orion,Thane West
Hiranandani Heritage,Powai
Sand Dunes,Malad West
Royal Oasis,Malad West
Regent Galaxy,Malad West
Symphony,Kandivali West
Raj Tattva,Thane West
La Rose,Mahim
Royal Samarpan,Kandivali West
Clarion,Borivali East
Camron Heights,Andheri West
Valencia,Santacruz West
Gamdevi CHSL,Gamdevi
Madhuvan,Santacruz West
Wadhwa Elite-Platina,Thane West
Mansha,Khar West
Raval Tower,Andheri West
Green Heights,Andheri West
Mittal Cove,Andheri West
Kalpataru Paramount,Thane West
Siddha Seabrook,Kandivali West
RNA Royale Park,Kandivali West
Dheeraj Valley,Goregaon East
Avirahi Heights,Malad West
Phalguni,Santacruz West
Kingston Tower,Malad West
Palacia Phase 2,Thane West
Poonam Orbit,Mira Road
Kalpataru Hills,Thane West
Pioneer Park,Thane West
Jawaharban CHS,Andheri West
Upper East 97,Malad East
Tata Glendale,Thane West
Acme Ozone,Thane West
Vasant Lawns,Thane West
Raj Kamal CHS,Andheri West
Gods Gift,Bandra West
Mystique Rose Apartment,Santacruz West
Sarita,Bandra West
Silver Arch,Andheri West
Blue Heaven,Powai
Powai Vihar,Powai
Jaliyan Height,Borivali East
Vasant Vihar,Thane West
Jolly Bhavan No. 2,Marine Lines
Gagangiri Complex,Dahisar West
Viceroy Park,Dahisar West
Raghuvanshi Mills,Lower Parel
Gayatri Heights,Andheri East
New Pushpa Milan,Worli
The Presidential,Bandra West
Dheeraj Heritage,Santacruz West
Lake View,Bandra West
Orbit Heights,Tardeo
Manavi Apartment,Walkeshwar
Jagdambe,Khar West
Krishna Heritage,Santacruz West
Serenity Tower,Andheri West
Balaji Tower,Santacruz West
Raheja Sherwood,Goregaon East
Deepika,Bandra West
BKC 28,Bandra East
Prabhat Residency,Santacruz East
Pearl Apartment,Andheri West
Meera,Santacruz West
Laxmi Niwas,Khar West
Lodha Primo,Parel
Rushi Heights,Goregaon East
Sanghi Residency,Prabhadevi
Commerz 54,Santacruz West
Twin Towers,Prabhadevi
Neel Tarang,Mahim
Suraj Tranquil Bay,Prabhadevi
Rustomjee Crown Tower C,Prabhadevi
Shilp Tower,Lower Parel
Matoshree Pride,Parel
Rakhi Mahal,Churchgate
Victoria,Santacruz West
Vinod Villa,Worli
Landmark Tower,Dadar East
Wadhwa 25 South,Prabhadevi
Darshan Volanzo,Grant Road
Casa Grande,Lower Parel
Mahavir Ville,Matunga
Maker Tower,Cuffe Parade
Supreme Alora,Khar West
Kalaya Tower,Dadar West
Samudra Gaurav,Worli
Orbit Eternia,Lower Parel
Zahra,Worli
Sethia Grandeur,Bandra East
Chandanbala,Walkeshwar
Prabhat,Breach Candy
Hubtown Viva,Jogeshwari
Girnar Heights,Wadala
Sugee Hiranya,Dadar West
Ruparel Iris,Matunga
Mamta,Prabhadevi
Jayant Apartment,Prabhadevi
Sunflower,Cuffe Parade
Gandhar Tower,Prabhadevi
Godavari,Worli
Om Residency,Parel
Tardeo Court,Tardeo
Sea Sequence,Prabhadevi
Neel Sagar,Prabhadevi
Sudha Kalash,Walkeshwar
Tahnee Heights,Nepeansea Road
Mittal Aristo,Parel
Peninsula Salsette 27,Byculla
Rose Queen,Khar West
Ashok Apartment,Khar West
140 Shivaji Park,Dadar West
Kingston Tower,Sewri
Suraj Millenium,Breach Candy
Aadeshwar,Dadar West
Anchor Victorian,Parel
Le Chateau,Santacruz West
Sumer Apartment,Prabhadevi
Poonam Apartment,Worli
Kingston Tower,Parel
Jeevan Vihar,Walkeshwar
Monolith,Nepeansea Road
Prisca,Bandra West
Panchsheel Society,Santacruz West
Royal Accord,Dadar West
Siddhivinayak Grandeur,Prabhadevi
Ahuja Tower,Prabhadevi
Aangan,Matunga
Belmont,Nepeansea Road
Bandra Breeze,Bandra West
Breach Candy Gardens,Breach Candy
Supreme Melange,Dadar East
Opera House,Opera House
Deep Chs,Andheri West
Vikas Centre,Chembur
Ariisto Sapphire,Santacruz West
White Rose Apartment,Mahim
Greenfield,Lower Parel
Pushpa Milan,Breach Candy
Breach Candy Apartment,Breach Candy
Goolestan,Breach Candy
Sagar Kunj,Nepeansea Road
Priya Building,Worli
Bakhtawar Annexe,Walkeshwar
Udyan Darshan,Prabhadevi
Ahmed Mansion,Colaba
Colaba Court,Colaba
Casablanca,Juhu
Pinnacle Corporate Park,Bandra Kurla Complex
Revills,Cuffe Parade
Desai Harmony,Wadala
Peninsula Business Park,Lower Parel
The Ruby,Dadar West
Prabhu Kutir Apartment,Altamount Road
Petit Tower,Breach Candy
Island City Centre 2,Dadar East
New Poonam,Khar West
Silver Nest,Andheri West
Hill Crest,Worli
Sun Palazzo,Lower Parel
Dunkeld,Walkeshwar
Panchratan,Bandra West
Madhukunj Apartment,Prabhadevi
The Baya Victoria,Byculla
Elco Residency,Bandra West
Sea Land,Cuffe Parade
Dalamal Tower,Nariman Point
Malabar Apartment,Nepeansea Road
Prarthana Heights,Parel
Turf View,Worli
Sagar Sangam,Bandra West
Serendipity,Bandra East
Jayshree Apartment,Worli
Suraj Louisandra,Dadar West
Venus,Cuffe Parade
Krishna Mahal,Churchgate
Lodha Supremus,Wadala
Conwood Astoria,Santacruz East
Aaditya Elegance,Matunga West
Hubtown Harmony,Matunga
Tanna Residency,Prabhadevi
Allied,Bandra West
Dom Lucia,Bandra West
Arkade Serene,Malad West
Metropolitan,Bandra West
Hill Top,Bandra West
Interface 7,Malad West
Nand Dham,Kandivali West
Central Avenue,Santacruz West
Prabhu Vijay,Juhu
New Diamond Palace Building,Santacruz West
Kanakia Zen World,Kanjur Marg
Accord Nidhi,Malad West
Sethia Green View,Goregaon West
Golden Square,Santacruz East
Kalpavruksh Heights,Kandivali West
Cannon,Bandra West
Signia Isles,Bandra East
Haripreet,Santacruz West
Vijaydeep CHS,Khar West
SKG Eastern Winds,Kurla
Poonam Heights,Goregaon West
Crystal Spires,Thane West
Lalit kunj,Worli
Las Palmas,Walkeshwar
Bhoomi Legend,Kandivali East
Brij Kutir,Nepeansea Road
Kailash Mahal,Peddar Road
KK Imperial,Khar West
Shankardham,Andheri West
Vaishali Shopping Centre,Juhu
Bhaktawar Annexe,Nepeansea Road
Tanna Height,Kandivali West
Panchsheel Height,Kandivali West
Falcon Castle,Lower Parel
Glen Ridge,Powai
Glen Gate,Powai
Falcon Crest,Parel
Sumer Trinity Vertical,Prabhadevi
Runwal Eirene,Thane West
Murli Govind,Khar West
Green Field,Juhu
Elron Garden,Bandra West
Aashray Apartment,Juhu
Gladhurst,Santacruz West
Saraswati,Khar West
Jastcon Heights,Khar West
Nav Palmyra,Bandra West
Payal CHS,Andheri West
Aroma Residency,Khar West
Parijat,Bandra West
Lodha Sterling,Thane West
Embassy Apartments,Nepeansea Road
Samrat CHS,Bandra West
Pioneer Heights,Khar West
Supreme Badrinath,Khar West
Kanakia Hollywood,Andheri West
Platinum Casa Divine,Andheri West
Apsara,Bandra West
Bajaj Jade,Khar West
Dhanashree Heights,Andheri West
Ramaa Krishna,Bandra East
Krishna Kunj,Vile Parle East
Ratna Sindhu CHS,Andheri West
EL Signora,Andheri West
Oberoi Sky Heights,Andheri West
Bay View,Bandra West
Bhavya Supreme,Parel
Aarti Building,Tardeo
Maheshwar Prakash II,Santacruz West
Silver Apartment,Prabhadevi
Hamrahi,Khar West
Anjali Building,Colaba
Basant Apartment,Cuffe Parade
Gitanjali,Colaba
Kuber,Andheri West
Navroze,Bandra West
Springfield CHS,Andheri West
Dattani Shelter,Goregaon West
Deep Towers,Andheri West
Kingston,Mulund West
Venus,Andheri West
Magnum Opus,Andheri West
Suman Tower,Andheri West
Sheffield Tower,Andheri West
Western Edge 1,Borivali East
Park Avenue,Khar West
K52,Khar West
Citizen Apartment,Andheri West
K L Mehrise,Santacruz West
Pratibha,Matunga
Rooftop,Andheri East
Dheeraj Plaza,Bandra West
Sadhna,Peddar Road
Ocean Crest,Breach Candy
Jolly Maker I,Cuffe Parade
Island Heights CHSL,Bandra West
Capri Heights,Bandra West
Atlantis,Powai
F Residency,Malad East
Prem Sagar Building,Santacruz West
Orchid Vasundhara,Santacruz West
Lakhani Signature,Bandra West
Kakad Estate Society,Worli
Mona Apartment,Andheri West
Sita Bhavan,Khar West
North 19,Santacruz West
Mayfair Serene,Bandra West
Prem Milan,Bandra West
Madhu Park,Khar West
Manish Sunflower,Andheri West
Evershine Greens,Andheri West
Kirti Kunj,Khar West
Navyug Mansion,Grant Road
Shangrila,Bandra West
Dev Ashish,Khar West
Morya Classic,Andheri West
Runwal Greens,Mulund West
Anand Sagar,Khar West
Neelkanth Greens,Thane West
The Primordial House,Grant Road
Le Repos,Santacruz West
Saujanya Rachanaa,Andheri West
Bharat Sky Vistas,Andheri West
Satra Residency,Khar West
Grand Bella Vista,Bandra West
Sunita,Bandra West
Gold Mist,Juhu
Oyster Shell I,Juhu
Ananta,Bandra West
Shanti Sadan,Bandra West
Kutch House,Juhu
DB Woods,Goregaon East
Sai Radha,Goregaon East
Prerna,Andheri West
Bhoomi Samarth,Goregaon East
Shiv Heights,Khar West
Himath Ghar,Khar West
Satguru Shlok,Bandra West
DLH Ornate,Khar West
Platinum Grandeur,Andheri West
La Roche,Bandra West
Raheja Township,Malad East
Hillary Apartments,Bandra West
Royal Accord,Andheri West
Silver Serene,Goregaon West
Waheeda,Bandra West
Kings,Santacruz East
Gopi Chamber,Andheri West
Lodha Enchante,Wadala
Nair House,Khar West
Sosar Solitaire,Khar West
Rushi Towers,Andheri West
Shiv Parvati,Andheri West
Ashwa Platinum,Mulund West
Gaurav Excellency,Mira Road
Gaurav Samruddhi,Mira Road
Krishna Residency,Ghansoli
Mayfair Greens,Kandivali West
Accord,Andheri West
DLH Darpan,Andheri West
Dosti Acres,Wadala
The Imperial,Tardeo
Meru Tower,Tardeo
Raheja Solitaire,Goregaon West
Evershine Grandeur,Malad West
1515 Moneco,Prabhadevi
Royal Crest,Bandra West
Sai Drishti,Khar West
Seagull House,Andheri East
DLH Junction,Andheri West
Shah and Nahar Industrial Estate,Lower Parel
Manthan Embassy,Bandra West
Marathon Icon,Lower Parel
Raheja Vivarea Tower E,Mahalaxmi
25 Downtown,Mahalaxmi
Lodha Excelus,Mahalaxmi
Great Eastern Royale,Tardeo
Veena Tower,Colaba
Bela Court 1,Colaba
Surat Bahar,Colaba
Owners Court,Colaba
Pushpa Bhavan,Colaba
Sea lord,Cuffe Parade
Cuffe Castle,Cuffe Parade
Palm Spring,Cuffe Parade
Atur Terraces,Cuffe Parade
Persepolis,Cuffe Parade
World Trade Centre,Cuffe Parade
Bajaj Bhavan,Nariman Point
Earnest House,Nariman Point
Batul House,Byculla
The 50 Seven,Khar West
Anita,Kandivali East
Lands End,Andheri West
7 JVPD,Juhu
Palacimo,Santacruz West
Lodha Marq,Tardeo
Sapphire Heights I,Kandivali East
Carmichael Residences,Carmichael Road
Shri Ishwar Bhawan,Walkeshwar
Sky Scraper,Warden Road
The One,Bandra West
Citizen Apartment,Bandra West
Crystal Apartments,Juhu
Ebony,Bandra West
Crown Palace,Bandra West
Georgina Apartment,Bandra West
Vasvani 36 AB,Bandra West
Bandstand Apartment,Bandra West
Pali Hill Apartment,Bandra West
Nutan Nagar Society,Bandra West
The Waterfront,Bandra West
The Address By GS,Bandra East
Embassy Centre,Nariman Point
Parinee Crescenzo,Bandra East
World Homes,Mulund West
Gundecha Hills,Powai
Hiranandani Empress Hill,Powai
Shree Krishna,Powai
Mahavir Classik,Powai
Tex Centre,Andheri East
ATL Corporate Park,Powai
Oberoi Elysian C Wing,Goregaon East
Valentine Apartment,Goregaon East
Fifty One East,Bandra East
Madhuban,Borivali West
Aspen Garden,Goregaon East
Riddhi Garden,Goregaon East
Orchid Woods,Ulwe
Raheja Heights Wing E,Goregaon East
Eco Space,Andheri East
Lotus Corporate Park,Goregaon East
Eco Star,Goregaon East
Rustomjee Ocean Vista,Andheri West
Cosmopolis,Andheri West
Green Blaze,Andheri West
Rustomjee Elements,Juhu
Acme Sweet 16,Andheri West
Pee Dee Society,Borivali West
Moongipa Arcade,Andheri West
Holar Samaj Chs,Andheri West
Lotus Grandeur,Andheri West
Dynamix Luma,Andheri East
Romell Orbis,Andheri East
VKG Krishna Residences,Andheri East
Westin Joanita,Andheri West
A G House,Juhu
Kanakia Sevens,Andheri East
Swaroop Aditya Avenue,Andheri East
Wadhwa 723 Avenue,Andheri East
Pramukh Plaza,Andheri East
Crescent Business Park,Andheri East
Boston Harbor,Andheri West
Mittal Commercia,Andheri East
Sunteck Crest,Andheri East
Options Emporio,Vile Parle West
Dynasty Business Park,Andheri East
Everest Chambers,Andheri East
Park Royale,Mulund West
Anchorage,Bandra West
Sterling Diamond,Bandra West
Link Side,Bandra West
Kripa Fabulous,Khar West
Hamara Ghar,Khar West
Mantri Serene,Goregaon East
Juhu Griha Swapna,Juhu
Rustomjee Oriana,Bandra East
Atlantis,Ghansoli
Legend Apartments,Santacruz East
Archana,Goregaon West
Pinewood,Thane West
Nav Parmanu,Chembur
Laxmi Niwas,Gamdevi
Poornima,Colaba
Shree Vijaya Residency,Parel
Valencia,Juhu
Sukh Shanti,Juhu
Wood Rose,Andheri West
Meghdoot,Andheri West
Francdel,Bandra West
Business Suits 9,Santacruz West
Brahmand,Thane West
Krishna Kaveri,Andheri West
Highland,Bandra West
Balkrishna Apartment,Santacruz West
Prime Plaza,Santacruz West
Wishram,Khar West
Bonny Casa,Bandra West
Shreyas Residency,Santacruz West
Aerocity,Andheri East
Shreeji krupa,Juhu
Nemi Bhavan,Goregaon West
Dilrag,Juhu
Bunglow,Bandra West
Royal Tusk,Dadar West
Valencia Tower,Tardeo
Raheja Odyssey,Kandivali East
DLH Imur,Andheri West
Centrio,Chembur
Bhartiya Rakshak,Andheri West
Mohid Heights,Andheri West
Nariman Bhavan,Nariman Point
Padmaja Apartments,Andheri West
Sony Apartments,Bandra West
Fortune Crown,Bandra West
Shanti Nagar,Nepeansea Road
Jolly Highrise,Bandra West
Bharat Mahal,Marine Drive
Suresh Smruti,Andheri West
India House,Kemps Corner
Nirmala Mahal,Kemps Corner
AP Cosmos,Santacruz West
Kripa Vue,Bandra West
Rashid Mansion,Worli
Sterling Seaface,Worli
Paradigm Vogue,Santacruz West
Centre Square,Andheri West
Ram Bhavan,Khar West
Vasant Vihar,Khar West
Valley of Flowers Tulip,Kandivali East
Mangal Bhavna,Khar West
Aquarius Towers,Bandra West
Nav Natraj,Santacruz West
Park Reach,Bandra West
Ashirwad Tower,Andheri West
Acropolis Apartment,Andheri East
Rustomjee Riviera,Malad West
Platinum Pristine,Andheri West
Gundecha Valley of Flowers,Kandivali East
Vijay Nagar,Andheri East
Mistry Court,Marine Drive
Grand Paradise,Bandra West
Airport View,Vile Parle East
Hargun CHS,Worli
Lodha Bellevue,Mahalaxmi
New Parijat,Andheri West
Agarwal Golden Chambers,Andheri West
Juhu Dhara Complex,Juhu
Shailesh Apartment,Khar West
Prestige Court,Khar West
Nibbana Annexe,Bandra West
Belle View,Breach Candy
Dani Sadan,Walkeshwar
Prithvi Apartments,Tardeo
Fariyas Building,Kemps Corner
Praneet,Worli
Mayfair Meridian,Thane West
Nikita Enclave,Bandra West
Shri Balaji Enclave,Malad West
Kalpavruksh Garden,Kandivali West
Andheri Gulmohur CHS,Andheri West
Serenity Complex,Andheri West
Fortune 59,Andheri West
Insignia Apartment,Vile Parle West
Park Vista,Khar West
Wellington View,Tardeo
Vaibhav Palace,Andheri West
Paras Apartment,Andheri West
ZA Tower,Andheri West
Minoo Minar,Andheri West
Woodland Apartment,Andheri West
Tranquill Treat,Andheri West
Versova Heavens,Andheri West
Prayushi,Santacruz West
Hanuman Sharan,Kemps Corner
GRS Imperia,Tardeo
Morning Star,Bandra West
Gundecha Asta,Andheri East
Andheri Industrial Estate,Andheri West
Naman Premier,Andheri East
Aqua Pearl,Mumbai Central
Kalyan Complex,Andheri West
Blue Fortuna,Andheri East
Cyber One,Vashi
Royal Gate,Andheri West
Deepalika Apartment,Andheri West
Florentine,Powai
Kalpavraksha,Walkeshwar
RNA Arcade,Andheri West
Orbit Plaza,Prabhadevi
Arihant Enclave,Andheri East
Niranjan,Marine Drive
Mitra Parivaar,Bandra East
Galaxy Heights,Goregaon West
Singer Wood,Bandra West
Silver Leaf,Kandivali East
Sugee Akanksha,Dadar West
Shree Krishna,Nerul
Dosti Oro 67,Kandivali West
Usha Kunj,Juhu
Raj Hills,Borivali East
Imperial Windsor,Juhu
Silver Arch,Andheri East
Khar Garden,Khar West
Row House,Juhu
Sanghvi Complex,Mira Road
Business Point,Andheri West
Kanakia Levels,Malad East
Rubberwala Orion,Grant Road
Bhoomi Gokul,Malad East
Omkar Ananta,Goregaon East
Kamal Apartment,Andheri West
Red Rose,Andheri West
Ekta Invictus,Dadar East
Challenger Tower,Kandivali East
Range Heights,Andheri West
The Designate,Santacruz West
Royale Imperia,Parel
Sugee Mahalaxmi,Dadar East
Prathana Heights,Parel
Unique Aura,Santacruz West
Mehul,Khar West
Woodstock,Khar West
CNB Square,Andheri East
Om Apartment,Andheri West
Juhu Sheetal,Juhu
Nirlon,Goregaon West
Yashodhan Apartment,Andheri West
Artteza,Santacruz West
Avant Hillway,Goregaon East
Estrella,Bandra West
Kuvar House,Colaba
Blue Bird,Bandra West
Avanti Society,Santacruz West
Oberoi Splendor Grande,Andheri East
Diamond Palace,Bandra West
Viraj Bliss,Khar West
Ekta Bhoomi Garden,Borivali East
Abrol Vastu Park,Malad West
Kaniya,Khar West
Dosti Vihar,Thane West
Rustomjee Athena,Thane West
Lodha Amara,Thane West
Kishan Abode,Bandra West
Shivdham,Santacruz West
Irene,Malad West
Mona Lisa,Bandra West
Greenwoods CHS,Andheri East
Rajhans Otium,Santacruz West
Kasturi Heights,Mira Road
Sweet Home,Bandra West
Anjali,Vikhroli
Neelkanth,Ghatkopar West
Mantri Parijat,Santacruz West
Skyvistas,Andheri West
Juhu Sameep,Juhu
Man Opus,Mira Road
Elegant,Khar West
Acme Amay,Goregaon East
Golden Park,Thane West
Tulsi,Juhu
Signia High,Borivali East
Orchid Tower,Worli
Vikas Park,Malad West
Jyoti Skyline,Andheri East
Trishul,Andheri West
Primus Residences,Santacruz East
Acme Stadium View,Andheri West
Naman Residency,Bandra East
Shalimar,Santacruz West
The Gateway,Andheri West
Crescent,Bandra West
Seema Apartments,Bandra West
Talati Terrace,Andheri West
Samarth,Goregaon West
Orbit Tower,Lower Parel
Mansarovar,Thane West
Juhu Ankur,Juhu
Villa Capri,Santacruz West
Warden,Bandra West
Paramount,Khar West
Dunhill Corner,Santacruz East
Pegasus,Santacruz West
Jamnotri,Khar West
Reminess,Bandra West
Pleasant Park,Bandra West
Golden Rock,Bandra West
Quantum Park,Khar West
Morya Regency,Bandra West
Convent View,Bandra West
Dheeraj Residency,Goregaon West
Vasant Galaxy,Goregaon West
Vardhaman Estate,Dadar West
Solitaire Edge,Kandivali East
Khira Nagar,Santacruz West
Nakoda Heights,Byculla
Anmol Enclave,Goregaon West
73 East,Kandivali West
Park Avenue,Andheri West
Hubtown Sunmist,Andheri East
Sethia Sea View,Goregaon West
Hiranandani Castle Rock,Powai
Godrej Prime,Chembur
Gurukrupa,Chembur
Harmony Apartment,Santacruz East
RK Apartment,Khar West
New Vinay,Santacruz East
Jaliyan Heights,Borivali East
Mermit Tower,Lower Parel
Matru Ashish,Nepeansea Road
MIG Colony,Worli
Raheja Artesia,Worli
Fortune Tower,Byculla
Harmony Tower,Worli
Vedanta,Andheri East
Eon One,Prabhadevi
Ekta Bhoomi Gardens,Borivali East
Sita Kunj,Nariman Point
Harbour Height,Colaba
Symphony IT Park,Andheri East
Kaustubh Platinum,Borivali East
Birchwood,Powai
Sanghvi Evana,Worli
Tenerife,Walkeshwar
Nidhi Towers,Juhu
Bhoomi Acres,Thane West
Siddha Sky,Wadala
Yarrow,Powai
Optimus,Malad West
Meeras Empire,Goregaon West
Bay City,Khar West
Chandralok,Khar West
Maharaja Retreat,Goregaon East
Pali Palms,Bandra West
Kalpana,Santacruz West
Swastik Solitaire,Chembur
Kedarnath,Andheri West
Gasper Enclave,Bandra West
Shree Nikunj,Kandivali West
Vinayak Angan,Prabhadevi
Business Square,Andheri West
High Tide,Juhu
Cello,Vile Parle West
Second Avenue,Andheri East
72 Corp,Andheri East
Raj Kamal,Santacruz West
Sagar Residency,Thane West
Sai Orchid,Dahisar East
Pride Residency,Thane West
Carlton Court,Bandra West
Juhu Sagar,Juhu
Kalpana,Bandra West
Radha Residency,Jogeshwari
Antalya,Andheri West
Labbaik House,Bandra West
Leela Raj,Kandivali West
Synchronicity,Powai
Proxima,Andheri East
Vista,Khar West
Skylark,Andheri West
Windermere,Andheri West
Vaastu,Juhu
Josephine,Bandra West
Venus,Worli
Residency,Bandra West
Residency,Ghatkopar West
Kalpataru Immensa,Thane West
Dosti Imperia,Thane West
Kalpataru Sunrise,Thane West
Vivant,Sanpada
Crown,Thane West
Valentine,Khar West
Elegance,Andheri West
Nirvana,Kanjur Marg
Dariya Mahal,Nepeansea Road
Kiran,Khar West
Sapphire,Khar West
Gulmohar,Kandivali West
Aditya,Andheri West
Gokuldham,Goregaon East
Hari Niwas,Khar West
LARKINS 315,Thane West
Tropical Elite,Thane West
Queen,Bandra West
Wadhwa Courtyard,Thane West
Wadhwa,Ghatkopar West
Rosa Manhattan,Thane West
Valencia,Kalamboli
Atlantis,Andheri West
Gurukripa,Chembur
Piramal Revanta,Mulund West
Panchsheel,Kandivali West
Queens Apartment,Bandra West
Nishat,Tardeo
Springs,Dadar East
Sneh Sarovar,Andheri East
Twin Tower,Andheri West
Jayshree,Malad West
Brighton,Nepeansea Road
Asha Mahal,Peddar Road
Aspire,Kandivali West
Uphar,Khar West
Sky Anchorage,Andheri West
Orchid Tower,Andheri West
Sosar Solitare,Khar West
Elysium,Thane West
City Of Joy,Mulund West
Aspen Park,Goregaon East
Godrej Central,Chembur
Kesar Horizon,Matunga
Identity,Bandra West
Suman,Andheri West
Vatika,Thane West
Lok Milan,Powai
Prestige Residency,Thane West
Unique Signature,Mira Road
Sai Sanskar,Chembur
Kalpataru Hills Pristine,Thane West
Runwal Garden City,Thane West
Greeshma,Thane West
Janki Kutir,Juhu
Saturn,Santacruz West
Saranga Tower,Andheri West
Mohan Mahal,Malad East
Milton Apartment,Juhu
Le Palazzo,Tardeo
Abhimanyu,Dahisar East
Alliance One,Ghansoli
Kasturi,Kharghar
Arihant,Bhandup
Monisha,Andheri West
Blue Rose,Bandra West
Pallazio,Andheri East
Prem Sagar,Santacruz West
Sheth Beaumonte,Sion East
Galaxy Tower,Thane West
Swarna Rekha,Khar West
Pratap Cress,Malad West
Shreepati Arcade,Grant Road
Atmosphere 02,Mulund West
Shree Complex,Borivali West
Shree Drushti,Thane West
Phoenix Marketcity,Kurla
Romell Rhythm,Malad West
Vaibhav Apartment,Prabhadevi
Jayram Sadan,Khar West
MM Spectra,Chembur
DSK Madhukosh,Andheri East
Neelkanth Woods,Thane West
Progressive Crown,Koparkhairne
Vihang Vermont,Thane West
Prakruti Palms,Thane West
Bhanushanti,Goregaon East
Indus Society,Andheri West
Eco Park,Andheri East
Rajkamal Heights,Parel
Oxford,Bandra West
Silver Oak,Powai
Cosmos Lounge,Thane West
Gaurav Galaxy,Borivali West
Galaxy Nebula,Kharghar
Blue Mountain,Malad East
TeenMurty Summit,Borivali East
Arunodaya,Andheri West
Monarch Ambience,Kharghar
Orchid Heights,Ulwe
Ghaswala Tower,Grant Road
Serenity Heights,Malad West
Prem Nagar,Vile Parle West
Cozy Home,Bandra West
Sunkist,Bandra West
Ravi Darshan,Bandra West
Vyom,Juhu
Bina Apartment,Khar West
Silver Woods,Thane West
Address 51,Bandra East
Rishabh Tower,Andheri West
Shalaka,Santacruz West
Sushant,Khar West
Golden Willows,Mulund West
Kudrat,Khar West
Hill Road Society,Bandra West
Rijuvalika,Khar West
Marina,Bandra West
E Square,Vile Parle East
Swayam,Mira Road
Maxima,Mulund West
Aravali,Walkeshwar
Pinnacle,Borivali East
Pinnacle,Matunga
Om Shri Gurudev,Khar West
Beaupride,Bandra West
Octavius,Powai
Ibis,Kandivali West
Leela Sagar,Andheri West
Harmony,Bandra West
Platinum,Bandra West
Richmond,Powai
Ashok Nagar,Andheri East
Jupiter,Thane West
Mahaveer,Khar West
Central Building,Gamdevi
Nutan Abhishek,Andheri West
Jamuna Niketan,Walkeshwar
Parijat Hill View,Borivali East
JP Eminence,Andheri West
Palacia,Thane West
Jangid Galaxy,Thane West
Canna,Powai
Anmol Pride,Goregaon West
Tiara,Kharghar
Rosa Bella,Thane West
Lodha Aqua,Dahisar East
Whispering Palms Exclusive,Kandivali East
Pushpanjali Residency,Thane West
Shishir,Juhu
Sunaina,Santacruz West
Blue Horizon,Malad West
Neptune,Nerul
Sethia Imperial Avenue,Malad East
Gokul Panchavati,Andheri West
Tarapore Garden,Andheri West
Sonata,Malad West
Saffron,Kandivali West
Barcelona,Vashi
Kamdhenu,Andheri West
Vihang Hills,Thane West
Shubham,Kandivali West
Key Tech Park,Jogeshwari
Swarna,Mira Road
Nakshatra Tower,Mira Road
Dheeraj Jamuna,Malad West
Maya Mahal,Khar West
Apurva,Nepeansea Road
Mamta Apartment,Prabhadevi
Eden Park,Ulwe
West View,Santacruz West
West View,Colaba
Siddhivinayak Tower,Borivali West
Adarsh,Walkeshwar
MS H20,Santacruz East
Juhu Harshal,Juhu
Krishna Kutir,Bandra West
Diamond Palace,Santacruz West
Rose Villa,Andheri West
Seema Society,Andheri West
Raj Exotica,Mira Road
Atmosphere,Mulund West
Next Avenue,Bandra West
Srishti,Mira Road
Harshvardhan,Andheri West
Mayflower,Thane West
Empress,Borivali West
Gulmarg,Nepeansea Road
Lodha Fiorenza Milano,Goregaon East
Shehnaz,Bandra West
Sanskar,Mulund East
Timber Green Park IV and V,Dahisar East
Sea Beach View,Bandra West
Florence,Santacruz East
Silver Spring,Andheri West
Creek Crest,Andheri West
Juhu Apartment,Juhu
Elite Simran,Santacruz West
Meera,Andheri West
Land Breeze,Kharghar
Panchtantra,Andheri West
Shiv Sai Paradise,Thane West
Casa de Rosa,Bandra West
Sapphire,Kalamboli
Sapphire,Santacruz West
Woodstock,Santacruz West
Horizon,Powai
Godrej Emerald,Thane West
Maqba Heights,Bandra West
Nectar,Bandra West
Harmony Sky Suites,Thane West
Signature,Andheri West
DB Ozone,Dahisar East
Runwal Anthurium,Mulund West
Goodwill Unity,Sanpada
Vaibhav,Goregaon West
Utkarsh,Prabhadevi
Monalisa,Bandra West
Apeksha,Andheri West
Dheeraj Heritage Residency,Santacruz West
Eldora,Powai
Verona,Powai
Kalpataru Estate,Andheri East
Trinity,Powai
Vraj One,Andheri West
Bindiya,Bandra West
Alpine,Kandivali East
Aroma,Andheri West
Dakshin Pali,Bandra West
Minal Apartment,Powai
Harshwardhan,Powai
Modern Silver Moon,Santacruz West
Fairwinds,Santacruz West
Palazzio,Jogeshwari
Windsor,Santacruz East
Sanidhya,Walkeshwar
Navkiran,Khar West
Savgan Heights,Andheri West
Satellite Tower,Goregaon East
Prem Mayurasan,Bandra West
Ashiyana,Andheri West
Horizon Heights,Andheri West
Swapnadeep,Andheri West
Sabian,Bandra West
Palacio,Bandra West
Shagun,Nerul
Auris Serenity Tower 2,Malad West
Suncity Complex,Powai
Shale Rock,Bandra West
Raheja Complex,Thane West
Orchid,Chembur
Enchante,Andheri West
Vedant,Goregaon West
Mahran,Juhu
Blue Orbit 3,Malad West
Irla,Vile Parle West
Siddhachal,Matunga
Sweet Homes,Andheri West
Suyash Tower,Koparkhairne
Beaumonde,Prabhadevi
Emerald,Santacruz East
Adityavardhan,Powai
Imperial,Thane West
Nahar Lilium Lantana,Powai
Brindavan,Andheri East
Monarch,Bandra East
Vrindavan,Bandra West
Symphony,Khar West
Orbit Arya,Nepeansea Road
Eden Garden,Kandivali West
Residency,Thane West
Tulip,Powai
Ratnagiri Apartment,Bandra West
Milap CHS,Andheri West
Pushpa Vihar,Bandra West
Hari Om CHS,Juhu
Hiranandani Regent Hill,Powai
Green Views,Belapur
Fiona,Andheri West
JP North,Mira Road
Avant Garde,Mira Road
JP North Garden City,Mira Road
Sunshine Infinity,Wadala
Panorama,Santacruz West
Ram Bhuvan,Khar West
Venus Apartment,Worli
Navjivan Society,Mumbai Central
Meadows,Thane West
Mayfair Apartment,Khar West
Venus Apartment,Altamount Road
Chandak Nishchay,Dahisar East
Samarth,Andheri West
Krypton Tower,Sewri
Atlanta,Santacruz West
Atlanta,Prabhadevi
Jeevan,Bandra West
Cosmopolitan,Bandra West
Cosmopolitan,Powai
Avighna,Lower Parel
Urvashi,Khar West
Ascot Centre,Andheri East
Amity Apartments,Santacruz East
Girnar Society,Santacruz West
Mayfair Marvel,Malad West
Highland Haven,Thane West
Silver Arch A,Andheri West
Amann Spring,Kandivali West
Vardhman Garden,Thane West
Girdhar Park,Malad West
Auralis The Twins,Thane West
Signature Residency,Dronagiri
Kothare CHS,Vile Parle West
Jeevan Jyot,Juhu
Tridhaatu Aaroha,Matunga
Keshava,Bandra East
Sterling,Andheri West
Pluto,Powai
Shikha,Koparkhairne
Citi Point,Andheri East
Aarambh,Thane West
Waves,Breach Candy
Rupa Solitaire Millennium Business Park,Koparkhairne
Powerweave,Andheri East
Usha Villa,Santacruz West
Rishikesh,Khar West
Sangeeta,Santacruz West
Mooring,Bandra West
Crescent Aria,Tardeo
Rustom,Prabhadevi
Mahindra Roots,Kandivali East
Sangeeta Apartment,Andheri West
Videocon Sumukh,Bandra West
Fortune Mignas,Mahalaxmi
Mangesh Darshan,Santacruz West
Nirman,Malad West
Alfa,Andheri West
Durgamata Tower,Cuffe Parade
Siddheshwar,Ghatkopar East
Indralok,Andheri West
Oberoi Prisma,Andheri East
Mahavir Trinkets,Kanjur Marg
Sosar Solaris,Khar West
Tirthal,Vile Parle West
Sani Park,Andheri West
Acura,Thane West
Regency Park,Powai
Lashkaria Pearl,Andheri West
Kedar Darshan,Andheri West
Crystal,Andheri East
Lake Side,Powai
Runwal Pearl,Thane West
Divya Darpan,Andheri East
Twinkle Tower,Thane West
Riverdale Towers,Andheri East
Shiv Om,Khar West
Aaradhya Evoq,Juhu
Kalpataru Gardens,Kandivali East
Eternia,Andheri West
Ganga Jamuna,Khar West
Kanakia Challengers,Kandivali East
Silver Astra,Andheri East
Panch Vati,Powai
Raghav,Goregaon East
Darvesh Horizon,Dahisar East
Raheja Crest,Andheri West
Opal Square,Thane West
Wisteria,Vile Parle West
Lodha Estrella,Wadala
Darvesh Belleza,Khar West
Ruparel Elara,Kandivali West
Shalimar Apartments,Kemps Corner
Shiv Tirth,Peddar Road
Shreenath Tower,Mulund West
Versova Gurudrishti,Andheri West
Shreeji Aspire,Malad West
Neelkanth Heights,Thane West
ML Spaces,Vile Parle West
Yash Plaza,Dadar West
Man Excellenza,Vile Parle West
Ghanshyam Chambers,Andheri West
Siddhivinayak Vastu,Parel
Kripa Allure,Bandra West
Sugee Sadan,Dadar West
Heimat,Santacruz West
Happy Home,Bandra West
Cote De Orient,Matunga
Poornima Apartment,Worli
Shivani Rudram,Kandivali West
Kismat,Bandra West
Vastu Park,Malad West
Daffodil,Powai
Bussa Industrial Estate,Prabhadevi
Eminente,Dahisar East
Wits End,Bandra West
Gaurav Avishkar,Mira Road
KSA Palms,Mumbai Central
Vijay Vatika,Thane West
Saquib,Bandra West
Lake Castle,Powai
Orchard Palace,Bandra West
Optima,Andheri East
Prasad Prakalp,Khar West
Geetanjali Apartment,Khar West
Golden Isle,Goregaon East
Star Hub,Andheri East
Fortune Exotica,Borivali West
Kalpvruksh,Kandivali West
Aryavarta,Nepeansea Road
Jasmine,Chembur
Ocean View Annexe,Breach Candy
Saptaratna Tower,Malad West
Vora Icon,Kandivali West
Signature Island,Bandra East
Kamla Hub,Andheri West
Surabhi,Andheri West
Ashmita,Khar West
Athena,Thane West
Zest,Bandra West
Orchid Elegance,Santacruz West
Aditya Heights,Tardeo
Prabhadevi Industrial Estate,Prabhadevi
Grandness,Dahisar East
Alta Monte,Malad East
Shakti Tower,Malad West
Neptune,Lokhandwala
Adani Inspire Hub,Andheri West
Dalamal Chambers,Marine Lines
Shraddha Evoque,Bhandup
Raylon Arcade,Andheri East
Meera,Walkeshwar
Harsh Jyot,Juhu
Somerset House,Breach Candy
Yash Apartment,Tardeo
VIP Plaza,Andheri West
Harmony Horizon,Thane West
Keval Tower,Malad West
Beach View,Bandra West
Vicino,Andheri West
Hiranandani Business Park,Powai
Puranik Hometown,Thane West
Legacy,Bandra West
Le Jardine,Tardeo
Dunhill,Bandra West
Pebbles Marina,Santacruz West
Fortune Heritage,Bandra West
Aakar Residency,Thane West
Hill Crest,Andheri East
Vaibhav,Khar West
Vraj Tiara,Worli
DLH Enclave,Andheri West
Kanchan,Bandra West
Radhya,Khar West
Greenfield,Santacruz West
Madhuban,Worli
Sunteck Grandeur,Andheri West
Dhairya Residency,Khar West
Dheeraj Dhan,Bandra West
Kaatyayni Residency,Andheri East
Kalpataru Woodsville,Powai
Varde Villa,Bandra West
Zen Atlantis,Powai
Bianca,Andheri East
Rishabraj Sujai,Malad East
Rizvi Oak,Malad East
Manek,Santacruz West
Mahavir Universe,Bhandup
Vasudev Planet,Mira Road
Aventa Palazzio,Andheri East
Lake Florence,Powai
Legend,Santacruz East
Krimson Aurum,Santacruz West
Parinee Adney,Borivali West
Prasad Chambers,Opera House
Laxmi Gopal,Prabhadevi
Dosti Florentine,Wadala
Shreedham Classic,Goregaon West
Nestle,Lower Parel
Dev Corpora,Thane West
Mangal Bhandar,Khar West
Sai Iconic,Andheri West
Sumeru,Andheri West
Hiranya,Dadar West
Mayfair Boulevard,Santacruz West
Vishambar Niwas,Khar West
Silicon Valley,Powai
Polaris,Goregaon West
Mangal Kunj,Walkeshwar
Manavsthal,Malad West
Cnergy,Prabhadevi
Meadows,Andheri East
Shubham Centre,Andheri East
X Cube,Andheri West
Vighnaharta,Andheri West
Anant Tara,Kandivali West
Amrit,Bandra West
New Jaldarshan,Bandra West
Romell Allure,Borivali East
Siddharth Enclave,Lower Parel
Queen,Worli
Buena Vista,Bandra West
Pushpa Vihar,Colaba
Darshan Rico,Lower Parel
Shivoham Enclave,Borivali East
Dheeraj Celestial,Khar West
Viceroy Savana,Kandivali East
Marble Arch,Santacruz West
Unnathi Woods,Thane West
Kamla Space,Santacruz West
Agarwal Residency,Kandivali West
Varun,Bandra West
Makhija Arcade,Khar West
Kshitij,Andheri West
Azad Nagar Kedar Darshan CHLS,Andheri West
Ackruti Centre Point,Andheri East
Aurum,Goregaon West
Dreams,Bhandup
Castle Yashodeep Tower,Andheri West
Zinnia,Powai
Arena,Mira Road
Navrang Oasis,Goregaon West
Tirupati,Juhu
Triveni,Chembur
Chandralok,Nepeansea Road
Skylark,Bandra West
Kismet,Colaba
Kanakia Silicon Valley Tower-C,Powai
Hetal Park,Mira Road
Bennett Villa,Colaba
Celestial,Bhandup
Piramal Mahalaxmi North Tower,Mahalaxmi
Eden Woods,Thane West
Gulmohar Garden,Andheri West
Glen Eagle,Parel
Aditya Kutir,Khar West
Powai Cosmopolitan Society,Powai
Banu Mansion,Kemps Corner
Le Reve,Bandra West
Mukut,Bandra West
Shah Corner,Kharghar
Nakshatra Arena,Thane West
Sai Krupa,Chembur
Premier Residences,Kurla
Shiv Laj,Santacruz West
The Address - Boulevard,Ghatkopar West
Belvedere,Chembur
Karachi Citizens CHS,Andheri West
Chembur Castle,Chembur
Nityanand Baug,Chembur
Kalpataru Oceana,Prabhadevi
Mayfair Muse,Bandra West
Gaurav Gardens,Kandivali West
N.G.Vedant,Mira Road
Salasar Aashirwad,Mira Road
Aangan Avalon,Mira Road
Royal Residency,Kharghar
Raj Horizon,Mira Road
Whispering Palms XX-Clusives II,Kandivali East
Aditya Apartment,Andheri West
The Breezy Corner,Kandivali West
Nisarg,Chembur
Veena Santoor 2,Kandivali West
Acme Avenue,Kandivali West
Dharti Pressidio,Malad West
Jay Bharat Society Bungalow,Khar West
Hardik Villa,Bandra West
Juhu Breeze CHS,Santacruz West
Ramkrishna Mission,Juhu
Prakash,Walkeshwar
Sujata Apartment,Kemps Corner
Rashmi Hetal,Mira Road
Royale Herritage,Andheri West
Fairlink Centre,Andheri West
Ghanshyam Industrial Estate,Andheri West
Kartik Complex,Andheri West
Link Plaza,Andheri West
93 Palladian,Andheri East
Srishti Oasis,Bhandup
Hicons Harmony,Bhandup
Kukreja Complex,Bhandup
Green Towers,Andheri West
Silver Sand Bunglow,Juhu
Sati Ashish,Ghatkopar East
Panchratna Building,Opera House
Horizon Heights,Andheri East
AR Avenue,Andheri West
Antariksh,Mira Road
Plus Art,Lower Parel
Eco Residency,Andheri East
Little Gift,Khar West
Mahindra Vicino,Andheri East
Satnam Sagar,Khar West
Raheja Windermere,Andheri West
Bhoomi Elegant,Kandivali East
Garden King,Santacruz West
Kanakia Samarpan Exotica,Borivali East
Skyline Seaview,Ghansoli
Rajal Classic,Jogeshwari
Raheja 7,Juhu
Sapna Residency,Andheri West
Sangam Veda,Andheri East
Sai Veera,Koparkhairne
West wind,Andheri West
Bay View,Andheri West
Pride Palms,Thane West
Ashar Enclave,Thane West
Supernal Garden,Thane West
Dosti West County - Dosti Cedar,Thane West
Lodha Iris,Thane West
Maruti Prasad,Vashi
New Vrindavan,Vile Parle West
Wonder Mall,Thane West
Vasant Athena,Thane West
Ratan Central,Parel
Richmond CHS,Andheri West
Yogi Hills,Mulund West
Laxmi Narayan Residency,Thane West
Raunak Paradise,Thane West
Hiranandani The Walk,Thane West
The Luxor,Goregaon West
ARKADE CROWN,Borivali West
Shree Ram,Mulund East
Raheja Residency Tower T,Malad East
Dev Park,Juhu
Deepak,Gamdevi
One Jogeshwari,Jogeshwari
Darshan Apartment,Walkeshwar
Crescent Tower,Tardeo
Vijay Mahal,Marine Drive
Neelam Chs,Andheri West
Wellington Heights,Tardeo
Akruti Aditya,Grant Road
Alta Monte Tower B,Malad East
MDM Maestro,Andheri West
Pentacle,Peddar Road
Moti Bhuvan,Dadar West
White City,Kandivali East
Gaurav Regency,Mira Road
Malad Swing,Malad West
Sonarica,Peddar Road
Dani Corporate Park,Santacruz East
Emerald CHS,Bandra West
Bhagtani Apartment,Bandra West
Tricity Skyline,Sanpada
Todi Estate,Lower Parel
Sunder Aagan,Mira Road
Church View,Bandra West
Sheetal Airwings,Santacruz East
Gami Asters,Ghansoli
Crescent Silverwoods,Powai
Crescent Landmark,Andheri East
Rosa Alba,Powai
Mahindra Splendour,Bhandup
Mayfair Hillcrest,Vikhroli
Powai Vihar Complex,Powai
DSK Madhuban,Andheri East
Saki Vihar,Andheri East
Rutu City Richmond,Thane West
Kalpataru Aura,Ghatkopar West
Lodha Bellagio Tower C,Powai
Jamaica,Powai
Riddhi Siddhi,Kharghar
Harshvardhan CHS,Powai
Emerald Park,Powai
Sai Symphony,Kharghar
Lodha Luxuria Priva,Thane West
Manjari Arcade,Chembur
Hiranandani Lake Enclave Glenwood,Thane West
Casa Ultima,Thane West
Wadhwa Solitaire,Powai
Prakruti Pearl,Thane West
Dosti West County Heron,Thane West
Dosti Majesta,Thane West
Square Mall,Bandra West
Piramal Vaikunth Vairat,Thane West
The Signature,Nerul
Rosa Oasis,Thane West
Dukes Horizon,Chembur
Cosmos Park I,Thane West
Swastik Plaza,Thane West
Tata Symphony,Powai
Shamik Odyssey,Vile Parle East
Vasukamal,Bandra West
Sapphire Lakeside,Powai
Hiranandani Lighthall,Powai
Powai Park,Powai
Ambrosia Tower,Borivali East
Woodland Heights,Powai
Silver Crest,Khandeshwar
Joy Valencia,Andheri East
Golden Rays,Andheri West
L&T Emerald Isle Tower 10,Powai
Commerce Centre,Andheri West
Laxmi Heights,Goregaon West
Sai Samarth,Khar West
Twilight,Powai
Veena Saaz,Kandivali East
Gundecha Greens,Kandivali East
VKG Park Estate,Vile Parle East
Bindra Complex,Andheri East
Evershine Park,Andheri West
Shepherd Royal,Goregaon West
The Legend,Walkeshwar
Princeton,Powai
Belmonte,Mahim
Abr Signature,Vile Parle East
Heritage,Ghatkopar West
Exclusive,Colaba
Naman Midtown,Lower Parel
Sun Tower,Parel
Coolshanagh,Breach Candy
Sagar Mahal,Walkeshwar
Rupji Castle,Parel
Runwal Bliss - Phase 1,Kanjur Marg
Prayag Heights,Goregaon East
Conwood Astoria,Goregaon East
Gokul Concord,Kandivali East
Romell Aether,Goregaon East
The Grand Residences,Borivali East
Today Imperia,Ulwe
Green Woods,Andheri East
Swapnalok Tower,Goregaon East
Rivali Park D,Borivali East
Sanghvi Solitaire,Borivali East
Evershine Millennium Paradise,Kandivali East
N G Suncity Phase I,Kandivali East
Heena Presidency,Mira Road
Avon Majesty,Borivali East
West Side,Bandra West
Bandra North,Bandra East
Shanti Garden,Mira Road
Silver Park,Mulund West
Red Rose Apartment,Khar West
SM Residency,Kharghar
Shripal Nagar Building,Nepeansea Road
Pushpa Vihar CHS,Colaba
Excella Apartment,Bandra West
Nine Aces,Khar West
Alpine Vistara,Santacruz East
Laxmi Mahal,Breach Candy
City Of Joy II,Mulund West
Imperia Garden,Tardeo
Khalakdina Terrace,Tardeo
Gokul Niwas,Mahim
Shanti Niketan,Marine Drive
Everest World Phase V,Thane West
One World Centre,Lower Parel
Baba Sadguru,Chembur
Veesita Luxuria,Tardeo
Shreepati Jewels,Girgaon
Hassa Mahal,Cuffe Parade
Four Units Bungalows,Vashi
Chandak Paloma,Goregaon East
Kesar Equinox,Dadar East
Magnum Tower,Parel
Kinjal Tower,Mahalaxmi
Jayant Sapphire,Prabhadevi
Orbit Terraces,Lower Parel
Omega Luxuria,Prabhadevi
Shree Sai,Kharghar
Park Woods,Thane West
Azelia,Thane West
Villa Grand,Thane West
Wadhwa Rhodesia,Thane West
Puranik Aarambh,Thane West
Lodha Luxuria,Thane West
Sudarshan Sky Garden,Thane West
Neelkanth Palms,Thane West
Khushnuma Apartment,Altamount Road
Jasmine Towers,Thane West
Laxmi Narayan,Santacruz West
Neelkanth Height,Ghansoli
Highland residency,Thane West
Amber Mahavir,Ghatkopar West
Cardinal,Thane West
Bhakti Park,Dadar West
Ashar Residency,Thane West
Piramal Vaikunth Vyan,Thane West
Soham Tropical Lagoon,Thane West
Hiranandani Solus,Thane West
Jai View,Santacruz West
Madhuban Society,Goregaon West
Poonam Apartment,Peddar Road
Arihant Darpan,Mulund East
Krishna Balaji,Malad West
Kala Kunj CHS Ltd,Santacruz West
Sanghvi Estella,Byculla
El Prado,Dadar East
Shree Ram Nivas,Malad East
Kingston Building,Andheri West
Payal Riddhi,Kharghar
Lakshman,Borivali West
Casa Millennia,Andheri West
Casa Divine,Andheri West
Pratik,Andheri West
Raj Vastu,Juhu
Exotica,Juhu
Sethia Aashray,Kandivali East
DEM Phoenix,Malad East
Galassia,Dahisar West
Akar Pinnacle,Borivali East
Coral,Bandra West
Vijay Park,Thane West
N.G.Galaxy,Mira Road
Asmita,Khar West
Mira Sagar,Mira Road
Mahadev Complex,Mira Road
N G Shelter,Mira Road
Ostwal Point,Mira Road
Tanvi Eminence,Dahisar East
LIC Colony,Borivali West
Asmi Legacy,Goregaon West
Siddhant,Andheri West
Kanakia Park,Kandivali East
Laxmi Paradise,Mira Road
Sai Dham,Kandivali West
Rashmi Prime Corner,Mira Road
Anand Regency,Bhayandar
Tina Bliss,Chembur
Indraprasth,Bhayandar
Delta Woods,Mira Road
Duarte Haven,Bandra West
Breezy Heights,Bandra West
Solomon Apartment,Bandra West
RNA Sagar,Ghatkopar East
Dwarka Building,Santacruz West
Mon Repos,Bandra West
Exclusive,Santacruz West
Palm Grove,Santacruz West
Ave Maria,Santacruz West
Monarch Westview,Santacruz West
Kalpataru Imperia,Santacruz West
Shree Prasad House,Bandra West
Rustomjee Seasons - Wing D,Bandra East
Rustomjee Crown Tower A,Prabhadevi
Juhu Sangeeta,Juhu
Pioneer Heritage Residency,Santacruz West
Kripa Nidhi,Juhu
Marinette,Bandra West
Dheeraj Sneh,Bandra West
Runwal Codename Rare,Andheri West
Hiranandani Octavius,Powai
Mittal Industrial Estate,Andheri East
Gagandeep Apartment,Juhu
Sanskar CHS,Thane West
Benzer Apartment,Andheri West
JVLR 60,Jogeshwari
Rivali Park F,Borivali East
Trevadia Vue Point,Prabhadevi
Deepali,Bandra West
Raj Paradise,Andheri East
D N S Tower,Ghatkopar West
Prabhu Krupa,Juhu
Turner House,Bandra West
Aishwarya,Andheri West
Basheera Residency,Bandra West
Surabhi CHS – Oshiwara,Oshiwara
Lodha World ONE,Lower Parel
Rasik Niwas At Girgaon Chowpatty,Breach Candy
Breach Candy House,Breach Candy
Jainam Elysium,Andheri West
Gold Coin,Tardeo
"Ashar Bellezza, Wagle Estate",Borivali East
World View,Lower Parel
Sheth Juri Majiwada,Thane West
Prem Court @ Peddar Road,Peddar Road
Cornerstone Worli,Worli
Parishram,Santacruz West
Amit Kamble,Andheri West
Jay Nagar,Malad West
BSEL Tech Park,Vashi
DLF The Crest,Dadar West
Country Park,Borivali East
Ashiana Glaxo,Bandra West
Raheja Nest,Powai
Runwal Reserve ( Worli,Worli
Fort,Tardeo
Oxford Tower,Andheri West
Tejas Harmony,Worli
"Hiranandani Meadows, Manpada",Thane West
West End,Borivali West
Upasana,Khar West
Loyalka Apartment,Girgaon
Hiranandani Estate,Kanjur Marg
Sunny Side APT,Bandra West
Signature BY Peridot,Andheri West
Pooja Shah,Andheri West
Lodha Supremus Kolshet,Wadala
"3️⃣ Shivalaya Apartment, Azad Nagar 2",Dahisar East
Golden Chariot | Lokhandwala,Andheri West
Kanakia Zillion,Powai
World Crest,Lower Parel
Sahil Exotica – Chandivali,Powai
Piramal Arav,Byculla
Seasons Trimurti,Santacruz West
Jvpd 3rd,Khar West
Shilp Tower ( Lower Parel,Lower Parel
M. B Tower,Bandra West
Erlyn,Bandra West
Tower - 1,Belapur
Suchi Heights,Goregaon East
India Bulls Blue,Worli
Metropolis,Sewri
"1️⃣ Gitanjali Apartment, Seven Bungalows",Nepeansea Road
30 Union Park,Bandra West
Sheil Estate,Santacruz East
Evergreen Turner,Bandra West
Diamond Court,Nepeansea Road
Little Flower,Bandra West
Chandak Breezy Corner,Kandivali West
Peridot Apt,Bandra West
Shiv Tapi – Gamdevi,Gamdevi
Bajaj Emerald,Andheri East
India Bulls Blu,Worli
Epsilon Tower,Kandivali East
Ramesh Divekar,Powai
"Prestige Garden, Panchpakhadi",Thane West
Jahangir,Prabhadevi
"L , Type Balcony",Parel
Apartment FOR L&L,Breach Candy
Panoramic View,Khar West
Lokhandwala Sapphire Heights,Kandivali East
Lodha Primero - Mahalaxmi,Mahalaxmi
Prestige Jasdan,Mahalaxmi
DLH Prabhuvandan,Andheri West
Thanks & Regards,Mahalaxmi
Guinea Paradise,Andheri West
The Legend,Ghatkopar East
Marquise,Worli
Apartment FOR L&L,Colaba
Maria bunglow,Bandra West
Dlf The Crest,Dadar West
Lotus,Malad West
Sunkersett Palace,Grant Road
Starling Sea Face,Worli
Embassy Chambers,Khar West
RNA Miraj - Worli,Worli
Kalpataru Sunrise Kolshet,Thane West
Avershakhar Shrusti,Prabhadevi
Dlf The Park Place,Jogeshwari
Riddhi Siddhi Apts,Kharghar
Located In Industrial Estate,Andheri West
India Bulls BLU,Worli
BAY View Terraces,Prabhadevi
"Lnt Emerald Isle & Vedician, Powai",Powai
Bayview Terraces,Prabhadevi
Lilian Heights,Bandra West
"Opal Square, Wagle Estate",Thane West
Marigold Tulip,Thane West
Hiranandani Estate Caviana,Thane West
"Centrum Business Square, Wagle Estate",Thane West
Poonam Apt,Worli
Shivraj Classique Loc 12,Khar West
Lodha Stella,Thane West
Anmol Fortune Akshay Chs,Goregaon West
"Allura, Lodha Park",Worli
"Pearl Residency , Prabhadevi",Prabhadevi
Racecourse & Sea View | South Mumbai,Worli
Akruti Orion,Vile Parle East
Peacock Palace Apartment,Breach Candy
Shah Arcade,Malad East
Solitaire,Bandra West
Chitra Apartments,Santacruz West
Towards D-mart Side,Powai
Monte South Tower 2,Byculla
New Stock Alert,Bandra West
Commercial At Bramhand Near Hiranandani Estate,Andheri West
Brand New Apartment,Bandra West
Rich Living,Andheri West
Sunshine Apt,Breach Candy
Well Finished With Srtb,Santacruz West
Elite Vista Apt,Khar West
L&T Crescent BAY,Parel
Shalimar,Kemps Corner
Saryu,Santacruz West
Puja,Bandra West
Vasant Oasis I,Andheri East
Kamla Lucky,Borivali West
Indiabulls Sky Forest Prabhadevi A3,Lower Parel
"Bhawani Shankar,dadar",Dadar West
Mahalaxmi Prestige Jasdan Classic,Mahalaxmi
Sahil Exotica Chandivali,Powai
Kalpataru Elitus Mulund Weast,Mulund West
Balmoral Hall,Bandra West
Sarvottam,Khar West
Indiabulls SKY,Lower Parel
Lodha World Ciel Villa,Lower Parel
Ajmera Midtown,Marine Drive
"Pushpa Vatika, Poddar",Santacruz West
Runwal Auris,Malad West
Kapil Vastu,Goregaon West
Rustomjee Stella,Bandra East
Very Nice Open,Andheri West
Orbit Grand,Lower Parel
Shri Krishna,Andheri West
Sadguru Complex,Mira Road
Asshna Samadhan,Goregaon West
Munira Gandhi,Breach Candy
"L&T Crescent Bay, Parel",Parel
Warden Bldg,Bandra West
Anita Apts,Walkeshwar
Metropolis - With Balcony,Khar West
Oriana Business Park,Thane West
Shapoorji Pallonji BKC 28,Bandra East
Mohsin Khan,Ghansoli
Level THE Residences,Andheri West
L&T Veridian Powai,Powai
Breach Candy 1.5,Breach Candy
Primrose Tower,Andheri West
Lotus Enpar - Worli,Lower Parel
Union Park Ideal,Bandra West
Malad West – Gurukrupa Marina Enclave,Malad West
"Acme Amay, Churiwadi",Goregaon East
Indiabulls SKY Forest,Lower Parel
Kingston Hiranandani,Thane West
Mahavir Darshan,Lower Parel
"Allura , Lodha Park",Worli
Eldora Hiranandani,Powai
Sun Heights,Powai
Chandak Cornerstone,Worli
Vaibhavlaxmi Address51,Bandra East
Lodha Trump,Worli
Venezia,Parel
Excel Tower,Powai
Shakti Sadan,Bandra East
Great Eastern Garden,Kanjur Marg
"Eden Wood, Shastri",Nepeansea Road
Azzure,Bandra East
Waroda Apartments,Bandra West
Megh Apartment,Juhu
Gokul Shushma,Santacruz West
Solitaire Apartments,Tardeo
White Rose,Bandra West
Mangal Geeta,Andheri West
Engineer Building,Marine Lines
Sea Pearl Building,Girgaon
Supreme Signet,Khar West
Sanghvi Nagar,Mira Road
Platinum Tower,Kandivali West
Sheetal Vaibhav,Khar West
Dosti Desire Pearl,Thane West
Unnathi Woods 6,Thane West
Devashree Park,Thane West
Rumah Bali B1,Thane West
Dosti West County Olive,Thane West
Lodha Luxuria Secret 9,Thane West
Shubharambh,Kharghar
Sheth Avalon G Wing,Thane West
Sai Bhakti,Koparkhairne
Rutu Estate,Thane West
Rodas Enclave Rosemount,Thane West
Rosa Royale,Thane West
Rodas Enclave Royce,Thane West
The Blue Diamond,Mulund West
Anushka,Andheri West
Cosmos Commercial Centre,Khar West
Maheshwari Niketan,Peddar Road
Hiranandani Industrial Estate,Kanjur Marg
Hiranandani Heritage Rivona,Kandivali West
Puranik City,Thane West
Vijay Galaxy,Thane West
Hill View Tower,Borivali East
Casa Marina,Thane West
Jasper,Thane West
Solitare-A,Thane West
Dosti Pinnacle,Thane West
Icon,Ulwe
Hubtown Greenwoods,Thane West
Rustomjee Azziano J Wing,Thane West
Radha Govind,Borivali East
Gayatri Satsang,Kandivali East
Shiv Om Tower,Powai
MDP House,Fort
Rassaz Castle,Andheri East
Garden View Apartment,Jogeshwari
White Woods,Ulwe
Rohit Tower,Malad West
Raheja Interface Heights,Malad West
Acme Complex,Goregaon West
Silicon Park 3,Malad West
Auris Clara,Malad West
Chetna Kunj,Malad West
Home Court,Andheri West
Eco Elegance,Andheri East
Chandak 69,Santacruz West
Puri Tower,Borivali West
Ahimsa Tower,Malad West
Rahul C.H.S,Goregaon West
Morya Moheni,Chembur
Mickey Square,Andheri East
Tarang CHS,Andheri West
Samartha Ashish,Andheri West
DLH Swanlake,Andheri West
New Link Palace,Andheri West
Lodha Cullinan,Andheri West
New Ambivali CHS,Andheri West
Brighton Towers,Andheri West
Sai Shakti,Andheri West
Om Sai,Thane West
Raheja Classique 5,Andheri West
DLH Vishwa Prakash,Andheri West
Deep Apartment,Andheri West
Akash Deep,Andheri West
Om Tower,Mira Road
Interface Heights,Malad West
VIra One,Goregaon West
Bharat Arize,Goregaon West
New Milan,Bandra West
Sky Villa,Goregaon East
Sai Sapphire,Ulwe
Del House,Santacruz West
Arkade Aspire,Goregaon East
Shree Shakun Heights,Goregaon East
Kavya Hill View,Thane West
Vikas Park Tower,Malad West
DLH Park,Goregaon West
Safal Sky,Chembur
Lodha One,Juhu
Raj Kamal Park,Parel
Dream Aspire,Andheri West
Vitthal Darshan,Andheri West
Phoenix,Borivali West
Mangesh Sadan,Dadar West
Vastu Precint,Andheri West
Peninsula Tower,Lower Parel
More Bunglow,Santacruz West
Priti Paradise,Vile Parle West
Sagar Sangeet,Juhu
Shubham Karoti CHS,Andheri West
Prem Ghar,Bandra West
Khushnuma Apartment,Tardeo
Sugee Shubhada,Dadar West
Sujatha Apartment,Dadar West
Aum Saheel Tower,Lower Parel
Sameer Apartment,Andheri West
Vishamber Niwas,Khar West
Wallfort Tower,Andheri West
RNA Courtyard,Mira Road
K L Velkar Residency,Khar West
RNA Heights,Andheri East
Dahisar Sumati,Dahisar West
Garden View CHS,Andheri West
Sheetal Dwar,Malad East
Mass Metropolis,Chembur
Versova Heights,Andheri West
Bougainvillea,Santacruz East
Vikas Park,Juhu
Anmol Fortune F,Goregaon West
Padam,Peddar Road
Capri,Walkeshwar
Bajaj Shubhada,Vile Parle East
Kabra Paradise,Andheri West
Bhagtani Sapphire,Dahisar East
Rishabraj Blue Lotus,Santacruz West
Wellington,Andheri West
Aqua Marine,Breach Candy
Stanford Plaza,Andheri West
Washington Plaza,Goregaon West
Lotus Business Park,Andheri West
Prime Centre,Santacruz West
Rewa Chambers,Marine Lines
Laxmi Tower,Bandra Kurla Complex
Business Suites 9,Santacruz West
Amrut Smruti,Andheri West
Summer Ville,Bandra West
Moti Mahal Apex,Bandra West
Kakad Bhavan,Bandra West
Rustomjee Aspiree,Sion
Dheeraj Arcade,Bandra West
Alpine Industrial Estate,Andheri East
Glacis Tower,Khar West
Viral Apartment,Andheri West
Shanghvi Udyan,Juhu
Times Square,Andheri East
Fortune Terraces,Andheri West
Prabhat Chamber,Khar West
Kakad Mansion,Santacruz West
Quantum Towers,Malad West
Savoy Chambers,Santacruz West
Somerset Apartments,Bandra West
Nutan Madhuban,Worli
Mayfair Gardens,Andheri West
Raj Mahal,Churchgate
Classique Heights,Prabhadevi
Rameshwaram Apartment,Prabhadevi
Samudra Mahal,Worli
Mahalaxmi Height,Mahalaxmi
Videocon House,Nepeansea Road
Lifescapes Ambar,Lower Parel
Sainara,Cuffe Parade
Lodha Ciel,Lower Parel
Venus Apartments,Worli
The Baya Park,Dadar West
Raheja Regale,Nepeansea Road
Sputnik,Breach Candy
Rajabahadur Compound,Fort
Akash Ganga,Breach Candy
Poornima Apartment,Peddar Road
Vasant Apartments,Peddar Road
Rijhumal Mansion,Peddar Road
Publicis House,Parel
Wadhwa Pristine,Matunga
Ararat building,Fort
Mehrnaz,Cuffe Parade
Ajay Shopping Centre,Matunga
Tirupati Apartment,Breach Candy
One ICC Tower,Dadar East
Guldev Sagar,Bandra West
Savijay,Bandra West
Avalon,Bandra West
Rizvi Mahal,Bandra West
Highland Gardens,Thane West
Hiranandani Solitaire,Thane West
Tropical Lagoon Jacaranda,Thane West
Ashar Axis,Thane West
Hiranandani Solitaire,Powai
Marigold,Thane West
Hubtown Heavens,Matunga
Grace Orchid,Prabhadevi
Ganesh Apartment,Dadar East
JK IRIS,Mira Road
Victoria House,Bandra West
Honeycomb,Bandra West
Hill Post,Bandra West
Golden Palace,Bandra West
The Moorings,Bandra West
Rajnigandha CHS,Santacruz West
Heritage,Malad West
Laxmi Narayan Mansion,Borivali East
Akashdeep CHS,Kharghar
Clefepete,Bandra West
Kalpataru Nakshatra,Bandra West
Wembley,Andheri West
Bhagtani Amber,Bandra West
Trailokya,Khar West
Bhanu Apartment,Juhu
J View,Andheri West
Tranquil Bay,Prabhadevi
Mota Mansion,Andheri West
Santosh Towers,Andheri West
Vaitarna,Worli
Palai Plaza,Dadar East
RNA Azzure,Bandra East
Atur Apartment,Colaba
Sukhmani Building,Kemps Corner
Indus Court,Churchgate
Connaught Mansion,Colaba
Joy Apartment,Bandra West
Silverene Apartments,Bandra West
Saurabh,Santacruz West
Sukur Residency,Thane West
Today Shree Smaran,Ulwe
Grand Square,Thane West
Swastik Park,Kamothe
Cosmos Orchid Iris,Thane West
Cosmos Jewels Ruby Phase III,Thane West
Prestige Valley,Thane West
Regency Towers,Thane West
Satya Shankar Residency,Thane West
Satguru Solitaire,Thane West
Raunak Heights,Thane West
Vihang Valley,Thane West
Solus,Thane West
Rustomjee Urbania,Thane West
Boulevard 15,Malad East
Kabra Galaxy,Thane West
Flamingo,Thane West
Arkade Art,Mira Road
Regency Heights,Thane West
Rehana Heights,Santacruz West
Prestige Gardens,Thane West
Collectors Colony,Chembur
Serita,Thane West
Sparta,Thane West
Sequoia,Santacruz West
Dosti Imperia Gracia,Thane West
Mayfair Villa,Khar West
Corner View,Bandra West
The Walk,Thane West
Mohini Tower,Khar West
27 GBR,Thane West
Raheja Exotica Sorento,Malad West
Godrej The Trees I,Vikhroli
The Orchard Residency,Ghatkopar West
Swastik Regalia,Thane West
Rosa Classic,Thane West
Kamleshwar,Santacruz West
Crest Oaks,Andheri East
Hansraj Heights,Thane West
Raviraj Spring,Mira Road
Raj Mandir Complex,Mira Road
Arch Garden,Mira Road
Pinky Paradise,Khar West
Manas Rangoli Residency,Santacruz West
Haware Citi,Thane West
Uttam Niwas,Bandra West
Sterling Tower,Andheri West
Gold Cornet,Breach Candy
Ekta Eros,Khar West
G Corp,Thane West
Grace Residency,Bandra West
Lilaram Chs,Khar West
Orchid Pride,Santacruz West
Sumit Artista,Santacruz East
Tribeca,Thane West
Deccan Court,Bandra West
Puranik Rumah Bali,Thane West
Supreme Pearl,Khar West
Horizon Flora,Thane West
Ajanta Apartments,Peddar Road
Dosti Elite,Sion
Happy Homes Enclave,Goregaon West
Sangam Apartment,Santacruz West
Therese Ville Dawn,Bandra West
Kalpak Height,Bandra West
Deepak Mahal,Worli
Shaan Apartment,Prabhadevi
Malkani Mahal,Worli
Civic Centre,Dadar East
Kalpataru Residency,Sion
Satyadev Plaza,Andheri West
Sudhama Niwas,Khar West
Asteria Height,Prabhadevi
Almas Apartment,Mahalaxmi
Asian Galaxy,Kharghar
ALJ Residency,Bandra West
Runwal Tower,Mulund West
Marathon Cosmos,Mulund West
York House,Colaba
Bismillah Castle,Mumbai Central
Maple Heights,Mulund West
Wallace Fortuna,Byculla
Kalpataru Heights,Mahalaxmi
Raheja Sunkist,Bandra West
Mohan House,Breach Candy
Daulat Shirin,Colaba
The Solaris,Khar West
Pragati Industrial Estate,Lower Parel
Art Guild House,Kurla
Belleza,Khar West
Waterfront Towers,Colaba
Nav Sonarbala,Bandra West
Evita Empress,Parel
The World Villa,Lower Parel
Star Apartment,Prabhadevi
Dosti Aster,Wadala
Shanta Durga,Dadar East
Silver Dune,Prabhadevi
Petit Mansion,Tardeo
Hrishikesh Apartment,Prabhadevi
Kanakia Miami,Mahim
Maker Tower - B,Cuffe Parade
Sujal Apartments,Santacruz West
Violet Villa,Santacruz West
Ashiyana CHS,Andheri West
Omkar Alta Monte Tower A,Malad East
Kalpataru Radiance Ora,Goregaon West
Shakti Enclave,Malad West
Gateway Plaza,Powai
Eddie House,Peddar Road
Saba Heritage,Bandra West
Ion House,Mahalaxmi
Darshan Smruti,Santacruz West
Gokul Sangeet,Santacruz West
Singers Wood,Bandra West
Girdhar Nivas,Colaba
Rajendra Apartments,Mahim West
The Designate,Khar West
Bulbul Tarang,Khar West
Laram Shopping Centre,Andheri West
Juhu Ashish,Juhu
Snehal Apartments,Bandra West
Corinthian,Colaba
Lalani Aura,Bandra West
Sangita,Colaba
Willadel,Bandra West
Harsiddhi Heights,Worli
Hubtown Vedant,Sion
New Ratnadeep,Santacruz West
Capri Heights,Andheri West
Olive,Santacruz East
Ready Money Terrace,Worli
Sangeet Sarita,Breach Candy
Juhu Vishal 2,Juhu
Dinaco Kiran,Bandra West
Ruki Mahal,Colaba
Raheja Regency,Sion
New Garden View,Bandra West
Prithvi Emperor,Prabhadevi
Bella Rose,Bandra West
Ekta Verve,Khar West
Wadala Udyog Bhavan,Dadar East
Mayqueen,Bandra West
Shubhda Towers,Worli
Crescent Royal,Andheri West
Beach House,Juhu
Nepean House,Nepeansea Road
Marathon Height,Lower Parel
Sun Villa,Juhu
Mangal Mahesh,Khar West
Nibbana,Bandra West
DLH Plaza,Andheri West
Esha Ekta,Worli
La View,Mahalaxmi
Dunhill Apartment,Bandra West
Kaatyayni Heights,Andheri East
Pegasus Tower,Andheri West
Knox Plaza,Malad West
Anand Vatika,Goregaon West
63 Rishabraj Avenue,Goregaon West
Hallmark Business Plaza,Bandra East
Sumer Kendra,Worli
Olive,Kandivali West
Venue 52,Khar West
Jaswanti Allied Business Centre,Malad West
De Elmas,Goregaon East
Modi House,Andheri West
9 Business Bay,Malad West
Metropole,Ghatkopar West
Rizvi Park,Altamount Road
Sejal Tower,Goregaon West
Aurus Chambers,Worli
Rangoli Time Complex,Dadar East
Dev Plaza,Vile Parle West
Keshav Kohinoor,Chembur
Ajod One,Andheri West
Kamla Trade World,Lower Parel
Runwal Residence,Nepeansea Road
Eco House,Goregaon East
Boomerang,Powai
Marine Palace,Marine Lines
The Gateway,Mulund West
Gundecha Heights,Kanjur Marg
Rajhans Helix 3,Ghatkopar West
Signature Business Park,Chembur
Naman Centre,Bandra Kurla Complex
Aura Biplex,Borivali West
Shiv Darshan,Bandra West
DLH Pride,Malad West
Options World,Santacruz West
Mahindra Eminente,Goregaon West
The Epicentre,Chembur
Link Apartment,Khar West
Tulsiani Chambers,Nariman Point
Vithal Kunj,Andheri West
Ajmera Sikova,Ghatkopar West
Techniplex I,Goregaon West
12 Pegasus,Bandra East
Kalpita Enclave,Andheri East
Sea Breeze,Bandra West
Adityaraj Platinum,Chembur
Sunteck Pinnacle,Goregaon West
Rushabh,Vile Parle West
Skyline Oasis,Ghatkopar West
Sangam Arcade,Vile Parle West
Premier Emperor,Andheri East
Andheri Sahkar Co Op HSG SOC LTD,Andheri West
Paragon Centre,Worli
Amartaru,Andheri East
Sagar Fortune,Bandra West
VKG Centurion,Goregaon East
Godrej Reserve,Kandivali East
Alaknanda,Juhu
Island Cove,Mahim
UK Arunodaya,Andheri West
Lamours,Bandra West
Linkbay Residences,Andheri West
Narang Vivenda,Malad West
Gokul Blossom,Juhu
Aaradhya Avaan,Tardeo
Shamiana Apartments,Bandra West
Spring Grove,Kandivali East
Avyukta Vedant,Borivali West
Hiranandani Bay Heights,Bandra West
Raheja Amaltis,Sion
Epsilon,Kandivali East
Siddha Niwas,Vile Parle East
Runwal 7 Mahalaxmi,Mahalaxmi
Vaibhav Paradise,Santacruz East
The Park Residence,Malad East
Shreeji Nakshatra,Malad West
Ruparel Sky Greens,Kandivali West
Sanghvi Aria,Santacruz East
Godrej Horizon,Wadala
Ariha Vincere,Goregaon West
Shikara Heights,Sion
Arkade Eden,Malad West
Satra Nexus,Andheri West
Shreeji Eternity,Malad West
Arkade Pearl 2,Vile Parle East
Nicco Residency,Andheri East
Mahindra Vista,Kandivali East
Sheetal Infinity,Goregaon East
Universal Paradise,Vile Parle East
VIR Paradise,Malad West
Evershine Crown,Kandivali East
Suraj Park View,Dadar West
Gurukrupa Ekam,Andheri West
Kalpataru Amare,Juhu
Paradigm Anantaara,Borivali West
Temple Hill,Sion
Ruparel Stardom,Malad West
Whispering Woods,Powai
Srishti Harmony,Andheri East
Rustomjee 180 Bayview,Matunga
One Marina,Marine Lines
Lodha Casa Essenza,Dahisar East
Pushpak,Altamount Road
Jai Vijay,Vile Parle East
Paradigm Alaya,Andheri West
Kabra Tiara,Goregaon East
Prestige Ocean Towers,Marine Lines
Kalpataru Prive,Altamount Road
Vaswani Seascape,Juhu
Dosti Mezzo 22,Sion
Treesourous,Malad West
Chandak Sarvam,Andheri East
Roswalt Zaiden,Jogeshwari
Kalpataru Advay,Borivali West
Sheth Edmont,Kandivali West
Prasanna Ashiana Chsl,Santacruz East
Palette,Dadar West
Classic Corner,Borivali West
Godrej Avenue Eleven B,Mahalaxmi
Lodha Costiera,Nepeansea Road
Sagar Avenue II,Santacruz East
Suraj Vitalis,Mahim
Chalet Amar,Juhu
Dosti Blossom,Wadala
Rishabraj Aradhana,Borivali West
Chandak Vansham,Vile Parle West
DGS Sheetal Kiara,Goregaon West
Bhoomi Celestia,Malad West
Little Star,Santacruz West
Jade Park,Vile Parle West
Wadhwa Promenade,Ghatkopar West
Ajmera Boulevard,Malad West
Avalon Residency,Goregaon West
Lodha Altamount,Altamount Road
Ajmera Manhattan 3A-3B,Wadala
Oberoi Park View,Kandivali East
Marquis Residences,Malad West
Leocadia,Santacruz West
Hari Niketan,Goregaon West
F Residences,Malad East
Gurukrupa Marque,Bandra West
Milan Apartment,Vile Parle East
Baycity Apartments,Khar West
Rizvi Cedar,Malad East
Runwal Chestnut,Mulund West
Fountain Heights,Kandivali East
Galaxy Pinnacle,Vile Parle East
Ajmera Zeon,Wadala
Bharat Primavistas,Vile Parle West
Krishna Niwas,Khar West
Everest Cleopatra,Vile Parle East
K K Tower,Belapur
Serenity Heights,Andheri East
Krishna Regency,Santacruz East
Sun Glory,Powai
Durga Smruti CHS,Borivali West
Mahindra Park,Ghatkopar West
Shiv Asthan Heights Apartment,Bandra West
Park Mist,Dadar West
DLF WestPark,Andheri West
71 Midtown,Chembur
Le Palazzo,Kemps Corner
Mayuresh Srishti Park,Bhandup
Parinee Aria,Juhu
Om Trimurti,Malad East
Dilkap Grandeur,Powai
Wadhwa The Address,Ghatkopar West
Supreme Boulevard,Chembur
Sheth Vasant Oasis Jolan Tower 14,Andheri East
Auriga 9,Borivali West
Kabra Centroid,Santacruz East
Satyam Springs,Chembur
Lalani Fairmont,Khar West
Luis Apartment,Dadar West
Mahavir Imperial Co-operative Housing Society,Bhandup
Nivan Residency,Khar West
Harshail Horizon,Vile Parle East
Rustomjee Regency,Dahisar West
Atharv Aaradhyam,Andheri East
The Kollage,Andheri East
Shree Vallabh Residency,Kandivali West
Om Apartment,Kharghar
Romell Ariana,Borivali West
Abhilasha,Kandivali West
Runwal Raaya,Worli
Spenta Stardeous,Tardeo
Nikita Natasha CHS,Ghatkopar West
Pinnacle Gold,Bandra West
64 Greens,Santacruz West
Elfreda,Bandra West
Callista,Andheri East
The Odyssey,Girgaon
Raheja Serenity,Kandivali East
Sigma IT Park,Airoli
Ekta Iris,Khar West
Highscape City,Chembur
Preetika Apartment,Santacruz West
Shagun Towers,Goregaon East
Salmona Ville,Santacruz West
Jeevan Tara Chs Ltd,Vile Parle East
Suraj Vista,Dadar West
Jaydev Tower,Kandivali West
Vishnu Mahal,Churchgate
Octa Crest,Kandivali East
Veena Tower,Cuffe Parade
Runwal Orchard Residency,Ghatkopar West
Atmiya Centria,Santacruz East
Quiescent Heights,Malad West
Ashford Royale,Mulund West
The Baya Sunrise,Dadar East
Prestige Forest Hills,Mulund West
Navnath Jayas,Goregaon East
Ruparel Premia,Mulund West
Ascend Tower,Malad West
Holly Hock,Santacruz West
The Address - Vista,Ghatkopar West
66 Avenue,Borivali West
Runwal Symphony,Santacruz East
Shree Gokuldham,Borivali West
Ambit Vista,Santacruz East
Ajmera Treon,Wadala
Spenta Ornata,Chembur
Ecstasy-II,Khar West
Green Court,Andheri West
Residency Park,Kharghar
Bliss Kasa,Dadar West
Satra Park,Borivali West
Rustomjee Prive,Bandra East
Jade Gardens,Bandra East
Sunbeam Heights,Andheri West
Shagun Residency,Vile Parle West
A.G Park,Santacruz East
Morya Crystal,Santacruz East
Raj Heights,Kandivali West
Charmee Enclave,Vile Parle East
Lands End,Walkeshwar
Raag,Goregaon East
Samkit,Vile Parle East
Lodha Acenza,Andheri East
Highland Park,Thane West
Ajmera Shringaar,Vile Parle West
5 Diamond Garden,Chembur
Vini Tower,Malad West
Windmere,Colaba
Godrej Bliss,Kandivali East
Godrej SkyShore,Andheri West
Westwood,Kandivali West
Laurel and Lilac,Powai
Avant Heritage,Jogeshwari
Raheja Acropolis,Chembur
Runwal Pinnacle,Mulund West
Kalpataru Bliss,Santacruz East
Akansha,Chembur
Tulipia and Tilia,Powai
Keer Towers,Mahim
Dotom Hilton,Borivali West
Vishal Villa,Dadar West
Siddhesh Jyoti,Grant Road
Siddhi Apartment,Khar West
Bay Vue,Malad West
Dudhwala Complex,Mumbai Central
Zee Heights,Vile Parle East
Ruparel Vivanza,Byculla
Arthaya,Kandivali West
Pearl Classic,Goregaon West
Sheetal Meghdoot,Borivali West
Ghia Mansion,Carmichael Road
Transcon Triumph - Tower 4,Andheri West
Lodha Altamount,Tardeo
Mistry Chamber,Colaba
Godrej Platinum,Vikhroli
Yash Orion,Goregaon East
Satguru Shristi,Bandra West
Juhu Jivan,Juhu
Vogue,Santacruz West
Evershine Meadows,Mahim
Lodha Maison,Worli
Bindra Orchid,Andheri East
Kukreja Chembur Heights,Chembur
Jamuna Sagar,Colaba
Anita,Walkeshwar
Spring Time,Santacruz East
Lakshachandi Heights,Goregaon East
Umia CHS,Vile Parle East
AP Florence,Khar West
Palacimo,Breach Candy
Kalpavriksha,Vile Parle East
Sea Castle Apartments,Andheri West
Hubtown Hillcrest,Andheri East
Park Plaza,Andheri West
Bhagtani Elegance,Andheri West
Geetanjali Apts,Bandra East
Platinum Park,Andheri West
Prabhu Kunj,Peddar Road
Lubina,Bandra West
Richoux,Bandra West
Lou Paul,Bandra West
Shivraj Classic,Khar West
Ideal Manohar Chs Ltd,Bandra West
Blue Diamond,Juhu
Punam,Nepeansea Road
Laxmi namah,Goregaon West
Hari Bhavan,Gamdevi
Kishni Kunj,Khar West
Panchshil Plaza,Gamdevi
Kalpataru Kshitij,Nepeansea Road
Raj Classic,Andheri West
Rendezvous,Bandra West
Adinath Apartments,Tardeo
Vaibhav Apartments,Prabhadevi
Bella Vista,Thane West
Ekta Elite,Bandra West
Udyog Bhavan,Goregaon West
Shanti Towers,Andheri West
Moru Mahal,Bandra West
Sunset heights,Bandra West
Juhu Omkar,Andheri West
Soonawala Building,Fort
Kwality House,Kemps Corner
Regal Industrial Estate,Sewri
Corinthian,Khar West
Lifespaces Mirage,Matunga
W54,Matunga
Vivan,Goregaon West
Vogue 77,Goregaon West
Konark Vaayu,Goregaon West
Bharat Ark,Andheri West
Autograph Residency,Andheri West
Mandarmala,Dadar West
Surabhi CHS,Oshiwara
Avhad Oasis,Dadar West
Sati Darshan,Malad West
Satnam,Bandra West
Sarvesh One,Lower Parel
Rexon Aura,Goregaon West
Vaidya West World Harmony,Andheri East
Westwood,Andheri West
Sangam Nero,Bandra East
Colo Rise,Lower Parel
Nahar Barberry and Bryony,Powai
Bhoomi Amogh,Andheri West
Jonquille and Jamaica,Powai
Churchgate Chambers,Marine Lines
Modi Kunj,Matunga
Lifescapes Mirage,Matunga
Vishal CHS,Ghatkopar East
Nirvana Apartment,Bandra West
DSK Trilok,Lower Parel
Dotom Desire,Dadar West
Satguru Tower,Santacruz West
Shankardeep,Santacruz West
Anand Apartment,Dadar West
Suraj Apartments,Santacruz West
Surbhi Complex,Kandivali West
Bhagirathi Sadan,Khar West
Aum Sequoia,Santacruz West
Evening Star,Powai
Lake Superior,Powai
Chittaranjan Tower,Powai
Canary,Thane West
Shepherd Residency,Goregaon West
Aum Nirvan,Khar West
Chamunda Niwas,Santacruz West
Rajdoot,Khar West
Mittal Park,Juhu
Saffron Heights,Andheri West
Kapilvastu CHS Ltd,Goregaon West
Sarah Continental,Byculla
Nutan Yojana,Khar West
Vidhata,Khar West
Queensgate,Thane West
Asmita Apartment,Walkeshwar
Unnat Nagar Akshay CHS,Goregaon West
Trishul Heights,Kandivali West
Glen Heights,Powai
Evening Glory,Powai
Golden Oak,Powai
Anuprita Housing Society,Andheri West
Silver Beach Apartments,Dadar West
Whitefield,Khar West
Ashraya Heights,Goregaon East
Bhoomi Pratishta,Borivali West
Shewa,Khar West
Bandra Olympic,Bandra West
Tropical Lagoon Bougainvillea,Thane West
Purvi,Andheri West
Aarc Residency,Andheri West
Tulip CHS,Andheri West
Eversun CHS,Andheri West
Vardhman Grandeur,Andheri West
La Serena,Andheri West
Sagar City Atlantic,Andheri West
Shiv Omm,Khar West
AVD Residencia,Bandra West
Aerovista,Andheri East
Yogniti,Santacruz West
Sea Gull,Carmichael Road
Loyalka Compound,Walkeshwar
Siddhivinayak,New Panvel
Siddhivinayak Darshan,Mahalaxmi
Sumeet Sadan,Mahim
Sai Siddhi,Dadar West
Saifee Park,Byculla
Rishabh Tower,Prabhadevi
Kukreja Palace,Ghatkopar East
Raj Mahal,Andheri West
AVENUE 14  FOR LEASE AT DADAR EAST,Santacruz West
Krishna Kunj,Ghansoli
Neptune Apartment,Andheri West
Shree Krishna Complex,Borivali East
Sagar Tarang,Breach Candy
Timmy Arcade,Andheri East
NHP Meghdoot,Juhu
Apna Ghar,Colaba
Vienna,Khar West
Wisteria,Dadar West
Aashray,Khar West
Mayfair Muse,Khar West
Samruddhi,Chembur
Arena Apartment,Andheri West
Silver Oak,Andheri West
Savera,Andheri West
Delta,Powai
Rupji Swapnapurti,Matunga
Raheja Exotica Cyprus,Malad West
Kinara,Juhu
Vayuputra Trident,Khar West
Metropolis,Goregaon East
Majestic Tower,Bhandup
Nakul Raj,Malad West
Neminath Heights,Mira Road
Kabra Aurum,Goregaon West
Whispering Heights,Bandra West
Lodha Belair,Jogeshwari
Vimla Mahal,Peddar Road
Satguru Sharan,Bandra West
Casablanca,Santacruz West
Clifton Apartment,Andheri West
Dandelion,Bandra West
Turf View,Tardeo
Romell Serene,Borivali West
Hilton Apartment,Bandra West
Siroya Florence,Lower Parel
Russel House,Khar West
Aster,Wadala
Avighna 9,Lower Parel
Primo,Bhandup
Satyam,Goregaon West
Lantana,Powai
Kanakia Beverly Heights,Bhayandar
Vrindavan Tower,Mira Road
Siddhivinayak Residency,Dombivali
Mayuresh Srishti,Bhandup
Lifescapes Prithvii,Ghatkopar West
Elanza,Prabhadevi
Adani Inspire,Bandra Kurla Complex
Hubtown Premiere Residences,Andheri West
Arkade Prime,Andheri East
